scenario,display_name,epoch,subset,model,loss,accuracy,precision,recall,f1,auroc,mean_entropy,median_entropy,std_entropy
s1_random_1_percent,Random 1%,0,forget,baseline,0.3046579141173976,0.847953216374269,0.6621621621621622,0.6447368421052632,0.6533333333333333,0.9093292441630392,0.42080562443019687,0.33273387884721156,0.37208628083989015
s1_random_1_percent,Random 1%,0,forget,fine_tuned,0.3046579141173976,0.847953216374269,0.6621621621621622,0.6447368421052632,0.6533333333333333,0.9093292441630392,0.42080562443019687,0.33273387884721156,0.37208628083989015
s1_random_1_percent,Random 1%,0,forget,fully_retrained,0.31426174601107815,0.847953216374269,0.6666666666666666,0.631578947368421,0.6486486486486487,0.9034922833399288,0.41313557444216326,0.3201746901400825,0.3712058653440291
s1_random_1_percent,Random 1%,0,retain,baseline,0.29887029258355713,0.8599875912193105,0.7361773786135279,0.647254780999383,0.6888582496224804,0.9187655217332185,0.4443052184873277,0.3794381343093393,0.3730881505561839
s1_random_1_percent,Random 1%,0,retain,fine_tuned,0.29887029258355713,0.8599875912193105,0.7361773786135279,0.647254780999383,0.6888582496224804,0.9187655217332185,0.4443052184873277,0.3794381343093393,0.3730881505561839
s1_random_1_percent,Random 1%,0,retain,fully_retrained,0.2994500580490726,0.8600466806511655,0.7423021582733813,0.6365206662553979,0.6853537030886748,0.9181892941254343,0.43688180260733517,0.36019366044366913,0.37275576137371247
s1_random_1_percent,Random 1%,0,validation,baseline,0.3010408610695784,0.8610428610428611,0.7425742574257426,0.6417569880205363,0.6884944920440637,0.9165791917656938,0.43425175211907346,0.36521914231444946,0.3692888096153216
s1_random_1_percent,Random 1%,0,validation,fine_tuned,0.3010408610695784,0.8610428610428611,0.7425742574257426,0.6417569880205363,0.6884944920440637,0.9165791917656938,0.43425175211907346,0.36521914231444946,0.3692888096153216
s1_random_1_percent,Random 1%,0,validation,fully_retrained,0.30091478286834683,0.8630903630903631,0.7506684491978609,0.6406160867084997,0.6912896275777162,0.9165431611482672,0.42682485831106987,0.34409576316848334,0.36888990471665406
s1_random_1_percent,Random 1%,0,test,baseline,0.312553161063312,0.8560120103725946,0.7336010709504686,0.6252139189960069,0.6750846935632892,0.9096566939119795,0.44835343633836,0.395422048126605,0.372275857712718
s1_random_1_percent,Random 1%,0,test,fine_tuned,0.312553161063312,0.8560120103725946,0.7336010709504686,0.6252139189960069,0.6750846935632892,0.9096566939119795,0.44835343633836,0.395422048126605,0.372275857712718
s1_random_1_percent,Random 1%,0,test,fully_retrained,0.31208210650335294,0.8577862699604204,0.742001361470388,0.6217912150598973,0.6765983860955928,0.9098553384622723,0.44110829850582406,0.3802134147657185,0.37217705002689344
s1_random_1_percent,Random 1%,1,forget,baseline,0.3046579141173976,0.847953216374269,0.6621621621621622,0.6447368421052632,0.6533333333333333,0.9093292441630392,0.42080562443019687,0.33273387884721156,0.37208628083989015
s1_random_1_percent,Random 1%,1,forget,fine_tuned,0.3062079055422149,0.8567251461988304,0.7142857142857143,0.5921052631578947,0.6474820143884892,0.9095271072417886,0.3944271396567277,0.2616425257862479,0.37546014582338044
s1_random_1_percent,Random 1%,1,forget,fully_retrained,0.31426174601107815,0.847953216374269,0.6666666666666666,0.631578947368421,0.6486486486486487,0.9034922833399288,0.41313557444216326,0.3201746901400825,0.3712058653440291
s1_random_1_percent,Random 1%,1,retain,baseline,0.29887029258355713,0.8599875912193105,0.7361773786135279,0.647254780999383,0.6888582496224804,0.9187655217332185,0.4443052184873277,0.3794381343093393,0.3730881505561839
s1_random_1_percent,Random 1%,1,retain,fine_tuned,0.30089292316294564,0.8591012497414837,0.778,0.5759407772979642,0.6618929457639136,0.919017763752696,0.41468554230178367,0.3163531131926729,0.37507667383196
s1_random_1_percent,Random 1%,1,retain,fully_retrained,0.2994500580490726,0.8600466806511655,0.7423021582733813,0.6365206662553979,0.6853537030886748,0.9181892941254343,0.43688180260733517,0.36019366044366913,0.37275576137371247
s1_random_1_percent,Random 1%,1,validation,baseline,0.3010408610695784,0.8610428610428611,0.7425742574257426,0.6417569880205363,0.6884944920440637,0.9165791917656938,0.43425175211907346,0.36521914231444946,0.3692888096153216
s1_random_1_percent,Random 1%,1,validation,fine_tuned,0.3052834448443348,0.8624078624078624,0.7867590454195535,0.583000570450656,0.6697247706422018,0.9163153596167817,0.40451804130114827,0.3031069371455532,0.3705641399033012
s1_random_1_percent,Random 1%,1,validation,fully_retrained,0.30091478286834683,0.8630903630903631,0.7506684491978609,0.6406160867084997,0.6912896275777162,0.9165431611482672,0.42682485831106987,0.34409576316848334,0.36888990471665406
s1_random_1_percent,Random 1%,1,test,baseline,0.312553161063312,0.8560120103725946,0.7336010709504686,0.6252139189960069,0.6750846935632892,0.9096566939119795,0.44835343633836,0.395422048126605,0.372275857712718
s1_random_1_percent,Random 1%,1,test,fine_tuned,0.31586734758674284,0.8566944179063737,0.7827835880933226,0.5550484883057616,0.6495327102803738,0.9097233181274563,0.41769572256503895,0.3294580268608406,0.37382155103414516
s1_random_1_percent,Random 1%,1,test,fully_retrained,0.31208210650335294,0.8577862699604204,0.742001361470388,0.6217912150598973,0.6765983860955928,0.9098553384622723,0.44110829850582406,0.3802134147657185,0.37217705002689344
s1_random_1_percent,Random 1%,2,forget,baseline,0.3046579141173976,0.847953216374269,0.6621621621621622,0.6447368421052632,0.6533333333333333,0.9093292441630392,0.42080562443019687,0.33273387884721156,0.37208628083989015
s1_random_1_percent,Random 1%,2,forget,fine_tuned,0.3052297526414359,0.8508771929824561,0.6712328767123288,0.6447368421052632,0.6577181208053692,0.9087356549267906,0.4075435820815988,0.2968484156169235,0.3737622270711157
s1_random_1_percent,Random 1%,2,forget,fully_retrained,0.31426174601107815,0.847953216374269,0.6666666666666666,0.631578947368421,0.6486486486486487,0.9034922833399288,0.41313557444216326,0.3201746901400825,0.3712058653440291
s1_random_1_percent,Random 1%,2,retain,baseline,0.29887029258355713,0.8599875912193105,0.7361773786135279,0.647254780999383,0.6888582496224804,0.9187655217332185,0.4443052184873277,0.3794381343093393,0.3730881505561839
s1_random_1_percent,Random 1%,2,retain,fine_tuned,0.2972778095303436,0.8614057375838331,0.7537158145065398,0.6256631708821715,0.6837457021506101,0.919651233799103,0.4308315388386609,0.3509133887564389,0.37409334225566254
s1_random_1_percent,Random 1%,2,retain,fully_retrained,0.2994500580490726,0.8600466806511655,0.7423021582733813,0.6365206662553979,0.6853537030886748,0.9181892941254343,0.43688180260733517,0.36019366044366913,0.37275576137371247
s1_random_1_percent,Random 1%,2,validation,baseline,0.3010408610695784,0.8610428610428611,0.7425742574257426,0.6417569880205363,0.6884944920440637,0.9165791917656938,0.43425175211907346,0.36521914231444946,0.3692888096153216
s1_random_1_percent,Random 1%,2,validation,fine_tuned,0.3016541535826722,0.8630903630903631,0.7589779005524862,0.6269252709640616,0.6866604186191815,0.9164439745906354,0.4209579886589027,0.33719325823910185,0.3700167618655344
s1_random_1_percent,Random 1%,2,validation,fully_retrained,0.30091478286834683,0.8630903630903631,0.7506684491978609,0.6406160867084997,0.6912896275777162,0.9165431611482672,0.42682485831106987,0.34409576316848334,0.36888990471665406
s1_random_1_percent,Random 1%,2,test,baseline,0.312553161063312,0.8560120103725946,0.7336010709504686,0.6252139189960069,0.6750846935632892,0.9096566939119795,0.44835343633836,0.395422048126605,0.372275857712718
s1_random_1_percent,Random 1%,2,test,fine_tuned,0.31278222858455396,0.858059232973932,0.7526576895818569,0.6058185966913862,0.6713021491782554,0.9096905177264419,0.43432860524176686,0.36804070197327216,0.37296417497202466
s1_random_1_percent,Random 1%,2,test,fully_retrained,0.31208210650335294,0.8577862699604204,0.742001361470388,0.6217912150598973,0.6765983860955928,0.9098553384622723,0.44110829850582406,0.3802134147657185,0.37217705002689344
s1_random_1_percent,Random 1%,3,forget,baseline,0.3046579141173976,0.847953216374269,0.6621621621621622,0.6447368421052632,0.6533333333333333,0.9093292441630392,0.42080562443019687,0.33273387884721156,0.37208628083989015
s1_random_1_percent,Random 1%,3,forget,fine_tuned,0.3030696749431059,0.8538011695906432,0.6805555555555556,0.6447368421052632,0.6621621621621622,0.9096260387811634,0.4289885364528425,0.3427662526939481,0.37839958351500147
s1_random_1_percent,Random 1%,3,forget,fully_retrained,0.31426174601107815,0.847953216374269,0.6666666666666666,0.631578947368421,0.6486486486486487,0.9034922833399288,0.41313557444216326,0.3201746901400825,0.3712058653440291
s1_random_1_percent,Random 1%,3,retain,baseline,0.29887029258355713,0.8599875912193105,0.7361773786135279,0.647254780999383,0.6888582496224804,0.9187655217332185,0.4443052184873277,0.3794381343093393,0.3730881505561839
s1_random_1_percent,Random 1%,3,retain,fine_tuned,0.29719298943998496,0.8622034449138771,0.7537984953532969,0.6304750154225787,0.6866433754367106,0.9201548191562159,0.45268116224310034,0.39527603986415866,0.37841360632592813
s1_random_1_percent,Random 1%,3,retain,fully_retrained,0.2994500580490726,0.8600466806511655,0.7423021582733813,0.6365206662553979,0.6853537030886748,0.9181892941254343,0.43688180260733517,0.36019366044366913,0.37275576137371247
s1_random_1_percent,Random 1%,3,validation,baseline,0.3010408610695784,0.8610428610428611,0.7425742574257426,0.6417569880205363,0.6884944920440637,0.9165791917656938,0.43425175211907346,0.36521914231444946,0.3692888096153216
s1_random_1_percent,Random 1%,3,validation,fine_tuned,0.3018093764867068,0.8633633633633634,0.7593103448275862,0.6280661722760981,0.6874804870433968,0.9163179697893508,0.4431037043626142,0.3812675726787098,0.3750572825706599
s1_random_1_percent,Random 1%,3,validation,fully_retrained,0.30091478286834683,0.8630903630903631,0.7506684491978609,0.6406160867084997,0.6912896275777162,0.9165431611482672,0.42682485831106987,0.34409576316848334,0.36888990471665406
s1_random_1_percent,Random 1%,3,test,baseline,0.312553161063312,0.8560120103725946,0.7336010709504686,0.6252139189960069,0.6750846935632892,0.9096566939119795,0.44835343633836,0.395422048126605,0.372275857712718
s1_random_1_percent,Random 1%,3,test,fine_tuned,0.3132705669596535,0.858878122014467,0.752280701754386,0.6115231032515688,0.6746381371932033,0.9093314531181463,0.456779279930973,0.4119580939250622,0.377326128574516
s1_random_1_percent,Random 1%,3,test,fully_retrained,0.31208210650335294,0.8577862699604204,0.742001361470388,0.6217912150598973,0.6765983860955928,0.9098553384622723,0.44110829850582406,0.3802134147657185,0.37217705002689344
s1_random_1_percent,Random 1%,5,forget,baseline,0.3046579141173976,0.847953216374269,0.6621621621621622,0.6447368421052632,0.6533333333333333,0.9093292441630392,0.42080562443019687,0.33273387884721156,0.37208628083989015
s1_random_1_percent,Random 1%,5,forget,fine_tuned,0.3053564571929189,0.8538011695906432,0.6911764705882353,0.618421052631579,0.6527777777777778,0.9081420656905421,0.4115007443438103,0.30269031631324295,0.379526614449008
s1_random_1_percent,Random 1%,5,forget,fully_retrained,0.31426174601107815,0.847953216374269,0.6666666666666666,0.631578947368421,0.6486486486486487,0.9034922833399288,0.41313557444216326,0.3201746901400825,0.3712058653440291
s1_random_1_percent,Random 1%,5,retain,baseline,0.29887029258355713,0.8599875912193105,0.7361773786135279,0.647254780999383,0.6888582496224804,0.9187655217332185,0.4443052184873277,0.3794381343093393,0.3730881505561839
s1_random_1_percent,Random 1%,5,retain,fine_tuned,0.29590611027967767,0.8634443229828345,0.7734338200659444,0.6077729796421961,0.6806687854083183,0.9209541619058497,0.43100157656598465,0.3526156621946632,0.3778410641050648
s1_random_1_percent,Random 1%,5,retain,fully_retrained,0.2994500580490726,0.8600466806511655,0.7423021582733813,0.6365206662553979,0.6853537030886748,0.9181892941254343,0.43688180260733517,0.36019366044366913,0.37275576137371247
s1_random_1_percent,Random 1%,5,validation,baseline,0.3010408610695784,0.8610428610428611,0.7425742574257426,0.6417569880205363,0.6884944920440637,0.9165791917656938,0.43425175211907346,0.36521914231444946,0.3692888096153216
s1_random_1_percent,Random 1%,5,validation,fine_tuned,0.3025742834122508,0.8632268632268633,0.7746891002194587,0.6041072447233314,0.6788461538461539,0.9164632182158519,0.4207505612533658,0.33682328712660214,0.3736016577147608
s1_random_1_percent,Random 1%,5,validation,fully_retrained,0.30091478286834683,0.8630903630903631,0.7506684491978609,0.6406160867084997,0.6912896275777162,0.9165431611482672,0.42682485831106987,0.34409576316848334,0.36888990471665406
s1_random_1_percent,Random 1%,5,test,baseline,0.312553161063312,0.8560120103725946,0.7336010709504686,0.6252139189960069,0.6750846935632892,0.9096566939119795,0.44835343633836,0.395422048126605,0.372275857712718
s1_random_1_percent,Random 1%,5,test,fine_tuned,0.3136430472462438,0.8590146035212228,0.7727272727272727,0.5818596691386195,0.6638464041653108,0.9096551587918073,0.4344176273721025,0.3653354589917478,0.3766019322063693
s1_random_1_percent,Random 1%,5,test,fully_retrained,0.31208210650335294,0.8577862699604204,0.742001361470388,0.6217912150598973,0.6765983860955928,0.9098553384622723,0.44110829850582406,0.3802134147657185,0.37217705002689344
s1_random_1_percent,Random 1%,8,forget,baseline,0.3046579141173976,0.847953216374269,0.6621621621621622,0.6447368421052632,0.6533333333333333,0.9093292441630392,0.42080562443019687,0.33273387884721156,0.37208628083989015
s1_random_1_percent,Random 1%,8,forget,fine_tuned,0.3065425112275813,0.8538011695906432,0.6911764705882353,0.618421052631579,0.6527777777777778,0.9084883260783538,0.40403405039810636,0.2904887553458566,0.37533103941155477
s1_random_1_percent,Random 1%,8,forget,fully_retrained,0.31426174601107815,0.847953216374269,0.6666666666666666,0.631578947368421,0.6486486486486487,0.9034922833399288,0.41313557444216326,0.3201746901400825,0.3712058653440291
s1_random_1_percent,Random 1%,8,retain,baseline,0.29887029258355713,0.8599875912193105,0.7361773786135279,0.647254780999383,0.6888582496224804,0.9187655217332185,0.4443052184873277,0.3794381343093393,0.3730881505561839
s1_random_1_percent,Random 1%,8,retain,fine_tuned,0.2934848429310192,0.8638874937217479,0.7684162062615101,0.6177668106107341,0.6849052732371247,0.922146334065875,0.4241038628763216,0.33943491769409234,0.37486412305132305
s1_random_1_percent,Random 1%,8,retain,fully_retrained,0.2994500580490726,0.8600466806511655,0.7423021582733813,0.6365206662553979,0.6853537030886748,0.9181892941254343,0.43688180260733517,0.36019366044366913,0.37275576137371247
s1_random_1_percent,Random 1%,8,validation,baseline,0.3010408610695784,0.8610428610428611,0.7425742574257426,0.6417569880205363,0.6884944920440637,0.9165791917656938,0.43425175211907346,0.36521914231444946,0.3692888096153216
s1_random_1_percent,Random 1%,8,validation,fine_tuned,0.30204700363308273,0.8624078624078624,0.7670250896057348,0.6103822019395322,0.6797966963151207,0.9164851231934918,0.4139805979329976,0.32485292369309104,0.37041564149326933
s1_random_1_percent,Random 1%,8,validation,fully_retrained,0.30091478286834683,0.8630903630903631,0.7506684491978609,0.6406160867084997,0.6912896275777162,0.9165431611482672,0.42682485831106987,0.34409576316848334,0.36888990471665406
s1_random_1_percent,Random 1%,8,test,baseline,0.312553161063312,0.8560120103725946,0.7336010709504686,0.6252139189960069,0.6750846935632892,0.9096566939119795,0.44835343633836,0.395422048126605,0.372275857712718
s1_random_1_percent,Random 1%,8,test,fine_tuned,0.3142052279878105,0.8576497884536646,0.7614138438880707,0.5898459783228751,0.6647380263580842,0.909299778471925,0.42817799653617544,0.3565101784022217,0.3738321307235517
s1_random_1_percent,Random 1%,8,test,fully_retrained,0.31208210650335294,0.8577862699604204,0.742001361470388,0.6217912150598973,0.6765983860955928,0.9098553384622723,0.44110829850582406,0.3802134147657185,0.37217705002689344
s1_random_1_percent,Random 1%,10,forget,baseline,0.3046579141173976,0.847953216374269,0.6621621621621622,0.6447368421052632,0.6533333333333333,0.9093292441630392,0.42080562443019687,0.33273387884721156,0.37208628083989015
s1_random_1_percent,Random 1%,10,forget,fine_tuned,0.30577725181866655,0.8538011695906432,0.6911764705882353,0.618421052631579,0.6527777777777778,0.9089829837752275,0.41996296997711663,0.3320736166090267,0.377581316495916
s1_random_1_percent,Random 1%,10,forget,fully_retrained,0.31426174601107815,0.847953216374269,0.6666666666666666,0.631578947368421,0.6486486486486487,0.9034922833399288,0.41313557444216326,0.3201746901400825,0.3712058653440291
s1_random_1_percent,Random 1%,10,retain,baseline,0.29887029258355713,0.8599875912193105,0.7361773786135279,0.647254780999383,0.6888582496224804,0.9187655217332185,0.4443052184873277,0.3794381343093393,0.3730881505561839
s1_random_1_percent,Random 1%,10,retain,fine_tuned,0.2930130174932244,0.8637397701421101,0.7673350681157202,0.6185070943861813,0.6849296351960651,0.9226757607198005,0.4409362313747605,0.37731051275613414,0.3765648966715595
s1_random_1_percent,Random 1%,10,retain,fully_retrained,0.2994500580490726,0.8600466806511655,0.7423021582733813,0.6365206662553979,0.6853537030886748,0.9181892941254343,0.43688180260733517,0.36019366044366913,0.37275576137371247
s1_random_1_percent,Random 1%,10,validation,baseline,0.3010408610695784,0.8610428610428611,0.7425742574257426,0.6417569880205363,0.6884944920440637,0.9165791917656938,0.43425175211907346,0.36521914231444946,0.3692888096153216
s1_random_1_percent,Random 1%,10,validation,fine_tuned,0.30183293939789896,0.8628173628173628,0.7660028449502134,0.61437535653166,0.6818613485280152,0.91630343471073,0.4314437711128024,0.36136877583931115,0.37279606732810383
s1_random_1_percent,Random 1%,10,validation,fully_retrained,0.30091478286834683,0.8630903630903631,0.7506684491978609,0.6406160867084997,0.6912896275777162,0.9165431611482672,0.42682485831106987,0.34409576316848334,0.36888990471665406
s1_random_1_percent,Random 1%,10,test,baseline,0.312553161063312,0.8560120103725946,0.7336010709504686,0.6252139189960069,0.6750846935632892,0.9096566939119795,0.44835343633836,0.395422048126605,0.372275857712718
s1_random_1_percent,Random 1%,10,test,fine_tuned,0.31423934042688617,0.8571038624266412,0.7580409356725146,0.5915573302909298,0.6645305991669337,0.9090349702422071,0.4449908847915586,0.3930233229008006,0.3758406243938144
s1_random_1_percent,Random 1%,10,test,fully_retrained,0.31208210650335294,0.8577862699604204,0.742001361470388,0.6217912150598973,0.6765983860955928,0.9098553384622723,0.44110829850582406,0.3802134147657185,0.37217705002689344
s2_random_5_percent,Random 5%,0,forget,baseline,0.2945428908652551,0.8654183733177296,0.7456647398843931,0.645,0.6916890080428955,0.9186487776928954,0.44762381704415816,0.3786801010714992,0.3733452841658729
s2_random_5_percent,Random 5%,0,forget,fine_tuned,0.2945428908652551,0.8654183733177296,0.7456647398843931,0.645,0.6916890080428955,0.9186487776928954,0.44762381704415816,0.3786801010714992,0.3733452841658729
s2_random_5_percent,Random 5%,0,forget,fully_retrained,0.3027954080525379,0.863662960795787,0.7406340057636888,0.6425,0.6880856760374833,0.9136506875477464,0.4538693762964621,0.39858724596274503,0.3757577713181466
s2_random_5_percent,Random 5%,0,retain,baseline,0.2991589285472625,0.8595751231527093,0.7348993288590604,0.6473460994730754,0.6883498462589682,0.9186793364294774,0.44388316349652834,0.3792516101547462,0.37307085822224667
s2_random_5_percent,Random 5%,0,retain,fine_tuned,0.2991589285472625,0.8595751231527093,0.7348993288590604,0.6473460994730754,0.6883498462589682,0.9186793364294774,0.44388316349652834,0.3792516101547462,0.37307085822224667
s2_random_5_percent,Random 5%,0,retain,fully_retrained,0.29812554723810963,0.8602524630541872,0.7371963710857478,0.6474746176583986,0.6894286691755046,0.919522811493981,0.44905510890814077,0.3963824942561976,0.37484084404251533
s2_random_5_percent,Random 5%,0,validation,baseline,0.3010408610695784,0.8610428610428611,0.7425742574257426,0.6417569880205363,0.6884944920440637,0.9165791917656938,0.43425175211907346,0.36521914231444946,0.3692888096153216
s2_random_5_percent,Random 5%,0,validation,fine_tuned,0.3010408610695784,0.8610428610428611,0.7425742574257426,0.6417569880205363,0.6884944920440637,0.9165791917656938,0.43425175211907346,0.36521914231444946,0.3692888096153216
s2_random_5_percent,Random 5%,0,validation,fully_retrained,0.30117424228965917,0.8628173628173628,0.7463768115942029,0.6463205932686823,0.6927545093243657,0.9164780603735986,0.43940831372990696,0.37969254405885283,0.370952290309648
s2_random_5_percent,Random 5%,0,test,baseline,0.312553161063312,0.8560120103725946,0.7336010709504686,0.6252139189960069,0.6750846935632892,0.9096566939119795,0.44835343633836,0.395422048126605,0.372275857712718
s2_random_5_percent,Random 5%,0,test,fine_tuned,0.312553161063312,0.8560120103725946,0.7336010709504686,0.6252139189960069,0.6750846935632892,0.9096566939119795,0.44835343633836,0.395422048126605,0.372275857712718
s2_random_5_percent,Random 5%,0,test,fully_retrained,0.31298957141196365,0.856421454892862,0.7347622237106497,0.6257843696520251,0.6759088108441158,0.9093594946466267,0.453907181903463,0.41223987916035415,0.3742603554155263
s2_random_5_percent,Random 5%,1,forget,baseline,0.2945428908652551,0.8654183733177296,0.7456647398843931,0.645,0.6916890080428955,0.9186487776928954,0.44762381704415816,0.3786801010714992,0.3733452841658729
s2_random_5_percent,Random 5%,1,forget,fine_tuned,0.29530377920146433,0.8613224107665302,0.7432835820895523,0.6225,0.6775510204081633,0.9181159281894575,0.43905831182013694,0.3595430261502594,0.3765573164790658
s2_random_5_percent,Random 5%,1,forget,fully_retrained,0.3027954080525379,0.863662960795787,0.7406340057636888,0.6425,0.6880856760374833,0.9136506875477464,0.4538693762964621,0.39858724596274503,0.3757577713181466
s2_random_5_percent,Random 5%,1,retain,baseline,0.2991589285472625,0.8595751231527093,0.7348993288590604,0.6473460994730754,0.6883498462589682,0.9186793364294774,0.44388316349652834,0.3792516101547462,0.37307085822224667
s2_random_5_percent,Random 5%,1,retain,fine_tuned,0.29838176718046006,0.8610221674876847,0.745971992169854,0.6366790900912479,0.6870059631119123,0.9190385540975158,0.43572797542349034,0.35916310244996097,0.3760995896312343
s2_random_5_percent,Random 5%,1,retain,fully_retrained,0.29812554723810963,0.8602524630541872,0.7371963710857478,0.6474746176583986,0.6894286691755046,0.919522811493981,0.44905510890814077,0.3963824942561976,0.37484084404251533
s2_random_5_percent,Random 5%,1,validation,baseline,0.3010408610695784,0.8610428610428611,0.7425742574257426,0.6417569880205363,0.6884944920440637,0.9165791917656938,0.43425175211907346,0.36521914231444946,0.3692888096153216
s2_random_5_percent,Random 5%,1,validation,fine_tuned,0.3014102710933756,0.8633633633633634,0.754054054054054,0.6366229321163719,0.6903804515929477,0.9164094793688378,0.4266597250024718,0.34397346518634153,0.3724607575555311
s2_random_5_percent,Random 5%,1,validation,fully_retrained,0.30117424228965917,0.8628173628173628,0.7463768115942029,0.6463205932686823,0.6927545093243657,0.9164780603735986,0.43940831372990696,0.37969254405885283,0.370952290309648
s2_random_5_percent,Random 5%,1,test,baseline,0.312553161063312,0.8560120103725946,0.7336010709504686,0.6252139189960069,0.6750846935632892,0.9096566939119795,0.44835343633836,0.395422048126605,0.372275857712718
s2_random_5_percent,Random 5%,1,test,fine_tuned,0.3128882504675522,0.8569673809198853,0.7416038382453736,0.6172276098117513,0.6737235367372354,0.9093596993293162,0.44039261549625147,0.3752977094569186,0.37524470085414935
s2_random_5_percent,Random 5%,1,test,fully_retrained,0.31298957141196365,0.856421454892862,0.7347622237106497,0.6257843696520251,0.6759088108441158,0.9093594946466267,0.453907181903463,0.41223987916035415,0.3742603554155263
s2_random_5_percent,Random 5%,2,forget,baseline,0.2945428908652551,0.8654183733177296,0.7456647398843931,0.645,0.6916890080428955,0.9186487776928954,0.44762381704415816,0.3786801010714992,0.3733452841658729
s2_random_5_percent,Random 5%,2,forget,fine_tuned,0.2962997364245392,0.8660035108250439,0.7329700272479565,0.6725,0.7014341590612777,0.9182687165775401,0.44257443867977714,0.37209687693386967,0.3752813501185317
s2_random_5_percent,Random 5%,2,forget,fully_retrained,0.3027954080525379,0.863662960795787,0.7406340057636888,0.6425,0.6880856760374833,0.9136506875477464,0.4538693762964621,0.39858724596274503,0.3757577713181466
s2_random_5_percent,Random 5%,2,retain,baseline,0.2991589285472625,0.8595751231527093,0.7348993288590604,0.6473460994730754,0.6883498462589682,0.9186793364294774,0.44388316349652834,0.3792516101547462,0.37307085822224667
s2_random_5_percent,Random 5%,2,retain,fine_tuned,0.2979856661622568,0.8605603448275863,0.7243996687827767,0.6745919547615987,0.6986091701603779,0.9197552020739159,0.43881596850162785,0.3700139444290623,0.37528208411245956
s2_random_5_percent,Random 5%,2,retain,fully_retrained,0.29812554723810963,0.8602524630541872,0.7371963710857478,0.6474746176583986,0.6894286691755046,0.919522811493981,0.44905510890814077,0.3963824942561976,0.37484084404251533
s2_random_5_percent,Random 5%,2,validation,baseline,0.3010408610695784,0.8610428610428611,0.7425742574257426,0.6417569880205363,0.6884944920440637,0.9165791917656938,0.43425175211907346,0.36521914231444946,0.3692888096153216
s2_random_5_percent,Random 5%,2,validation,fine_tuned,0.3012736093421085,0.8625443625443625,0.7340025094102886,0.6674272675413577,0.6991335524350164,0.9167509513567216,0.42946740599386685,0.35470956305882884,0.3713323044954772
s2_random_5_percent,Random 5%,2,validation,fully_retrained,0.30117424228965917,0.8628173628173628,0.7463768115942029,0.6463205932686823,0.6927545093243657,0.9164780603735986,0.43940831372990696,0.37969254405885283,0.370952290309648
s2_random_5_percent,Random 5%,2,test,baseline,0.312553161063312,0.8560120103725946,0.7336010709504686,0.6252139189960069,0.6750846935632892,0.9096566939119795,0.44835343633836,0.395422048126605,0.372275857712718
s2_random_5_percent,Random 5%,2,test,fine_tuned,0.3132510016557794,0.8534188617442336,0.7125860989355041,0.6491728465487735,0.6794029850746268,0.9097829831314855,0.44368187803030884,0.39254141853994534,0.3747029970767161
s2_random_5_percent,Random 5%,2,test,fully_retrained,0.31298957141196365,0.856421454892862,0.7347622237106497,0.6257843696520251,0.6759088108441158,0.9093594946466267,0.453907181903463,0.41223987916035415,0.3742603554155263
s2_random_5_percent,Random 5%,3,forget,baseline,0.2945428908652551,0.8654183733177296,0.7456647398843931,0.645,0.6916890080428955,0.9186487776928954,0.44762381704415816,0.3786801010714992,0.3733452841658729
s2_random_5_percent,Random 5%,3,forget,fine_tuned,0.29702298578275854,0.863662960795787,0.7463126843657817,0.6325,0.6847090663058186,0.9171285332314745,0.44950571253444904,0.38449650909240485,0.3792201960979524
s2_random_5_percent,Random 5%,3,forget,fully_retrained,0.3027954080525379,0.863662960795787,0.7406340057636888,0.6425,0.6880856760374833,0.9136506875477464,0.4538693762964621,0.39858724596274503,0.3757577713181466
s2_random_5_percent,Random 5%,3,retain,baseline,0.2991589285472625,0.8595751231527093,0.7348993288590604,0.6473460994730754,0.6883498462589682,0.9186793364294774,0.44388316349652834,0.3792516101547462,0.37307085822224667
s2_random_5_percent,Random 5%,3,retain,fine_tuned,0.2972347365393491,0.8611453201970444,0.7441409165547097,0.6406631538362678,0.68853591160221,0.9199940604502942,0.44701551956443897,0.3841010033518656,0.38030503521503306
s2_random_5_percent,Random 5%,3,retain,fully_retrained,0.29812554723810963,0.8602524630541872,0.7371963710857478,0.6474746176583986,0.6894286691755046,0.919522811493981,0.44905510890814077,0.3963824942561976,0.37484084404251533
s2_random_5_percent,Random 5%,3,validation,baseline,0.3010408610695784,0.8610428610428611,0.7425742574257426,0.6417569880205363,0.6884944920440637,0.9165791917656938,0.43425175211907346,0.36521914231444946,0.3692888096153216
s2_random_5_percent,Random 5%,3,validation,fine_tuned,0.30097129772600817,0.862953862953863,0.7518493611297915,0.6377638334284085,0.6901234567901234,0.9167979856428226,0.4370844047407734,0.3710947203344058,0.3762657805870846
s2_random_5_percent,Random 5%,3,validation,fully_retrained,0.30117424228965917,0.8628173628173628,0.7463768115942029,0.6463205932686823,0.6927545093243657,0.9164780603735986,0.43940831372990696,0.37969254405885283,0.370952290309648
s2_random_5_percent,Random 5%,3,test,baseline,0.312553161063312,0.8560120103725946,0.7336010709504686,0.6252139189960069,0.6750846935632892,0.9096566939119795,0.44835343633836,0.395422048126605,0.372275857712718
s2_random_5_percent,Random 5%,3,test,fine_tuned,0.3131243851247859,0.8586051590009554,0.7453798767967146,0.6212207644038791,0.6776602364654636,0.9094781082652712,0.45156579997784146,0.39884944182921367,0.37910524389561545
s2_random_5_percent,Random 5%,3,test,fully_retrained,0.31298957141196365,0.856421454892862,0.7347622237106497,0.6257843696520251,0.6759088108441158,0.9093594946466267,0.453907181903463,0.41223987916035415,0.3742603554155263
s2_random_5_percent,Random 5%,5,forget,baseline,0.2945428908652551,0.8654183733177296,0.7456647398843931,0.645,0.6916890080428955,0.9186487776928954,0.44762381704415816,0.3786801010714992,0.3733452841658729
s2_random_5_percent,Random 5%,5,forget,fine_tuned,0.2970677311932151,0.8642480983031012,0.75,0.63,0.6847826086956522,0.916740832696715,0.44917762678123374,0.38891806674694274,0.37948003039197853
s2_random_5_percent,Random 5%,5,forget,fully_retrained,0.3027954080525379,0.863662960795787,0.7406340057636888,0.6425,0.6880856760374833,0.9136506875477464,0.4538693762964621,0.39858724596274503,0.3757577713181466
s2_random_5_percent,Random 5%,5,retain,baseline,0.2991589285472625,0.8595751231527093,0.7348993288590604,0.6473460994730754,0.6883498462589682,0.9186793364294774,0.44388316349652834,0.3792516101547462,0.37307085822224667
s2_random_5_percent,Random 5%,5,retain,fine_tuned,0.2958936763392239,0.8624076354679803,0.7519780888618381,0.6351368718673692,0.6886365219814673,0.9209236774054825,0.4458061041428142,0.3898256177368803,0.3795838295866654
s2_random_5_percent,Random 5%,5,retain,fully_retrained,0.29812554723810963,0.8602524630541872,0.7371963710857478,0.6474746176583986,0.6894286691755046,0.919522811493981,0.44905510890814077,0.3963824942561976,0.37484084404251533
s2_random_5_percent,Random 5%,5,validation,baseline,0.3010408610695784,0.8610428610428611,0.7425742574257426,0.6417569880205363,0.6884944920440637,0.9165791917656938,0.43425175211907346,0.36521914231444946,0.3692888096153216
s2_random_5_percent,Random 5%,5,validation,fine_tuned,0.3011588126150562,0.8637728637728638,0.7587388622344071,0.6314888762122076,0.6892901618929016,0.9167018698764489,0.4363401088100743,0.375455582447042,0.3757200571934615
s2_random_5_percent,Random 5%,5,validation,fully_retrained,0.30117424228965917,0.8628173628173628,0.7463768115942029,0.6463205932686823,0.6927545093243657,0.9164780603735986,0.43940831372990696,0.37969254405885283,0.370952290309648
s2_random_5_percent,Random 5%,5,test,baseline,0.312553161063312,0.8560120103725946,0.7336010709504686,0.6252139189960069,0.6750846935632892,0.9096566939119795,0.44835343633836,0.395422048126605,0.372275857712718
s2_random_5_percent,Random 5%,5,test,fine_tuned,0.3134780600540461,0.8576497884536646,0.7472144846796658,0.612093553907587,0.6729382251489495,0.9093881502231758,0.45031915097730696,0.40297935577650124,0.3783953903955278
s2_random_5_percent,Random 5%,5,test,fully_retrained,0.31298957141196365,0.856421454892862,0.7347622237106497,0.6257843696520251,0.6759088108441158,0.9093594946466267,0.453907181903463,0.41223987916035415,0.3742603554155263
s2_random_5_percent,Random 5%,8,forget,baseline,0.2945428908652551,0.8654183733177296,0.7456647398843931,0.645,0.6916890080428955,0.9186487776928954,0.44762381704415816,0.3786801010714992,0.3733452841658729
s2_random_5_percent,Random 5%,8,forget,fine_tuned,0.2969647257104234,0.8595669982445875,0.7380952380952381,0.62,0.6739130434782609,0.9166109625668449,0.4390928204535154,0.3669020116908634,0.3777213416847019
s2_random_5_percent,Random 5%,8,forget,fully_retrained,0.3027954080525379,0.863662960795787,0.7406340057636888,0.6425,0.6880856760374833,0.9136506875477464,0.4538693762964621,0.39858724596274503,0.3757577713181466
s2_random_5_percent,Random 5%,8,retain,baseline,0.2991589285472625,0.8595751231527093,0.7348993288590604,0.6473460994730754,0.6883498462589682,0.9186793364294774,0.44388316349652834,0.3792516101547462,0.37307085822224667
s2_random_5_percent,Random 5%,8,retain,fine_tuned,0.29352532570188494,0.8630233990147783,0.7517376851012391,0.6393779719830356,0.6910202097367872,0.9221127138775533,0.4359077621616127,0.3641225916980178,0.37790178432330046
s2_random_5_percent,Random 5%,8,retain,fully_retrained,0.29812554723810963,0.8602524630541872,0.7371963710857478,0.6474746176583986,0.6894286691755046,0.919522811493981,0.44905510890814077,0.3963824942561976,0.37484084404251533
s2_random_5_percent,Random 5%,8,validation,baseline,0.3010408610695784,0.8610428610428611,0.7425742574257426,0.6417569880205363,0.6884944920440637,0.9165791917656938,0.43425175211907346,0.36521914231444946,0.3692888096153216
s2_random_5_percent,Random 5%,8,validation,fine_tuned,0.30150602595349285,0.864045864045864,0.7583617747440273,0.6337706788362807,0.6904909881914233,0.9163065566818421,0.4265580881986941,0.3496533468668338,0.3739737068044798
s2_random_5_percent,Random 5%,8,validation,fully_retrained,0.30117424228965917,0.8628173628173628,0.7463768115942029,0.6463205932686823,0.6927545093243657,0.9164780603735986,0.43940831372990696,0.37969254405885283,0.370952290309648
s2_random_5_percent,Random 5%,8,test,baseline,0.312553161063312,0.8560120103725946,0.7336010709504686,0.6252139189960069,0.6750846935632892,0.9096566939119795,0.44835343633836,0.395422048126605,0.372275857712718
s2_random_5_percent,Random 5%,8,test,fine_tuned,0.3138680494334068,0.8583321959874437,0.7467218771566597,0.6172276098117513,0.6758276077451593,0.9090803074579619,0.44076380092290407,0.38487103064985007,0.3770723978513299
s2_random_5_percent,Random 5%,8,test,fully_retrained,0.31298957141196365,0.856421454892862,0.7347622237106497,0.6257843696520251,0.6759088108441158,0.9093594946466267,0.453907181903463,0.41223987916035415,0.3742603554155263
s2_random_5_percent,Random 5%,10,forget,baseline,0.2945428908652551,0.8654183733177296,0.7456647398843931,0.645,0.6916890080428955,0.9186487776928954,0.44762381704415816,0.3786801010714992,0.3733452841658729
s2_random_5_percent,Random 5%,10,forget,fine_tuned,0.29832863673750454,0.8613224107665302,0.7295774647887324,0.6475,0.686092715231788,0.915636936592819,0.4332458551179455,0.35654020855282403,0.3771133601791602
s2_random_5_percent,Random 5%,10,forget,fully_retrained,0.3027954080525379,0.863662960795787,0.7406340057636888,0.6425,0.6880856760374833,0.9136506875477464,0.4538693762964621,0.39858724596274503,0.3757577713181466
s2_random_5_percent,Random 5%,10,retain,baseline,0.2991589285472625,0.8595751231527093,0.7348993288590604,0.6473460994730754,0.6883498462589682,0.9186793364294774,0.44388316349652834,0.3792516101547462,0.37307085822224667
s2_random_5_percent,Random 5%,10,retain,fine_tuned,0.29249702602716693,0.864685960591133,0.7452201622247973,0.6612260634879835,0.7007150153217568,0.9227137090159403,0.4299765797579238,0.3532673756672565,0.37747953744268586
s2_random_5_percent,Random 5%,10,retain,fully_retrained,0.29812554723810963,0.8602524630541872,0.7371963710857478,0.6474746176583986,0.6894286691755046,0.919522811493981,0.44905510890814077,0.3963824942561976,0.37484084404251533
s2_random_5_percent,Random 5%,10,validation,baseline,0.3010408610695784,0.8610428610428611,0.7425742574257426,0.6417569880205363,0.6884944920440637,0.9165791917656938,0.43425175211907346,0.36521914231444946,0.3692888096153216
s2_random_5_percent,Random 5%,10,validation,fine_tuned,0.3010261172414048,0.8633633633633634,0.7476943346508564,0.6474614945807188,0.6939773769489452,0.9168135954983839,0.4200187114281526,0.33305005147906475,0.37280865747604197
s2_random_5_percent,Random 5%,10,validation,fully_retrained,0.30117424228965917,0.8628173628173628,0.7463768115942029,0.6463205932686823,0.6927545093243657,0.9164780603735986,0.43940831372990696,0.37969254405885283,0.370952290309648
s2_random_5_percent,Random 5%,10,test,baseline,0.312553161063312,0.8560120103725946,0.7336010709504686,0.6252139189960069,0.6750846935632892,0.9096566939119795,0.44835343633836,0.395422048126605,0.372275857712718
s2_random_5_percent,Random 5%,10,test,fine_tuned,0.31441212615358094,0.8557390473590828,0.7292490118577075,0.6314888762122076,0.6768572302048304,0.9091065068422353,0.43481166154969814,0.3708824001031476,0.3768937064370572
s2_random_5_percent,Random 5%,10,test,fully_retrained,0.31298957141196365,0.856421454892862,0.7347622237106497,0.6257843696520251,0.6759088108441158,0.9093594946466267,0.453907181903463,0.41223987916035415,0.3742603554155263
s3_simulated_data_provider_withdrawal,Simulated Data Provider Withdrawal (~5%),0,forget,baseline,0.3010291701533407,0.8533568904593639,0.7237569060773481,0.6374695863746959,0.6778783958602846,0.9185132250825682,0.44821597964761095,0.3839369525579256,0.37109941738379637
s3_simulated_data_provider_withdrawal,Simulated Data Provider Withdrawal (~5%),0,forget,fine_tuned,0.3010291701533407,0.8533568904593639,0.7237569060773481,0.6374695863746959,0.6778783958602846,0.9185132250825682,0.44821597964761095,0.3839369525579256,0.37109941738379637
s3_simulated_data_provider_withdrawal,Simulated Data Provider Withdrawal (~5%),0,forget,fully_retrained,0.3096706154558967,0.8515901060070671,0.729106628242075,0.6155717761557178,0.6675461741424802,0.9131971029781247,0.43847297540742536,0.3622306620171452,0.3716369486619438
s3_simulated_data_provider_withdrawal,Simulated Data Provider Withdrawal (~5%),0,retain,baseline,0.2988183887471434,0.8602074420608784,0.7360339280491371,0.6477477477477478,0.6890744797371303,0.9186588401203506,0.44385348312622147,0.3788773350881849,0.3731877066392945
s3_simulated_data_provider_withdrawal,Simulated Data Provider Withdrawal (~5%),0,retain,fine_tuned,0.2988183887471434,0.8602074420608784,0.7360339280491371,0.6477477477477478,0.6890744797371303,0.9186588401203506,0.44385348312622147,0.3788773350881849,0.3731877066392945
s3_simulated_data_provider_withdrawal,Simulated Data Provider Withdrawal (~5%),0,retain,fully_retrained,0.3001333077576297,0.859591886984088,0.7480668110114445,0.6225225225225225,0.6795448159595392,0.917648056558295,0.434754193387903,0.36008809336578446,0.37358517472416375
s3_simulated_data_provider_withdrawal,Simulated Data Provider Withdrawal (~5%),0,validation,baseline,0.3010408610695784,0.8610428610428611,0.7425742574257426,0.6417569880205363,0.6884944920440637,0.9165791917656938,0.43425175211907346,0.36521914231444946,0.3692888096153216
s3_simulated_data_provider_withdrawal,Simulated Data Provider Withdrawal (~5%),0,validation,fine_tuned,0.3010408610695784,0.8610428610428611,0.7425742574257426,0.6417569880205363,0.6884944920440637,0.9165791917656938,0.43425175211907346,0.36521914231444946,0.3692888096153216
s3_simulated_data_provider_withdrawal,Simulated Data Provider Withdrawal (~5%),0,validation,fully_retrained,0.3017644258832204,0.8617253617253617,0.7541208791208791,0.6263548203080433,0.6843253349953257,0.9162677111724292,0.42486714446948215,0.3419362189352324,0.36930589987593804
s3_simulated_data_provider_withdrawal,Simulated Data Provider Withdrawal (~5%),0,test,baseline,0.312553161063312,0.8560120103725946,0.7336010709504686,0.6252139189960069,0.6750846935632892,0.9096566939119795,0.44835343633836,0.395422048126605,0.372275857712718
s3_simulated_data_provider_withdrawal,Simulated Data Provider Withdrawal (~5%),0,test,fine_tuned,0.312553161063312,0.8560120103725946,0.7336010709504686,0.6252139189960069,0.6750846935632892,0.9096566939119795,0.44835343633836,0.395422048126605,0.372275857712718
s3_simulated_data_provider_withdrawal,Simulated Data Provider Withdrawal (~5%),0,test,fully_retrained,0.3118303372075203,0.8560120103725946,0.7450842696629213,0.6052481460353679,0.6679257160843564,0.910143019982557,0.43857387964943434,0.37028372529333786,0.3727179875857421
s3_simulated_data_provider_withdrawal,Simulated Data Provider Withdrawal (~5%),1,forget,baseline,0.3010291701533407,0.8533568904593639,0.7237569060773481,0.6374695863746959,0.6778783958602846,0.9185132250825682,0.44821597964761095,0.3839369525579256,0.37109941738379637
s3_simulated_data_provider_withdrawal,Simulated Data Provider Withdrawal (~5%),1,forget,fine_tuned,0.3023285925526793,0.8515901060070671,0.7373134328358208,0.6009732360097324,0.6621983914209115,0.9182069620025823,0.44180680136212763,0.37580779186988195,0.37329616665776966
s3_simulated_data_provider_withdrawal,Simulated Data Provider Withdrawal (~5%),1,forget,fully_retrained,0.3096706154558967,0.8515901060070671,0.729106628242075,0.6155717761557178,0.6675461741424802,0.9131971029781247,0.43847297540742536,0.3622306620171452,0.3716369486619438
s3_simulated_data_provider_withdrawal,Simulated Data Provider Withdrawal (~5%),1,retain,baseline,0.2988183887471434,0.8602074420608784,0.7360339280491371,0.6477477477477478,0.6890744797371303,0.9186588401203506,0.44385348312622147,0.3788773350881849,0.3731877066392945
s3_simulated_data_provider_withdrawal,Simulated Data Provider Withdrawal (~5%),1,retain,fine_tuned,0.29818291998285334,0.860361330830076,0.7617813765182186,0.6054054054054054,0.67465041233417,0.919143015720824,0.43734286120297133,0.36561169593918924,0.37482071262139594
s3_simulated_data_provider_withdrawal,Simulated Data Provider Withdrawal (~5%),1,retain,fully_retrained,0.3001333077576297,0.859591886984088,0.7480668110114445,0.6225225225225225,0.6795448159595392,0.917648056558295,0.434754193387903,0.36008809336578446,0.37358517472416375
s3_simulated_data_provider_withdrawal,Simulated Data Provider Withdrawal (~5%),1,validation,baseline,0.3010408610695784,0.8610428610428611,0.7425742574257426,0.6417569880205363,0.6884944920440637,0.9165791917656938,0.43425175211907346,0.36521914231444946,0.3692888096153216
s3_simulated_data_provider_withdrawal,Simulated Data Provider Withdrawal (~5%),1,validation,fine_tuned,0.3017601366995884,0.8633633633633634,0.7697274031563845,0.612093553907587,0.6819192882109946,0.916470946373851,0.42764691242836866,0.35439775322524636,0.37063164575690005
s3_simulated_data_provider_withdrawal,Simulated Data Provider Withdrawal (~5%),1,validation,fully_retrained,0.3017644258832204,0.8617253617253617,0.7541208791208791,0.6263548203080433,0.6843253349953257,0.9162677111724292,0.42486714446948215,0.3419362189352324,0.36930589987593804
s3_simulated_data_provider_withdrawal,Simulated Data Provider Withdrawal (~5%),1,test,baseline,0.312553161063312,0.8560120103725946,0.7336010709504686,0.6252139189960069,0.6750846935632892,0.9096566939119795,0.44835343633836,0.395422048126605,0.372275857712718
s3_simulated_data_provider_withdrawal,Simulated Data Provider Withdrawal (~5%),1,test,fine_tuned,0.3132390297510267,0.8592875665347346,0.7674074074074074,0.5909868796349116,0.6677408959071865,0.9095059451110618,0.44157273435673894,0.38051605029310304,0.3734952271054869
s3_simulated_data_provider_withdrawal,Simulated Data Provider Withdrawal (~5%),1,test,fully_retrained,0.3118303372075203,0.8560120103725946,0.7450842696629213,0.6052481460353679,0.6679257160843564,0.910143019982557,0.43857387964943434,0.37028372529333786,0.3727179875857421
s3_simulated_data_provider_withdrawal,Simulated Data Provider Withdrawal (~5%),2,forget,baseline,0.3010291701533407,0.8533568904593639,0.7237569060773481,0.6374695863746959,0.6778783958602846,0.9185132250825682,0.44821597964761095,0.3839369525579256,0.37109941738379637
s3_simulated_data_provider_withdrawal,Simulated Data Provider Withdrawal (~5%),2,forget,fine_tuned,0.3041493177452864,0.8551236749116607,0.7310924369747899,0.635036496350365,0.6796875,0.9166321648073473,0.4397101261248291,0.3734997362046136,0.3712512058676036
s3_simulated_data_provider_withdrawal,Simulated Data Provider Withdrawal (~5%),2,forget,fully_retrained,0.3096706154558967,0.8515901060070671,0.729106628242075,0.6155717761557178,0.6675461741424802,0.9131971029781247,0.43847297540742536,0.3622306620171452,0.3716369486619438
s3_simulated_data_provider_withdrawal,Simulated Data Provider Withdrawal (~5%),2,retain,baseline,0.2988183887471434,0.8602074420608784,0.7360339280491371,0.6477477477477478,0.6890744797371303,0.9186588401203506,0.44385348312622147,0.3788773350881849,0.3731877066392945
s3_simulated_data_provider_withdrawal,Simulated Data Provider Withdrawal (~5%),2,retain,fine_tuned,0.2968363474945681,0.8619925517835708,0.7467708020426554,0.6398970398970399,0.6892154144718603,0.9197181575989067,0.43532179948300453,0.36436112182115876,0.373291224694665
s3_simulated_data_provider_withdrawal,Simulated Data Provider Withdrawal (~5%),2,retain,fully_retrained,0.3001333077576297,0.859591886984088,0.7480668110114445,0.6225225225225225,0.6795448159595392,0.917648056558295,0.434754193387903,0.36008809336578446,0.37358517472416375
s3_simulated_data_provider_withdrawal,Simulated Data Provider Withdrawal (~5%),2,validation,baseline,0.3010408610695784,0.8610428610428611,0.7425742574257426,0.6417569880205363,0.6884944920440637,0.9165791917656938,0.43425175211907346,0.36521914231444946,0.3692888096153216
s3_simulated_data_provider_withdrawal,Simulated Data Provider Withdrawal (~5%),2,validation,fine_tuned,0.30090054294251556,0.8624078624078624,0.7518593644354293,0.6343411294922989,0.6881188118811881,0.9166527883961759,0.4259286419875971,0.3508531330394875,0.3690094829052531
s3_simulated_data_provider_withdrawal,Simulated Data Provider Withdrawal (~5%),2,validation,fully_retrained,0.3017644258832204,0.8617253617253617,0.7541208791208791,0.6263548203080433,0.6843253349953257,0.9162677111724292,0.42486714446948215,0.3419362189352324,0.36930589987593804
s3_simulated_data_provider_withdrawal,Simulated Data Provider Withdrawal (~5%),2,test,baseline,0.312553161063312,0.8560120103725946,0.7336010709504686,0.6252139189960069,0.6750846935632892,0.9096566939119795,0.44835343633836,0.395422048126605,0.372275857712718
s3_simulated_data_provider_withdrawal,Simulated Data Provider Withdrawal (~5%),2,test,fine_tuned,0.3120059223284278,0.8577862699604204,0.7426621160409557,0.6206503137478608,0.6761963952765693,0.9100616586134261,0.43971964985796314,0.381326068768818,0.3722986211401219
s3_simulated_data_provider_withdrawal,Simulated Data Provider Withdrawal (~5%),2,test,fully_retrained,0.3118303372075203,0.8560120103725946,0.7450842696629213,0.6052481460353679,0.6679257160843564,0.910143019982557,0.43857387964943434,0.37028372529333786,0.3727179875857421
s3_simulated_data_provider_withdrawal,Simulated Data Provider Withdrawal (~5%),3,forget,baseline,0.3010291701533407,0.8533568904593639,0.7237569060773481,0.6374695863746959,0.6778783958602846,0.9185132250825682,0.44821597964761095,0.3839369525579256,0.37109941738379637
s3_simulated_data_provider_withdrawal,Simulated Data Provider Withdrawal (~5%),3,forget,fine_tuned,0.3039495446313129,0.8539458186101295,0.7208672086720868,0.6472019464720195,0.6820512820512821,0.9166416173715445,0.4418872163891684,0.3833155045915325,0.3732743769127114
s3_simulated_data_provider_withdrawal,Simulated Data Provider Withdrawal (~5%),3,forget,fully_retrained,0.3096706154558967,0.8515901060070671,0.729106628242075,0.6155717761557178,0.6675461741424802,0.9131971029781247,0.43847297540742536,0.3622306620171452,0.3716369486619438
s3_simulated_data_provider_withdrawal,Simulated Data Provider Withdrawal (~5%),3,retain,baseline,0.2988183887471434,0.8602074420608784,0.7360339280491371,0.6477477477477478,0.6890744797371303,0.9186588401203506,0.44385348312622147,0.3788773350881849,0.3731877066392945
s3_simulated_data_provider_withdrawal,Simulated Data Provider Withdrawal (~5%),3,retain,fine_tuned,0.2963188189587591,0.8624234403373242,0.7393385552654482,0.655984555984556,0.6951718494271686,0.920176698336967,0.43777074434543944,0.36748469186271115,0.3758367209306698
s3_simulated_data_provider_withdrawal,Simulated Data Provider Withdrawal (~5%),3,retain,fully_retrained,0.3001333077576297,0.859591886984088,0.7480668110114445,0.6225225225225225,0.6795448159595392,0.917648056558295,0.434754193387903,0.36008809336578446,0.37358517472416375
s3_simulated_data_provider_withdrawal,Simulated Data Provider Withdrawal (~5%),3,validation,baseline,0.3010408610695784,0.8610428610428611,0.7425742574257426,0.6417569880205363,0.6884944920440637,0.9165791917656938,0.43425175211907346,0.36521914231444946,0.3692888096153216
s3_simulated_data_provider_withdrawal,Simulated Data Provider Withdrawal (~5%),3,validation,fine_tuned,0.30127780499434614,0.8626808626808626,0.7433224755700326,0.6508841985168283,0.6940389294403893,0.9164970992793979,0.42827594707609984,0.3535837050764403,0.37138546898515845
s3_simulated_data_provider_withdrawal,Simulated Data Provider Withdrawal (~5%),3,validation,fully_retrained,0.3017644258832204,0.8617253617253617,0.7541208791208791,0.6263548203080433,0.6843253349953257,0.9162677111724292,0.42486714446948215,0.3419362189352324,0.36930589987593804
s3_simulated_data_provider_withdrawal,Simulated Data Provider Withdrawal (~5%),3,test,baseline,0.312553161063312,0.8560120103725946,0.7336010709504686,0.6252139189960069,0.6750846935632892,0.9096566939119795,0.44835343633836,0.395422048126605,0.372275857712718
s3_simulated_data_provider_withdrawal,Simulated Data Provider Withdrawal (~5%),3,test,fine_tuned,0.31282825055425845,0.858059232973932,0.7359364659166115,0.6343411294922989,0.6813725490196079,0.9096513721620488,0.4426769932055346,0.38649947940437,0.3750362118209942
s3_simulated_data_provider_withdrawal,Simulated Data Provider Withdrawal (~5%),3,test,fully_retrained,0.3118303372075203,0.8560120103725946,0.7450842696629213,0.6052481460353679,0.6679257160843564,0.910143019982557,0.43857387964943434,0.37028372529333786,0.3727179875857421
s3_simulated_data_provider_withdrawal,Simulated Data Provider Withdrawal (~5%),4,forget,baseline,0.3010291701533407,0.8533568904593639,0.7237569060773481,0.6374695863746959,0.6778783958602846,0.9185132250825682,0.44821597964761095,0.3839369525579256,0.37109941738379637
s3_simulated_data_provider_withdrawal,Simulated Data Provider Withdrawal (~5%),4,forget,fine_tuned,0.30548362146998204,0.8515901060070671,0.7317784256559767,0.610705596107056,0.6657824933687002,0.9163637119841499,0.42712832338161266,0.3492941769019544,0.3721926746351534
s3_simulated_data_provider_withdrawal,Simulated Data Provider Withdrawal (~5%),4,forget,fully_retrained,0.3096706154558967,0.8515901060070671,0.729106628242075,0.6155717761557178,0.6675461741424802,0.9131971029781247,0.43847297540742536,0.3622306620171452,0.3716369486619438
s3_simulated_data_provider_withdrawal,Simulated Data Provider Withdrawal (~5%),4,retain,baseline,0.2988183887471434,0.8602074420608784,0.7360339280491371,0.6477477477477478,0.6890744797371303,0.9186588401203506,0.44385348312622147,0.3788773350881849,0.3731877066392945
s3_simulated_data_provider_withdrawal,Simulated Data Provider Withdrawal (~5%),4,retain,fine_tuned,0.2956966721018733,0.8631621064294728,0.7591206735266605,0.6266409266409266,0.6865482233502538,0.9205038005349482,0.42245157571424896,0.33928365087741075,0.3742297170531219
s3_simulated_data_provider_withdrawal,Simulated Data Provider Withdrawal (~5%),4,retain,fully_retrained,0.3001333077576297,0.859591886984088,0.7480668110114445,0.6225225225225225,0.6795448159595392,0.917648056558295,0.434754193387903,0.36008809336578446,0.37358517472416375
s3_simulated_data_provider_withdrawal,Simulated Data Provider Withdrawal (~5%),4,validation,baseline,0.3010408610695784,0.8610428610428611,0.7425742574257426,0.6417569880205363,0.6884944920440637,0.9165791917656938,0.43425175211907346,0.36521914231444946,0.3692888096153216
s3_simulated_data_provider_withdrawal,Simulated Data Provider Withdrawal (~5%),4,validation,fine_tuned,0.30202551027652536,0.8630903630903631,0.7596952908587258,0.6257843696520251,0.6862683766030654,0.9164465335833503,0.41315077706489334,0.32579476536569185,0.3697858430133883
s3_simulated_data_provider_withdrawal,Simulated Data Provider Withdrawal (~5%),4,validation,fully_retrained,0.3017644258832204,0.8617253617253617,0.7541208791208791,0.6263548203080433,0.6843253349953257,0.9162677111724292,0.42486714446948215,0.3419362189352324,0.36930589987593804
s3_simulated_data_provider_withdrawal,Simulated Data Provider Withdrawal (~5%),4,test,baseline,0.312553161063312,0.8560120103725946,0.7336010709504686,0.6252139189960069,0.6750846935632892,0.9096566939119795,0.44835343633836,0.395422048126605,0.372275857712718
s3_simulated_data_provider_withdrawal,Simulated Data Provider Withdrawal (~5%),4,test,fine_tuned,0.3132338208447452,0.8586051590009554,0.7544357700496807,0.6063890473474044,0.67235926628716,0.9096556704985312,0.4270505989241597,0.35492944653823,0.3733456521706484
s3_simulated_data_provider_withdrawal,Simulated Data Provider Withdrawal (~5%),4,test,fully_retrained,0.3118303372075203,0.8560120103725946,0.7450842696629213,0.6052481460353679,0.6679257160843564,0.910143019982557,0.43857387964943434,0.37028372529333786,0.3727179875857421
s3_simulated_data_provider_withdrawal,Simulated Data Provider Withdrawal (~5%),5,forget,baseline,0.3010291701533407,0.8533568904593639,0.7237569060773481,0.6374695863746959,0.6778783958602846,0.9185132250825682,0.44821597964761095,0.3839369525579256,0.37109941738379637
s3_simulated_data_provider_withdrawal,Simulated Data Provider Withdrawal (~5%),5,forget,fine_tuned,0.3063723157428849,0.8527679623085983,0.7388724035608308,0.6058394160583942,0.6657754010695187,0.9157511858241785,0.42780967354268273,0.35973668054285035,0.3719940225294322
s3_simulated_data_provider_withdrawal,Simulated Data Provider Withdrawal (~5%),5,forget,fully_retrained,0.3096706154558967,0.8515901060070671,0.729106628242075,0.6155717761557178,0.6675461741424802,0.9131971029781247,0.43847297540742536,0.3622306620171452,0.3716369486619438
s3_simulated_data_provider_withdrawal,Simulated Data Provider Withdrawal (~5%),5,retain,baseline,0.2988183887471434,0.8602074420608784,0.7360339280491371,0.6477477477477478,0.6890744797371303,0.9186588401203506,0.44385348312622147,0.3788773350881849,0.3731877066392945
s3_simulated_data_provider_withdrawal,Simulated Data Provider Withdrawal (~5%),5,retain,fine_tuned,0.29512988691735487,0.8630697731679542,0.7601441328528905,0.6244530244530244,0.6856496855790292,0.9209398248676595,0.4231361324870483,0.3410046212530348,0.37330014754227114
s3_simulated_data_provider_withdrawal,Simulated Data Provider Withdrawal (~5%),5,retain,fully_retrained,0.3001333077576297,0.859591886984088,0.7480668110114445,0.6225225225225225,0.6795448159595392,0.917648056558295,0.434754193387903,0.36008809336578446,0.37358517472416375
s3_simulated_data_provider_withdrawal,Simulated Data Provider Withdrawal (~5%),5,validation,baseline,0.3010408610695784,0.8610428610428611,0.7425742574257426,0.6417569880205363,0.6884944920440637,0.9165791917656938,0.43425175211907346,0.36521914231444946,0.3692888096153216
s3_simulated_data_provider_withdrawal,Simulated Data Provider Withdrawal (~5%),5,validation,fine_tuned,0.30217027559615545,0.8625443625443625,0.7601115760111576,0.6217912150598973,0.6840288672732978,0.9164358881736561,0.4135547847668313,0.3291732685372424,0.3686011435132147
s3_simulated_data_provider_withdrawal,Simulated Data Provider Withdrawal (~5%),5,validation,fully_retrained,0.3017644258832204,0.8617253617253617,0.7541208791208791,0.6263548203080433,0.6843253349953257,0.9162677111724292,0.42486714446948215,0.3419362189352324,0.36930589987593804
s3_simulated_data_provider_withdrawal,Simulated Data Provider Withdrawal (~5%),5,test,baseline,0.312553161063312,0.8560120103725946,0.7336010709504686,0.6252139189960069,0.6750846935632892,0.9096566939119795,0.44835343633836,0.395422048126605,0.372275857712718
s3_simulated_data_provider_withdrawal,Simulated Data Provider Withdrawal (~5%),5,test,fine_tuned,0.31321975169080735,0.8576497884536646,0.7528490028490028,0.602966343411295,0.6696230598669624,0.9097476241968508,0.42722339733067644,0.36020412638650545,0.37222073761790625
s3_simulated_data_provider_withdrawal,Simulated Data Provider Withdrawal (~5%),5,test,fully_retrained,0.3118303372075203,0.8560120103725946,0.7450842696629213,0.6052481460353679,0.6679257160843564,0.910143019982557,0.43857387964943434,0.37028372529333786,0.3727179875857421
s3_simulated_data_provider_withdrawal,Simulated Data Provider Withdrawal (~5%),8,forget,baseline,0.3010291701533407,0.8533568904593639,0.7237569060773481,0.6374695863746959,0.6778783958602846,0.9185132250825682,0.44821597964761095,0.3839369525579256,0.37109941738379637
s3_simulated_data_provider_withdrawal,Simulated Data Provider Withdrawal (~5%),8,forget,fine_tuned,0.306904013527169,0.8551236749116607,0.7323943661971831,0.6326034063260341,0.6788511749347258,0.9151859224851926,0.4298253544483725,0.36460050326385496,0.3737986456786666
s3_simulated_data_provider_withdrawal,Simulated Data Provider Withdrawal (~5%),8,forget,fully_retrained,0.3096706154558967,0.8515901060070671,0.729106628242075,0.6155717761557178,0.6675461741424802,0.9131971029781247,0.43847297540742536,0.3622306620171452,0.3716369486619438
s3_simulated_data_provider_withdrawal,Simulated Data Provider Withdrawal (~5%),8,retain,baseline,0.2988183887471434,0.8602074420608784,0.7360339280491371,0.6477477477477478,0.6890744797371303,0.9186588401203506,0.44385348312622147,0.3788773350881849,0.3731877066392945
s3_simulated_data_provider_withdrawal,Simulated Data Provider Withdrawal (~5%),8,retain,fine_tuned,0.29285682711806615,0.8648856606444861,0.755209906372697,0.6436293436293437,0.6949694274596998,0.9221235552472153,0.42409239477972027,0.34066075059722034,0.3755291413160315
s3_simulated_data_provider_withdrawal,Simulated Data Provider Withdrawal (~5%),8,retain,fully_retrained,0.3001333077576297,0.859591886984088,0.7480668110114445,0.6225225225225225,0.6795448159595392,0.917648056558295,0.434754193387903,0.36008809336578446,0.37358517472416375
s3_simulated_data_provider_withdrawal,Simulated Data Provider Withdrawal (~5%),8,validation,baseline,0.3010408610695784,0.8610428610428611,0.7425742574257426,0.6417569880205363,0.6884944920440637,0.9165791917656938,0.43425175211907346,0.36521914231444946,0.3692888096153216
s3_simulated_data_provider_withdrawal,Simulated Data Provider Withdrawal (~5%),8,validation,fine_tuned,0.30157544979858514,0.862953862953863,0.7528696826468603,0.6360524814603536,0.6895485466914039,0.9164785721721416,0.41509372126371463,0.32703803502885187,0.3713263051028913
s3_simulated_data_provider_withdrawal,Simulated Data Provider Withdrawal (~5%),8,validation,fully_retrained,0.3017644258832204,0.8617253617253617,0.7541208791208791,0.6263548203080433,0.6843253349953257,0.9162677111724292,0.42486714446948215,0.3419362189352324,0.36930589987593804
s3_simulated_data_provider_withdrawal,Simulated Data Provider Withdrawal (~5%),8,test,baseline,0.312553161063312,0.8560120103725946,0.7336010709504686,0.6252139189960069,0.6750846935632892,0.9096566939119795,0.44835343633836,0.395422048126605,0.372275857712718
s3_simulated_data_provider_withdrawal,Simulated Data Provider Withdrawal (~5%),8,test,fine_tuned,0.31356659024937916,0.8584686774941995,0.7465564738292011,0.6183685111237878,0.6764430577223088,0.9094467918137568,0.4292894760614113,0.3640010622432542,0.37482911241472366
s3_simulated_data_provider_withdrawal,Simulated Data Provider Withdrawal (~5%),8,test,fully_retrained,0.3118303372075203,0.8560120103725946,0.7450842696629213,0.6052481460353679,0.6679257160843564,0.910143019982557,0.43857387964943434,0.37028372529333786,0.3727179875857421
s3_simulated_data_provider_withdrawal,Simulated Data Provider Withdrawal (~5%),10,forget,baseline,0.3010291701533407,0.8533568904593639,0.7237569060773481,0.6374695863746959,0.6778783958602846,0.9185132250825682,0.44821597964761095,0.3839369525579256,0.37109941738379637
s3_simulated_data_provider_withdrawal,Simulated Data Provider Withdrawal (~5%),10,forget,fine_tuned,0.30607448711138974,0.8545347467608951,0.7383720930232558,0.6180048661800487,0.6728476821192053,0.9157001419775143,0.4317331712681495,0.3692207299086735,0.37599239946588775
s3_simulated_data_provider_withdrawal,Simulated Data Provider Withdrawal (~5%),10,forget,fully_retrained,0.3096706154558967,0.8515901060070671,0.729106628242075,0.6155717761557178,0.6675461741424802,0.9131971029781247,0.43847297540742536,0.3622306620171452,0.3716369486619438
s3_simulated_data_provider_withdrawal,Simulated Data Provider Withdrawal (~5%),10,retain,baseline,0.2988183887471434,0.8602074420608784,0.7360339280491371,0.6477477477477478,0.6890744797371303,0.9186588401203506,0.44385348312622147,0.3788773350881849,0.3731877066392945
s3_simulated_data_provider_withdrawal,Simulated Data Provider Withdrawal (~5%),10,retain,fine_tuned,0.29165417623921475,0.8652549936905605,0.7583003350593969,0.6407979407979408,0.6946149553571429,0.9228964796680504,0.4272673702102791,0.34789194802929574,0.377733236720087
s3_simulated_data_provider_withdrawal,Simulated Data Provider Withdrawal (~5%),10,retain,fully_retrained,0.3001333077576297,0.859591886984088,0.7480668110114445,0.6225225225225225,0.6795448159595392,0.917648056558295,0.434754193387903,0.36008809336578446,0.37358517472416375
s3_simulated_data_provider_withdrawal,Simulated Data Provider Withdrawal (~5%),10,validation,baseline,0.3010408610695784,0.8610428610428611,0.7425742574257426,0.6417569880205363,0.6884944920440637,0.9165791917656938,0.43425175211907346,0.36521914231444946,0.3692888096153216
s3_simulated_data_provider_withdrawal,Simulated Data Provider Withdrawal (~5%),10,validation,fine_tuned,0.3011968670028083,0.8645918645918645,0.760082023239918,0.6343411294922989,0.6915422885572139,0.9167218811994797,0.41772820073379313,0.3327074517730967,0.3732046338878059
s3_simulated_data_provider_withdrawal,Simulated Data Provider Withdrawal (~5%),10,validation,fully_retrained,0.3017644258832204,0.8617253617253617,0.7541208791208791,0.6263548203080433,0.6843253349953257,0.9162677111724292,0.42486714446948215,0.3419362189352324,0.36930589987593804
s3_simulated_data_provider_withdrawal,Simulated Data Provider Withdrawal (~5%),10,test,baseline,0.312553161063312,0.8560120103725946,0.7336010709504686,0.6252139189960069,0.6750846935632892,0.9096566939119795,0.44835343633836,0.395422048126605,0.372275857712718
s3_simulated_data_provider_withdrawal,Simulated Data Provider Withdrawal (~5%),10,test,fine_tuned,0.31322336111249033,0.857240343933397,0.7459986082115518,0.6115231032515688,0.6721003134796238,0.909841420039377,0.4317894583065908,0.3676928651088775,0.3768684273114415
s3_simulated_data_provider_withdrawal,Simulated Data Provider Withdrawal (~5%),10,test,fully_retrained,0.3118303372075203,0.8560120103725946,0.7450842696629213,0.6052481460353679,0.6679257160843564,0.910143019982557,0.43857387964943434,0.37028372529333786,0.3727179875857421
s4_random_10_percent,Random 10%,0,forget,baseline,0.2973020993388113,0.8645802866335186,0.75,0.6329588014981273,0.6865267433987813,0.9191029833792558,0.44148321718143013,0.3654936256266924,0.3749568466095774
s4_random_10_percent,Random 10%,0,forget,fine_tuned,0.2973020993388113,0.8645802866335186,0.75,0.6329588014981273,0.6865267433987813,0.9191029833792558,0.44148321718143013,0.3654936256266924,0.3749568466095774
s4_random_10_percent,Random 10%,0,forget,fully_retrained,0.3080960698368106,0.8596080725358292,0.7406296851574213,0.616729088639201,0.6730245231607629,0.9124077618790112,0.4346157983777865,0.35246546085862185,0.37324222381951333
s4_random_10_percent,Random 10%,0,retain,baseline,0.2991088697453498,0.8593435164120897,0.7339055793991416,0.6487804878048781,0.6887226697353279,0.9186400535980562,0.4443575929201299,0.38040703141582277,0.3728758461791131
s4_random_10_percent,Random 10%,0,retain,fine_tuned,0.2991088697453498,0.8593435164120897,0.7339055793991416,0.6487804878048781,0.6887226697353279,0.9186400535980562,0.4443575929201299,0.38040703141582277,0.3728758461791131
s4_random_10_percent,Random 10%,0,retain,fully_retrained,0.2990561396793238,0.8589210269743256,0.7351803126451014,0.6436314363143631,0.6863665920092479,0.9185870377515233,0.4362621381870564,0.36597232022026926,0.37060803307533663
s4_random_10_percent,Random 10%,0,validation,baseline,0.3010408610695784,0.8610428610428611,0.7425742574257426,0.6417569880205363,0.6884944920440637,0.9165791917656938,0.43425175211907346,0.36521914231444946,0.3692888096153216
s4_random_10_percent,Random 10%,0,validation,fine_tuned,0.3010408610695784,0.8610428610428611,0.7425742574257426,0.6417569880205363,0.6884944920440637,0.9165791917656938,0.43425175211907346,0.36521914231444946,0.3692888096153216
s4_random_10_percent,Random 10%,0,validation,fully_retrained,0.30138611367365337,0.8628173628173628,0.7460526315789474,0.6468910439247005,0.692942254812099,0.9162500029428416,0.42612927984245325,0.34691187544683755,0.366566481271524
s4_random_10_percent,Random 10%,0,test,baseline,0.312553161063312,0.8560120103725946,0.7336010709504686,0.6252139189960069,0.6750846935632892,0.9096566939119795,0.44835343633836,0.395422048126605,0.372275857712718
s4_random_10_percent,Random 10%,0,test,fine_tuned,0.312553161063312,0.8560120103725946,0.7336010709504686,0.6252139189960069,0.6750846935632892,0.9096566939119795,0.44835343633836,0.395422048126605,0.372275857712718
s4_random_10_percent,Random 10%,0,test,fully_retrained,0.3127563191239897,0.8554660843455711,0.7322623828647925,0.6240730176839704,0.6738527871881737,0.9094378881167575,0.4400846339659888,0.37876880952419306,0.37036690612677453
s4_random_10_percent,Random 10%,1,forget,baseline,0.2973020993388113,0.8645802866335186,0.75,0.6329588014981273,0.6865267433987813,0.9191029833792558,0.44148321718143013,0.3654936256266924,0.3749568466095774
s4_random_10_percent,Random 10%,1,forget,fine_tuned,0.30016325568494695,0.8639953202690845,0.7658227848101266,0.6042446941323346,0.6755059316120028,0.9174768647670167,0.4414671742214189,0.36484005411196263,0.38045014045363923
s4_random_10_percent,Random 10%,1,forget,fully_retrained,0.3080960698368106,0.8596080725358292,0.7406296851574213,0.616729088639201,0.6730245231607629,0.9124077618790112,0.4346157983777865,0.35246546085862185,0.37324222381951333
s4_random_10_percent,Random 10%,1,retain,baseline,0.2991088697453498,0.8593435164120897,0.7339055793991416,0.6487804878048781,0.6887226697353279,0.9186400535980562,0.4443575929201299,0.38040703141582277,0.3728758461791131
s4_random_10_percent,Random 10%,1,retain,fine_tuned,0.2980959649880534,0.8606434839129021,0.7507298086279598,0.6272357723577235,0.6834489886313303,0.9193132589726924,0.4449226394848553,0.3787598584122081,0.37864727348608146
s4_random_10_percent,Random 10%,1,retain,fully_retrained,0.2990561396793238,0.8589210269743256,0.7351803126451014,0.6436314363143631,0.6863665920092479,0.9185870377515233,0.4362621381870564,0.36597232022026926,0.37060803307533663
s4_random_10_percent,Random 10%,1,validation,baseline,0.3010408610695784,0.8610428610428611,0.7425742574257426,0.6417569880205363,0.6884944920440637,0.9165791917656938,0.43425175211907346,0.36521914231444946,0.3692888096153216
s4_random_10_percent,Random 10%,1,validation,fine_tuned,0.301239705701299,0.861998361998362,0.7555096418732782,0.6257843696520251,0.6845553822152887,0.9167077555596932,0.4349742898745188,0.3638689878716525,0.3752252370178362
s4_random_10_percent,Random 10%,1,validation,fully_retrained,0.30138611367365337,0.8628173628173628,0.7460526315789474,0.6468910439247005,0.692942254812099,0.9162500029428416,0.42612927984245325,0.34691187544683755,0.366566481271524
s4_random_10_percent,Random 10%,1,test,baseline,0.312553161063312,0.8560120103725946,0.7336010709504686,0.6252139189960069,0.6750846935632892,0.9096566939119795,0.44835343633836,0.395422048126605,0.372275857712718
s4_random_10_percent,Random 10%,1,test,fine_tuned,0.31238699721932833,0.8581957144806879,0.7510548523206751,0.6092413006274957,0.672755905511811,0.9099040529424057,0.44861609796544727,0.39424942244344197,0.3777509662091151
s4_random_10_percent,Random 10%,1,test,fully_retrained,0.3127563191239897,0.8554660843455711,0.7322623828647925,0.6240730176839704,0.6738527871881737,0.9094378881167575,0.4400846339659888,0.37876880952419306,0.37036690612677453
s4_random_10_percent,Random 10%,2,forget,baseline,0.2973020993388113,0.8645802866335186,0.75,0.6329588014981273,0.6865267433987813,0.9191029833792558,0.44148321718143013,0.3654936256266924,0.3749568466095774
s4_random_10_percent,Random 10%,2,forget,fine_tuned,0.30058468280806117,0.8610704884469143,0.75,0.6104868913857678,0.6730901582931865,0.9170863101795026,0.4315168870507127,0.3454814475217556,0.3752119624848657
s4_random_10_percent,Random 10%,2,forget,fully_retrained,0.3080960698368106,0.8596080725358292,0.7406296851574213,0.616729088639201,0.6730245231607629,0.9124077618790112,0.4346157983777865,0.35246546085862185,0.37324222381951333
s4_random_10_percent,Random 10%,2,retain,baseline,0.2991088697453498,0.8593435164120897,0.7339055793991416,0.6487804878048781,0.6887226697353279,0.9186400535980562,0.4443575929201299,0.38040703141582277,0.3728758461791131
s4_random_10_percent,Random 10%,2,retain,fine_tuned,0.2972298884355129,0.8608059798505038,0.7453652353034385,0.6373983739837399,0.6871667518807976,0.9196365678705953,0.43497115398206204,0.3610799045458041,0.3734358822381308
s4_random_10_percent,Random 10%,2,retain,fully_retrained,0.2990561396793238,0.8589210269743256,0.7351803126451014,0.6436314363143631,0.6863665920092479,0.9185870377515233,0.4362621381870564,0.36597232022026926,0.37060803307533663
s4_random_10_percent,Random 10%,2,validation,baseline,0.3010408610695784,0.8610428610428611,0.7425742574257426,0.6417569880205363,0.6884944920440637,0.9165791917656938,0.43425175211907346,0.36521914231444946,0.3692888096153216
s4_random_10_percent,Random 10%,2,validation,fine_tuned,0.3008614215593792,0.8639093639093639,0.7574931880108992,0.6343411294922989,0.6904687985097796,0.9167469593280864,0.4254326551449404,0.34693132087504,0.36985431767504173
s4_random_10_percent,Random 10%,2,validation,fully_retrained,0.30138611367365337,0.8628173628173628,0.7460526315789474,0.6468910439247005,0.692942254812099,0.9162500029428416,0.42612927984245325,0.34691187544683755,0.366566481271524
s4_random_10_percent,Random 10%,2,test,baseline,0.312553161063312,0.8560120103725946,0.7336010709504686,0.6252139189960069,0.6750846935632892,0.9096566939119795,0.44835343633836,0.395422048126605,0.372275857712718
s4_random_10_percent,Random 10%,2,test,fine_tuned,0.31224336339827774,0.8586051590009554,0.7457162440027416,0.6206503137478608,0.6774595267745953,0.9098332327317914,0.4390162977180832,0.3755776318016301,0.37294183755209176
s4_random_10_percent,Random 10%,2,test,fully_retrained,0.3127563191239897,0.8554660843455711,0.7322623828647925,0.6240730176839704,0.6738527871881737,0.9094378881167575,0.4400846339659888,0.37876880952419306,0.37036690612677453
s4_random_10_percent,Random 10%,3,forget,baseline,0.2973020993388113,0.8645802866335186,0.75,0.6329588014981273,0.6865267433987813,0.9191029833792558,0.44148321718143013,0.3654936256266924,0.3749568466095774
s4_random_10_percent,Random 10%,3,forget,fine_tuned,0.3025080273358825,0.8593155893536122,0.7702702702702703,0.5692883895131086,0.6547020818377602,0.916555556509291,0.4312478965670535,0.3480107523701666,0.37755019484535435
s4_random_10_percent,Random 10%,3,forget,fully_retrained,0.3080960698368106,0.8596080725358292,0.7406296851574213,0.616729088639201,0.6730245231607629,0.9124077618790112,0.4346157983777865,0.35246546085862185,0.37324222381951333
s4_random_10_percent,Random 10%,3,retain,baseline,0.2991088697453498,0.8593435164120897,0.7339055793991416,0.6487804878048781,0.6887226697353279,0.9186400535980562,0.4443575929201299,0.38040703141582277,0.3728758461791131
s4_random_10_percent,Random 10%,3,retain,fine_tuned,0.29699017988584464,0.8609034774130647,0.7655018842069202,0.6055555555555555,0.6761991224088364,0.9201991910470623,0.43502775561030343,0.3628645475600353,0.37635216478820066
s4_random_10_percent,Random 10%,3,retain,fully_retrained,0.2990561396793238,0.8589210269743256,0.7351803126451014,0.6436314363143631,0.6863665920092479,0.9185870377515233,0.4362621381870564,0.36597232022026926,0.37060803307533663
s4_random_10_percent,Random 10%,3,validation,baseline,0.3010408610695784,0.8610428610428611,0.7425742574257426,0.6417569880205363,0.6884944920440637,0.9165791917656938,0.43425175211907346,0.36521914231444946,0.3692888096153216
s4_random_10_percent,Random 10%,3,validation,fine_tuned,0.30231262514410995,0.8621348621348621,0.7709700948212983,0.602966343411295,0.6766965428937259,0.9163605002482735,0.42532357057393705,0.3498858541613573,0.37276694155095713
s4_random_10_percent,Random 10%,3,validation,fully_retrained,0.30138611367365337,0.8628173628173628,0.7460526315789474,0.6468910439247005,0.692942254812099,0.9162500029428416,0.42612927984245325,0.34691187544683755,0.366566481271524
s4_random_10_percent,Random 10%,3,test,baseline,0.312553161063312,0.8560120103725946,0.7336010709504686,0.6252139189960069,0.6750846935632892,0.9096566939119795,0.44835343633836,0.395422048126605,0.372275857712718
s4_random_10_percent,Random 10%,3,test,fine_tuned,0.3136357728490522,0.8584686774941995,0.7699849170437406,0.5824301197946378,0.6632023384215654,0.9094318499774132,0.4383022199192609,0.3762053275583198,0.3751993897257442
s4_random_10_percent,Random 10%,3,test,fully_retrained,0.3127563191239897,0.8554660843455711,0.7322623828647925,0.6240730176839704,0.6738527871881737,0.9094378881167575,0.4400846339659888,0.37876880952419306,0.37036690612677453
s4_random_10_percent,Random 10%,5,forget,baseline,0.2973020993388113,0.8645802866335186,0.75,0.6329588014981273,0.6865267433987813,0.9191029833792558,0.44148321718143013,0.3654936256266924,0.3749568466095774
s4_random_10_percent,Random 10%,5,forget,fine_tuned,0.30321448570509985,0.8596080725358292,0.7535545023696683,0.5955056179775281,0.6652719665271967,0.9158512230224061,0.434928853822178,0.3554460857097271,0.3810353839511813
s4_random_10_percent,Random 10%,5,forget,fully_retrained,0.3080960698368106,0.8596080725358292,0.7406296851574213,0.616729088639201,0.6730245231607629,0.9124077618790112,0.4346157983777865,0.35246546085862185,0.37324222381951333
s4_random_10_percent,Random 10%,5,retain,baseline,0.2991088697453498,0.8593435164120897,0.7339055793991416,0.6487804878048781,0.6887226697353279,0.9186400535980562,0.4443575929201299,0.38040703141582277,0.3728758461791131
s4_random_10_percent,Random 10%,5,retain,fine_tuned,0.29527298209555,0.8621059473513162,0.7522921023001448,0.633739837398374,0.687945870412591,0.9210328111404245,0.4382356707181486,0.3701858879766443,0.3792125881457278
s4_random_10_percent,Random 10%,5,retain,fully_retrained,0.2990561396793238,0.8589210269743256,0.7351803126451014,0.6436314363143631,0.6863665920092479,0.9185870377515233,0.4362621381870564,0.36597232022026926,0.37060803307533663
s4_random_10_percent,Random 10%,5,validation,baseline,0.3010408610695784,0.8610428610428611,0.7425742574257426,0.6417569880205363,0.6884944920440637,0.9165791917656938,0.43425175211907346,0.36521914231444946,0.3692888096153216
s4_random_10_percent,Random 10%,5,validation,fine_tuned,0.301123345223065,0.8630903630903631,0.7582644628099173,0.6280661722760981,0.6870514820592823,0.9166814491145834,0.4282968379169068,0.353742787495833,0.37536046094532854
s4_random_10_percent,Random 10%,5,validation,fully_retrained,0.30138611367365337,0.8628173628173628,0.7460526315789474,0.6468910439247005,0.692942254812099,0.9162500029428416,0.42612927984245325,0.34691187544683755,0.366566481271524
s4_random_10_percent,Random 10%,5,test,baseline,0.312553161063312,0.8560120103725946,0.7336010709504686,0.6252139189960069,0.6750846935632892,0.9096566939119795,0.44835343633836,0.395422048126605,0.372275857712718
s4_random_10_percent,Random 10%,5,test,fine_tuned,0.31310535654535965,0.8571038624266412,0.7468531468531469,0.6092413006274957,0.6710650329877474,0.909384926470814,0.4421002720609418,0.38318822011460135,0.3789312671032978
s4_random_10_percent,Random 10%,5,test,fully_retrained,0.3127563191239897,0.8554660843455711,0.7322623828647925,0.6240730176839704,0.6738527871881737,0.9094378881167575,0.4400846339659888,0.37876880952419306,0.37036690612677453
s4_random_10_percent,Random 10%,8,forget,baseline,0.2973020993388113,0.8645802866335186,0.75,0.6329588014981273,0.6865267433987813,0.9191029833792558,0.44148321718143013,0.3654936256266924,0.3749568466095774
s4_random_10_percent,Random 10%,8,forget,fine_tuned,0.30477013819246335,0.8619479379935654,0.7632,0.5955056179775281,0.6690042075736325,0.9153323910429001,0.41034938222606504,0.3047505413621633,0.3758948075547373
s4_random_10_percent,Random 10%,8,forget,fully_retrained,0.3080960698368106,0.8596080725358292,0.7406296851574213,0.616729088639201,0.6730245231607629,0.9124077618790112,0.4346157983777865,0.35246546085862185,0.37324222381951333
s4_random_10_percent,Random 10%,8,retain,baseline,0.2991088697453498,0.8593435164120897,0.7339055793991416,0.6487804878048781,0.6887226697353279,0.9186400535980562,0.4443575929201299,0.38040703141582277,0.3728758461791131
s4_random_10_percent,Random 10%,8,retain,fine_tuned,0.2932496163784586,0.863438414039649,0.7604064241232383,0.6287262872628726,0.6883251743064828,0.9221743767459052,0.4135279258179324,0.31589128207500616,0.37432837520079737
s4_random_10_percent,Random 10%,8,retain,fully_retrained,0.2990561396793238,0.8589210269743256,0.7351803126451014,0.6436314363143631,0.6863665920092479,0.9185870377515233,0.4362621381870564,0.36597232022026926,0.37060803307533663
s4_random_10_percent,Random 10%,8,validation,baseline,0.3010408610695784,0.8610428610428611,0.7425742574257426,0.6417569880205363,0.6884944920440637,0.9165791917656938,0.43425175211907346,0.36521914231444946,0.3692888096153216
s4_random_10_percent,Random 10%,8,validation,fine_tuned,0.3022189069150176,0.864045864045864,0.7674911660777385,0.6195094124358242,0.6856060606060606,0.9166599535757777,0.4029193979906796,0.300706410020918,0.3694681254188484
s4_random_10_percent,Random 10%,8,validation,fully_retrained,0.30138611367365337,0.8628173628173628,0.7460526315789474,0.6468910439247005,0.692942254812099,0.9162500029428416,0.42612927984245325,0.34691187544683755,0.366566481271524
s4_random_10_percent,Random 10%,8,test,baseline,0.312553161063312,0.8560120103725946,0.7336010709504686,0.6252139189960069,0.6750846935632892,0.9096566939119795,0.44835343633836,0.395422048126605,0.372275857712718
s4_random_10_percent,Random 10%,8,test,fine_tuned,0.31450747814162044,0.858878122014467,0.7569692637598284,0.6041072447233314,0.6719543147208121,0.9094003288432092,0.4169684942644268,0.3287404595150009,0.3737548393484625
s4_random_10_percent,Random 10%,8,test,fully_retrained,0.3127563191239897,0.8554660843455711,0.7322623828647925,0.6240730176839704,0.6738527871881737,0.9094378881167575,0.4400846339659888,0.37876880952419306,0.37036690612677453
s4_random_10_percent,Random 10%,10,forget,baseline,0.2973020993388113,0.8645802866335186,0.75,0.6329588014981273,0.6865267433987813,0.9191029833792558,0.44148321718143013,0.3654936256266924,0.3749568466095774
s4_random_10_percent,Random 10%,10,forget,fine_tuned,0.3048707063962267,0.8607780052646973,0.759170653907496,0.5942571785268415,0.6666666666666666,0.9153624337034779,0.41192352003053134,0.3077892331106123,0.3790323242042385
s4_random_10_percent,Random 10%,10,forget,fully_retrained,0.3080960698368106,0.8596080725358292,0.7406296851574213,0.616729088639201,0.6730245231607629,0.9124077618790112,0.4346157983777865,0.35246546085862185,0.37324222381951333
s4_random_10_percent,Random 10%,10,retain,baseline,0.2991088697453498,0.8593435164120897,0.7339055793991416,0.6487804878048781,0.6887226697353279,0.9186400535980562,0.4443575929201299,0.38040703141582277,0.3728758461791131
s4_random_10_percent,Random 10%,10,retain,fine_tuned,0.29168178066193945,0.8649333766655833,0.7629690048939641,0.633739837398374,0.6923760177646188,0.9231198361470576,0.4151609974020209,0.3181093951328352,0.3777525739146962
s4_random_10_percent,Random 10%,10,retain,fully_retrained,0.2990561396793238,0.8589210269743256,0.7351803126451014,0.6436314363143631,0.6863665920092479,0.9185870377515233,0.4362621381870564,0.36597232022026926,0.37060803307533663
s4_random_10_percent,Random 10%,10,validation,baseline,0.3010408610695784,0.8610428610428611,0.7425742574257426,0.6417569880205363,0.6884944920440637,0.9165791917656938,0.43425175211907346,0.36521914231444946,0.3692888096153216
s4_random_10_percent,Random 10%,10,validation,fine_tuned,0.30255091135400314,0.8645918645918645,0.7651567944250871,0.6263548203080433,0.6888331242158093,0.9164170539872741,0.4050890781492097,0.29946493454948975,0.3734270835500054
s4_random_10_percent,Random 10%,10,validation,fully_retrained,0.30138611367365337,0.8628173628173628,0.7460526315789474,0.6468910439247005,0.692942254812099,0.9162500029428416,0.42612927984245325,0.34691187544683755,0.366566481271524
s4_random_10_percent,Random 10%,10,test,baseline,0.312553161063312,0.8560120103725946,0.7336010709504686,0.6252139189960069,0.6750846935632892,0.9096566939119795,0.44835343633836,0.395422048126605,0.372275857712718
s4_random_10_percent,Random 10%,10,test,fine_tuned,0.31410402116152375,0.857240343933397,0.7526804860614725,0.6006845407872219,0.6681472081218274,0.9095711365477113,0.41898451119832475,0.3342529382993028,0.3773426499669016
s4_random_10_percent,Random 10%,10,test,fully_retrained,0.3127563191239897,0.8554660843455711,0.7322623828647925,0.6240730176839704,0.6738527871881737,0.9094378881167575,0.4400846339659888,0.37876880952419306,0.37036690612677453
s5_retention_expiry,Simulated Retention Expiry,0,forget,baseline,0.37911635474562755,0.8243509400179051,0.7258852258852259,0.6908773968622893,0.7079487942840131,0.8901571953087124,0.551749331290074,0.6210993014047371,0.35209552992117715
s5_retention_expiry,Simulated Retention Expiry,0,forget,fine_tuned,0.37911635474562755,0.8243509400179051,0.7258852258852259,0.6908773968622893,0.7079487942840131,0.8901571953087124,0.551749331290074,0.6210993014047371,0.35209552992117715
s5_retention_expiry,Simulated Retention Expiry,0,forget,fully_retrained,0.4056153778790993,0.8051924798567591,0.7205574912891987,0.600813480534573,0.6552598225602028,0.8739234495809287,0.5269402872843237,0.5682099094344868,0.35942408681382954
s5_retention_expiry,Simulated Retention Expiry,0,retain,baseline,0.2832712543158117,0.8668018458956789,0.7382236605537577,0.6356037151702786,0.683081018133422,0.923472991027488,0.4230455264452749,0.3311151497393088,0.3734419045461016
s5_retention_expiry,Simulated Retention Expiry,0,retain,fine_tuned,0.2832712543158117,0.8668018458956789,0.7382236605537577,0.6356037151702786,0.683081018133422,0.923472991027488,0.4230455264452749,0.3311151497393088,0.3734419045461016
s5_retention_expiry,Simulated Retention Expiry,0,retain,fully_retrained,0.28167828094259323,0.8683051321493498,0.7513533694231846,0.6230650154798761,0.6812219683506813,0.9244032481175843,0.4242246978995757,0.3324073155334894,0.37463260356376366
s5_retention_expiry,Simulated Retention Expiry,0,validation,baseline,0.3010408610695784,0.8610428610428611,0.7425742574257426,0.6417569880205363,0.6884944920440637,0.9165791917656938,0.43425175211907346,0.36521914231444946,0.3692888096153216
s5_retention_expiry,Simulated Retention Expiry,0,validation,fine_tuned,0.3010408610695784,0.8610428610428611,0.7425742574257426,0.6417569880205363,0.6884944920440637,0.9165791917656938,0.43425175211907346,0.36521914231444946,0.3692888096153216
s5_retention_expiry,Simulated Retention Expiry,0,validation,fully_retrained,0.3024425176312682,0.861998361998362,0.7537619699042407,0.6286366229321164,0.6855365474339036,0.9156833395960415,0.4316486744603967,0.3546843973294787,0.370389055371087
s5_retention_expiry,Simulated Retention Expiry,0,test,baseline,0.312553161063312,0.8560120103725946,0.7336010709504686,0.6252139189960069,0.6750846935632892,0.9096566939119795,0.44835343633836,0.395422048126605,0.372275857712718
s5_retention_expiry,Simulated Retention Expiry,0,test,fine_tuned,0.312553161063312,0.8560120103725946,0.7336010709504686,0.6252139189960069,0.6750846935632892,0.9096566939119795,0.44835343633836,0.395422048126605,0.372275857712718
s5_retention_expiry,Simulated Retention Expiry,0,test,fully_retrained,0.31428630834530075,0.8562849733861062,0.7475247524752475,0.602966343411295,0.6675086832964952,0.9084364780577086,0.4453216683690186,0.38462896779494615,0.3732194928278556
s5_retention_expiry,Simulated Retention Expiry,1,forget,baseline,0.37911635474562755,0.8243509400179051,0.7258852258852259,0.6908773968622893,0.7079487942840131,0.8901571953087124,0.551749331290074,0.6210993014047371,0.35209552992117715
s5_retention_expiry,Simulated Retention Expiry,1,forget,fine_tuned,0.38220798480985496,0.8204118173679499,0.7334200260078023,0.6554328878558977,0.6922368824792882,0.8880511625361056,0.5403582110692321,0.5946587953074105,0.3579978747255998
s5_retention_expiry,Simulated Retention Expiry,1,forget,fully_retrained,0.4056153778790993,0.8051924798567591,0.7205574912891987,0.600813480534573,0.6552598225602028,0.8739234495809287,0.5269402872843237,0.5682099094344868,0.35942408681382954
s5_retention_expiry,Simulated Retention Expiry,1,retain,baseline,0.2832712543158117,0.8668018458956789,0.7382236605537577,0.6356037151702786,0.683081018133422,0.923472991027488,0.4230455264452749,0.3311151497393088,0.3734419045461016
s5_retention_expiry,Simulated Retention Expiry,1,retain,fine_tuned,0.2819709731880456,0.8681652915676129,0.747105311523617,0.6292569659442725,0.6831358709352156,0.9241816336694018,0.42218048588203394,0.32375542686353864,0.3768926192674519
s5_retention_expiry,Simulated Retention Expiry,1,retain,fully_retrained,0.28167828094259323,0.8683051321493498,0.7513533694231846,0.6230650154798761,0.6812219683506813,0.9244032481175843,0.4242246978995757,0.3324073155334894,0.37463260356376366
s5_retention_expiry,Simulated Retention Expiry,1,validation,baseline,0.3010408610695784,0.8610428610428611,0.7425742574257426,0.6417569880205363,0.6884944920440637,0.9165791917656938,0.43425175211907346,0.36521914231444946,0.3692888096153216
s5_retention_expiry,Simulated Retention Expiry,1,validation,fine_tuned,0.30133890663481383,0.8626808626808626,0.7515151515151515,0.6366229321163719,0.6893143915997529,0.9164321008644379,0.4318947103699816,0.3555376251458973,0.3725540646023543
s5_retention_expiry,Simulated Retention Expiry,1,validation,fully_retrained,0.3024425176312682,0.861998361998362,0.7537619699042407,0.6286366229321164,0.6855365474339036,0.9156833395960415,0.4316486744603967,0.3546843973294787,0.370389055371087
s5_retention_expiry,Simulated Retention Expiry,1,test,baseline,0.312553161063312,0.8560120103725946,0.7336010709504686,0.6252139189960069,0.6750846935632892,0.9096566939119795,0.44835343633836,0.395422048126605,0.372275857712718
s5_retention_expiry,Simulated Retention Expiry,1,test,fine_tuned,0.31318186410560306,0.8575133069469087,0.7449896337249482,0.6149458071876782,0.67375,0.9094397302609641,0.4459601931060954,0.3867647682965071,0.375339101620962
s5_retention_expiry,Simulated Retention Expiry,1,test,fully_retrained,0.31428630834530075,0.8562849733861062,0.7475247524752475,0.602966343411295,0.6675086832964952,0.9084364780577086,0.4453216683690186,0.38462896779494615,0.3732194928278556
s5_retention_expiry,Simulated Retention Expiry,2,forget,baseline,0.37911635474562755,0.8243509400179051,0.7258852258852259,0.6908773968622893,0.7079487942840131,0.8901571953087124,0.551749331290074,0.6210993014047371,0.35209552992117715
s5_retention_expiry,Simulated Retention Expiry,2,forget,fine_tuned,0.3863508908772208,0.8177260519247985,0.7383050847457627,0.6327716443927949,0.681476846057572,0.8864002463780145,0.5181192768454465,0.554710127288172,0.3602673620142939
s5_retention_expiry,Simulated Retention Expiry,2,forget,fully_retrained,0.4056153778790993,0.8051924798567591,0.7205574912891987,0.600813480534573,0.6552598225602028,0.8739234495809287,0.5269402872843237,0.5682099094344868,0.35942408681382954
s5_retention_expiry,Simulated Retention Expiry,2,retain,baseline,0.2832712543158117,0.8668018458956789,0.7382236605537577,0.6356037151702786,0.683081018133422,0.923472991027488,0.4230455264452749,0.3311151497393088,0.3734419045461016
s5_retention_expiry,Simulated Retention Expiry,2,retain,fine_tuned,0.280812894218081,0.8694588169486785,0.7569758672699849,0.621517027863777,0.6825909554573274,0.924755725680712,0.40815917169583915,0.29394807795327255,0.37604972810660436
s5_retention_expiry,Simulated Retention Expiry,2,retain,fully_retrained,0.28167828094259323,0.8683051321493498,0.7513533694231846,0.6230650154798761,0.6812219683506813,0.9244032481175843,0.4242246978995757,0.3324073155334894,0.37463260356376366
s5_retention_expiry,Simulated Retention Expiry,2,validation,baseline,0.3010408610695784,0.8610428610428611,0.7425742574257426,0.6417569880205363,0.6884944920440637,0.9165791917656938,0.43425175211907346,0.36521914231444946,0.3692888096153216
s5_retention_expiry,Simulated Retention Expiry,2,validation,fine_tuned,0.3018708715784691,0.8628173628173628,0.7582872928176796,0.6263548203080433,0.6860356138706654,0.9163912593407073,0.4166705669994515,0.3273426312907378,0.3715697735540497
s5_retention_expiry,Simulated Retention Expiry,2,validation,fully_retrained,0.3024425176312682,0.861998361998362,0.7537619699042407,0.6286366229321164,0.6855365474339036,0.9156833395960415,0.4316486744603967,0.3546843973294787,0.370389055371087
s5_retention_expiry,Simulated Retention Expiry,2,test,baseline,0.312553161063312,0.8560120103725946,0.7336010709504686,0.6252139189960069,0.6750846935632892,0.9096566939119795,0.44835343633836,0.395422048126605,0.372275857712718
s5_retention_expiry,Simulated Retention Expiry,2,test,fine_tuned,0.3138340493414826,0.8583321959874437,0.7533664068036854,0.6063890473474044,0.6719342604298356,0.9093540705553512,0.4303174095942835,0.3547425526400406,0.37464221020423377
s5_retention_expiry,Simulated Retention Expiry,2,test,fully_retrained,0.31428630834530075,0.8562849733861062,0.7475247524752475,0.602966343411295,0.6675086832964952,0.9084364780577086,0.4453216683690186,0.38462896779494615,0.3732194928278556
s5_retention_expiry,Simulated Retention Expiry,3,forget,baseline,0.37911635474562755,0.8243509400179051,0.7258852258852259,0.6908773968622893,0.7079487942840131,0.8901571953087124,0.551749331290074,0.6210993014047371,0.35209552992117715
s5_retention_expiry,Simulated Retention Expiry,3,forget,fine_tuned,0.3887002202078662,0.8150402864816473,0.7233766233766233,0.6472980825101685,0.6832260042931616,0.8848619627473555,0.5190117616495279,0.5544867418320846,0.3637624432892989
s5_retention_expiry,Simulated Retention Expiry,3,forget,fully_retrained,0.4056153778790993,0.8051924798567591,0.7205574912891987,0.600813480534573,0.6552598225602028,0.8739234495809287,0.5269402872843237,0.5682099094344868,0.35942408681382954
s5_retention_expiry,Simulated Retention Expiry,3,retain,baseline,0.2832712543158117,0.8668018458956789,0.7382236605537577,0.6356037151702786,0.683081018133422,0.923472991027488,0.4230455264452749,0.3311151497393088,0.3734419045461016
s5_retention_expiry,Simulated Retention Expiry,3,retain,fine_tuned,0.28070832253405686,0.8693189763669417,0.7425160370634355,0.645046439628483,0.6903578528827038,0.9248685986126273,0.41125435672418986,0.2972613522089237,0.37939662414557973
s5_retention_expiry,Simulated Retention Expiry,3,retain,fully_retrained,0.28167828094259323,0.8683051321493498,0.7513533694231846,0.6230650154798761,0.6812219683506813,0.9244032481175843,0.4242246978995757,0.3324073155334894,0.37463260356376366
s5_retention_expiry,Simulated Retention Expiry,3,validation,baseline,0.3010408610695784,0.8610428610428611,0.7425742574257426,0.6417569880205363,0.6884944920440637,0.9165791917656938,0.43425175211907346,0.36521914231444946,0.3692888096153216
s5_retention_expiry,Simulated Retention Expiry,3,validation,fine_tuned,0.3026091510472806,0.8621348621348621,0.7455386649041639,0.643468339988591,0.6907532149418248,0.9159386247092857,0.4192144211657925,0.32636341271995384,0.37485473657478113
s5_retention_expiry,Simulated Retention Expiry,3,validation,fully_retrained,0.3024425176312682,0.861998361998362,0.7537619699042407,0.6286366229321164,0.6855365474339036,0.9156833395960415,0.4316486744603967,0.3546843973294787,0.370389055371087
s5_retention_expiry,Simulated Retention Expiry,3,test,baseline,0.312553161063312,0.8560120103725946,0.7336010709504686,0.6252139189960069,0.6750846935632892,0.9096566939119795,0.44835343633836,0.395422048126605,0.372275857712718
s5_retention_expiry,Simulated Retention Expiry,3,test,fine_tuned,0.3149420749829997,0.8569673809198853,0.7348434377081945,0.6292070735881347,0.6779348494161033,0.9087838245820226,0.433602268185553,0.36065949228205757,0.37820601297697504
s5_retention_expiry,Simulated Retention Expiry,3,test,fully_retrained,0.31428630834530075,0.8562849733861062,0.7475247524752475,0.602966343411295,0.6675086832964952,0.9084364780577086,0.4453216683690186,0.38462896779494615,0.3732194928278556
s5_retention_expiry,Simulated Retention Expiry,5,forget,baseline,0.37911635474562755,0.8243509400179051,0.7258852258852259,0.6908773968622893,0.7079487942840131,0.8901571953087124,0.551749331290074,0.6210993014047371,0.35209552992117715
s5_retention_expiry,Simulated Retention Expiry,5,forget,fine_tuned,0.39249922589308717,0.8146821844225605,0.7359009628610729,0.6217315514235909,0.6740157480314961,0.8830514211849001,0.5179423628307589,0.547050881261353,0.36453469650629117
s5_retention_expiry,Simulated Retention Expiry,5,forget,fully_retrained,0.4056153778790993,0.8051924798567591,0.7205574912891987,0.600813480534573,0.6552598225602028,0.8739234495809287,0.5269402872843237,0.5682099094344868,0.35942408681382954
s5_retention_expiry,Simulated Retention Expiry,5,retain,baseline,0.2832712543158117,0.8668018458956789,0.7382236605537577,0.6356037151702786,0.683081018133422,0.923472991027488,0.4230455264452749,0.3311151497393088,0.3734419045461016
s5_retention_expiry,Simulated Retention Expiry,5,retain,fine_tuned,0.27881913597173796,0.8697384981121521,0.7544676098287416,0.6273993808049536,0.6850912778904665,0.9260719415780079,0.4151277903273238,0.30647563899183705,0.37903318712985923
s5_retention_expiry,Simulated Retention Expiry,5,retain,fully_retrained,0.28167828094259323,0.8683051321493498,0.7513533694231846,0.6230650154798761,0.6812219683506813,0.9244032481175843,0.4242246978995757,0.3324073155334894,0.37463260356376366
s5_retention_expiry,Simulated Retention Expiry,5,validation,baseline,0.3010408610695784,0.8610428610428611,0.7425742574257426,0.6417569880205363,0.6884944920440637,0.9165791917656938,0.43425175211907346,0.36521914231444946,0.3692888096153216
s5_retention_expiry,Simulated Retention Expiry,5,validation,fine_tuned,0.3024459504499162,0.8628173628173628,0.7590027700831025,0.6252139189960069,0.6856427901157335,0.9158285880225425,0.4225456276365466,0.33731499449475744,0.37450644079315915
s5_retention_expiry,Simulated Retention Expiry,5,validation,fully_retrained,0.3024425176312682,0.861998361998362,0.7537619699042407,0.6286366229321164,0.6855365474339036,0.9156833395960415,0.4316486744603967,0.3546843973294787,0.370389055371087
s5_retention_expiry,Simulated Retention Expiry,5,test,baseline,0.312553161063312,0.8560120103725946,0.7336010709504686,0.6252139189960069,0.6750846935632892,0.9096566939119795,0.44835343633836,0.395422048126605,0.372275857712718
s5_retention_expiry,Simulated Retention Expiry,5,test,fine_tuned,0.3148439468680906,0.8573768254401528,0.75,0.6058185966913862,0.6702429788576838,0.9085439364697682,0.4362130943662261,0.3643565784494171,0.37744725878854424
s5_retention_expiry,Simulated Retention Expiry,5,test,fully_retrained,0.31428630834530075,0.8562849733861062,0.7475247524752475,0.602966343411295,0.6675086832964952,0.9084364780577086,0.4453216683690186,0.38462896779494615,0.3732194928278556
s5_retention_expiry,Simulated Retention Expiry,8,forget,baseline,0.37911635474562755,0.8243509400179051,0.7258852258852259,0.6908773968622893,0.7079487942840131,0.8901571953087124,0.551749331290074,0.6210993014047371,0.35209552992117715
s5_retention_expiry,Simulated Retention Expiry,8,forget,fine_tuned,0.3971624977246348,0.8118173679498657,0.738944365192582,0.6019755955839629,0.6634646173551073,0.8810151634359628,0.5117817016324123,0.5359707749032577,0.36461385017962
s5_retention_expiry,Simulated Retention Expiry,8,forget,fully_retrained,0.4056153778790993,0.8051924798567591,0.7205574912891987,0.600813480534573,0.6552598225602028,0.8739234495809287,0.5269402872843237,0.5682099094344868,0.35942408681382954
s5_retention_expiry,Simulated Retention Expiry,8,retain,baseline,0.2832712543158117,0.8668018458956789,0.7382236605537577,0.6356037151702786,0.683081018133422,0.923472991027488,0.4230455264452749,0.3311151497393088,0.3734419045461016
s5_retention_expiry,Simulated Retention Expiry,8,retain,fine_tuned,0.27712458116520794,0.871241784365823,0.7625259973529968,0.6243034055727554,0.6865265128947144,0.9270282734233791,0.4100998873017234,0.2993010941348001,0.37817825411034317
s5_retention_expiry,Simulated Retention Expiry,8,retain,fully_retrained,0.28167828094259323,0.8683051321493498,0.7513533694231846,0.6230650154798761,0.6812219683506813,0.9244032481175843,0.4242246978995757,0.3324073155334894,0.37463260356376366
s5_retention_expiry,Simulated Retention Expiry,8,validation,baseline,0.3010408610695784,0.8610428610428611,0.7425742574257426,0.6417569880205363,0.6884944920440637,0.9165791917656938,0.43425175211907346,0.36521914231444946,0.3692888096153216
s5_retention_expiry,Simulated Retention Expiry,8,validation,fine_tuned,0.3030122816567647,0.8633633633633634,0.762937062937063,0.6223616657159156,0.685516808042727,0.9157866205420171,0.4171434088460431,0.3281697953199243,0.3734118485184367
s5_retention_expiry,Simulated Retention Expiry,8,validation,fully_retrained,0.3024425176312682,0.861998361998362,0.7537619699042407,0.6286366229321164,0.6855365474339036,0.9156833395960415,0.4316486744603967,0.3546843973294787,0.370389055371087
s5_retention_expiry,Simulated Retention Expiry,8,test,baseline,0.312553161063312,0.8560120103725946,0.7336010709504686,0.6252139189960069,0.6750846935632892,0.9096566939119795,0.44835343633836,0.395422048126605,0.372275857712718
s5_retention_expiry,Simulated Retention Expiry,8,test,fine_tuned,0.3163523925994662,0.8558755288658387,0.7505391804457225,0.5955504848830576,0.6641221374045801,0.9079219057759613,0.43071995922322687,0.3562564451617298,0.3766549406339208
s5_retention_expiry,Simulated Retention Expiry,8,test,fully_retrained,0.31428630834530075,0.8562849733861062,0.7475247524752475,0.602966343411295,0.6675086832964952,0.9084364780577086,0.4453216683690186,0.38462896779494615,0.3732194928278556
s5_retention_expiry,Simulated Retention Expiry,10,forget,baseline,0.37911635474562755,0.8243509400179051,0.7258852258852259,0.6908773968622893,0.7079487942840131,0.8901571953087124,0.551749331290074,0.6210993014047371,0.35209552992117715
s5_retention_expiry,Simulated Retention Expiry,10,forget,fine_tuned,0.3976090790905937,0.8130707251566697,0.7332873880082702,0.6182452062754212,0.6708701134930644,0.8805906485829054,0.5075578717726863,0.5388288690911718,0.3627142578404718
s5_retention_expiry,Simulated Retention Expiry,10,forget,fully_retrained,0.4056153778790993,0.8051924798567591,0.7205574912891987,0.600813480534573,0.6552598225602028,0.8739234495809287,0.5269402872843237,0.5682099094344868,0.35942408681382954
s5_retention_expiry,Simulated Retention Expiry,10,retain,baseline,0.2832712543158117,0.8668018458956789,0.7382236605537577,0.6356037151702786,0.683081018133422,0.923472991027488,0.4230455264452749,0.3311151497393088,0.3734419045461016
s5_retention_expiry,Simulated Retention Expiry,10,retain,fine_tuned,0.27579358622432415,0.8723605090197175,0.7541161570472227,0.6452012383900929,0.6954200383749062,0.9278408201202598,0.40495140657342676,0.29303857193281435,0.37527106703574553
s5_retention_expiry,Simulated Retention Expiry,10,retain,fully_retrained,0.28167828094259323,0.8683051321493498,0.7513533694231846,0.6230650154798761,0.6812219683506813,0.9244032481175843,0.4242246978995757,0.3324073155334894,0.37463260356376366
s5_retention_expiry,Simulated Retention Expiry,10,validation,baseline,0.3010408610695784,0.8610428610428611,0.7425742574257426,0.6417569880205363,0.6884944920440637,0.9165791917656938,0.43425175211907346,0.36521914231444946,0.3692888096153216
s5_retention_expiry,Simulated Retention Expiry,10,validation,fine_tuned,0.3028817653607619,0.8643188643188643,0.7583390061266168,0.6354820308043354,0.691495965238982,0.9158047382104392,0.4114385337009524,0.31878967195263297,0.3702436191745525
s5_retention_expiry,Simulated Retention Expiry,10,validation,fully_retrained,0.3024425176312682,0.861998361998362,0.7537619699042407,0.6286366229321164,0.6855365474339036,0.9156833395960415,0.4316486744603967,0.3546843973294787,0.370389055371087
s5_retention_expiry,Simulated Retention Expiry,10,test,baseline,0.312553161063312,0.8560120103725946,0.7336010709504686,0.6252139189960069,0.6750846935632892,0.9096566939119795,0.44835343633836,0.395422048126605,0.372275857712718
s5_retention_expiry,Simulated Retention Expiry,10,test,fine_tuned,0.31622161591827336,0.8550566398253037,0.7391003460207612,0.6092413006274957,0.6679174484052532,0.9080902572881877,0.42578120708186223,0.35088832738028164,0.3741680438531209
s5_retention_expiry,Simulated Retention Expiry,10,test,fully_retrained,0.31428630834530075,0.8562849733861062,0.7475247524752475,0.602966343411295,0.6675086832964952,0.9084364780577086,0.4453216683690186,0.38462896779494615,0.3732194928278556
