relative_path,purpose,source_path,source_sha256,submission_copy_sha256,size_bytes,status
README.md,"Submission scope, authoritative paths and current experimental status.",,,6b44fd428f5556d365a5a93d074548b06e320c43be634ce706edc1e332d082b1,9741,UPDATED_GRADIENT_DIFFERENCE_STATUS
data/final/README.md,Authoritative final-assembly usage and integrity notes.,data/raw/KidneyTransplant/qwen_v3_2_production_001/final_assembly_001/README.md,4c95f6e019bc27b512e750aa4cc101ac0d84169f97438e51a4f9d1b50ba8fba9,4c95f6e019bc27b512e750aa4cc101ac0d84169f97438e51a4f9d1b50ba8fba9,1280,VERIFIED_COPY
data/final/classifier_feature_list.json,Authoritative classifier feature and target contract.,data/raw/KidneyTransplant/qwen_v3_2_production_001/final_assembly_001/classifier_feature_list.json,9fd5fde0ac22707a8dd9f5fe11da688aba8bca9a95b6309b3cf2abd475d9cf81,9fd5fde0ac22707a8dd9f5fe11da688aba8bca9a95b6309b3cf2abd475d9cf81,819,VERIFIED_COPY
data/final/data_dictionary.csv,"Authoritative field dictionary, provenance and units.",data/raw/KidneyTransplant/qwen_v3_2_production_001/final_assembly_001/data_dictionary.csv,34c1ed42fee63a8eb35db4513ef64feddbb40d4f6135057ea84951b31bb0a55f,34c1ed42fee63a8eb35db4513ef64feddbb40d4f6135057ea84951b31bb0a55f,10140,VERIFIED_COPY
data/final/deletion_scenario_audit.csv,Structural audit of supported deletion scenarios.,data/raw/KidneyTransplant/qwen_v3_2_production_001/final_assembly_001/deletion_scenario_audit.csv,dee9507bf26d198b6a26fd72e43b5810a90ce88a80b91a00d7567ad5ecf133ea,dee9507bf26d198b6a26fd72e43b5810a90ce88a80b91a00d7567ad5ecf133ea,7388,VERIFIED_COPY
data/final/file_hash_manifest.json,Immutable final-assembly hash manifest.,data/raw/KidneyTransplant/qwen_v3_2_production_001/final_assembly_001/file_hash_manifest.json,b6bdeb6b956af77c7325312c0d46b610304bc9caa6eecd3a75a3f1ad4595c07e,b6bdeb6b956af77c7325312c0d46b610304bc9caa6eecd3a75a3f1ad4595c07e,3579,VERIFIED_COPY
data/final/final_assembly_report.json,Final assembly completion report.,data/raw/KidneyTransplant/qwen_v3_2_production_001/final_assembly_001/final_assembly_report.json,8c46a9095d989821a53b293f1792f5354d53d7c15a460326410997c921bdd25e,8c46a9095d989821a53b293f1792f5354d53d7c15a460326410997c921bdd25e,2292,VERIFIED_COPY
data/final/final_integrity_report.json,Final cross-file and dataset integrity results.,data/raw/KidneyTransplant/qwen_v3_2_production_001/final_assembly_001/final_integrity_report.json,63a6394c4fc3835680c2403cdae7b8c785de0739ce3cf60b314f296a35b8cf3d,63a6394c4fc3835680c2403cdae7b8c785de0739ce3cf60b314f296a35b8cf3d,64393,VERIFIED_COPY
data/final/final_quality_report.json,Final dataset quality and distribution results.,data/raw/KidneyTransplant/qwen_v3_2_production_001/final_assembly_001/final_quality_report.json,00b2068c9ae2f5dd7d356a762d850a13fc9707a61656a00d66c52214bd943165,00b2068c9ae2f5dd7d356a762d850a13fc9707a61656a00d66c52214bd943165,14769,VERIFIED_COPY
data/final/final_reconciliation_report.json,Final raw-response and row reconciliation results.,data/raw/KidneyTransplant/qwen_v3_2_production_001/final_assembly_001/final_reconciliation_report.json,10d160700bdcbd5490b40951f6ab192b86779ab215dc64fd19be145fe98af4bf,10d160700bdcbd5490b40951f6ab192b86779ab215dc64fd19be145fe98af4bf,560,VERIFIED_COPY
data/final/kidney_transplant_assessments.csv,"Authoritative 60,000-row synthetic assessment dataset.",data/raw/KidneyTransplant/qwen_v3_2_production_001/final_assembly_001/kidney_transplant_assessments.csv,ec6c6265fc7ed7674c2950316efefb74546b04a817e37fd64170c076d6205600,ec6c6265fc7ed7674c2950316efefb74546b04a817e37fd64170c076d6205600,14627908,VERIFIED_COPY
data/final/kidney_transplant_identity.csv,Separate synthetic identity table for audit and deletion joins.,data/raw/KidneyTransplant/qwen_v3_2_production_001/final_assembly_001/kidney_transplant_identity.csv,f795a8310732222ad07817cf1a983514a24f9eb6604afd5b3bd9ea500ef57815,f795a8310732222ad07817cf1a983514a24f9eb6604afd5b3bd9ea500ef57815,3174187,VERIFIED_COPY
docs/data_generation/api_configuration.json,Frozen v3.2 Qwen API and generation safeguards.,data/raw/KidneyTransplant/qwen_v3_2_design/api_configuration.json,863bebc186826de71221aeb6991acf363c7136f7974387d4d8ee1e6c8a24d973,863bebc186826de71221aeb6991acf363c7136f7974387d4d8ee1e6c8a24d973,587,VERIFIED_COPY
docs/data_generation/prompt_template.txt,Exact frozen v3.2 production prompt template.,data/raw/KidneyTransplant/qwen_v3_2_design/qwen_kidney_v3_2_prompt_template.txt,6cbdec644f63e9905795e2a71d444beab79fc50f8847b6446673df049b36d747,6cbdec644f63e9905795e2a71d444beab79fc50f8847b6446673df049b36d747,4066,VERIFIED_COPY
docs/data_generation/sisa_historical_evidence/05_policy_aware_sisa_hash_reference.ipynb,Immutable policy-aware notebook before the title-only correction.,,8e2810e4bc6693f42a1933540fd5065833291620a9f90f01be7b2906d0f789dc,8e2810e4bc6693f42a1933540fd5065833291620a9f90f01be7b2906d0f789dc,438780,IMMUTABLE_POLICY_AWARE_HASH_REFERENCE
docs/data_generation/sisa_historical_evidence/05_sisa_hashed_reference.ipynb,Immutable standard hash-based SISA notebook evidence retained outside the presentation sequence.,,9938c3d3f77e914f643818565fdd5659a38d29ad4a00f2321a3f75626fdfafbd,9938c3d3f77e914f643818565fdd5659a38d29ad4a00f2321a3f75626fdfafbd,400356,IMMUTABLE_HASHED_SISA_REFERENCE
docs/data_generation/sisa_historical_evidence/05_sisa_policy_aware.html,Immutable historical policy-aware HTML export under its former name.,,1baf1099c361c1a2fef5ba4aff3405037bb9e584319a7a70d242241901e77a64,1baf1099c361c1a2fef5ba4aff3405037bb9e584319a7a70d242241901e77a64,991005,POLICY_AWARE_SISA_HISTORICAL_EVIDENCE
docs/data_generation/sisa_historical_evidence/artifacts/models_sisa_policy_aware/original/configuration.json,Immutable superseded SISA path-layout evidence.,,,4da4f69c0f001e7146ba002560b78a8a6539e86ec265c9ec49dcf39f6c1fcb1b,1720,SISA_HISTORICAL_EVIDENCE
docs/data_generation/sisa_historical_evidence/artifacts/models_sisa_policy_aware/original/ensemble_manifest.json,Immutable superseded SISA path-layout evidence.,,,ff9a06acf0d3600d880a8fa8c87df26af19cef275db15cb38448b280a78ac1f1,768,SISA_HISTORICAL_EVIDENCE
docs/data_generation/sisa_historical_evidence/artifacts/models_sisa_policy_aware/original/shard_1_slice_1.pt,Immutable superseded SISA path-layout evidence.,,,cf1cab5b9811da7c1193295fc98e0917312bc0ce752295633d40522d68633c4b,52827,SISA_HISTORICAL_EVIDENCE
docs/data_generation/sisa_historical_evidence/artifacts/models_sisa_policy_aware/original/shard_1_slice_2.pt,Immutable superseded SISA path-layout evidence.,,,eddc9cc0d6e0f48339e72aace9a8e0f29a448de80e8964eaed97a3f134559249,52827,SISA_HISTORICAL_EVIDENCE
docs/data_generation/sisa_historical_evidence/artifacts/models_sisa_policy_aware/original/shard_1_slice_3.pt,Immutable superseded SISA path-layout evidence.,,,cee0d163ce404337943bff57d76086dfdab234fecef848294742ce2ecb812f56,52827,SISA_HISTORICAL_EVIDENCE
docs/data_generation/sisa_historical_evidence/artifacts/models_sisa_policy_aware/original/shard_1_slice_4.pt,Immutable superseded SISA path-layout evidence.,,,9081fb3a7fe9256254ee671be4dcaae84296136a121e56940112c59b5bc90ca4,52827,SISA_HISTORICAL_EVIDENCE
docs/data_generation/sisa_historical_evidence/artifacts/models_sisa_policy_aware/original/shard_1_slice_5.pt,Immutable superseded SISA path-layout evidence.,,,5aa2dd27e06168e01bcaa4eeefeef9c3034d8440b9cbcc2192e6ba546bd4f81e,52827,SISA_HISTORICAL_EVIDENCE
docs/data_generation/sisa_historical_evidence/artifacts/models_sisa_policy_aware/original/shard_2_slice_1.pt,Immutable superseded SISA path-layout evidence.,,,f9593e9f6802648515e2c6f88b14e6a59463b0f0e165288207a4a766973cf977,52827,SISA_HISTORICAL_EVIDENCE
docs/data_generation/sisa_historical_evidence/artifacts/models_sisa_policy_aware/original/shard_2_slice_2.pt,Immutable superseded SISA path-layout evidence.,,,0b2218d37d7239c7576fe685379af5d6e2e21740cec5f4af416f9805d6b3fbea,52827,SISA_HISTORICAL_EVIDENCE
docs/data_generation/sisa_historical_evidence/artifacts/models_sisa_policy_aware/original/shard_2_slice_3.pt,Immutable superseded SISA path-layout evidence.,,,0263873b200eef5d26ce2a7c7085f31c08041db327c78de43674a1be3433f9e7,52827,SISA_HISTORICAL_EVIDENCE
docs/data_generation/sisa_historical_evidence/artifacts/models_sisa_policy_aware/original/shard_2_slice_4.pt,Immutable superseded SISA path-layout evidence.,,,4c6a620320d7cf491f814226607919282723589ab206f737c2739fc7b42ec402,52827,SISA_HISTORICAL_EVIDENCE
docs/data_generation/sisa_historical_evidence/artifacts/models_sisa_policy_aware/original/shard_2_slice_5.pt,Immutable superseded SISA path-layout evidence.,,,baabdf446039a934e4571d4ccbbd1adc9aed3b6c0ef8c5551706f9b38a211975,52827,SISA_HISTORICAL_EVIDENCE
docs/data_generation/sisa_historical_evidence/artifacts/models_sisa_policy_aware/original/shard_3_slice_1.pt,Immutable superseded SISA path-layout evidence.,,,d56b19d8815d60fa75005722b1f5031b34fbc1dc2de20963d90b9721f80f95bd,52827,SISA_HISTORICAL_EVIDENCE
docs/data_generation/sisa_historical_evidence/artifacts/models_sisa_policy_aware/original/shard_3_slice_2.pt,Immutable superseded SISA path-layout evidence.,,,ad9a68e218b5e0e4db640105738bcb241dab8dd5e1e79010fc3654e20c0d3ffd,52827,SISA_HISTORICAL_EVIDENCE
docs/data_generation/sisa_historical_evidence/artifacts/models_sisa_policy_aware/original/shard_3_slice_3.pt,Immutable superseded SISA path-layout evidence.,,,98da4488baaceed036ef93a59624ded43b6d1a3eaf229c78e6c10c132ebbe179,52827,SISA_HISTORICAL_EVIDENCE
docs/data_generation/sisa_historical_evidence/artifacts/models_sisa_policy_aware/original/shard_3_slice_4.pt,Immutable superseded SISA path-layout evidence.,,,c21fe55b74c15aadd13994079c0b4ab1454e649e10cd4e95cd10aecc587ff7be,52827,SISA_HISTORICAL_EVIDENCE
docs/data_generation/sisa_historical_evidence/artifacts/models_sisa_policy_aware/original/shard_3_slice_5.pt,Immutable superseded SISA path-layout evidence.,,,6aace2c398af1e15dc54b9ba97dc323a9131c2584370ec5ec5c209d59ddc7b4a,52827,SISA_HISTORICAL_EVIDENCE
docs/data_generation/sisa_historical_evidence/artifacts/models_sisa_policy_aware/original/shard_4_slice_1.pt,Immutable superseded SISA path-layout evidence.,,,332c7630ff3a8a1006ea3c23e42e9a4f8b0d1f28dcb22211b89be0a6160ac2e4,52827,SISA_HISTORICAL_EVIDENCE
docs/data_generation/sisa_historical_evidence/artifacts/models_sisa_policy_aware/original/shard_4_slice_2.pt,Immutable superseded SISA path-layout evidence.,,,4eab5ec80e7c1e7d28c2329607f06ee7e26fdf2b4ba9f3b7b77fd0c4be572488,52827,SISA_HISTORICAL_EVIDENCE
docs/data_generation/sisa_historical_evidence/artifacts/models_sisa_policy_aware/original/shard_4_slice_3.pt,Immutable superseded SISA path-layout evidence.,,,4fb03a854ca7b3c0530157f784dc42eaf086c7817f9d850f4a32d29439e1e92d,52827,SISA_HISTORICAL_EVIDENCE
docs/data_generation/sisa_historical_evidence/artifacts/models_sisa_policy_aware/original/shard_4_slice_4.pt,Immutable superseded SISA path-layout evidence.,,,a4827aa8ef30b6bc2f8147c4006aedbbe538579bb33adc0bcf380c16ee1497bf,52827,SISA_HISTORICAL_EVIDENCE
docs/data_generation/sisa_historical_evidence/artifacts/models_sisa_policy_aware/original/shard_4_slice_5.pt,Immutable superseded SISA path-layout evidence.,,,b0306edc0b42ad82c9c5a911884f4b7b87bc2ae968572c44b38fec858baf32e7,52827,SISA_HISTORICAL_EVIDENCE
docs/data_generation/sisa_historical_evidence/artifacts/models_sisa_policy_aware/original/shard_5_slice_1.pt,Immutable superseded SISA path-layout evidence.,,,a78d88a7f279b01ae4c568dc8686a6eaf23360de529ca5f7613cfe253448763b,52827,SISA_HISTORICAL_EVIDENCE
docs/data_generation/sisa_historical_evidence/artifacts/models_sisa_policy_aware/original/shard_5_slice_2.pt,Immutable superseded SISA path-layout evidence.,,,23d66d98371ac6916e6529ccbfaff8c55dfdc97fb75298fbfb5c6dfc92b231c0,52827,SISA_HISTORICAL_EVIDENCE
docs/data_generation/sisa_historical_evidence/artifacts/models_sisa_policy_aware/original/shard_5_slice_3.pt,Immutable superseded SISA path-layout evidence.,,,7f88c21959fd04acaf7674007ab48561dbeebb1fda77f9c4f2d20210f95d6ad4,52827,SISA_HISTORICAL_EVIDENCE
docs/data_generation/sisa_historical_evidence/artifacts/models_sisa_policy_aware/original/shard_5_slice_4.pt,Immutable superseded SISA path-layout evidence.,,,48d0f1536e1cf6ce18d637c76b7acd430876334d2c92102379dc77a271b4f097,52827,SISA_HISTORICAL_EVIDENCE
docs/data_generation/sisa_historical_evidence/artifacts/models_sisa_policy_aware/original/shard_5_slice_5.pt,Immutable superseded SISA path-layout evidence.,,,648481793a60090d619a81fd228bf4d03514ff932385077dddc2a78806de6a72,52827,SISA_HISTORICAL_EVIDENCE
docs/data_generation/sisa_historical_evidence/artifacts/models_sisa_policy_aware/unlearned/donor_withdrawal/configuration.json,Immutable superseded SISA path-layout evidence.,,,fb77ed0fc55003c762063ec6c8ccacf4197b65f08591f0ea500b4a122423a84d,1754,SISA_HISTORICAL_EVIDENCE
docs/data_generation/sisa_historical_evidence/artifacts/models_sisa_policy_aware/unlearned/donor_withdrawal/ensemble_manifest.json,Immutable superseded SISA path-layout evidence.,,,eb85c4e8cba77151aedcebc6096792f2a4fbc9ef8551ec215c77e2acaadf5719,828,SISA_HISTORICAL_EVIDENCE
docs/data_generation/sisa_historical_evidence/artifacts/models_sisa_policy_aware/unlearned/donor_withdrawal/shard_1_model.pt,Immutable superseded SISA path-layout evidence.,,,030d1c8492b590d27a377e7e3a481ada54b0c52311d14d37d086ca416ef6f7ad,52315,SISA_HISTORICAL_EVIDENCE
docs/data_generation/sisa_historical_evidence/artifacts/models_sisa_policy_aware/unlearned/hospital_removal/configuration.json,Immutable superseded SISA path-layout evidence.,,,82917018b3ccb2a33fef3c540aee2aa5058c03e1bc881825ecb59742af940a20,1754,SISA_HISTORICAL_EVIDENCE
docs/data_generation/sisa_historical_evidence/artifacts/models_sisa_policy_aware/unlearned/hospital_removal/ensemble_manifest.json,Immutable superseded SISA path-layout evidence.,,,d58c3886d2f577629723ef6ee38981d35ed19b13e438ca417acbafcbc7dd2b48,828,SISA_HISTORICAL_EVIDENCE
docs/data_generation/sisa_historical_evidence/artifacts/models_sisa_policy_aware/unlearned/hospital_removal/shard_1_model.pt,Immutable superseded SISA path-layout evidence.,,,d6a67e322ebd1fe674f284d28c37a947998d03a378707fd2e5c2223c7e93b320,52379,SISA_HISTORICAL_EVIDENCE
docs/data_generation/sisa_historical_evidence/artifacts/models_sisa_policy_aware/unlearned/invalid_consent/configuration.json,Immutable superseded SISA path-layout evidence.,,,6fa34a557cf3f9211f00953c71121b957f00c00751e1b0239b0e8c0d19de8fe1,1753,SISA_HISTORICAL_EVIDENCE
docs/data_generation/sisa_historical_evidence/artifacts/models_sisa_policy_aware/unlearned/invalid_consent/ensemble_manifest.json,Immutable superseded SISA path-layout evidence.,,,9ab7d3f9fd881e458f301854e256f522bd8bf58fdc7469d4faf2d1b2cae68584,858,SISA_HISTORICAL_EVIDENCE
docs/data_generation/sisa_historical_evidence/artifacts/models_sisa_policy_aware/unlearned/invalid_consent/shard_1_model.pt,Immutable superseded SISA path-layout evidence.,,,eccb4791700a04f92a78be9775fffaf6cb03f5f8729bd7fa0b8af005aef8e7de,52379,SISA_HISTORICAL_EVIDENCE
docs/data_generation/sisa_historical_evidence/artifacts/models_sisa_policy_aware/unlearned/invalid_consent/shard_3_model.pt,Immutable superseded SISA path-layout evidence.,,,ef05481662335055104e3f10f809d74fc18ebe85f68451404cd9a297f5b2774a,52379,SISA_HISTORICAL_EVIDENCE
docs/data_generation/sisa_historical_evidence/artifacts/models_sisa_policy_aware/unlearned/invalid_consent/shard_5_model.pt,Immutable superseded SISA path-layout evidence.,,,edbf6f74d0c5393c81b45644b910a69d2f50bf838421a3845d0da8ea5025c869,52379,SISA_HISTORICAL_EVIDENCE
docs/data_generation/sisa_historical_evidence/artifacts/models_sisa_policy_aware/unlearned/recipient_withdrawal/configuration.json,Immutable superseded SISA path-layout evidence.,,,d6dc15ef7868788eb2229b7154213236dcfe3f6566d6cea16d971c09c6a052a4,1758,SISA_HISTORICAL_EVIDENCE
docs/data_generation/sisa_historical_evidence/artifacts/models_sisa_policy_aware/unlearned/recipient_withdrawal/ensemble_manifest.json,Immutable superseded SISA path-layout evidence.,,,8e0f6a2bf14070e94b974a08ce22b6de682f07870a04a0844a65fe3deddc8136,836,SISA_HISTORICAL_EVIDENCE
docs/data_generation/sisa_historical_evidence/artifacts/models_sisa_policy_aware/unlearned/recipient_withdrawal/shard_1_model.pt,Immutable superseded SISA path-layout evidence.,,,388e3053b9404f2a3010b961d0adf64046cdb77eac465f8e29cff392b67b5727,52315,SISA_HISTORICAL_EVIDENCE
docs/data_generation/sisa_historical_evidence/artifacts/models_sisa_policy_aware/unlearned/retention_expiry/configuration.json,Immutable superseded SISA path-layout evidence.,,,e499c78238bdee75c95e4875fe801d5f422cd498e868c293a16eafb3c6e714db,1754,SISA_HISTORICAL_EVIDENCE
docs/data_generation/sisa_historical_evidence/artifacts/models_sisa_policy_aware/unlearned/retention_expiry/ensemble_manifest.json,Immutable superseded SISA path-layout evidence.,,,6e6d3a11eae402f5819a87eedf99f693a4c4963ebbcb79ff0f7c89e533f8dad9,862,SISA_HISTORICAL_EVIDENCE
docs/data_generation/sisa_historical_evidence/artifacts/models_sisa_policy_aware/unlearned/retention_expiry/shard_1_model.pt,Immutable superseded SISA path-layout evidence.,,,fef94ec167c81d4985399781c18e372beb1d977b636af44f5e24803643b2048b,52379,SISA_HISTORICAL_EVIDENCE
docs/data_generation/sisa_historical_evidence/artifacts/models_sisa_policy_aware/unlearned/retention_expiry/shard_3_model.pt,Immutable superseded SISA path-layout evidence.,,,b6c2e16f3fd031eca8a97634bf7d3c6d7bcadd2ffd79f91ca84673513dcb3dd1,52379,SISA_HISTORICAL_EVIDENCE
docs/data_generation/sisa_historical_evidence/artifacts/models_sisa_policy_aware/unlearned/retention_expiry/shard_4_model.pt,Immutable superseded SISA path-layout evidence.,,,23434a2da4cfbe9033b785d3cec2138daaaca7d13d277317fe4093753ce9b6d3,52379,SISA_HISTORICAL_EVIDENCE
docs/data_generation/sisa_historical_evidence/artifacts/processed_data/sisa_policy_aware/sisa_policy_aware_assignment.csv,Immutable superseded SISA path-layout evidence.,,,68a2a1cc392abc74fff3dd93ed78dfcc0b475f97cc9ee80fc8e31a93d97219fa,217164,SISA_HISTORICAL_EVIDENCE
docs/data_generation/sisa_historical_evidence/artifacts/processed_data/sisa_shard_slice_assignment.csv,Immutable superseded SISA path-layout evidence.,,,4dbd5e9ae6f96e328697ba7ccf5217c04aff7a558bcfbf24994cbabf2ed6378a,119099,SISA_HISTORICAL_EVIDENCE
docs/data_generation/sisa_historical_evidence/artifacts/results_sisa_policy_aware/assignment_design_report.json,Immutable superseded SISA path-layout evidence.,,,22cbf345ceba93d5ae1358870897cb9f4e8efca07d7eaca4af36396922b05cb7,1417,SISA_HISTORICAL_EVIDENCE
docs/data_generation/sisa_historical_evidence/artifacts/results_sisa_policy_aware/assignment_reproduction_report.json,Immutable superseded SISA path-layout evidence.,,,a9b0a172e3e5d1de4bb05bd70ea1d48d943a8e710213606f13bb2480f7d8ed42,221,SISA_HISTORICAL_EVIDENCE
docs/data_generation/sisa_historical_evidence/artifacts/results_sisa_policy_aware/assignment_validation.csv,Immutable superseded SISA path-layout evidence.,,,ad5ba35511b4fa09d8d42cc7f4d20e523aee92f696f1385cee776dec62f3958f,474,SISA_HISTORICAL_EVIDENCE
docs/data_generation/sisa_historical_evidence/artifacts/results_sisa_policy_aware/combined_tradeoff.csv,Immutable superseded SISA path-layout evidence.,,,6230e2a51287d9be56827590e3d7d0d6d3a98ad5cc0e75d321abbaa4c1bb443f,4153,SISA_HISTORICAL_EVIDENCE
docs/data_generation/sisa_historical_evidence/artifacts/results_sisa_policy_aware/composite_model_utility.csv,Immutable superseded SISA path-layout evidence.,,,992b16ef145518495620813ba193302c4f7a26cd7deef8e2c3bd4997cb15cc5e,5383,SISA_HISTORICAL_EVIDENCE
docs/data_generation/sisa_historical_evidence/artifacts/results_sisa_policy_aware/configuration.json,Immutable superseded SISA path-layout evidence.,,,4da4f69c0f001e7146ba002560b78a8a6539e86ec265c9ec49dcf39f6c1fcb1b,1720,SISA_HISTORICAL_EVIDENCE
docs/data_generation/sisa_historical_evidence/artifacts/results_sisa_policy_aware/efficiency_comparison.csv,Immutable superseded SISA path-layout evidence.,,,864434f961e319170e705784e8df302cd68e5fbe593e9e859bab46a973d9edd8,1797,SISA_HISTORICAL_EVIDENCE
docs/data_generation/sisa_historical_evidence/artifacts/results_sisa_policy_aware/ensemble_probability_reproduction.csv,Immutable superseded SISA path-layout evidence.,,,5f72b9db26fbf92f4a141fb3a7715d788badbd24d2d2808bf8696e3a141ea03b,448,SISA_HISTORICAL_EVIDENCE
docs/data_generation/sisa_historical_evidence/artifacts/results_sisa_policy_aware/figures/sisa_structure_and_training.png,Immutable superseded SISA path-layout evidence.,,,e3ab996f75069db04711d28787a575599c117f017d2cac24a51b18f2b1d24861,105958,SISA_HISTORICAL_EVIDENCE
docs/data_generation/sisa_historical_evidence/artifacts/results_sisa_policy_aware/figures/utility_vs_forget_distance.png,Immutable superseded SISA path-layout evidence.,,,ba8dec2cf79fd72a8f383de850995fba39d0a4c7800fac6a58155a67dacd3e7f,56778,SISA_HISTORICAL_EVIDENCE
docs/data_generation/sisa_historical_evidence/artifacts/results_sisa_policy_aware/forget_quality.csv,Immutable superseded SISA path-layout evidence.,,,b56fb10eb823eca173626a545603d976996d8a42296af7faddcd61bbef2cfa2f,1677,SISA_HISTORICAL_EVIDENCE
docs/data_generation/sisa_historical_evidence/artifacts/results_sisa_policy_aware/forget_set_predictions.csv,Immutable superseded SISA path-layout evidence.,,,286e61f5ea5a885ccd9256987d66a956318f0f398ac7f6eefdb5bbe22383c1a4,5641891,SISA_HISTORICAL_EVIDENCE
docs/data_generation/sisa_historical_evidence/artifacts/results_sisa_policy_aware/forgetting_comparison.csv,Immutable superseded SISA path-layout evidence.,,,9bfec04a9c6adb3f2e85fef3fb3274ff3d6b345022c7045ec8ce3b9753fca635,650,SISA_HISTORICAL_EVIDENCE
docs/data_generation/sisa_historical_evidence/artifacts/results_sisa_policy_aware/integrity_report.json,Immutable superseded SISA path-layout evidence.,,,459df4157e7b9cedb8ed7bf650392c3d3d3be20ec6ef03f2c1f7883a4e68bf80,52750,SISA_HISTORICAL_EVIDENCE
docs/data_generation/sisa_historical_evidence/artifacts/results_sisa_policy_aware/locality_comparison.csv,Immutable superseded SISA path-layout evidence.,,,6f068e86f38b3d3cc3bdac9af9266e1cea0a2d17b6b0f6d27ec81825ce603a2f,627,SISA_HISTORICAL_EVIDENCE
docs/data_generation/sisa_historical_evidence/artifacts/results_sisa_policy_aware/model_reload_verification.csv,Immutable superseded SISA path-layout evidence.,,,cb2feffff774a8d3c3ba13ffcbb9fd03017fff4f87329afdf518133d9248899a,167,SISA_HISTORICAL_EVIDENCE
docs/data_generation/sisa_historical_evidence/artifacts/results_sisa_policy_aware/original_ensemble_predictions.csv,Immutable superseded SISA path-layout evidence.,,,7fa67b6455bf3d57d6580a09e854cb6d374cbc3aeca40d8c21a6c78b11c9a441,896342,SISA_HISTORICAL_EVIDENCE
docs/data_generation/sisa_historical_evidence/artifacts/results_sisa_policy_aware/original_training_history.csv,Immutable superseded SISA path-layout evidence.,,,c9654a6693a62e599c6af70f7233765a65d2791a8fdcf997b6e9468fab2efb01,12785,SISA_HISTORICAL_EVIDENCE
docs/data_generation/sisa_historical_evidence/artifacts/results_sisa_policy_aware/original_training_summary.csv,Immutable superseded SISA path-layout evidence.,,,45f460a784b4b78dd2ca7b1ea2e3a7acb4190588547b9606208ce3d02afb547f,3836,SISA_HISTORICAL_EVIDENCE
docs/data_generation/sisa_historical_evidence/artifacts/results_sisa_policy_aware/replay_seed_audit.csv,Immutable superseded SISA path-layout evidence.,,,9cff9a69798a040912db29eeb7271854967ad57bdbcd5f759183aca5cbbe9c1a,1191,SISA_HISTORICAL_EVIDENCE
docs/data_generation/sisa_historical_evidence/artifacts/results_sisa_policy_aware/reproducibility_report.json,Immutable superseded SISA path-layout evidence.,,,942492a31cf6aba0d6da9012d661baa2790e9a3adb7ccb70a8a9af4504c57e44,346,SISA_HISTORICAL_EVIDENCE
docs/data_generation/sisa_historical_evidence/artifacts/results_sisa_policy_aware/retained_test_predictions.csv,Immutable superseded SISA path-layout evidence.,,,23da6b88ee5fe3a65875eb4ec543cff5f41bf08dd03514aa7c564783f2ddc57f,3359187,SISA_HISTORICAL_EVIDENCE
docs/data_generation/sisa_historical_evidence/artifacts/results_sisa_policy_aware/reused_shard_verification.csv,Immutable superseded SISA path-layout evidence.,,,82de4f02aa8156a82461d1049fb4abb6962f5dae081c437c054a0bd702a4e115,2621,SISA_HISTORICAL_EVIDENCE
docs/data_generation/sisa_historical_evidence/artifacts/results_sisa_policy_aware/run_summary.json,Immutable superseded SISA path-layout evidence.,,,f8f40b6bcd4f6fe2aba25ac719e322521c88a9daed87fbf342031986e1e67a63,3327,SISA_HISTORICAL_EVIDENCE
docs/data_generation/sisa_historical_evidence/artifacts/results_sisa_policy_aware/scenario_ensemble_manifest_summary.csv,Immutable superseded SISA path-layout evidence.,,,1a755414df9eddfe9676c43bc500c7e53d08b4668a021777fecebd616567ccea,178,SISA_HISTORICAL_EVIDENCE
docs/data_generation/sisa_historical_evidence/artifacts/results_sisa_policy_aware/scenario_shard_impact.csv,Immutable superseded SISA path-layout evidence.,,,9aad3a074cb5acc4b2eafdef67db241ba69ce96cd8201cc0033dd510e28f480d,1339,SISA_HISTORICAL_EVIDENCE
docs/data_generation/sisa_historical_evidence/artifacts/results_sisa_policy_aware/scenario_shard_operations.csv,Immutable superseded SISA path-layout evidence.,,,34808eeb35bd8b0e93607a94b47d3bf4d740f1c77a76451414905d2bd9c64fa5,2549,SISA_HISTORICAL_EVIDENCE
docs/data_generation/sisa_historical_evidence/artifacts/results_sisa_policy_aware/selective_retraining_history.csv,Immutable superseded SISA path-layout evidence.,,,ef1a8ceba878e4b3721a0d68831f26b15ebf2a8fe8a0fef111907458906dece3,27849,SISA_HISTORICAL_EVIDENCE
docs/data_generation/sisa_historical_evidence/artifacts/results_sisa_policy_aware/selective_retraining_summary.csv,Immutable superseded SISA path-layout evidence.,,,24f3f798c03f0a6400e5bfe5bf8ec98765ba0e8bb7c863877fb56ddc3f87b967,1753,SISA_HISTORICAL_EVIDENCE
docs/data_generation/sisa_historical_evidence/artifacts/results_sisa_policy_aware/shard_composition.csv,Immutable superseded SISA path-layout evidence.,,,a14d70fe3b6285fe66187fefdf7e4e2bd09fd809586b61e700523a5646239623,2487,SISA_HISTORICAL_EVIDENCE
docs/data_generation/sisa_historical_evidence/artifacts/results_sisa_policy_aware/shard_probability_fingerprints.csv,Immutable superseded SISA path-layout evidence.,,,513afbb6b896407e21425d300047def6068b138494ca126e96f510a00e10e909,11877,SISA_HISTORICAL_EVIDENCE
docs/data_generation/sisa_historical_evidence/artifacts/results_sisa_policy_aware/shard_summary.csv,Immutable superseded SISA path-layout evidence.,,,2b8533500b57c3d61ac4d9c026ac342aec5e5f3f6f49063f2d0ce2bf15ea8c63,372,SISA_HISTORICAL_EVIDENCE
docs/data_generation/sisa_historical_evidence/artifacts/results_sisa_policy_aware/slice_optimisation.csv,Immutable superseded SISA path-layout evidence.,,,f0b1570b3a1d7361c667598ff683503745666e6ebef78297804139cb51ac698c,88,SISA_HISTORICAL_EVIDENCE
docs/data_generation/sisa_historical_evidence/artifacts/results_sisa_policy_aware/slice_summary.csv,Immutable superseded SISA path-layout evidence.,,,ddadff25b51fddb49a33f77eb4c10c864ef5adb37f02f4faf9230672c2d8f494,1015,SISA_HISTORICAL_EVIDENCE
docs/data_generation/sisa_historical_evidence/artifacts/results_sisa_policy_aware/structural_preflight_report.csv,Immutable superseded SISA path-layout evidence.,,,348877d2e6d4cf6b24f9e3185a14783380d3e9146efbe91624ff305bd7a39413,415,SISA_HISTORICAL_EVIDENCE
docs/data_generation/sisa_historical_evidence/artifacts/results_sisa_policy_aware/truth_ratio_reproduction_diagnostic.csv,Immutable superseded SISA path-layout evidence.,,,6d18899c563f9997afb485fc564cbf8f1bf029a8b479451d100c2db0774e096b,98,SISA_HISTORICAL_EVIDENCE
docs/data_generation/sisa_historical_evidence/artifacts/results_sisa_policy_aware/truth_ratio_summary.csv,Immutable superseded SISA path-layout evidence.,,,def83223538850d00debb4c4f3adb812141e4bcd98997d4a189ef2e93d3783e6,6211,SISA_HISTORICAL_EVIDENCE
docs/data_generation/sisa_historical_evidence/artifacts/results_sisa_policy_aware/truth_ratio_values.csv,Immutable superseded SISA path-layout evidence.,,,02b9f05d9d9c2d2fcb1219de9a1827d6d234b34b3985336ec78d411f0b09cc53,14502172,SISA_HISTORICAL_EVIDENCE
docs/data_generation/sisa_historical_evidence/artifacts/results_sisa_policy_aware/utility_deltas.csv,Immutable superseded SISA path-layout evidence.,,,5121cd6b6a563c80e76c42c124f71b54224b4cd34ad70250316a4e978497a0f0,6664,SISA_HISTORICAL_EVIDENCE
docs/data_generation/sisa_historical_evidence/artifacts/results_sisa_policy_aware/utility_metric_reproduction.csv,Immutable superseded SISA path-layout evidence.,,,f13afe62cef668b6934b2a0ee463ce8356c56585a4d30f75625b91c0c4dbe714,19922,SISA_HISTORICAL_EVIDENCE
docs/data_generation/sisa_historical_evidence/artifacts/results_sisa_policy_aware/utility_metrics.csv,Immutable superseded SISA path-layout evidence.,,,e1d927ef7e51c01d8edd73f0bfe9a812d2492761e3451a927653ad846813fc3d,11575,SISA_HISTORICAL_EVIDENCE
docs/data_generation/sisa_historical_evidence/artifacts/standard_models/original/configuration.json,Immutable superseded SISA path-layout evidence.,,,6d65085f2620a1bedc9cc3b3acef9d3f1e9effb6792e1bb21f9d3f6dbde4ebdb,1330,SISA_HISTORICAL_EVIDENCE
docs/data_generation/sisa_historical_evidence/artifacts/standard_models/original/ensemble_manifest.json,Immutable superseded SISA path-layout evidence.,,,05c32c06b96e0b4a4ac5458fdeb693f3bf1ece1479894d4b68d5a01059a7f9b4,703,SISA_HISTORICAL_EVIDENCE
docs/data_generation/sisa_historical_evidence/artifacts/standard_models/original/shard_1_slice_1.pt,Immutable superseded SISA path-layout evidence.,,,1588904bf13ba0b2b3bfc07ff3522d8cc2f0fdb501e8ed997b2afeda28ce091a,52430,SISA_HISTORICAL_EVIDENCE
docs/data_generation/sisa_historical_evidence/artifacts/standard_models/original/shard_1_slice_2.pt,Immutable superseded SISA path-layout evidence.,,,130642ca2b232ab7e8558d2fa58d8ae56862f5abc62016fb9b68f5ab679c5a41,52430,SISA_HISTORICAL_EVIDENCE
docs/data_generation/sisa_historical_evidence/artifacts/standard_models/original/shard_1_slice_3.pt,Immutable superseded SISA path-layout evidence.,,,2d235e4a8d7971e04dd938e3365478b6b7e6fd2da54e22d34f6b498afca2de71,52430,SISA_HISTORICAL_EVIDENCE
docs/data_generation/sisa_historical_evidence/artifacts/standard_models/original/shard_1_slice_4.pt,Immutable superseded SISA path-layout evidence.,,,b78a9b5d93b6304ae54da0afef68cba6893dc6c52b295f73c99901c1c2cb8a1f,52430,SISA_HISTORICAL_EVIDENCE
docs/data_generation/sisa_historical_evidence/artifacts/standard_models/original/shard_1_slice_5.pt,Immutable superseded SISA path-layout evidence.,,,bbb92692aa99618e868fd95ce23b45fe231cd1fbf326032195d9d3c6f56e05a5,52430,SISA_HISTORICAL_EVIDENCE
docs/data_generation/sisa_historical_evidence/artifacts/standard_models/original/shard_2_slice_1.pt,Immutable superseded SISA path-layout evidence.,,,3c211d088f1ff3d9ac13a4ddc0627d7329e505d92b26c07babd06aa5e6939297,52430,SISA_HISTORICAL_EVIDENCE
docs/data_generation/sisa_historical_evidence/artifacts/standard_models/original/shard_2_slice_2.pt,Immutable superseded SISA path-layout evidence.,,,835313fe115043e44028b0b43e9e2d73374a5511cb629aae7b6c480ddd502f7e,52430,SISA_HISTORICAL_EVIDENCE
docs/data_generation/sisa_historical_evidence/artifacts/standard_models/original/shard_2_slice_3.pt,Immutable superseded SISA path-layout evidence.,,,a80d1252885630bbceecaccbd21379ffdd1aebeccdd02099b7c4dc101cb18e28,52430,SISA_HISTORICAL_EVIDENCE
docs/data_generation/sisa_historical_evidence/artifacts/standard_models/original/shard_2_slice_4.pt,Immutable superseded SISA path-layout evidence.,,,1a3a8b15710c4fce318a548f334323a05f7d96ed1e8806214fe33c636337624f,52430,SISA_HISTORICAL_EVIDENCE
docs/data_generation/sisa_historical_evidence/artifacts/standard_models/original/shard_2_slice_5.pt,Immutable superseded SISA path-layout evidence.,,,0f47ae28eede87db1d8468a68ba37ec0a70539332e153b582e061551d0eb7dee,52430,SISA_HISTORICAL_EVIDENCE
docs/data_generation/sisa_historical_evidence/artifacts/standard_models/original/shard_3_slice_1.pt,Immutable superseded SISA path-layout evidence.,,,320c8b27c92d325e2aadfa757366223ea71c1294ab82af645499df14a58fde1e,52430,SISA_HISTORICAL_EVIDENCE
docs/data_generation/sisa_historical_evidence/artifacts/standard_models/original/shard_3_slice_2.pt,Immutable superseded SISA path-layout evidence.,,,572b4e8b79ff4bd5770203610d8386d05ed6936c6bc3974c3cd4162b92aeddca,52430,SISA_HISTORICAL_EVIDENCE
docs/data_generation/sisa_historical_evidence/artifacts/standard_models/original/shard_3_slice_3.pt,Immutable superseded SISA path-layout evidence.,,,211fe44a6b3b569c3b371445cb42283a4fab589ce3907d44af1742ebcfca6253,52430,SISA_HISTORICAL_EVIDENCE
docs/data_generation/sisa_historical_evidence/artifacts/standard_models/original/shard_3_slice_4.pt,Immutable superseded SISA path-layout evidence.,,,d44389334b72980256292e3372f532dd35de60ebf48b5e09128f494b414e0edc,52430,SISA_HISTORICAL_EVIDENCE
docs/data_generation/sisa_historical_evidence/artifacts/standard_models/original/shard_3_slice_5.pt,Immutable superseded SISA path-layout evidence.,,,ca3eb1db7edc6966bfdead4dac0a3e3efdc7c88ef8d8091f95a24b21b6e3685d,52430,SISA_HISTORICAL_EVIDENCE
docs/data_generation/sisa_historical_evidence/artifacts/standard_models/original/shard_4_slice_1.pt,Immutable superseded SISA path-layout evidence.,,,9912debf554159cd93a0439f60a5735497303f552a5323f26213458f0c786cc4,52430,SISA_HISTORICAL_EVIDENCE
docs/data_generation/sisa_historical_evidence/artifacts/standard_models/original/shard_4_slice_2.pt,Immutable superseded SISA path-layout evidence.,,,16ef8856058814b122124d1e5a2800174fec871048af44381f3267d41fa3f410,52430,SISA_HISTORICAL_EVIDENCE
docs/data_generation/sisa_historical_evidence/artifacts/standard_models/original/shard_4_slice_3.pt,Immutable superseded SISA path-layout evidence.,,,a3f20ecd5532aaae2db37c6468e20f7f13cd6c05def1854ac27b2716bc1e4ca8,52430,SISA_HISTORICAL_EVIDENCE
docs/data_generation/sisa_historical_evidence/artifacts/standard_models/original/shard_4_slice_4.pt,Immutable superseded SISA path-layout evidence.,,,6446a0c7f317e1ce2f6e6a283fc9b925c756f32d3877e30c77eec6f0c0d36824,52430,SISA_HISTORICAL_EVIDENCE
docs/data_generation/sisa_historical_evidence/artifacts/standard_models/original/shard_4_slice_5.pt,Immutable superseded SISA path-layout evidence.,,,c0a43c5d10d89f9f4a923659a74249288bce049f944ea705596b58be6a41ef34,52430,SISA_HISTORICAL_EVIDENCE
docs/data_generation/sisa_historical_evidence/artifacts/standard_models/original/shard_5_slice_1.pt,Immutable superseded SISA path-layout evidence.,,,18799e9afa9704495158293f7b5be8bf08d91311ee43c01670374a59bc344347,52430,SISA_HISTORICAL_EVIDENCE
docs/data_generation/sisa_historical_evidence/artifacts/standard_models/original/shard_5_slice_2.pt,Immutable superseded SISA path-layout evidence.,,,6eadec059eb4265c282b58bc41565da4edfe2d5b7afa1e66302403ca89019cbc,52430,SISA_HISTORICAL_EVIDENCE
docs/data_generation/sisa_historical_evidence/artifacts/standard_models/original/shard_5_slice_3.pt,Immutable superseded SISA path-layout evidence.,,,39fdb9f031157e8d717cdb6a467a7ae1e760dfb75491515ba30568fee5eca986,52430,SISA_HISTORICAL_EVIDENCE
docs/data_generation/sisa_historical_evidence/artifacts/standard_models/original/shard_5_slice_4.pt,Immutable superseded SISA path-layout evidence.,,,e3dc4b6abc7f941b7b83fd11952069a882be0b052d3f614ea4924b6613e627a8,52430,SISA_HISTORICAL_EVIDENCE
docs/data_generation/sisa_historical_evidence/artifacts/standard_models/original/shard_5_slice_5.pt,Immutable superseded SISA path-layout evidence.,,,a50b2385ccd6a7263035f141e63a83a892b21e55f40512a9df327dba3734f5bb,52430,SISA_HISTORICAL_EVIDENCE
docs/data_generation/sisa_historical_evidence/artifacts/standard_models/unlearned/donor_withdrawal/configuration.json,Immutable superseded SISA path-layout evidence.,,,fc848f3828e394e93196ab8adb6aad78b31731825c0b083c3936ebd10338b81b,1364,SISA_HISTORICAL_EVIDENCE
docs/data_generation/sisa_historical_evidence/artifacts/standard_models/unlearned/donor_withdrawal/ensemble_manifest.json,Immutable superseded SISA path-layout evidence.,,,7aff00c4f1fa1bc4845dd97b7ec27541d97cf83e044b9aedcc600d8d9b97f935,831,SISA_HISTORICAL_EVIDENCE
docs/data_generation/sisa_historical_evidence/artifacts/standard_models/unlearned/donor_withdrawal/shard_1_model.pt,Immutable superseded SISA path-layout evidence.,,,da2030761d030abf413be946ba794586e8f64979298efbcc74b485f1144004cc,51982,SISA_HISTORICAL_EVIDENCE
docs/data_generation/sisa_historical_evidence/artifacts/standard_models/unlearned/donor_withdrawal/shard_2_model.pt,Immutable superseded SISA path-layout evidence.,,,9caa240c1c74f8e8063a75f5be42e923a9147249e92507f2e9e709017e15c052,51982,SISA_HISTORICAL_EVIDENCE
docs/data_generation/sisa_historical_evidence/artifacts/standard_models/unlearned/donor_withdrawal/shard_3_model.pt,Immutable superseded SISA path-layout evidence.,,,b7257e6a02365fdd2605584ca76934c1a641716c9eceac94895b8343a3fbe4e6,51982,SISA_HISTORICAL_EVIDENCE
docs/data_generation/sisa_historical_evidence/artifacts/standard_models/unlearned/donor_withdrawal/shard_4_model.pt,Immutable superseded SISA path-layout evidence.,,,ceaafd9dc3bb6b5a35e6c7da65e5a9292482e8139ad1dbb02c640eb7ea314108,51982,SISA_HISTORICAL_EVIDENCE
docs/data_generation/sisa_historical_evidence/artifacts/standard_models/unlearned/donor_withdrawal/shard_5_model.pt,Immutable superseded SISA path-layout evidence.,,,d409846ab3f94b1e9f23defbaa03a2927be3412725b3e2cc3993ff9cd0c742f1,51982,SISA_HISTORICAL_EVIDENCE
docs/data_generation/sisa_historical_evidence/artifacts/standard_models/unlearned/hospital_removal/configuration.json,Immutable superseded SISA path-layout evidence.,,,e8c143f1eee316fb81eb2853e88bc6182c6c9d79f6ea29ade8fed471b13e3231,1364,SISA_HISTORICAL_EVIDENCE
docs/data_generation/sisa_historical_evidence/artifacts/standard_models/unlearned/hospital_removal/ensemble_manifest.json,Immutable superseded SISA path-layout evidence.,,,740ee4234c3a5d37c0f8c812b01177a528b9cb35a361708edd1b7519affe44e8,831,SISA_HISTORICAL_EVIDENCE
docs/data_generation/sisa_historical_evidence/artifacts/standard_models/unlearned/hospital_removal/shard_1_model.pt,Immutable superseded SISA path-layout evidence.,,,e66b962a76d9e2d28d948b66faa0ef9cec39758fc8c6368b854505ba1d270e31,51982,SISA_HISTORICAL_EVIDENCE
docs/data_generation/sisa_historical_evidence/artifacts/standard_models/unlearned/hospital_removal/shard_2_model.pt,Immutable superseded SISA path-layout evidence.,,,6f8529093d172bd76d931e5db2b1ad28efe1dc0d6027571225a3c326a390141b,51982,SISA_HISTORICAL_EVIDENCE
docs/data_generation/sisa_historical_evidence/artifacts/standard_models/unlearned/hospital_removal/shard_3_model.pt,Immutable superseded SISA path-layout evidence.,,,4b0180820917e49df6a4ca8641f5c9db972cc6e70d268b0369bb33390b0403a5,51982,SISA_HISTORICAL_EVIDENCE
docs/data_generation/sisa_historical_evidence/artifacts/standard_models/unlearned/hospital_removal/shard_4_model.pt,Immutable superseded SISA path-layout evidence.,,,9710600d34b2c949a42cb995a2bce568755e117de08336e804313ac817b431e1,51982,SISA_HISTORICAL_EVIDENCE
docs/data_generation/sisa_historical_evidence/artifacts/standard_models/unlearned/hospital_removal/shard_5_model.pt,Immutable superseded SISA path-layout evidence.,,,b81d06aa0ab935ca66a8cb76e301e6030735b3d8e0a848c4684d7b6a788543e4,51982,SISA_HISTORICAL_EVIDENCE
docs/data_generation/sisa_historical_evidence/artifacts/standard_models/unlearned/invalid_consent/configuration.json,Immutable superseded SISA path-layout evidence.,,,f7fc0e80aa5abf850418977f6f5e44bc5b6356ee8a3f1fe34a6bf8397b948b14,1363,SISA_HISTORICAL_EVIDENCE
docs/data_generation/sisa_historical_evidence/artifacts/standard_models/unlearned/invalid_consent/ensemble_manifest.json,Immutable superseded SISA path-layout evidence.,,,2a4b889ffbaaa0db66135781f80794edf4984eb0cb6e1228a49c085bea6ef826,825,SISA_HISTORICAL_EVIDENCE
docs/data_generation/sisa_historical_evidence/artifacts/standard_models/unlearned/invalid_consent/shard_1_model.pt,Immutable superseded SISA path-layout evidence.,,,20803af20d577916e11352352c8a7560ba617bbb6dd2301b40ddba597d90d61b,51982,SISA_HISTORICAL_EVIDENCE
docs/data_generation/sisa_historical_evidence/artifacts/standard_models/unlearned/invalid_consent/shard_2_model.pt,Immutable superseded SISA path-layout evidence.,,,5d7b19cc3c637ddca1773446d06c8ecd7788c6c62d3f3623d1099dcdb59fbf87,51982,SISA_HISTORICAL_EVIDENCE
docs/data_generation/sisa_historical_evidence/artifacts/standard_models/unlearned/invalid_consent/shard_3_model.pt,Immutable superseded SISA path-layout evidence.,,,014fd01b337e7d5372f76b9c4ff070fb7cf44a67299387a20f6a3b0bdd81d4cd,51982,SISA_HISTORICAL_EVIDENCE
docs/data_generation/sisa_historical_evidence/artifacts/standard_models/unlearned/invalid_consent/shard_4_model.pt,Immutable superseded SISA path-layout evidence.,,,2fa8be38010edc79ce931a7dc83e44814a4cfaa6ca60e337aa556f9b9b9eb90a,51982,SISA_HISTORICAL_EVIDENCE
docs/data_generation/sisa_historical_evidence/artifacts/standard_models/unlearned/invalid_consent/shard_5_model.pt,Immutable superseded SISA path-layout evidence.,,,2c66894913c55d99eaed9ffa5444d50595ed50827792d013a1b844ce555afd8e,51982,SISA_HISTORICAL_EVIDENCE
docs/data_generation/sisa_historical_evidence/artifacts/standard_models/unlearned/recipient_withdrawal/configuration.json,Immutable superseded SISA path-layout evidence.,,,cee1de8cfcf9c961eb1322af6a2b8a30ee20c556414ba88bdaca19bf3f17903c,1368,SISA_HISTORICAL_EVIDENCE
docs/data_generation/sisa_historical_evidence/artifacts/standard_models/unlearned/recipient_withdrawal/ensemble_manifest.json,Immutable superseded SISA path-layout evidence.,,,6327358259f88ee94f7c3af12d5e04b938b50cfff333665d1317acddce35cb97,855,SISA_HISTORICAL_EVIDENCE
docs/data_generation/sisa_historical_evidence/artifacts/standard_models/unlearned/recipient_withdrawal/shard_1_model.pt,Immutable superseded SISA path-layout evidence.,,,8f60366585ea4a5a4a4b17acec377b6bb8f8572bd6ad8b96ad5949551f74859a,51982,SISA_HISTORICAL_EVIDENCE
docs/data_generation/sisa_historical_evidence/artifacts/standard_models/unlearned/recipient_withdrawal/shard_2_model.pt,Immutable superseded SISA path-layout evidence.,,,5c37c4c71594226780155f0fb13f7aeb0a9d5bb6f032a8db2b3499a54a74864f,51982,SISA_HISTORICAL_EVIDENCE
docs/data_generation/sisa_historical_evidence/artifacts/standard_models/unlearned/recipient_withdrawal/shard_3_model.pt,Immutable superseded SISA path-layout evidence.,,,cf95e75db265a555bca1f38c49d69b9cdfea9f6c367e40c13ac4b66683d6db38,52046,SISA_HISTORICAL_EVIDENCE
docs/data_generation/sisa_historical_evidence/artifacts/standard_models/unlearned/recipient_withdrawal/shard_4_model.pt,Immutable superseded SISA path-layout evidence.,,,f9036eb4656b29ea1e8b0ac19ab75bbb9d30832ca73cb6ef090c84e3e61c0662,51982,SISA_HISTORICAL_EVIDENCE
docs/data_generation/sisa_historical_evidence/artifacts/standard_models/unlearned/recipient_withdrawal/shard_5_model.pt,Immutable superseded SISA path-layout evidence.,,,0d8bdcf4cbf5444a3c200afec5b428be555881ec9a1e98fe75b04f21eb912893,52046,SISA_HISTORICAL_EVIDENCE
docs/data_generation/sisa_historical_evidence/artifacts/standard_models/unlearned/retention_expiry/configuration.json,Immutable superseded SISA path-layout evidence.,,,84269524d9620b1966fffd6ee9643d016037809288e9a623f4d1f1a025014c38,1364,SISA_HISTORICAL_EVIDENCE
docs/data_generation/sisa_historical_evidence/artifacts/standard_models/unlearned/retention_expiry/ensemble_manifest.json,Immutable superseded SISA path-layout evidence.,,,f3fba020fb8df698ba49ab9319331df2b6c10d93d66332d87f4cff20d5b72acb,831,SISA_HISTORICAL_EVIDENCE
docs/data_generation/sisa_historical_evidence/artifacts/standard_models/unlearned/retention_expiry/shard_1_model.pt,Immutable superseded SISA path-layout evidence.,,,bbddd970e47c88a42c1b1731b7c7acbeda2a69c5dc102f9af09f4d8df43deb41,51982,SISA_HISTORICAL_EVIDENCE
docs/data_generation/sisa_historical_evidence/artifacts/standard_models/unlearned/retention_expiry/shard_2_model.pt,Immutable superseded SISA path-layout evidence.,,,16dd909291444e6b1cf49faf341bc111dc5a37088db8d194938d1148cb45d1b6,51982,SISA_HISTORICAL_EVIDENCE
docs/data_generation/sisa_historical_evidence/artifacts/standard_models/unlearned/retention_expiry/shard_3_model.pt,Immutable superseded SISA path-layout evidence.,,,766554f9230d075aa64ca6a0c77197ac0a1503a379d620b080c2206089549049,51982,SISA_HISTORICAL_EVIDENCE
docs/data_generation/sisa_historical_evidence/artifacts/standard_models/unlearned/retention_expiry/shard_4_model.pt,Immutable superseded SISA path-layout evidence.,,,3715736633559b0c5d94abca52a52b8be3f49ab3c12bf9179d3801660c35ffdf,51982,SISA_HISTORICAL_EVIDENCE
docs/data_generation/sisa_historical_evidence/artifacts/standard_models/unlearned/retention_expiry/shard_5_model.pt,Immutable superseded SISA path-layout evidence.,,,ad07b1a8a62af111ffd1de01decf7224f80a53966c8de8c4aa1b70460c0a876a,51982,SISA_HISTORICAL_EVIDENCE
docs/data_generation/sisa_historical_evidence/artifacts/standard_results/artifact_integrity_report.json,Immutable superseded SISA path-layout evidence.,,,2d1a24652743bf9ffbdf0367076107a13174611891099efb7c7882296d34643a,29198,SISA_HISTORICAL_EVIDENCE
docs/data_generation/sisa_historical_evidence/artifacts/standard_results/assignment_reproduction_report.json,Immutable superseded SISA path-layout evidence.,,,c0bf060cf525bcd58adc251492b848d1d4c28fbe98ba6ac8099504d2b921d2dd,180,SISA_HISTORICAL_EVIDENCE
docs/data_generation/sisa_historical_evidence/artifacts/standard_results/assignment_validation.csv,Immutable superseded SISA path-layout evidence.,,,498bb0bc15207b2742066a02f854758dbc448f0b7ca180d9d1b14d8c9ea48613,321,SISA_HISTORICAL_EVIDENCE
docs/data_generation/sisa_historical_evidence/artifacts/standard_results/combined_tradeoff.csv,Immutable superseded SISA path-layout evidence.,,,3645f9770a664bb6f892e184730bbb7249706b7310a749d0060ed61d5865c72d,3689,SISA_HISTORICAL_EVIDENCE
docs/data_generation/sisa_historical_evidence/artifacts/standard_results/composite_model_utility.csv,Immutable superseded SISA path-layout evidence.,,,c18316f15859a60def9d12bfe1db0740881f84f64ba6fe8276694c122ed86953,4582,SISA_HISTORICAL_EVIDENCE
docs/data_generation/sisa_historical_evidence/artifacts/standard_results/delete_first_verification.csv,Immutable superseded SISA path-layout evidence.,,,632e553c48c4568c15bf6e07982969efb231de286e704ff37195f65eb576170c,392,SISA_HISTORICAL_EVIDENCE
docs/data_generation/sisa_historical_evidence/artifacts/standard_results/efficiency_comparison.csv,Immutable superseded SISA path-layout evidence.,,,aa09820534bc5d93841076474c016e86b6910e4c944f6c76c28480e03bcff26d,1368,SISA_HISTORICAL_EVIDENCE
docs/data_generation/sisa_historical_evidence/artifacts/standard_results/ensemble_probability_reproduction.csv,Immutable superseded SISA path-layout evidence.,,,5f72b9db26fbf92f4a141fb3a7715d788badbd24d2d2808bf8696e3a141ea03b,448,SISA_HISTORICAL_EVIDENCE
docs/data_generation/sisa_historical_evidence/artifacts/standard_results/figures/sisa_structure_and_training.png,Immutable superseded SISA path-layout evidence.,,,e6be171b390b45c68c92add222848b21ab3a72bcb4b554568928775ed90045e9,126123,SISA_HISTORICAL_EVIDENCE
docs/data_generation/sisa_historical_evidence/artifacts/standard_results/figures/utility_vs_forget_distance.png,Immutable superseded SISA path-layout evidence.,,,9343496233e74da50fdcfbac7987fdc584c5055f561ab6ebd9078c508c2de1cd,56984,SISA_HISTORICAL_EVIDENCE
docs/data_generation/sisa_historical_evidence/artifacts/standard_results/forget_quality.csv,Immutable superseded SISA path-layout evidence.,,,50a9421fe7d7baad33dccd6d47170ffad55fbcd4bd7ce5bb62b94515a06740b4,1680,SISA_HISTORICAL_EVIDENCE
docs/data_generation/sisa_historical_evidence/artifacts/standard_results/forget_set_predictions.csv,Immutable superseded SISA path-layout evidence.,,,6460ee1869d83f98e1541447885b2d768edb4107533966118ab15ee1b6b6c574,4930032,SISA_HISTORICAL_EVIDENCE
docs/data_generation/sisa_historical_evidence/artifacts/standard_results/model_reload_verification.csv,Immutable superseded SISA path-layout evidence.,,,cb2feffff774a8d3c3ba13ffcbb9fd03017fff4f87329afdf518133d9248899a,167,SISA_HISTORICAL_EVIDENCE
docs/data_generation/sisa_historical_evidence/artifacts/standard_results/original_ensemble_predictions.csv,Immutable superseded SISA path-layout evidence.,,,49daa6b52cfda5768d7370bd43231839303861ddf92dc1861b8ba3c767cde3c6,896274,SISA_HISTORICAL_EVIDENCE
docs/data_generation/sisa_historical_evidence/artifacts/standard_results/original_training_history.csv,Immutable superseded SISA path-layout evidence.,,,f6a71448d6e3d5297f8ea59c4d7fb8085443ee8729613f0a5df01a1ccec7fa61,13431,SISA_HISTORICAL_EVIDENCE
docs/data_generation/sisa_historical_evidence/artifacts/standard_results/original_training_summary.csv,Immutable superseded SISA path-layout evidence.,,,22fccbcf822731a597f30dd0e00496f88c615acf779cfa5b7ff8627b76d93ee0,3446,SISA_HISTORICAL_EVIDENCE
docs/data_generation/sisa_historical_evidence/artifacts/standard_results/replay_seed_audit.csv,Immutable superseded SISA path-layout evidence.,,,242a9544e337cfe857035fc79acc5eaf8b741d25a9e9458d92a5ba1c6fe0ce2c,1140,SISA_HISTORICAL_EVIDENCE
docs/data_generation/sisa_historical_evidence/artifacts/standard_results/retained_test_predictions.csv,Immutable superseded SISA path-layout evidence.,,,a309190fd26890098bf61cb9ba85ed14ed93aac30b9fd0e9bc8f9be396edc2c6,3359135,SISA_HISTORICAL_EVIDENCE
docs/data_generation/sisa_historical_evidence/artifacts/standard_results/run_summary.json,Immutable superseded SISA path-layout evidence.,,,7da4fb3c0ae2215bc603b127728d505830a5de77717ded16398a028a0a295e18,3670,SISA_HISTORICAL_EVIDENCE
docs/data_generation/sisa_historical_evidence/artifacts/standard_results/scenario_ensemble_manifest_summary.csv,Immutable superseded SISA path-layout evidence.,,,e3f5ec17c5816f8f57c95b458266920e6ee0d200659d644bc7f0a5860f10199a,178,SISA_HISTORICAL_EVIDENCE
docs/data_generation/sisa_historical_evidence/artifacts/standard_results/scenario_shard_impact.csv,Immutable superseded SISA path-layout evidence.,,,8491a64155f07616bf11cb1262b44da815f045b161cb11a87297ad81cbe441d0,1800,SISA_HISTORICAL_EVIDENCE
docs/data_generation/sisa_historical_evidence/artifacts/standard_results/selective_retraining_history.csv,Immutable superseded SISA path-layout evidence.,,,fa2b803506e03940cbf9ebf2655071f203e41e8dfe8e50c7204390fb460414bd,96051,SISA_HISTORICAL_EVIDENCE
docs/data_generation/sisa_historical_evidence/artifacts/standard_results/selective_retraining_summary.csv,Immutable superseded SISA path-layout evidence.,,,0e9467ae4ba428809fd256221fe708cfb6c173d9d2982a2e222c4da70724c9f9,4865,SISA_HISTORICAL_EVIDENCE
docs/data_generation/sisa_historical_evidence/artifacts/standard_results/shard_probability_fingerprints.csv,Immutable superseded SISA path-layout evidence.,,,1806669dc339361bc9d439bfa2c73a76d6056c4c561b7e1ab0fdfb406d38b4cd,11889,SISA_HISTORICAL_EVIDENCE
docs/data_generation/sisa_historical_evidence/artifacts/standard_results/shard_summary.csv,Immutable superseded SISA path-layout evidence.,,,34fcbc4020734627f33d2e21a63537d8882969b54301024aab4ee3e5e8609a57,243,SISA_HISTORICAL_EVIDENCE
docs/data_generation/sisa_historical_evidence/artifacts/standard_results/slice_summary.csv,Immutable superseded SISA path-layout evidence.,,,df51342b8d3f619eed74bc82406843d7605b57a640d9b15a3f13f0d14048cd2a,1016,SISA_HISTORICAL_EVIDENCE
docs/data_generation/sisa_historical_evidence/artifacts/standard_results/truth_ratio_reproduction_diagnostic.csv,Immutable superseded SISA path-layout evidence.,,,97f9302007f4ea122adaf935e705ca2b4f1e2531ccefed46f6a9b28a32453f18,98,SISA_HISTORICAL_EVIDENCE
docs/data_generation/sisa_historical_evidence/artifacts/standard_results/truth_ratio_summary.csv,Immutable superseded SISA path-layout evidence.,,,43dd7bc3fd33cbb20e68257598e20f6b8be4f77927f1bfd9150402cfca3e9d13,5300,SISA_HISTORICAL_EVIDENCE
docs/data_generation/sisa_historical_evidence/artifacts/standard_results/truth_ratio_values.csv,Immutable superseded SISA path-layout evidence.,,,b6d3266ee419f836aae0b1cba131eea5b2d2d4416c0d97e4f31487775a789d4d,12278302,SISA_HISTORICAL_EVIDENCE
docs/data_generation/sisa_historical_evidence/artifacts/standard_results/utility_deltas.csv,Immutable superseded SISA path-layout evidence.,,,2227a5e8830582955e5415b52a0c851ec20fb3701188ce821112fa865a5a5199,5569,SISA_HISTORICAL_EVIDENCE
docs/data_generation/sisa_historical_evidence/artifacts/standard_results/utility_metric_reproduction.csv,Immutable superseded SISA path-layout evidence.,,,367406fc3de24b96fedd73557ab5205acf90d47ef5e3ad808b0896161a14762e,18644,SISA_HISTORICAL_EVIDENCE
docs/data_generation/sisa_historical_evidence/artifacts/standard_results/utility_metrics.csv,Immutable superseded SISA path-layout evidence.,,,e4e1555dee101a50f40c94e2f902a17e31af7fd6f871063653b31c586e04209a,9908,SISA_HISTORICAL_EVIDENCE
docs/data_generation/synthesis_method_report.json,TOFU-inspired v3.2 synthesis-method conformance report.,data/raw/KidneyTransplant/qwen_v3_2_conformance_addendum_001/tofu_synthesis_method_report.json,1ebf9f85d116f1572cc787a3e6179bd8d3fa833d25d6e79f98f2cf3ceaa85e3d,1ebf9f85d116f1572cc787a3e6179bd8d3fa833d25d6e79f98f2cf3ceaa85e3d,3533,VERIFIED_COPY
models/.gitkeep,Keeps the empty future-model directory in version control.,,,01ba4719c80b6fe911b091a7c05124b64eeece964e09c058ef8f9805daca546b,1,CREATED
models/baseline/baseline_model.pt,Reload-verified best-epoch baseline MLP checkpoint.,,,f91581e9ed02593c50b6ce538791f8b7fb2bb23361ede1bd495a4689c8a69d0e,17877,COMPLETED_NOTEBOOK01_ARTIFACT
models/baseline/baseline_preprocessor.joblib,Reload-verified training-fitted baseline preprocessor.,,,e93f3d0249e457e57575f40182f7b2647653794ea3dba85ad7a7b4442fec5dde,4580,COMPLETED_NOTEBOOK01_ARTIFACT
models/baseline/model_configuration.json,"Baseline architecture, loss, threshold and training configuration.",,,b3905f26078c8d910852d70f3ac90287c4f69eb010c3a95c13a4c9949ec4b900,1327,COMPLETED_NOTEBOOK01_ARTIFACT
models/baseline/processed_feature_order.json,Exact processed model-input feature order.,,,3fc2fadf3be2159fa8605f461bf9b0fc12d222aed451d5ca5349708a271bdf38,1085,COMPLETED_NOTEBOOK01_ARTIFACT
models/full_retraining/donor_withdrawal_configuration.json,Provisional full-retraining scenario configuration.,,,6acea54812497b83c28d0a12adba328b88b5a4bd52bb2416d10103e0eaf9eeae,1849,COMPLETED_NOTEBOOK02_ARTIFACT
models/full_retraining/donor_withdrawal_model.pt,Provisional fresh full-retraining model checkpoint.,,,9c0a26d6c6c77c9ff3007738dde2a1da8221e0bbf79470dbf7a228f026a8f575,17877,COMPLETED_NOTEBOOK02_ARTIFACT
models/full_retraining/donor_withdrawal_preprocessor.joblib,Provisional scenario-specific retained-training preprocessor.,,,93a7e9210788d33063f7566e6c52bb18b506ce13441ec1194c8ea77ef609284f,4596,COMPLETED_NOTEBOOK02_ARTIFACT
models/full_retraining/hospital_removal_configuration.json,Provisional full-retraining scenario configuration.,,,a33a944c9b83cd7eb9094430032a6f5738ed954e4603f01fce345335d4b1bbd6,1849,COMPLETED_NOTEBOOK02_ARTIFACT
models/full_retraining/hospital_removal_model.pt,Provisional fresh full-retraining model checkpoint.,,,bac07b2e6b1ea669350f1bcd6eb543d108ae0b8148d4291dd24187b86874626c,17877,COMPLETED_NOTEBOOK02_ARTIFACT
models/full_retraining/hospital_removal_preprocessor.joblib,Provisional scenario-specific retained-training preprocessor.,,,9793dc8a442e1b17f1ea045f1d277f0629bec64a7cbb767083febaa2757c3a2d,4596,COMPLETED_NOTEBOOK02_ARTIFACT
models/full_retraining/invalid_consent_configuration.json,Provisional full-retraining scenario configuration.,,,54562c32ca4e1213922efdb5bdeafac27c3b79ed3254da4394c0487d993dcbfb,1846,COMPLETED_NOTEBOOK02_ARTIFACT
models/full_retraining/invalid_consent_model.pt,Provisional fresh full-retraining model checkpoint.,,,45fc23581e11b62ad9cf7aeea013983128294672eaa4fe65961340d9305f90c3,17877,COMPLETED_NOTEBOOK02_ARTIFACT
models/full_retraining/invalid_consent_preprocessor.joblib,Provisional scenario-specific retained-training preprocessor.,,,9fb9e06461b401554028f7f708bd5b57dd2a3f43f82e368ead581bb5517c31b4,4596,COMPLETED_NOTEBOOK02_ARTIFACT
models/full_retraining/recipient_withdrawal_configuration.json,Provisional full-retraining scenario configuration.,,,396389dc1e770475c21afcd1064ccd57a3bc0129b34ef07298980f20e1df3519,1853,COMPLETED_NOTEBOOK02_ARTIFACT
models/full_retraining/recipient_withdrawal_model.pt,Provisional fresh full-retraining model checkpoint.,,,d55aae530b4b3a13144525f14f6f986dc11ff22276cdf5bbf81f9bccab9d5af5,17877,COMPLETED_NOTEBOOK02_ARTIFACT
models/full_retraining/recipient_withdrawal_preprocessor.joblib,Provisional scenario-specific retained-training preprocessor.,,,2e8cdf81816bceca5a7217b3dd66bc73dbaff093840a27555b35cd037d133b1a,4596,COMPLETED_NOTEBOOK02_ARTIFACT
models/full_retraining/retention_expiry_configuration.json,Provisional full-retraining scenario configuration.,,,e98ce834691c13dd5c591f36d413f9521b32a27d20de7fae14dbcb0c86b3fbc2,1849,COMPLETED_NOTEBOOK02_ARTIFACT
models/full_retraining/retention_expiry_model.pt,Provisional fresh full-retraining model checkpoint.,,,ba2b7d014620d5304ea35cf55127fcdf8d9ab767d47dc9c0b7cf0c5ad5a15484,17877,COMPLETED_NOTEBOOK02_ARTIFACT
models/full_retraining/retention_expiry_preprocessor.joblib,Provisional scenario-specific retained-training preprocessor.,,,7247de5fa88cf4bfb22c70e523fcf1a97864f0ca3aa680181e744397ebb0cf3c,4596,COMPLETED_NOTEBOOK02_ARTIFACT
models/gradient_ascent/donor_withdrawal_configuration.json,Verified gradient-ascent checkpoint or configuration.,,,2cd22e59fa42360d4d0fe44d628593a30238c077d4daeeae12c77881cee7216f,1131,COMPLETED_NOTEBOOK04_ARTIFACT
models/gradient_ascent/donor_withdrawal_model.pt,Verified gradient-ascent checkpoint or configuration.,,,4471a4c214f2924912f60468d817c9ad911df9cca5a010ce713596d18cdcdfe6,17480,COMPLETED_NOTEBOOK04_ARTIFACT
models/gradient_ascent/hospital_removal_configuration.json,Verified gradient-ascent checkpoint or configuration.,,,9e86c7995a8b583b251d6740fcf7694bac28bbd3c3085594292596fc69742251,1130,COMPLETED_NOTEBOOK04_ARTIFACT
models/gradient_ascent/hospital_removal_model.pt,Verified gradient-ascent checkpoint or configuration.,,,a35a3444af2039e619e46dee19124954593343493983e35d560af4280dca2d57,17480,COMPLETED_NOTEBOOK04_ARTIFACT
models/gradient_ascent/invalid_consent_configuration.json,Verified gradient-ascent checkpoint or configuration.,,,a6d35d6250fc908547abd626635d8221b2b2e4b84d445437ffa8b295e5214730,1129,COMPLETED_NOTEBOOK04_ARTIFACT
models/gradient_ascent/invalid_consent_model.pt,Verified gradient-ascent checkpoint or configuration.,,,bc2aa84628fd6cb0aa4f39fd6f8870ab2e0fa10757575a071f5a6b1b3aec0ade,17480,COMPLETED_NOTEBOOK04_ARTIFACT
models/gradient_ascent/recipient_withdrawal_configuration.json,Verified gradient-ascent checkpoint or configuration.,,,5ca2a6df11ca23dca43454a52a7e216549a00f599251777db57d631723e8cf65,1135,COMPLETED_NOTEBOOK04_ARTIFACT
models/gradient_ascent/recipient_withdrawal_model.pt,Verified gradient-ascent checkpoint or configuration.,,,306a9f4515b2be49a5df0babf91a5bdaa93764af44c04dcf0ab02b8bfd7e6d6c,17480,COMPLETED_NOTEBOOK04_ARTIFACT
models/gradient_ascent/retention_expiry_configuration.json,Verified gradient-ascent checkpoint or configuration.,,,021f67bb8582356a91f2dff094c3219e18c1edd430d9b281700fd51f31fc816d,1130,COMPLETED_NOTEBOOK04_ARTIFACT
models/gradient_ascent/retention_expiry_model.pt,Verified gradient-ascent checkpoint or configuration.,,,8b4a4a196ddfd1fe506366c2061376207923636d48077011e202e6d12fea1112,17480,COMPLETED_NOTEBOOK04_ARTIFACT
models/gradient_difference/donor_withdrawal/configuration.json,"Gradient Difference epoch checkpoint, final model or scenario configuration.",,,1fb29bc2fe97adcf5ebf6189795063dbc43765e09481bdd7e38f89f075a1d4fc,1084,GRADIENT_DIFFERENCE_MODEL_ARTIFACT
models/gradient_difference/donor_withdrawal/epoch_1.pt,"Gradient Difference epoch checkpoint, final model or scenario configuration.",,,28831ca59b14997608d3ac192becd56eb1ea98def646e06a450f4f420766f143,17480,GRADIENT_DIFFERENCE_MODEL_ARTIFACT
models/gradient_difference/donor_withdrawal/epoch_2.pt,"Gradient Difference epoch checkpoint, final model or scenario configuration.",,,aec87ed35ec37035959b284b981d683adf92190d577c334249d9c1fa9037aa4d,17480,GRADIENT_DIFFERENCE_MODEL_ARTIFACT
models/gradient_difference/donor_withdrawal/epoch_3.pt,"Gradient Difference epoch checkpoint, final model or scenario configuration.",,,fea14fce17d7169bb8dc98cfbbc64b2af7f832305af51d3517ff741371696fef,17480,GRADIENT_DIFFERENCE_MODEL_ARTIFACT
models/gradient_difference/donor_withdrawal/epoch_4.pt,"Gradient Difference epoch checkpoint, final model or scenario configuration.",,,8778ac9d11b36180a70bcce2c89c1730bc5a81794aa1fa6336283c840e1bf718,17480,GRADIENT_DIFFERENCE_MODEL_ARTIFACT
models/gradient_difference/donor_withdrawal/epoch_5.pt,"Gradient Difference epoch checkpoint, final model or scenario configuration.",,,a4accb553dde1fdde6e828caa0c8319d24354358618ecd8f4bf604c2b827e545,17480,GRADIENT_DIFFERENCE_MODEL_ARTIFACT
models/gradient_difference/donor_withdrawal/final_epoch_5.pt,"Gradient Difference epoch checkpoint, final model or scenario configuration.",,,a4accb553dde1fdde6e828caa0c8319d24354358618ecd8f4bf604c2b827e545,17480,GRADIENT_DIFFERENCE_MODEL_ARTIFACT
models/gradient_difference/hospital_removal/configuration.json,"Gradient Difference epoch checkpoint, final model or scenario configuration.",,,35c298186e8183097b15a9e00be3cdc60009f4237066ba07949651d2254ca322,1084,GRADIENT_DIFFERENCE_MODEL_ARTIFACT
models/gradient_difference/hospital_removal/epoch_1.pt,"Gradient Difference epoch checkpoint, final model or scenario configuration.",,,65b90266d244b08c3ae5b98c650d7d7a2ded1855a5987870d314e670627d6822,17480,GRADIENT_DIFFERENCE_MODEL_ARTIFACT
models/gradient_difference/hospital_removal/epoch_2.pt,"Gradient Difference epoch checkpoint, final model or scenario configuration.",,,b3c78bba3bb7df14950f456a002efbcbcd2aeb978ae2847a2053d5459fafba69,17480,GRADIENT_DIFFERENCE_MODEL_ARTIFACT
models/gradient_difference/hospital_removal/epoch_3.pt,"Gradient Difference epoch checkpoint, final model or scenario configuration.",,,e3d03e460dc87ba60a6b89973cddc4df1884b7698c93e4598e70db9d27c70ed1,17480,GRADIENT_DIFFERENCE_MODEL_ARTIFACT
models/gradient_difference/hospital_removal/epoch_4.pt,"Gradient Difference epoch checkpoint, final model or scenario configuration.",,,121270698eb1ea717f95cf4d343a11533bd9679201c7d56435690e9b7b4c9485,17480,GRADIENT_DIFFERENCE_MODEL_ARTIFACT
models/gradient_difference/hospital_removal/epoch_5.pt,"Gradient Difference epoch checkpoint, final model or scenario configuration.",,,bd23f0dc2be2f9f6d8feaf5d2ad18806d96c30c98b892ea6f1e3a6fb81644080,17480,GRADIENT_DIFFERENCE_MODEL_ARTIFACT
models/gradient_difference/hospital_removal/final_epoch_5.pt,"Gradient Difference epoch checkpoint, final model or scenario configuration.",,,bd23f0dc2be2f9f6d8feaf5d2ad18806d96c30c98b892ea6f1e3a6fb81644080,17480,GRADIENT_DIFFERENCE_MODEL_ARTIFACT
models/gradient_difference/invalid_consent/configuration.json,"Gradient Difference epoch checkpoint, final model or scenario configuration.",,,54887d674f011ed3bd72bad1c914b58c345c10c72e51f7b8e1e92067c6872240,1083,GRADIENT_DIFFERENCE_MODEL_ARTIFACT
models/gradient_difference/invalid_consent/epoch_1.pt,"Gradient Difference epoch checkpoint, final model or scenario configuration.",,,59b84bb1f966776703a59d48ddcaa74c90c839157b60c06df44d5e25ffb11962,17480,GRADIENT_DIFFERENCE_MODEL_ARTIFACT
models/gradient_difference/invalid_consent/epoch_2.pt,"Gradient Difference epoch checkpoint, final model or scenario configuration.",,,1c5fdd285ba6056afc57324477f677e279f5ece13250f32f24af760124c6d137,17480,GRADIENT_DIFFERENCE_MODEL_ARTIFACT
models/gradient_difference/invalid_consent/epoch_3.pt,"Gradient Difference epoch checkpoint, final model or scenario configuration.",,,a5e206b5a1e66bfcbc3d184ed466bd82f631fb0d39c7b1fba8164b5501babcf8,17480,GRADIENT_DIFFERENCE_MODEL_ARTIFACT
models/gradient_difference/invalid_consent/epoch_4.pt,"Gradient Difference epoch checkpoint, final model or scenario configuration.",,,b58b775e3a244ff555e128c47c837c2c7b61c59875103f9171a13ee4e39c3635,17480,GRADIENT_DIFFERENCE_MODEL_ARTIFACT
models/gradient_difference/invalid_consent/epoch_5.pt,"Gradient Difference epoch checkpoint, final model or scenario configuration.",,,b948d339a97708e467efca9b4d1ec4310008821c4538f441ea1ca1a6b3302f78,17480,GRADIENT_DIFFERENCE_MODEL_ARTIFACT
models/gradient_difference/invalid_consent/final_epoch_5.pt,"Gradient Difference epoch checkpoint, final model or scenario configuration.",,,b948d339a97708e467efca9b4d1ec4310008821c4538f441ea1ca1a6b3302f78,17480,GRADIENT_DIFFERENCE_MODEL_ARTIFACT
models/gradient_difference/recipient_withdrawal/configuration.json,"Gradient Difference epoch checkpoint, final model or scenario configuration.",,,7fdb6c3a1fcaef9380e85b72103d98f375294551aef36caff53e8cab153d7314,1087,GRADIENT_DIFFERENCE_MODEL_ARTIFACT
models/gradient_difference/recipient_withdrawal/epoch_1.pt,"Gradient Difference epoch checkpoint, final model or scenario configuration.",,,ef0feb81d827ef026020c9288186ad00522bc67214cad77509b52a667a9d821f,17480,GRADIENT_DIFFERENCE_MODEL_ARTIFACT
models/gradient_difference/recipient_withdrawal/epoch_2.pt,"Gradient Difference epoch checkpoint, final model or scenario configuration.",,,a516065f32c7ce1d4a7e22d988c75a146cf17ff06ebb8e7be97b6eb08c524836,17480,GRADIENT_DIFFERENCE_MODEL_ARTIFACT
models/gradient_difference/recipient_withdrawal/epoch_3.pt,"Gradient Difference epoch checkpoint, final model or scenario configuration.",,,7c9e06572b366a2c12043512bb28e67fc570c6ba1127daad4eae192a8d57c29f,17480,GRADIENT_DIFFERENCE_MODEL_ARTIFACT
models/gradient_difference/recipient_withdrawal/epoch_4.pt,"Gradient Difference epoch checkpoint, final model or scenario configuration.",,,9a27412d0bdfaa1f7d45f00224132e97f6ae30330716150cdfe13c22bc6a67bf,17480,GRADIENT_DIFFERENCE_MODEL_ARTIFACT
models/gradient_difference/recipient_withdrawal/epoch_5.pt,"Gradient Difference epoch checkpoint, final model or scenario configuration.",,,5caea04c092eaf7332e2083279f83fd48af373a1b2c624e08af64aec677453c8,17480,GRADIENT_DIFFERENCE_MODEL_ARTIFACT
models/gradient_difference/recipient_withdrawal/final_epoch_5.pt,"Gradient Difference epoch checkpoint, final model or scenario configuration.",,,5caea04c092eaf7332e2083279f83fd48af373a1b2c624e08af64aec677453c8,17480,GRADIENT_DIFFERENCE_MODEL_ARTIFACT
models/gradient_difference/retention_expiry/configuration.json,"Gradient Difference epoch checkpoint, final model or scenario configuration.",,,82fdf5da11b3c0edfd64a3328921bd2bcba71d96de360d197efcde10659cbee5,1084,GRADIENT_DIFFERENCE_MODEL_ARTIFACT
models/gradient_difference/retention_expiry/epoch_1.pt,"Gradient Difference epoch checkpoint, final model or scenario configuration.",,,98a04c9431a3c6cef0aae107e2ced10ea7d00c28cc540f622df07848646bd9f8,17480,GRADIENT_DIFFERENCE_MODEL_ARTIFACT
models/gradient_difference/retention_expiry/epoch_2.pt,"Gradient Difference epoch checkpoint, final model or scenario configuration.",,,c9ce58dfd3fca27ee8c3368af61c9fa72060138f26977d0317e5ef6925600a0d,17480,GRADIENT_DIFFERENCE_MODEL_ARTIFACT
models/gradient_difference/retention_expiry/epoch_3.pt,"Gradient Difference epoch checkpoint, final model or scenario configuration.",,,ae1ed8283822e4da6497741addf3d978b5c18c38eeb1449c363ceb03e6a7192d,17480,GRADIENT_DIFFERENCE_MODEL_ARTIFACT
models/gradient_difference/retention_expiry/epoch_4.pt,"Gradient Difference epoch checkpoint, final model or scenario configuration.",,,fdc91e5d22fd59280bff6f6050d9f635c94378e5599e1834ce5b7d35438c0890,17480,GRADIENT_DIFFERENCE_MODEL_ARTIFACT
models/gradient_difference/retention_expiry/epoch_5.pt,"Gradient Difference epoch checkpoint, final model or scenario configuration.",,,2c27f9ccfc31ca67fe62b264a62e52b593d74f53f4eac95cc593dcd5a0fd1d3f,17480,GRADIENT_DIFFERENCE_MODEL_ARTIFACT
models/gradient_difference/retention_expiry/final_epoch_5.pt,"Gradient Difference epoch checkpoint, final model or scenario configuration.",,,2c27f9ccfc31ca67fe62b264a62e52b593d74f53f4eac95cc593dcd5a0fd1d3f,17480,GRADIENT_DIFFERENCE_MODEL_ARTIFACT
models/retain_set_fine_tuning/donor_withdrawal_configuration.json,Frozen model and execution configuration.,,,aae3a3d3f7bbcf244b5028959247fee49c291ec0d022b43d3756a08b305ba67e,1050,COMPLETED_NOTEBOOK03_ARTIFACT
models/retain_set_fine_tuning/donor_withdrawal_model.pt,Saved verified PyTorch model checkpoint.,,,d7c9834ee5a8af4efd601b2d99bae70e5a05c28eb00cbcfbba5319d8cd254084,17877,COMPLETED_NOTEBOOK03_ARTIFACT
models/retain_set_fine_tuning/hospital_removal_configuration.json,Frozen model and execution configuration.,,,cae672f1e3315a0a7e478ff73137024cba39bedc1887ac63f055aa181d26c9d5,1051,COMPLETED_NOTEBOOK03_ARTIFACT
models/retain_set_fine_tuning/hospital_removal_model.pt,Saved verified PyTorch model checkpoint.,,,ee68fd7a82fb561fa452609c7412351b2ff2d9a41ff82e159271ba073d70bbdc,17877,COMPLETED_NOTEBOOK03_ARTIFACT
models/retain_set_fine_tuning/invalid_consent_configuration.json,Frozen model and execution configuration.,,,02595b754ab775dfe9f611a3a48636ad232b9d32352213e49410a36f32807039,1049,COMPLETED_NOTEBOOK03_ARTIFACT
models/retain_set_fine_tuning/invalid_consent_model.pt,Saved verified PyTorch model checkpoint.,,,e962748d04fd167038ee9880af48f5505b02675873c3ecdb093d6336cc08e956,17877,COMPLETED_NOTEBOOK03_ARTIFACT
models/retain_set_fine_tuning/recipient_withdrawal_configuration.json,Frozen model and execution configuration.,,,370e685fddbb13ca3f06304149d23a552e05353b0fd16a26171301158af5aa01,1055,COMPLETED_NOTEBOOK03_ARTIFACT
models/retain_set_fine_tuning/recipient_withdrawal_model.pt,Saved verified PyTorch model checkpoint.,,,c04e5f70d534c9c928e80cbe4b981bf31955fefd9111e6dc0beb9e3bce6a20b1,17877,COMPLETED_NOTEBOOK03_ARTIFACT
models/retain_set_fine_tuning/retention_expiry_configuration.json,Frozen model and execution configuration.,,,b12f58af29d27fd7e9943d4e5d85cef885d304d082c7b22a509e3ea3aff5a4c1,1052,COMPLETED_NOTEBOOK03_ARTIFACT
models/retain_set_fine_tuning/retention_expiry_model.pt,Saved verified PyTorch model checkpoint.,,,23463f3d80ef1e6b6ee1fc8b097467f8995f0932aeecea8839e646d70459fcd6,17877,COMPLETED_NOTEBOOK03_ARTIFACT
models/sisa/hash_based/original/configuration.json,"Standard hash-based SISA checkpoint, configuration or ensemble manifest.",,,6d65085f2620a1bedc9cc3b3acef9d3f1e9effb6792e1bb21f9d3f6dbde4ebdb,1330,STANDARD_HASH_BASED_SISA_ARTIFACT
models/sisa/hash_based/original/ensemble_manifest.json,"Standard hash-based SISA checkpoint, configuration or ensemble manifest.",,,66695148dda0522740f1dda3f91e5b5e173ab6d2080febf3d247142850316713,758,STANDARD_HASH_BASED_SISA_ARTIFACT
models/sisa/hash_based/original/shard_1_slice_1.pt,"Standard hash-based SISA checkpoint, configuration or ensemble manifest.",,,3b385ea511fabb49b4f2417ba240dd846c459742b566053d7a39b4505d9ea8c4,52827,STANDARD_HASH_BASED_SISA_ARTIFACT
models/sisa/hash_based/original/shard_1_slice_2.pt,"Standard hash-based SISA checkpoint, configuration or ensemble manifest.",,,595467f6912133eadb1d6d1a681c23a9f7ec4afef734a8bcee5d7ea4b499cd71,52827,STANDARD_HASH_BASED_SISA_ARTIFACT
models/sisa/hash_based/original/shard_1_slice_3.pt,"Standard hash-based SISA checkpoint, configuration or ensemble manifest.",,,8d90233d040a38a8b5648805eef22964ab3aa0e7ed0a6f2dd239f1868ba03493,52827,STANDARD_HASH_BASED_SISA_ARTIFACT
models/sisa/hash_based/original/shard_1_slice_4.pt,"Standard hash-based SISA checkpoint, configuration or ensemble manifest.",,,905810642cf5ff42b665822e54b43e21469501f9fee51291f2d19fc709c6f7cc,52827,STANDARD_HASH_BASED_SISA_ARTIFACT
models/sisa/hash_based/original/shard_1_slice_5.pt,"Standard hash-based SISA checkpoint, configuration or ensemble manifest.",,,fab27bf38293615f062088a7df800716e9602f0554c40f2c2e88f15b88499775,52827,STANDARD_HASH_BASED_SISA_ARTIFACT
models/sisa/hash_based/original/shard_2_slice_1.pt,"Standard hash-based SISA checkpoint, configuration or ensemble manifest.",,,0763e42b9ab3ef3578ab18ba9ce883ce9563aa39a23068e085a905574d5ae84a,52827,STANDARD_HASH_BASED_SISA_ARTIFACT
models/sisa/hash_based/original/shard_2_slice_2.pt,"Standard hash-based SISA checkpoint, configuration or ensemble manifest.",,,42bba1d4841ad617c96a317c3fb586b382a4780baf5396fbc51911fc9eaca886,52827,STANDARD_HASH_BASED_SISA_ARTIFACT
models/sisa/hash_based/original/shard_2_slice_3.pt,"Standard hash-based SISA checkpoint, configuration or ensemble manifest.",,,b38e8c81e4d2c859a34b3105d38cd928926a70ba5a12fdc1c0335cea3010e994,52827,STANDARD_HASH_BASED_SISA_ARTIFACT
models/sisa/hash_based/original/shard_2_slice_4.pt,"Standard hash-based SISA checkpoint, configuration or ensemble manifest.",,,d5365dcc88394d426a9655d87ed0305bf334f8e7d808ca836d0498429cac1f91,52827,STANDARD_HASH_BASED_SISA_ARTIFACT
models/sisa/hash_based/original/shard_2_slice_5.pt,"Standard hash-based SISA checkpoint, configuration or ensemble manifest.",,,b1b2aed6af7b4d6d320fc4928d11cb0c6431ff43f01d68eaa663b84f26f76a01,52827,STANDARD_HASH_BASED_SISA_ARTIFACT
models/sisa/hash_based/original/shard_3_slice_1.pt,"Standard hash-based SISA checkpoint, configuration or ensemble manifest.",,,6c706e7b5da27881ffb6e9ea5e5392278e9a57e2f56d89767ed8827c871b2204,52827,STANDARD_HASH_BASED_SISA_ARTIFACT
models/sisa/hash_based/original/shard_3_slice_2.pt,"Standard hash-based SISA checkpoint, configuration or ensemble manifest.",,,65c40e0b62f8a8b6595288695338921e3684116cd566f52e622bec14d25c2a9c,52827,STANDARD_HASH_BASED_SISA_ARTIFACT
models/sisa/hash_based/original/shard_3_slice_3.pt,"Standard hash-based SISA checkpoint, configuration or ensemble manifest.",,,bef6c063c8fe592fd934c44683c01adf3037850963e2cf214493c3346150cb9e,52827,STANDARD_HASH_BASED_SISA_ARTIFACT
models/sisa/hash_based/original/shard_3_slice_4.pt,"Standard hash-based SISA checkpoint, configuration or ensemble manifest.",,,2bc52d1f0911fb28dc40077f29b688f617dc744d237b2bf883af2e9d4e4b8e27,52827,STANDARD_HASH_BASED_SISA_ARTIFACT
models/sisa/hash_based/original/shard_3_slice_5.pt,"Standard hash-based SISA checkpoint, configuration or ensemble manifest.",,,c11b0daed89d4bd3e950cc3e75774f1d925b234f6b7f35ce167fb3c3f2a8fb6f,52827,STANDARD_HASH_BASED_SISA_ARTIFACT
models/sisa/hash_based/original/shard_4_slice_1.pt,"Standard hash-based SISA checkpoint, configuration or ensemble manifest.",,,607c069edfac74112462a907710accdd04483713debc16a6d04c097d52f8a6c1,52827,STANDARD_HASH_BASED_SISA_ARTIFACT
models/sisa/hash_based/original/shard_4_slice_2.pt,"Standard hash-based SISA checkpoint, configuration or ensemble manifest.",,,b7640fb9b870fa7499da7ef08ba9c3ca6e5b080142e82439359d3cf826d7f03b,52827,STANDARD_HASH_BASED_SISA_ARTIFACT
models/sisa/hash_based/original/shard_4_slice_3.pt,"Standard hash-based SISA checkpoint, configuration or ensemble manifest.",,,fc4a505f59808f35631ec7af4aac116226f185222bda97d62299d75ca90e2403,52827,STANDARD_HASH_BASED_SISA_ARTIFACT
models/sisa/hash_based/original/shard_4_slice_4.pt,"Standard hash-based SISA checkpoint, configuration or ensemble manifest.",,,0acb566713658b724de683208883b72b158c0338f44f47e79ef84741aed75afa,52827,STANDARD_HASH_BASED_SISA_ARTIFACT
models/sisa/hash_based/original/shard_4_slice_5.pt,"Standard hash-based SISA checkpoint, configuration or ensemble manifest.",,,53922a8e50fe4b737d3b57c531d619f1b655ac1999a933727aa40fff893df524,52827,STANDARD_HASH_BASED_SISA_ARTIFACT
models/sisa/hash_based/original/shard_5_slice_1.pt,"Standard hash-based SISA checkpoint, configuration or ensemble manifest.",,,e32f76982f141122805a8cff344e2e6f1ddc7d65ecbcf76b27fa051db7d6e890,52827,STANDARD_HASH_BASED_SISA_ARTIFACT
models/sisa/hash_based/original/shard_5_slice_2.pt,"Standard hash-based SISA checkpoint, configuration or ensemble manifest.",,,10782c6225b930bd19e587d1ace5d3289e097f0adee1e075be3dfd5a6a93df96,52827,STANDARD_HASH_BASED_SISA_ARTIFACT
models/sisa/hash_based/original/shard_5_slice_3.pt,"Standard hash-based SISA checkpoint, configuration or ensemble manifest.",,,078dae6c5bc4259a126b1ec3c214f118915367aca6825d6031101fa44a30af15,52827,STANDARD_HASH_BASED_SISA_ARTIFACT
models/sisa/hash_based/original/shard_5_slice_4.pt,"Standard hash-based SISA checkpoint, configuration or ensemble manifest.",,,4559d821ee416731f2da52733842d3b0eb13041b6ab8f129589063aa96e96c6a,52827,STANDARD_HASH_BASED_SISA_ARTIFACT
models/sisa/hash_based/original/shard_5_slice_5.pt,"Standard hash-based SISA checkpoint, configuration or ensemble manifest.",,,c24ece9eb44fe8a6e8bf55cada8b66039b36cb264d82417e0680ada5c82c6818,52827,STANDARD_HASH_BASED_SISA_ARTIFACT
models/sisa/hash_based/unlearned/donor_withdrawal/configuration.json,"Standard hash-based SISA checkpoint, configuration or ensemble manifest.",,,fc848f3828e394e93196ab8adb6aad78b31731825c0b083c3936ebd10338b81b,1364,STANDARD_HASH_BASED_SISA_ARTIFACT
models/sisa/hash_based/unlearned/donor_withdrawal/ensemble_manifest.json,"Standard hash-based SISA checkpoint, configuration or ensemble manifest.",,,b7af5e8875be7d4185b61b8e3fc93ec857ddf9273984616d582f7a45a2076d32,886,STANDARD_HASH_BASED_SISA_ARTIFACT
models/sisa/hash_based/unlearned/donor_withdrawal/shard_1_model.pt,"Standard hash-based SISA checkpoint, configuration or ensemble manifest.",,,305b84f2f21423dc7167396e10ef8926025cee8826f42f7dc21e022a9caafe59,52379,STANDARD_HASH_BASED_SISA_ARTIFACT
models/sisa/hash_based/unlearned/donor_withdrawal/shard_2_model.pt,"Standard hash-based SISA checkpoint, configuration or ensemble manifest.",,,02732ba47b556f2f7b7561a2277ea790074c255240a7ffcb266f6e612e1352b9,52379,STANDARD_HASH_BASED_SISA_ARTIFACT
models/sisa/hash_based/unlearned/donor_withdrawal/shard_3_model.pt,"Standard hash-based SISA checkpoint, configuration or ensemble manifest.",,,21b5116dcc5d2f065db2e21e6ba52289c0f48cc4ac93b613e8c883107fed8599,52379,STANDARD_HASH_BASED_SISA_ARTIFACT
models/sisa/hash_based/unlearned/donor_withdrawal/shard_4_model.pt,"Standard hash-based SISA checkpoint, configuration or ensemble manifest.",,,25c8b775bd34735502efdca5fe41eabfa5b35cf4d94115df8635183eba106e1f,52379,STANDARD_HASH_BASED_SISA_ARTIFACT
models/sisa/hash_based/unlearned/donor_withdrawal/shard_5_model.pt,"Standard hash-based SISA checkpoint, configuration or ensemble manifest.",,,aaaa8b126a8ef20aa1d5e4d307de4dbe82dcdfc39a78eb8ac528955dc8585cd9,52379,STANDARD_HASH_BASED_SISA_ARTIFACT
models/sisa/hash_based/unlearned/hospital_removal/configuration.json,"Standard hash-based SISA checkpoint, configuration or ensemble manifest.",,,e8c143f1eee316fb81eb2853e88bc6182c6c9d79f6ea29ade8fed471b13e3231,1364,STANDARD_HASH_BASED_SISA_ARTIFACT
models/sisa/hash_based/unlearned/hospital_removal/ensemble_manifest.json,"Standard hash-based SISA checkpoint, configuration or ensemble manifest.",,,50dcb2b613e0ce4c09fdc1a7aab0bc43a9e4c9ddadfdde9a3a58fd3591581c87,886,STANDARD_HASH_BASED_SISA_ARTIFACT
models/sisa/hash_based/unlearned/hospital_removal/shard_1_model.pt,"Standard hash-based SISA checkpoint, configuration or ensemble manifest.",,,4f3a4443995bf8f0c87314697138c25a3db17aa21014abcdf85966657f433b49,52379,STANDARD_HASH_BASED_SISA_ARTIFACT
models/sisa/hash_based/unlearned/hospital_removal/shard_2_model.pt,"Standard hash-based SISA checkpoint, configuration or ensemble manifest.",,,575106460dda9faea8015527b5c9d9738cf9d6eb4eb8deb3a0f82836ba952960,52379,STANDARD_HASH_BASED_SISA_ARTIFACT
models/sisa/hash_based/unlearned/hospital_removal/shard_3_model.pt,"Standard hash-based SISA checkpoint, configuration or ensemble manifest.",,,e35ff0181a8c63899c44163f4f5881ac9bcf33e4909fcaef8d64422d658f5bb6,52379,STANDARD_HASH_BASED_SISA_ARTIFACT
models/sisa/hash_based/unlearned/hospital_removal/shard_4_model.pt,"Standard hash-based SISA checkpoint, configuration or ensemble manifest.",,,54aff7a3690dd64901628135d0636e1dacfd35e40a344bb047fee1b673043f69,52379,STANDARD_HASH_BASED_SISA_ARTIFACT
models/sisa/hash_based/unlearned/hospital_removal/shard_5_model.pt,"Standard hash-based SISA checkpoint, configuration or ensemble manifest.",,,5eeee9bf6a0c8b6e017eba184307df47d99c1d8f7a1182f29532bae8b08cd2d5,52379,STANDARD_HASH_BASED_SISA_ARTIFACT
models/sisa/hash_based/unlearned/invalid_consent/configuration.json,"Standard hash-based SISA checkpoint, configuration or ensemble manifest.",,,f7fc0e80aa5abf850418977f6f5e44bc5b6356ee8a3f1fe34a6bf8397b948b14,1363,STANDARD_HASH_BASED_SISA_ARTIFACT
models/sisa/hash_based/unlearned/invalid_consent/ensemble_manifest.json,"Standard hash-based SISA checkpoint, configuration or ensemble manifest.",,,7232a01a4dcdc6fe8487c0da3f3e12eac27b5385ab304208e6dcbc26ff72824e,880,STANDARD_HASH_BASED_SISA_ARTIFACT
models/sisa/hash_based/unlearned/invalid_consent/shard_1_model.pt,"Standard hash-based SISA checkpoint, configuration or ensemble manifest.",,,6089d25222f516bfeee0286f3433018df4d1edf5a80fe7cda6f2d41df5724447,52379,STANDARD_HASH_BASED_SISA_ARTIFACT
models/sisa/hash_based/unlearned/invalid_consent/shard_2_model.pt,"Standard hash-based SISA checkpoint, configuration or ensemble manifest.",,,b491fc585b461c1e6cc01bb880174b88f211510453872c32f55b67a966ce177c,52379,STANDARD_HASH_BASED_SISA_ARTIFACT
models/sisa/hash_based/unlearned/invalid_consent/shard_3_model.pt,"Standard hash-based SISA checkpoint, configuration or ensemble manifest.",,,88f8ae85c83e4614d80faaf2a16eb0b08aa8057cd116d0c452de49c19369d687,52379,STANDARD_HASH_BASED_SISA_ARTIFACT
models/sisa/hash_based/unlearned/invalid_consent/shard_4_model.pt,"Standard hash-based SISA checkpoint, configuration or ensemble manifest.",,,a6c533c3c57746133b2de279f75ade321d670a5dc9b758780948639682620b02,52379,STANDARD_HASH_BASED_SISA_ARTIFACT
models/sisa/hash_based/unlearned/invalid_consent/shard_5_model.pt,"Standard hash-based SISA checkpoint, configuration or ensemble manifest.",,,89b32d20f908fce590e38fbb580d4cbe7eca057be8605900a703e1ca5ea18b47,52379,STANDARD_HASH_BASED_SISA_ARTIFACT
models/sisa/hash_based/unlearned/recipient_withdrawal/configuration.json,"Standard hash-based SISA checkpoint, configuration or ensemble manifest.",,,cee1de8cfcf9c961eb1322af6a2b8a30ee20c556414ba88bdaca19bf3f17903c,1368,STANDARD_HASH_BASED_SISA_ARTIFACT
models/sisa/hash_based/unlearned/recipient_withdrawal/ensemble_manifest.json,"Standard hash-based SISA checkpoint, configuration or ensemble manifest.",,,82e7a76aee09f43078e41d4e580063df9512a708a341febbd241f4b188729160,910,STANDARD_HASH_BASED_SISA_ARTIFACT
models/sisa/hash_based/unlearned/recipient_withdrawal/shard_1_model.pt,"Standard hash-based SISA checkpoint, configuration or ensemble manifest.",,,8e0c7622913e4d5f18617b90305026d7f5097523575b13d1c4ca6cc983961945,52379,STANDARD_HASH_BASED_SISA_ARTIFACT
models/sisa/hash_based/unlearned/recipient_withdrawal/shard_2_model.pt,"Standard hash-based SISA checkpoint, configuration or ensemble manifest.",,,62342008bbeff0379fd76f13e5d3b8ac4e72b4957a5a56b119bfe4c97afe7784,52379,STANDARD_HASH_BASED_SISA_ARTIFACT
models/sisa/hash_based/unlearned/recipient_withdrawal/shard_3_model.pt,"Standard hash-based SISA checkpoint, configuration or ensemble manifest.",,,ebed814f493b20bd47ee32a98dcf0a4e29b1f12bfea17de029b70e5a799e0836,52379,STANDARD_HASH_BASED_SISA_ARTIFACT
models/sisa/hash_based/unlearned/recipient_withdrawal/shard_4_model.pt,"Standard hash-based SISA checkpoint, configuration or ensemble manifest.",,,31cbcf56994ded3438d8cd6fadb56cd4bcf4b3287ba996f303cb096b103a7c33,52379,STANDARD_HASH_BASED_SISA_ARTIFACT
models/sisa/hash_based/unlearned/recipient_withdrawal/shard_5_model.pt,"Standard hash-based SISA checkpoint, configuration or ensemble manifest.",,,22a599c3c0572ebcb0b2cd6968860844f19898e27364670391a88e1b5f671f6c,52379,STANDARD_HASH_BASED_SISA_ARTIFACT
models/sisa/hash_based/unlearned/retention_expiry/configuration.json,"Standard hash-based SISA checkpoint, configuration or ensemble manifest.",,,84269524d9620b1966fffd6ee9643d016037809288e9a623f4d1f1a025014c38,1364,STANDARD_HASH_BASED_SISA_ARTIFACT
models/sisa/hash_based/unlearned/retention_expiry/ensemble_manifest.json,"Standard hash-based SISA checkpoint, configuration or ensemble manifest.",,,86804fb6c91f135ef5b8866492932663db3b5d951af178b0f5bba5c3583bae78,886,STANDARD_HASH_BASED_SISA_ARTIFACT
models/sisa/hash_based/unlearned/retention_expiry/shard_1_model.pt,"Standard hash-based SISA checkpoint, configuration or ensemble manifest.",,,a153ff05e2f0e64a2a275c250ce8245fece81d47f269e68095c815c045099226,52379,STANDARD_HASH_BASED_SISA_ARTIFACT
models/sisa/hash_based/unlearned/retention_expiry/shard_2_model.pt,"Standard hash-based SISA checkpoint, configuration or ensemble manifest.",,,64f57eb3b3493bf5ec24dd3b0942af2d5d44cd272a647faa7cfe5f854c866dc8,52379,STANDARD_HASH_BASED_SISA_ARTIFACT
models/sisa/hash_based/unlearned/retention_expiry/shard_3_model.pt,"Standard hash-based SISA checkpoint, configuration or ensemble manifest.",,,b0d89769434c1f0642c2afcd3aad497c3b6b19acb7e04ebb1f78bc5c504d775a,52379,STANDARD_HASH_BASED_SISA_ARTIFACT
models/sisa/hash_based/unlearned/retention_expiry/shard_4_model.pt,"Standard hash-based SISA checkpoint, configuration or ensemble manifest.",,,cfa6f7aded341b873fa760005ab3cf5ba29ca3091d4b26a1f5eabeba9d6cedd5,52379,STANDARD_HASH_BASED_SISA_ARTIFACT
models/sisa/hash_based/unlearned/retention_expiry/shard_5_model.pt,"Standard hash-based SISA checkpoint, configuration or ensemble manifest.",,,a18ab362467509949739b370b2a91734d2671fa45b5750857dd0b5c6fde09cbb,52379,STANDARD_HASH_BASED_SISA_ARTIFACT
models/sisa/policy_aware/original/configuration.json,Canonical byte-identical policy-aware SISA checkpoint or manifest copy.,,,4da4f69c0f001e7146ba002560b78a8a6539e86ec265c9ec49dcf39f6c1fcb1b,1720,POLICY_AWARE_SISA_CANONICAL_COPY
models/sisa/policy_aware/original/ensemble_manifest.json,Canonical byte-identical policy-aware SISA checkpoint or manifest copy.,,,faabb4e47f985d55de18680b8894d8ebef44694db4c14f7cc72326f0d6ca88f0,768,POLICY_AWARE_SISA_CANONICAL_COPY
models/sisa/policy_aware/original/shard_1_slice_1.pt,Canonical byte-identical policy-aware SISA checkpoint or manifest copy.,,,cf1cab5b9811da7c1193295fc98e0917312bc0ce752295633d40522d68633c4b,52827,POLICY_AWARE_SISA_CANONICAL_COPY
models/sisa/policy_aware/original/shard_1_slice_2.pt,Canonical byte-identical policy-aware SISA checkpoint or manifest copy.,,,eddc9cc0d6e0f48339e72aace9a8e0f29a448de80e8964eaed97a3f134559249,52827,POLICY_AWARE_SISA_CANONICAL_COPY
models/sisa/policy_aware/original/shard_1_slice_3.pt,Canonical byte-identical policy-aware SISA checkpoint or manifest copy.,,,cee0d163ce404337943bff57d76086dfdab234fecef848294742ce2ecb812f56,52827,POLICY_AWARE_SISA_CANONICAL_COPY
models/sisa/policy_aware/original/shard_1_slice_4.pt,Canonical byte-identical policy-aware SISA checkpoint or manifest copy.,,,9081fb3a7fe9256254ee671be4dcaae84296136a121e56940112c59b5bc90ca4,52827,POLICY_AWARE_SISA_CANONICAL_COPY
models/sisa/policy_aware/original/shard_1_slice_5.pt,Canonical byte-identical policy-aware SISA checkpoint or manifest copy.,,,5aa2dd27e06168e01bcaa4eeefeef9c3034d8440b9cbcc2192e6ba546bd4f81e,52827,POLICY_AWARE_SISA_CANONICAL_COPY
models/sisa/policy_aware/original/shard_2_slice_1.pt,Canonical byte-identical policy-aware SISA checkpoint or manifest copy.,,,f9593e9f6802648515e2c6f88b14e6a59463b0f0e165288207a4a766973cf977,52827,POLICY_AWARE_SISA_CANONICAL_COPY
models/sisa/policy_aware/original/shard_2_slice_2.pt,Canonical byte-identical policy-aware SISA checkpoint or manifest copy.,,,0b2218d37d7239c7576fe685379af5d6e2e21740cec5f4af416f9805d6b3fbea,52827,POLICY_AWARE_SISA_CANONICAL_COPY
models/sisa/policy_aware/original/shard_2_slice_3.pt,Canonical byte-identical policy-aware SISA checkpoint or manifest copy.,,,0263873b200eef5d26ce2a7c7085f31c08041db327c78de43674a1be3433f9e7,52827,POLICY_AWARE_SISA_CANONICAL_COPY
models/sisa/policy_aware/original/shard_2_slice_4.pt,Canonical byte-identical policy-aware SISA checkpoint or manifest copy.,,,4c6a620320d7cf491f814226607919282723589ab206f737c2739fc7b42ec402,52827,POLICY_AWARE_SISA_CANONICAL_COPY
models/sisa/policy_aware/original/shard_2_slice_5.pt,Canonical byte-identical policy-aware SISA checkpoint or manifest copy.,,,baabdf446039a934e4571d4ccbbd1adc9aed3b6c0ef8c5551706f9b38a211975,52827,POLICY_AWARE_SISA_CANONICAL_COPY
models/sisa/policy_aware/original/shard_3_slice_1.pt,Canonical byte-identical policy-aware SISA checkpoint or manifest copy.,,,d56b19d8815d60fa75005722b1f5031b34fbc1dc2de20963d90b9721f80f95bd,52827,POLICY_AWARE_SISA_CANONICAL_COPY
models/sisa/policy_aware/original/shard_3_slice_2.pt,Canonical byte-identical policy-aware SISA checkpoint or manifest copy.,,,ad9a68e218b5e0e4db640105738bcb241dab8dd5e1e79010fc3654e20c0d3ffd,52827,POLICY_AWARE_SISA_CANONICAL_COPY
models/sisa/policy_aware/original/shard_3_slice_3.pt,Canonical byte-identical policy-aware SISA checkpoint or manifest copy.,,,98da4488baaceed036ef93a59624ded43b6d1a3eaf229c78e6c10c132ebbe179,52827,POLICY_AWARE_SISA_CANONICAL_COPY
models/sisa/policy_aware/original/shard_3_slice_4.pt,Canonical byte-identical policy-aware SISA checkpoint or manifest copy.,,,c21fe55b74c15aadd13994079c0b4ab1454e649e10cd4e95cd10aecc587ff7be,52827,POLICY_AWARE_SISA_CANONICAL_COPY
models/sisa/policy_aware/original/shard_3_slice_5.pt,Canonical byte-identical policy-aware SISA checkpoint or manifest copy.,,,6aace2c398af1e15dc54b9ba97dc323a9131c2584370ec5ec5c209d59ddc7b4a,52827,POLICY_AWARE_SISA_CANONICAL_COPY
models/sisa/policy_aware/original/shard_4_slice_1.pt,Canonical byte-identical policy-aware SISA checkpoint or manifest copy.,,,332c7630ff3a8a1006ea3c23e42e9a4f8b0d1f28dcb22211b89be0a6160ac2e4,52827,POLICY_AWARE_SISA_CANONICAL_COPY
models/sisa/policy_aware/original/shard_4_slice_2.pt,Canonical byte-identical policy-aware SISA checkpoint or manifest copy.,,,4eab5ec80e7c1e7d28c2329607f06ee7e26fdf2b4ba9f3b7b77fd0c4be572488,52827,POLICY_AWARE_SISA_CANONICAL_COPY
models/sisa/policy_aware/original/shard_4_slice_3.pt,Canonical byte-identical policy-aware SISA checkpoint or manifest copy.,,,4fb03a854ca7b3c0530157f784dc42eaf086c7817f9d850f4a32d29439e1e92d,52827,POLICY_AWARE_SISA_CANONICAL_COPY
models/sisa/policy_aware/original/shard_4_slice_4.pt,Canonical byte-identical policy-aware SISA checkpoint or manifest copy.,,,a4827aa8ef30b6bc2f8147c4006aedbbe538579bb33adc0bcf380c16ee1497bf,52827,POLICY_AWARE_SISA_CANONICAL_COPY
models/sisa/policy_aware/original/shard_4_slice_5.pt,Canonical byte-identical policy-aware SISA checkpoint or manifest copy.,,,b0306edc0b42ad82c9c5a911884f4b7b87bc2ae968572c44b38fec858baf32e7,52827,POLICY_AWARE_SISA_CANONICAL_COPY
models/sisa/policy_aware/original/shard_5_slice_1.pt,Canonical byte-identical policy-aware SISA checkpoint or manifest copy.,,,a78d88a7f279b01ae4c568dc8686a6eaf23360de529ca5f7613cfe253448763b,52827,POLICY_AWARE_SISA_CANONICAL_COPY
models/sisa/policy_aware/original/shard_5_slice_2.pt,Canonical byte-identical policy-aware SISA checkpoint or manifest copy.,,,23d66d98371ac6916e6529ccbfaff8c55dfdc97fb75298fbfb5c6dfc92b231c0,52827,POLICY_AWARE_SISA_CANONICAL_COPY
models/sisa/policy_aware/original/shard_5_slice_3.pt,Canonical byte-identical policy-aware SISA checkpoint or manifest copy.,,,7f88c21959fd04acaf7674007ab48561dbeebb1fda77f9c4f2d20210f95d6ad4,52827,POLICY_AWARE_SISA_CANONICAL_COPY
models/sisa/policy_aware/original/shard_5_slice_4.pt,Canonical byte-identical policy-aware SISA checkpoint or manifest copy.,,,48d0f1536e1cf6ce18d637c76b7acd430876334d2c92102379dc77a271b4f097,52827,POLICY_AWARE_SISA_CANONICAL_COPY
models/sisa/policy_aware/original/shard_5_slice_5.pt,Canonical byte-identical policy-aware SISA checkpoint or manifest copy.,,,648481793a60090d619a81fd228bf4d03514ff932385077dddc2a78806de6a72,52827,POLICY_AWARE_SISA_CANONICAL_COPY
models/sisa/policy_aware/unlearned/donor_withdrawal/configuration.json,Canonical byte-identical policy-aware SISA checkpoint or manifest copy.,,,fb77ed0fc55003c762063ec6c8ccacf4197b65f08591f0ea500b4a122423a84d,1754,POLICY_AWARE_SISA_CANONICAL_COPY
models/sisa/policy_aware/unlearned/donor_withdrawal/ensemble_manifest.json,Canonical byte-identical policy-aware SISA checkpoint or manifest copy.,,,f8f58316c7bc9070213597b8567e0d1cf1c6210eef73f24dc8cf61963ba4a7fe,828,POLICY_AWARE_SISA_CANONICAL_COPY
models/sisa/policy_aware/unlearned/donor_withdrawal/shard_1_model.pt,Canonical byte-identical policy-aware SISA checkpoint or manifest copy.,,,030d1c8492b590d27a377e7e3a481ada54b0c52311d14d37d086ca416ef6f7ad,52315,POLICY_AWARE_SISA_CANONICAL_COPY
models/sisa/policy_aware/unlearned/hospital_removal/configuration.json,Canonical byte-identical policy-aware SISA checkpoint or manifest copy.,,,82917018b3ccb2a33fef3c540aee2aa5058c03e1bc881825ecb59742af940a20,1754,POLICY_AWARE_SISA_CANONICAL_COPY
models/sisa/policy_aware/unlearned/hospital_removal/ensemble_manifest.json,Canonical byte-identical policy-aware SISA checkpoint or manifest copy.,,,73b03e7f90039dbb28ede2fae6133c5851ea22e5e9335868a61ed8cffb14c23a,828,POLICY_AWARE_SISA_CANONICAL_COPY
models/sisa/policy_aware/unlearned/hospital_removal/shard_1_model.pt,Canonical byte-identical policy-aware SISA checkpoint or manifest copy.,,,d6a67e322ebd1fe674f284d28c37a947998d03a378707fd2e5c2223c7e93b320,52379,POLICY_AWARE_SISA_CANONICAL_COPY
models/sisa/policy_aware/unlearned/invalid_consent/configuration.json,Canonical byte-identical policy-aware SISA checkpoint or manifest copy.,,,6fa34a557cf3f9211f00953c71121b957f00c00751e1b0239b0e8c0d19de8fe1,1753,POLICY_AWARE_SISA_CANONICAL_COPY
models/sisa/policy_aware/unlearned/invalid_consent/ensemble_manifest.json,Canonical byte-identical policy-aware SISA checkpoint or manifest copy.,,,6359815175b5de28d479607ef37b6ebc4afe3c0be51afab4704d55275d1b246a,858,POLICY_AWARE_SISA_CANONICAL_COPY
models/sisa/policy_aware/unlearned/invalid_consent/shard_1_model.pt,Canonical byte-identical policy-aware SISA checkpoint or manifest copy.,,,eccb4791700a04f92a78be9775fffaf6cb03f5f8729bd7fa0b8af005aef8e7de,52379,POLICY_AWARE_SISA_CANONICAL_COPY
models/sisa/policy_aware/unlearned/invalid_consent/shard_3_model.pt,Canonical byte-identical policy-aware SISA checkpoint or manifest copy.,,,ef05481662335055104e3f10f809d74fc18ebe85f68451404cd9a297f5b2774a,52379,POLICY_AWARE_SISA_CANONICAL_COPY
models/sisa/policy_aware/unlearned/invalid_consent/shard_5_model.pt,Canonical byte-identical policy-aware SISA checkpoint or manifest copy.,,,edbf6f74d0c5393c81b45644b910a69d2f50bf838421a3845d0da8ea5025c869,52379,POLICY_AWARE_SISA_CANONICAL_COPY
models/sisa/policy_aware/unlearned/recipient_withdrawal/configuration.json,Canonical byte-identical policy-aware SISA checkpoint or manifest copy.,,,d6dc15ef7868788eb2229b7154213236dcfe3f6566d6cea16d971c09c6a052a4,1758,POLICY_AWARE_SISA_CANONICAL_COPY
models/sisa/policy_aware/unlearned/recipient_withdrawal/ensemble_manifest.json,Canonical byte-identical policy-aware SISA checkpoint or manifest copy.,,,a44f333fe2956b0e0fbc87e375a42a07207e272f8c0e373394ee020fca1616af,836,POLICY_AWARE_SISA_CANONICAL_COPY
models/sisa/policy_aware/unlearned/recipient_withdrawal/shard_1_model.pt,Canonical byte-identical policy-aware SISA checkpoint or manifest copy.,,,388e3053b9404f2a3010b961d0adf64046cdb77eac465f8e29cff392b67b5727,52315,POLICY_AWARE_SISA_CANONICAL_COPY
models/sisa/policy_aware/unlearned/retention_expiry/configuration.json,Canonical byte-identical policy-aware SISA checkpoint or manifest copy.,,,e499c78238bdee75c95e4875fe801d5f422cd498e868c293a16eafb3c6e714db,1754,POLICY_AWARE_SISA_CANONICAL_COPY
models/sisa/policy_aware/unlearned/retention_expiry/ensemble_manifest.json,Canonical byte-identical policy-aware SISA checkpoint or manifest copy.,,,bb8f2736a19afcdde66ca44115628393730828f2ec24092a989a0e3d40c84829,862,POLICY_AWARE_SISA_CANONICAL_COPY
models/sisa/policy_aware/unlearned/retention_expiry/shard_1_model.pt,Canonical byte-identical policy-aware SISA checkpoint or manifest copy.,,,fef94ec167c81d4985399781c18e372beb1d977b636af44f5e24803643b2048b,52379,POLICY_AWARE_SISA_CANONICAL_COPY
models/sisa/policy_aware/unlearned/retention_expiry/shard_3_model.pt,Canonical byte-identical policy-aware SISA checkpoint or manifest copy.,,,b6c2e16f3fd031eca8a97634bf7d3c6d7bcadd2ffd79f91ca84673513dcb3dd1,52379,POLICY_AWARE_SISA_CANONICAL_COPY
models/sisa/policy_aware/unlearned/retention_expiry/shard_4_model.pt,Canonical byte-identical policy-aware SISA checkpoint or manifest copy.,,,23434a2da4cfbe9033b785d3cec2138daaaca7d13d277317fe4093753ce9b6d3,52379,POLICY_AWARE_SISA_CANONICAL_COPY
models/sisa/provider_aware/original/configuration.json,"Provider-aware SISA checkpoint, final model or model configuration.",,,4efbdfd822313dbb8bb0c19fd0560c1d763b42c4fc60b39c9e757f76a82b7640,485,PROVIDER_AWARE_SISA_MODEL_ARTIFACT
models/sisa/provider_aware/original/ensemble_manifest.json,"Provider-aware SISA checkpoint, final model or model configuration.",,,d54ed42c86e108bbc3e2fc290373b50935ed2ae7ffd915308e8ab35eb93e1870,822,PROVIDER_AWARE_SISA_MODEL_ARTIFACT
models/sisa/provider_aware/original/shard_1_final.pt,"Provider-aware SISA checkpoint, final model or model configuration.",,,0ae6d47995626593179373d99c5044162a5f05706a43535e822b5c0b3509a503,52699,PROVIDER_AWARE_SISA_MODEL_ARTIFACT
models/sisa/provider_aware/original/shard_1_slice_1.pt,"Provider-aware SISA checkpoint, final model or model configuration.",,,8435c185b28831bef208c16ae231ed27a2e0f5e7c2e171d1c238663dfec57ef0,52699,PROVIDER_AWARE_SISA_MODEL_ARTIFACT
models/sisa/provider_aware/original/shard_1_slice_2.pt,"Provider-aware SISA checkpoint, final model or model configuration.",,,f2826e3c9d98306584737a7bd8868b378c6cea619c7eaa85e48c06a52a7dbf3a,52699,PROVIDER_AWARE_SISA_MODEL_ARTIFACT
models/sisa/provider_aware/original/shard_1_slice_3.pt,"Provider-aware SISA checkpoint, final model or model configuration.",,,198325047faf1222a4c300700b0668f82910ee756b4432f0ea4cfc67f059ccd6,52699,PROVIDER_AWARE_SISA_MODEL_ARTIFACT
models/sisa/provider_aware/original/shard_1_slice_4.pt,"Provider-aware SISA checkpoint, final model or model configuration.",,,6e241bdfbddc92b8158b87a61d52a5378ac29343514b22a4a3ae76851c9d5eaf,52699,PROVIDER_AWARE_SISA_MODEL_ARTIFACT
models/sisa/provider_aware/original/shard_1_slice_5.pt,"Provider-aware SISA checkpoint, final model or model configuration.",,,0ae6d47995626593179373d99c5044162a5f05706a43535e822b5c0b3509a503,52699,PROVIDER_AWARE_SISA_MODEL_ARTIFACT
models/sisa/provider_aware/original/shard_2_final.pt,"Provider-aware SISA checkpoint, final model or model configuration.",,,648fc05e99208f9433b92f889f5129fec48f993267ed6f0f4707e9c948fd0be5,52699,PROVIDER_AWARE_SISA_MODEL_ARTIFACT
models/sisa/provider_aware/original/shard_2_slice_1.pt,"Provider-aware SISA checkpoint, final model or model configuration.",,,8a4e607e1bdb0d238a126a9a846fb0dc32c37e405f2b3f1980e4401015db5970,52699,PROVIDER_AWARE_SISA_MODEL_ARTIFACT
models/sisa/provider_aware/original/shard_2_slice_2.pt,"Provider-aware SISA checkpoint, final model or model configuration.",,,d46e8346860f9f572301a839921916f9378508203740fd1bfe28a794c9278de2,52699,PROVIDER_AWARE_SISA_MODEL_ARTIFACT
models/sisa/provider_aware/original/shard_2_slice_3.pt,"Provider-aware SISA checkpoint, final model or model configuration.",,,fafa342219de26026ff9c2ae00a50fd4481337f6610b91d7472fcf04c7910929,52699,PROVIDER_AWARE_SISA_MODEL_ARTIFACT
models/sisa/provider_aware/original/shard_2_slice_4.pt,"Provider-aware SISA checkpoint, final model or model configuration.",,,da0b64bb41087c9df7f136f6b29f227a2099ae4b1415a274766a597aa112d659,52699,PROVIDER_AWARE_SISA_MODEL_ARTIFACT
models/sisa/provider_aware/original/shard_2_slice_5.pt,"Provider-aware SISA checkpoint, final model or model configuration.",,,648fc05e99208f9433b92f889f5129fec48f993267ed6f0f4707e9c948fd0be5,52699,PROVIDER_AWARE_SISA_MODEL_ARTIFACT
models/sisa/provider_aware/original/shard_3_final.pt,"Provider-aware SISA checkpoint, final model or model configuration.",,,08f328515b51400b2e2e63523ee326ddfe53a9ad9bf577792022c595b1143daf,52699,PROVIDER_AWARE_SISA_MODEL_ARTIFACT
models/sisa/provider_aware/original/shard_3_slice_1.pt,"Provider-aware SISA checkpoint, final model or model configuration.",,,68ef5186e29a97a274394a663570f72603a6142565a4cf17a6b785d0f10c0952,52699,PROVIDER_AWARE_SISA_MODEL_ARTIFACT
models/sisa/provider_aware/original/shard_3_slice_2.pt,"Provider-aware SISA checkpoint, final model or model configuration.",,,c7e449186745970fe8b3ad6b8df716b883a8d8712bc642693c88224b20297965,52699,PROVIDER_AWARE_SISA_MODEL_ARTIFACT
models/sisa/provider_aware/original/shard_3_slice_3.pt,"Provider-aware SISA checkpoint, final model or model configuration.",,,646e17f4f37fa5356ccf504a6b969a782331b0eb151b7e09fbcbe3f1aa1e79ba,52699,PROVIDER_AWARE_SISA_MODEL_ARTIFACT
models/sisa/provider_aware/original/shard_3_slice_4.pt,"Provider-aware SISA checkpoint, final model or model configuration.",,,feaeb18b7691358b13254c407de90bb2f18606ec154818f0d6ac39cc3771bc20,52699,PROVIDER_AWARE_SISA_MODEL_ARTIFACT
models/sisa/provider_aware/original/shard_3_slice_5.pt,"Provider-aware SISA checkpoint, final model or model configuration.",,,08f328515b51400b2e2e63523ee326ddfe53a9ad9bf577792022c595b1143daf,52699,PROVIDER_AWARE_SISA_MODEL_ARTIFACT
models/sisa/provider_aware/original/shard_4_final.pt,"Provider-aware SISA checkpoint, final model or model configuration.",,,cb347369279259a9ac60561d0ca5836b6bab91804260f5ea95725ffea9319560,52699,PROVIDER_AWARE_SISA_MODEL_ARTIFACT
models/sisa/provider_aware/original/shard_4_slice_1.pt,"Provider-aware SISA checkpoint, final model or model configuration.",,,4fd28a810660195221c358c85fd83d69d98a70765bdf146e06943aca07b3289b,52699,PROVIDER_AWARE_SISA_MODEL_ARTIFACT
models/sisa/provider_aware/original/shard_4_slice_2.pt,"Provider-aware SISA checkpoint, final model or model configuration.",,,459a8cb9f568e278b30f00d61f059da7654b763bd70360a1d952b0f90606cc47,52699,PROVIDER_AWARE_SISA_MODEL_ARTIFACT
models/sisa/provider_aware/original/shard_4_slice_3.pt,"Provider-aware SISA checkpoint, final model or model configuration.",,,3f56708daab2e01cb33c6859af542ddc932134ca9780b1ae4887616a87fc494a,52699,PROVIDER_AWARE_SISA_MODEL_ARTIFACT
models/sisa/provider_aware/original/shard_4_slice_4.pt,"Provider-aware SISA checkpoint, final model or model configuration.",,,dd0de5ef671e1c693c4ca1fc9bb70b5ed406b2618922547f60252bbd58b4f987,52699,PROVIDER_AWARE_SISA_MODEL_ARTIFACT
models/sisa/provider_aware/original/shard_4_slice_5.pt,"Provider-aware SISA checkpoint, final model or model configuration.",,,cb347369279259a9ac60561d0ca5836b6bab91804260f5ea95725ffea9319560,52699,PROVIDER_AWARE_SISA_MODEL_ARTIFACT
models/sisa/provider_aware/original/shard_5_final.pt,"Provider-aware SISA checkpoint, final model or model configuration.",,,fd06edf5bbcff389bb8715d5b4bbda6237e08856f0fd5a59adea2e1c992ae3c9,52699,PROVIDER_AWARE_SISA_MODEL_ARTIFACT
models/sisa/provider_aware/original/shard_5_slice_1.pt,"Provider-aware SISA checkpoint, final model or model configuration.",,,554b329bdae4719384dd73a02a1cfa59b3f1889a20bf738f38cebc93aaac626f,52699,PROVIDER_AWARE_SISA_MODEL_ARTIFACT
models/sisa/provider_aware/original/shard_5_slice_2.pt,"Provider-aware SISA checkpoint, final model or model configuration.",,,8504d0b8c844d7b66674afc1d54c945c051083f38370152dc35f8615497aa4a9,52699,PROVIDER_AWARE_SISA_MODEL_ARTIFACT
models/sisa/provider_aware/original/shard_5_slice_3.pt,"Provider-aware SISA checkpoint, final model or model configuration.",,,4a0922a0d9973e9710fd6e37260e565a10add04a8262f96febdc1a9b441c8134,52699,PROVIDER_AWARE_SISA_MODEL_ARTIFACT
models/sisa/provider_aware/original/shard_5_slice_4.pt,"Provider-aware SISA checkpoint, final model or model configuration.",,,a60abbd2696988b0130ac06de45ea26219fcc6eed628cb6d53b8779d5c9cf29f,52699,PROVIDER_AWARE_SISA_MODEL_ARTIFACT
models/sisa/provider_aware/original/shard_5_slice_5.pt,"Provider-aware SISA checkpoint, final model or model configuration.",,,fd06edf5bbcff389bb8715d5b4bbda6237e08856f0fd5a59adea2e1c992ae3c9,52699,PROVIDER_AWARE_SISA_MODEL_ARTIFACT
models/sisa/provider_aware/unlearned/donor_withdrawal/ensemble_manifest.json,"Provider-aware SISA checkpoint, final model or model configuration.",,,a72d18b96a09c34315ed045377e2b70d496478f2d3d759a54676956523262a05,906,PROVIDER_AWARE_SISA_MODEL_ARTIFACT
models/sisa/provider_aware/unlearned/donor_withdrawal/shard_1_model.pt,"Provider-aware SISA checkpoint, final model or model configuration.",,,22b357bfe09e4b35a2cacfa00715f5ad55e95d29979b28c2587ef2ead492b615,52187,PROVIDER_AWARE_SISA_MODEL_ARTIFACT
models/sisa/provider_aware/unlearned/donor_withdrawal/shard_2_model.pt,"Provider-aware SISA checkpoint, final model or model configuration.",,,8591e33c1a4232effe250acc5c9459cf60dae3f9211882fe6c34916f532f2ad2,52187,PROVIDER_AWARE_SISA_MODEL_ARTIFACT
models/sisa/provider_aware/unlearned/donor_withdrawal/shard_3_model.pt,"Provider-aware SISA checkpoint, final model or model configuration.",,,9bd82bc5dc60bf542ff56caaabbb792bd6b8a98bc11e89a06e0a30f5ab067e53,52187,PROVIDER_AWARE_SISA_MODEL_ARTIFACT
models/sisa/provider_aware/unlearned/donor_withdrawal/shard_4_model.pt,"Provider-aware SISA checkpoint, final model or model configuration.",,,9a4702f8dc2f3d19be0505eee6bfca4b0331e269f75764ac8afad3c93a84e450,52187,PROVIDER_AWARE_SISA_MODEL_ARTIFACT
models/sisa/provider_aware/unlearned/donor_withdrawal/shard_5_model.pt,"Provider-aware SISA checkpoint, final model or model configuration.",,,579e7ed9aa9ef9aa6a30fb0eee40fac3c820b5a1747922659e0dc01ef44aa1e3,52187,PROVIDER_AWARE_SISA_MODEL_ARTIFACT
models/sisa/provider_aware/unlearned/hospital_removal/ensemble_manifest.json,"Provider-aware SISA checkpoint, final model or model configuration.",,,41eb38fb4d6b8dbda969e47dbd037972a6a0b0126db5e723d5775552b48a0b84,906,PROVIDER_AWARE_SISA_MODEL_ARTIFACT
models/sisa/provider_aware/unlearned/hospital_removal/shard_1_model.pt,"Provider-aware SISA checkpoint, final model or model configuration.",,,b88c65d1d5c030e8cde3110834e7d26129d3d79ad9e05335ba45c4570550c52b,52187,PROVIDER_AWARE_SISA_MODEL_ARTIFACT
models/sisa/provider_aware/unlearned/hospital_removal/shard_2_model.pt,"Provider-aware SISA checkpoint, final model or model configuration.",,,3a2ba9ad04e55ed59acf6e1ca7cc2076652285087443873930b62c6ed4572d19,52187,PROVIDER_AWARE_SISA_MODEL_ARTIFACT
models/sisa/provider_aware/unlearned/hospital_removal/shard_3_model.pt,"Provider-aware SISA checkpoint, final model or model configuration.",,,cb168e2ccd30263e61c7c3a46b2b67153c45398579e1784942ea424078f71a25,52187,PROVIDER_AWARE_SISA_MODEL_ARTIFACT
models/sisa/provider_aware/unlearned/hospital_removal/shard_4_model.pt,"Provider-aware SISA checkpoint, final model or model configuration.",,,c420b69a9419e9bae561af1fe36fd01dc76b1930f608cb336285707a2fa8c2f3,52187,PROVIDER_AWARE_SISA_MODEL_ARTIFACT
models/sisa/provider_aware/unlearned/hospital_removal/shard_5_model.pt,"Provider-aware SISA checkpoint, final model or model configuration.",,,2d3d0aaeec0690174f14367d122f855deaba460f154f9dcb68c608a327399b67,52187,PROVIDER_AWARE_SISA_MODEL_ARTIFACT
models/sisa/provider_aware/unlearned/invalid_consent/ensemble_manifest.json,"Provider-aware SISA checkpoint, final model or model configuration.",,,45a64ff8780277b945c4740eb4e5ac7a82cf68e74d4d86adceaa439303e64b7f,900,PROVIDER_AWARE_SISA_MODEL_ARTIFACT
models/sisa/provider_aware/unlearned/invalid_consent/shard_1_model.pt,"Provider-aware SISA checkpoint, final model or model configuration.",,,7932323cec7f32004f1e5e56a7715a268db3386d0d9aed97a72862179d44e619,52187,PROVIDER_AWARE_SISA_MODEL_ARTIFACT
models/sisa/provider_aware/unlearned/invalid_consent/shard_2_model.pt,"Provider-aware SISA checkpoint, final model or model configuration.",,,90797ec028adbf562154cc9d32646d0a53180717cf6ae9ad32fadf6d82db6f71,52187,PROVIDER_AWARE_SISA_MODEL_ARTIFACT
models/sisa/provider_aware/unlearned/invalid_consent/shard_3_model.pt,"Provider-aware SISA checkpoint, final model or model configuration.",,,c082c731e0b0876d429adbf89ab64629c1ff5f53b1dd41556b5527737d717597,52187,PROVIDER_AWARE_SISA_MODEL_ARTIFACT
models/sisa/provider_aware/unlearned/invalid_consent/shard_4_model.pt,"Provider-aware SISA checkpoint, final model or model configuration.",,,72ccb5a4b31197d969086bd05d5f8993e0226b72db212eab2ff493e7fe891025,52187,PROVIDER_AWARE_SISA_MODEL_ARTIFACT
models/sisa/provider_aware/unlearned/invalid_consent/shard_5_model.pt,"Provider-aware SISA checkpoint, final model or model configuration.",,,fb699cdf4f2d489b3f4528b31b771bd737786083cf303498eb18e7f96ae8d35a,52187,PROVIDER_AWARE_SISA_MODEL_ARTIFACT
models/sisa/provider_aware/unlearned/recipient_withdrawal/ensemble_manifest.json,"Provider-aware SISA checkpoint, final model or model configuration.",,,db84ebcf5cf428709223ef09b1de6c9d6041dc53644a0819ccd0eded13214283,930,PROVIDER_AWARE_SISA_MODEL_ARTIFACT
models/sisa/provider_aware/unlearned/recipient_withdrawal/shard_1_model.pt,"Provider-aware SISA checkpoint, final model or model configuration.",,,030b6d473def80fc672a567d7521b0a7f8e61599c627a1f8e93c8ca0d558943e,52187,PROVIDER_AWARE_SISA_MODEL_ARTIFACT
models/sisa/provider_aware/unlearned/recipient_withdrawal/shard_2_model.pt,"Provider-aware SISA checkpoint, final model or model configuration.",,,3d295b053cbc30dd6aa01d5da0aa459e22fc167ec35bb6e447ea89b7cf6f6f58,52187,PROVIDER_AWARE_SISA_MODEL_ARTIFACT
models/sisa/provider_aware/unlearned/recipient_withdrawal/shard_3_model.pt,"Provider-aware SISA checkpoint, final model or model configuration.",,,d5e28683931c07aae09ee91989176b0882c922aa296d1fedffa4e37e814dd439,52187,PROVIDER_AWARE_SISA_MODEL_ARTIFACT
models/sisa/provider_aware/unlearned/recipient_withdrawal/shard_4_model.pt,"Provider-aware SISA checkpoint, final model or model configuration.",,,a59ae879cf7ea7a51592c467f057cf854096304fc386f6006ea2e641ade07915,52187,PROVIDER_AWARE_SISA_MODEL_ARTIFACT
models/sisa/provider_aware/unlearned/recipient_withdrawal/shard_5_model.pt,"Provider-aware SISA checkpoint, final model or model configuration.",,,33afb5c814a64f5ad988303d3df43f347d5d426e2be39de4e36c9cd7b543ab74,52187,PROVIDER_AWARE_SISA_MODEL_ARTIFACT
models/sisa/provider_aware/unlearned/retention_expiry/ensemble_manifest.json,"Provider-aware SISA checkpoint, final model or model configuration.",,,8673733c934ad7e097c62ffb1ba1f142a10f196d2c90529c78a8bfdf459316f8,906,PROVIDER_AWARE_SISA_MODEL_ARTIFACT
models/sisa/provider_aware/unlearned/retention_expiry/shard_1_model.pt,"Provider-aware SISA checkpoint, final model or model configuration.",,,67f245b2595878301d8ca32f5b9c3776e5f4fe43803dd8fb1cc062be1ff3dd6c,52187,PROVIDER_AWARE_SISA_MODEL_ARTIFACT
models/sisa/provider_aware/unlearned/retention_expiry/shard_2_model.pt,"Provider-aware SISA checkpoint, final model or model configuration.",,,fe2f345842aee5e5c5261bb0db065c2fdd8007b6800cbd6968f492b0681ea94d,52187,PROVIDER_AWARE_SISA_MODEL_ARTIFACT
models/sisa/provider_aware/unlearned/retention_expiry/shard_3_model.pt,"Provider-aware SISA checkpoint, final model or model configuration.",,,efb2d2de18c529448c8d23f7f18a627d530c42227c4a8ebdabb1b2a2060107ad,52187,PROVIDER_AWARE_SISA_MODEL_ARTIFACT
models/sisa/provider_aware/unlearned/retention_expiry/shard_4_model.pt,"Provider-aware SISA checkpoint, final model or model configuration.",,,e603832d238b7e0ec68738dbe147c8aecdeaa4a18deddc3c18f6514eb4cc2293,52187,PROVIDER_AWARE_SISA_MODEL_ARTIFACT
models/sisa/provider_aware/unlearned/retention_expiry/shard_5_model.pt,"Provider-aware SISA checkpoint, final model or model configuration.",,,4e566b1e832301c823233980e728dcb9e2011f1b6d9166e305b3304dc339c834,52187,PROVIDER_AWARE_SISA_MODEL_ARTIFACT
notebooks/00_dataset_generation.ipynb,Source-only Notebook 00 copy with outputs and execution counts cleared.,notebooks/KidneyTransplant/00_generate_and_validate_dataset.ipynb,93f95dd775f3ba0ed0df51e1786e9c0e5a40703b9930bb17ae0f54b19cfb4b1a,aee46fa055edb83749e04d8b4d123d6b2b71cd0881dcd311537e78d8c98746b1,801245,SOURCE_ONLY_COPY
notebooks/01_baseline_model.html,Pre-existing baseline HTML export; not regenerated by this execution.,,,67fc32a97060a32abcdbf81ecf07a53f9acbc90c8ef016d9093793b3050e0052,952437,COMPLETED_EXECUTED
notebooks/01_baseline_model.ipynb,Executed 12-section baseline modelling notebook with verified outputs.,,,13dad7093a5e0fb81e8fc0c42292e991354f96c506ef9eb3e876473de9d30a44,528813,COMPLETED_EXECUTED
notebooks/02_deletion_scenarios_and_full_retraining.html,Current submission workspace file.,,,4c191e9cd1e95e9bb1e6448f1ff1d76d41b9de2f2f169fe8bbf1a774c02b44dd,908961,COMPLETED_EXECUTED
notebooks/02_deletion_scenarios_and_full_retraining.ipynb,Notebook 02 source; execution failed at final truth-ratio readback verification and source correction is unexecuted.,,,3266225ff3926f6d04bfb12ddd12d6cace4f72724d2beb2c9a4bcad64927016c,475803,COMPLETED_EXECUTED
notebooks/03_retain_set_fine_tuning.html,Current submission workspace file.,,,e934646fc41c79c130df76a3a3b6f37023f5450420a7780d1722ea7f806844a7,716346,COMPLETED_EXECUTED
notebooks/03_retain_set_fine_tuning.ipynb,"Executed, reproducible study notebook.",,,04d3c0fdc2de0e17aac1a98b73e77504f00e20aa34ad394d5844a4629f2aa829,327068,COMPLETED_EXECUTED
notebooks/04_gradient_ascent.html,Non-executing review export of Notebook 04.,,,80d76de69efeac5c087b98a24766e1418be824c46f64a429d314c8f2e1fbddbf,800232,REVIEW_EXPORT
notebooks/04_gradient_ascent.ipynb,Executed gradient-ascent study notebook.,,,b71ddb7f2946a440b75f584ab2cdcf84deaa2ff8f086bdcd3c1803977f3edd9b,392205,COMPLETED_EXECUTED
notebooks/05_policy_aware_sisa.html,Review export of the canonical policy-aware SISA notebook.,notebooks/05_policy_aware_sisa.ipynb,6ba9c321c50ea2737e91c00c50c2ff7501b260c3cc344ba038030505751a288b,ad494480836df2fa67941cc8106b9039e626e100b06b0c7dee391b9f72560917,986594,POLICY_AWARE_SISA_REVIEW_EXPORT
notebooks/05_policy_aware_sisa.ipynb,Canonical policy-aware SISA notebook with canonical artifact ownership paths.,docs/data_generation/sisa_historical_evidence/05_policy_aware_sisa_hash_reference.ipynb,8e2810e4bc6693f42a1933540fd5065833291620a9f90f01be7b2906d0f789dc,0dbe70ffcc5e97acd6bceb82714898e0c245f3dd7a85eb292cbea88d24083a80,439192,POLICY_AWARE_SISA_CANONICAL
notebooks/05_provider_aware_sisa.html,Review export of the executed provider-aware SISA notebook.,,,df6e2fa8d6cd5c0b57fd8097f0bf5f9fd662aa954cf8e9246ef910f0daebdbd6,605754,PROVIDER_AWARE_SISA_REVIEW_EXPORT
notebooks/05_provider_aware_sisa.ipynb,Executed provider-aware SISA experiment using frozen hospital-provenance shards and chronological slices.,,,c051a1a4ffc4964a2de2ee24ee5b88f36f707cfd29c1ef9de6275c203619f9d1,160369,EXECUTED_PROVIDER_AWARE_SISA
notebooks/05_sisa.html,Review export of the executed standard request-agnostic SISA notebook.,,,abb49fc54d149139e671c3b37efc80de854cd890ce03ff03be9d884ee23eb450,874009,STANDARD_HASH_BASED_SISA_REVIEW_EXPORT
notebooks/05_sisa.ipynb,Executed standard request-agnostic deterministic hash-based SISA experiment.,,,d1710e2e9656c79e1849c5e2affdb9ccdf453be8710770b38ba1c882aa06123d,389730,COMPLETED_STANDARD_HASH_BASED_SISA
notebooks/06_gradient_difference.html,Review export of the executed Gradient Difference notebook.,,,faad9ab21b9a0ed05756a34d0503eedf26b71ecd861a8ffb7f7fe47b9db32e90,915810,GRADIENT_DIFFERENCE_REVIEW_EXPORT
notebooks/06_gradient_difference.ipynb,Executed TOFU-aligned binary Gradient Difference experiment.,,,dadc980fd2c27f38379ae26d973f76f0ddfc7e787f51c3d2c6c8c2ddf626f588,474546,EXECUTED_GRADIENT_DIFFERENCE
processed_data/.gitkeep,Keeps the empty future-processed-data directory in version control.,,,01ba4719c80b6fe911b091a7c05124b64eeece964e09c058ef8f9805daca546b,1,VERIFIED_CURRENT_ARTIFACT
processed_data/deletion_scenario_membership.csv,Long-format pseudonymous deletion membership for five frozen scenarios.,,,76ba6f3fb6a919352f51d4db636875a242a25440e088fd9579ae35c6db28f426,2176192,VERIFIED_CURRENT_ARTIFACT
processed_data/sisa/hash_based/sisa_shard_slice_assignment.csv,Standard deterministic hash-based SISA assignment.,,,4dbd5e9ae6f96e328697ba7ccf5217c04aff7a558bcfbf24994cbabf2ed6378a,119099,STANDARD_HASH_BASED_SISA_ARTIFACT
processed_data/sisa/policy_aware/sisa_policy_aware_assignment.csv,Canonical policy-aware SISA assignment.,,,68a2a1cc392abc74fff3dd93ed78dfcc0b475f97cc9ee80fc8e31a93d97219fa,217164,POLICY_AWARE_SISA_ARTIFACT
processed_data/split_assignments.csv,Permanent seed-42 donor-grouped recipient split assignments.,,,fde3ab5bfd16abb18191b4b10619f2d1a651006896325cab73a15543568c36a9,401062,VERIFIED_CURRENT_ARTIFACT
processed_data/test_assessments.csv,Full authoritative assessment rows assigned to the untouched test split.,,,ffa033311078de4fb63ed3893b0e19d6c199bb3fbdfdf16d4905badf9c711175,2195312,VERIFIED_CURRENT_ARTIFACT
processed_data/training_assessments.csv,Full authoritative assessment rows assigned to training.,,,65d48f6f9d79fddd32840844dcebc5aa59b0f96071709df15b1287350b808626,10242741,VERIFIED_CURRENT_ARTIFACT
processed_data/validation_assessments.csv,Full authoritative assessment rows assigned to validation.,,,de23f1655578057c05383ca4a2b23dab9b80e86e9dd2bcf7d1d811c6db5a2b5e,2191049,VERIFIED_CURRENT_ARTIFACT
requirements.txt,Python dependency list copied from the repository root.,requirements.txt,ee1229a91055306082e5c71f0f1de766bc2633549c73eacd15c134542730b03d,ee1229a91055306082e5c71f0f1de766bc2633549c73eacd15c134542730b03d,97,VERIFIED_COPY
results/.gitkeep,Keeps the empty future-results directory in version control.,,,01ba4719c80b6fe911b091a7c05124b64eeece964e09c058ef8f9805daca546b,1,CREATED
results/baseline/baseline_attempt_001_failure_report.json,Preserved audit record of the first execution's final readback-tolerance failure.,,,d25e5e5d98721a5324185dbe7c87eec2a392588b304cbff6085c5904c0cb5474,848,PRESERVED_FAILURE_EVIDENCE
results/baseline/baseline_mandatory_execution_failure_report.json,Preserved historical failed-execution evidence.,,,8083a72998fa6194a938fd4f64e645a0b832ee34095d8405338172cec9c2282b,1637,PRESERVED_FAILURE_EVIDENCE
results/baseline/exploratory_subgroup_metrics.csv,Clearly labelled exploratory test subgroup diagnostics.,,,982f39ae31b59c489928716a8a1e85715063d002bd0f2c73d0530b91f7572e9e,4055,COMPLETED_NOTEBOOK01_ARTIFACT
results/baseline/figures/test_confusion_matrix.png,Untouched-test confusion-matrix figure.,,,ee345efd66c9b8b91a57fe40ad7ee6c0fbc8179d4248db4511235051006c45f4,50645,COMPLETED_NOTEBOOK01_ARTIFACT
results/baseline/figures/test_precision_recall_curve.png,Untouched-test precision-recall curve.,,,b5055cb83cf8655793006bfcadb376ca09a790fd7633cff1ee332bb549c7f62f,47165,COMPLETED_NOTEBOOK01_ARTIFACT
results/baseline/figures/test_roc_curve.png,Untouched-test ROC curve.,,,5ed835ea1c118d728c7ecee405b58a955286896055040bf0daef20fbf5e714c8,62921,COMPLETED_NOTEBOOK01_ARTIFACT
results/baseline/figures/training_validation_loss.png,Training and validation loss curves.,,,1a656b62dce709fe7655e7468404a2879aa7f6235983215f58e2f681d4c3e6ec,70757,COMPLETED_NOTEBOOK01_ARTIFACT
results/baseline/metric_reproduction_diagnostic.csv,Executed model result or verification artifact.,,,cd89dd7653a23c2198028b33923a9fbc66b991c675937d0704c1e42d685d588a,1138,COMPLETED_NOTEBOOK01_ARTIFACT
results/baseline/metrics_by_assessment_day.csv,Test diagnostics by scheduled assessment day.,,,fa82d96b83daae79dc8ec78b0ca26671ebbe140edf4cf9b4ac70adc0056931e4,1758,COMPLETED_NOTEBOOK01_ARTIFACT
results/baseline/reproducibility_report.json,Model/preprocessor reload and numerical-reproduction results.,,,99d37d8dba9f7f0c37e77bad0ba3aa86b48feaf20815f705a073ddc93402e267,705,COMPLETED_NOTEBOOK01_ARTIFACT
results/baseline/run_summary.json,"Completed baseline configuration, runtime and held-out results.",,,3091e3ac7e9500c7f0358340ceeca08301da168a72fa317571dcb48d1e0404bf,1468,COMPLETED_NOTEBOOK01_ARTIFACT
results/baseline/split_integrity_report.json,"Recipient, donor and assessment split-overlap audit.",,,e0215a4cd81bd9b383ea56b752cef3e98bf1c6fc6a846fdb770d14068ef16576,1710,COMPLETED_NOTEBOOK01_ARTIFACT
results/baseline/test_metrics.csv,Final held-out test metrics at the validation-selected threshold.,,,34597b7dae445cf83145d6c85814de62cfc0f312a58d585dfc4fc479a492ec7d,466,COMPLETED_NOTEBOOK01_ARTIFACT
results/baseline/test_predictions.csv,Final held-out test probabilities and predictions.,,,94894c20b84f3c65005a016944c59cc175227793e62ad0744d714750229ca110,650960,COMPLETED_NOTEBOOK01_ARTIFACT
results/baseline/training_history.csv,Per-epoch training and validation weighted loss history.,,,c4c1cf49307310083a9266b918f90a2a45ed8b0d9339053beedf14293bb1b1a9,1167,COMPLETED_NOTEBOOK01_ARTIFACT
results/baseline/validation_thresholds.csv,Validation-only deterministic threshold-selection table.,,,85765d5b979e97c0aebd58a50f9d0ce16ab9267e4a4d36972c845c158aa6c156,13520,COMPLETED_NOTEBOOK01_ARTIFACT
results/full_retraining/figures/full_retraining_comparison.png,Utility-delta and forget-set probability-distance figure.,,,1bfe0212e5453d33c945359c6d4c785a7fa2cabc571dcf175eb4f03f886ffbcb,109315,COMPLETED_NOTEBOOK02_ARTIFACT
results/full_retraining/figures/full_retraining_loss_curves.png,Five-panel full-retraining weighted-loss figure.,,,d57ef44e0bcdb368c47eec8963eb74d959124284da59ff7550c4e136ded105c6,194973,COMPLETED_NOTEBOOK02_ARTIFACT
results/full_retraining/forget_set_reference_predictions.csv,Full-retraining forget-set probability reference outputs.,,,857f9d58d2c81437b784379e287ffa444d5c24695780ad14735c9d2f10deb233,2674671,COMPLETED_NOTEBOOK02_ARTIFACT
results/full_retraining/metric_reproduction_diagnostic.csv,Executed model result or verification artifact.,,,6f968227013aba608ce9bedd38235ccc681a1a5c4763273d9b0c1ce4825d43dd,16201,COMPLETED_NOTEBOOK02_ARTIFACT
results/full_retraining/model_reload_verification.csv,Saved-model retained-test and forget-set probability reproduction checks.,,,5e4c4d5843ade9ae0a32928d159ae7c0ad192499e15f8a31e287e4b82934d0e7,548,COMPLETED_NOTEBOOK02_ARTIFACT
results/full_retraining/retained_test_predictions.csv,Scenario-retained test probabilities and predictions.,,,314c648b5764020d0d11a49a44bcff503084e683f2cc4939d650709a685672e3,3730615,COMPLETED_NOTEBOOK02_ARTIFACT
results/full_retraining/run_summary.json,Provisional Notebook 02 run summary recording the failed final verification.,,,ac1871c7be595f9769b948cff8f9b850fb1c198311b56aa3efc53120a96cb3ee,1201,COMPLETED_NOTEBOOK02_ARTIFACT
results/full_retraining/scenario_summary.csv,Complete deletion-scope and retained/deleted split counts by scenario.,,,222a47ab13e0a0200610002e1fda7501d784ba7f881e52bcd8cb274958ef2851,1008,COMPLETED_NOTEBOOK02_ARTIFACT
results/full_retraining/training_history.csv,Long-format weighted training and validation loss history.,,,7b891cdc3301d6db92454f06f04e7eafc21ce18f134a1b04b67cef0f93592ea2,7658,COMPLETED_NOTEBOOK02_ARTIFACT
results/full_retraining/training_summary.csv,"Best epochs, class weights and runtimes for five full-retraining models.",,,fcf2ff96f4eea4b4b2aa613a9a579418d2f4e712e22dde6052843882e4bfc69f,630,COMPLETED_NOTEBOOK02_ARTIFACT
results/full_retraining/truth_ratio_reference_values.csv,Binary truth-ratio reference values for training forget records.,,,9e7c9657b4526f6316fae5ef22e3ae278fe2ca558d47a574c89992bf82612332,2184366,COMPLETED_NOTEBOOK02_ARTIFACT
results/full_retraining/truth_ratio_reproduction_diagnostic.csv,Executed model result or verification artifact.,,,d403e0b3112577f4c4b5001e8236fdc6838d04586a4b2911b3c518f1919cf91f,199,COMPLETED_NOTEBOOK02_ARTIFACT
results/full_retraining/utility_deltas.csv,Full-retraining minus baseline retained-test metric deltas.,,,a7f70d406e0bf33086f8fd22bc001ae2606d14b4ddeebf20647e349801a695fe,1369,COMPLETED_NOTEBOOK02_ARTIFACT
results/full_retraining/utility_metrics.csv,Baseline and full-retraining retained-test utility metrics.,,,9d063700651fd78a309149b5aa7c8d0a43a13201f326566e8e55169e96b39e99,3045,COMPLETED_NOTEBOOK02_ARTIFACT
results/gradient_ascent/combined_tradeoff.csv,Verified gradient-ascent result or figure.,,,b64e282acd3f60f02a1c42e323e63724ae941251f2bf419ac2cb13c2e15b2056,3362,COMPLETED_NOTEBOOK04_ARTIFACT
results/gradient_ascent/composite_model_utility.csv,Verified gradient-ascent result or figure.,,,2577625a765eeae12e5e051cee1f9347dab0b2862559026293ba92b972d6a12f,3077,COMPLETED_NOTEBOOK04_ARTIFACT
results/gradient_ascent/efficiency_comparison.csv,Verified gradient-ascent result or figure.,,,145f1f99989d082c947d0cb4ebb9f253b285d5a73dffd0b828522ad3b4f40ae2,985,COMPLETED_NOTEBOOK04_ARTIFACT
results/gradient_ascent/figures/gradient_ascent_loss_curves.png,Verified gradient-ascent result or figure.,,,dee6f974fd171b33968a5dbac7f1d52a7a2bdea53aa81c17a460a29d5fd51a75,114378,COMPLETED_NOTEBOOK04_ARTIFACT
results/gradient_ascent/figures/utility_vs_forget_distance.png,Verified gradient-ascent result or figure.,,,dc568805b69771bd25e4240944ac18ce54512a8ee1c8381c58e57873c53296ff,56581,COMPLETED_NOTEBOOK04_ARTIFACT
results/gradient_ascent/forget_quality.csv,Verified gradient-ascent result or figure.,,,f481a1866c091f7654a71c0fd9fa0e8fcb1ffa178df24d6df013e5d8efa1ba94,1807,COMPLETED_NOTEBOOK04_ARTIFACT
results/gradient_ascent/forget_set_predictions.csv,Verified gradient-ascent result or figure.,,,99d0aa2999b7aa872b03913562b5b6724534d3912b48f2696329d2efbf8a2680,3504178,COMPLETED_NOTEBOOK04_ARTIFACT
results/gradient_ascent/model_reload_verification.csv,Verified gradient-ascent result or figure.,,,f0b946b801aa8ce3d2c094829a41ed37970d5d4bc86459df12503606d4629be4,553,COMPLETED_NOTEBOOK04_ARTIFACT
results/gradient_ascent/retained_test_predictions.csv,Verified gradient-ascent result or figure.,,,b1ea40e6f68981077aaca00a7c5d2b24edd12962bdf505468d1043a303d6506b,2471844,COMPLETED_NOTEBOOK04_ARTIFACT
results/gradient_ascent/run_summary.json,Verified gradient-ascent result or figure.,,,e9edd8aa56a40a576531a6d653994559aeda273495a226924f079473d8c9823b,1503,COMPLETED_NOTEBOOK04_ARTIFACT
results/gradient_ascent/training_history.csv,Verified gradient-ascent result or figure.,,,721e47b727b95c1a099719614337144f1634808abf3fdcc466d0d45878a46c12,14708,COMPLETED_NOTEBOOK04_ARTIFACT
results/gradient_ascent/training_summary.csv,Verified gradient-ascent result or figure.,,,d65f461e2ca5664020e02428214f48c818b42a23d154748c842fbc75e62eee9e,1400,COMPLETED_NOTEBOOK04_ARTIFACT
results/gradient_ascent/truth_ratio_reproduction_diagnostic.csv,Verified gradient-ascent result or figure.,,,aec56ceb19fccd6c6e11f1f0d25136bfe7cf2b4fd7e58513d359fc08ce068bbb,97,COMPLETED_NOTEBOOK04_ARTIFACT
results/gradient_ascent/truth_ratio_summary.csv,Verified gradient-ascent result or figure.,,,c258d9142951d527c502bde786c3330d8b67bec246c8f951b2c0f2dddb37e57a,3555,COMPLETED_NOTEBOOK04_ARTIFACT
results/gradient_ascent/truth_ratio_values.csv,Verified gradient-ascent result or figure.,,,72864d6f454818ba2bb9c71f4dcd931ee32d2294a742a7040edfc7b68929b10c,8189317,COMPLETED_NOTEBOOK04_ARTIFACT
results/gradient_ascent/utility_deltas.csv,Verified gradient-ascent result or figure.,,,d0188df193caa0c3d375b0c29b1619baa722755e9f549230acf3d7f1110e97c8,3437,COMPLETED_NOTEBOOK04_ARTIFACT
results/gradient_ascent/utility_metric_reproduction.csv,Independent retained-utility and composite-score reproduction diagnostic.,,,23dd36ed71fbd97332c8ed4f351f0ac494d5a3314de6745a3ea866e00c613d2f,7777,COMPLETED_NOTEBOOK04_ARTIFACT
results/gradient_ascent/utility_metrics.csv,Verified gradient-ascent result or figure.,,,51c6f4ec5e11b3ec72adb254b1ead8aab16466c364b2f062e5b6e264c254d38d,6692,COMPLETED_NOTEBOOK04_ARTIFACT
results/gradient_difference/count_comparison.csv,"Gradient Difference provenance, sampling, trajectory, prediction, metric, figure or verification artifact.",,,163aa158897a29a8363b1755295d2957c1f48292eea9801fea9d83c999f238a1,208,GRADIENT_DIFFERENCE_RESULT_OR_AUDIT
results/gradient_difference/donor_withdrawal_paired_sampling_audit.json,"Gradient Difference provenance, sampling, trajectory, prediction, metric, figure or verification artifact.",,,d5243fb8d56edf2ddc3d39cfbc07e3cb51bfca993f922800cc7605d2c508b4b8,2130,GRADIENT_DIFFERENCE_RESULT_OR_AUDIT
results/gradient_difference/efficiency_by_scenario.csv,"Gradient Difference provenance, sampling, trajectory, prediction, metric, figure or verification artifact.",,,45bca54df871d5c8447518ef53e47296be33d707d4767ca4ba133460fc362d3a,580,GRADIENT_DIFFERENCE_RESULT_OR_AUDIT
results/gradient_difference/epoch_forgetting.csv,"Gradient Difference provenance, sampling, trajectory, prediction, metric, figure or verification artifact.",,,fbe7f1d3f300ec84d62b5e38b198ba810a730f0a03d806d599f0a4d2e855ccfb,3822,GRADIENT_DIFFERENCE_RESULT_OR_AUDIT
results/gradient_difference/epoch_utility.csv,"Gradient Difference provenance, sampling, trajectory, prediction, metric, figure or verification artifact.",,,6530ebd3bd48e8534d9ec535748fdce7883a6bf54df2b34a71a1b16f03163a10,8544,GRADIENT_DIFFERENCE_RESULT_OR_AUDIT
results/gradient_difference/figures/composite_utility.png,"Gradient Difference provenance, sampling, trajectory, prediction, metric, figure or verification artifact.",,,1bdfdb6ba32df23400db6be89c5acd59455a28091f6f8902599348baddf20029,74866,GRADIENT_DIFFERENCE_RESULT_OR_AUDIT
results/gradient_difference/figures/ks_statistic.png,"Gradient Difference provenance, sampling, trajectory, prediction, metric, figure or verification artifact.",,,8e9cdfda754e311dfaa2dcf39fd62068dace96aa44d96941dd8fc04613531518,69612,GRADIENT_DIFFERENCE_RESULT_OR_AUDIT
results/gradient_difference/figures/loss_trajectory.png,"Gradient Difference provenance, sampling, trajectory, prediction, metric, figure or verification artifact.",,,44bbbdfcc31e635e6d498bd5f789bdff18287409781ea22ac2f9fef3508770f1,159809,GRADIENT_DIFFERENCE_RESULT_OR_AUDIT
results/gradient_difference/figures/runtime_comparison.png,"Gradient Difference provenance, sampling, trajectory, prediction, metric, figure or verification artifact.",,,9539f21d8e41905696ecb8282b3f1e701b605efff794de96875c19ca3707df5f,70740,GRADIENT_DIFFERENCE_RESULT_OR_AUDIT
results/gradient_difference/figures/utility_vs_forgetting.png,"Gradient Difference provenance, sampling, trajectory, prediction, metric, figure or verification artifact.",,,adbf197d337610db776ad4d91d24413cf8835f6c4b30ecf6f088c180c8e92e0c,65839,GRADIENT_DIFFERENCE_RESULT_OR_AUDIT
results/gradient_difference/forget_set_predictions.csv,"Gradient Difference provenance, sampling, trajectory, prediction, metric, figure or verification artifact.",,,afebda18a271d7326eaa9ae4289a2bc2278f2029083d07d0aa09089c3b365212,8223563,GRADIENT_DIFFERENCE_RESULT_OR_AUDIT
results/gradient_difference/forgetting_by_scenario.csv,"Gradient Difference provenance, sampling, trajectory, prediction, metric, figure or verification artifact.",,,0d87648960500f1f9c8ec0e1990875dd0e77e70168c2eabf9c63e2af72784291,919,GRADIENT_DIFFERENCE_RESULT_OR_AUDIT
results/gradient_difference/hospital_removal_paired_sampling_audit.json,"Gradient Difference provenance, sampling, trajectory, prediction, metric, figure or verification artifact.",,,fb0005585d3f5ee78731e00631cfbed3f11c1803a7dee936340d5c31ddd3214d,2130,GRADIENT_DIFFERENCE_RESULT_OR_AUDIT
results/gradient_difference/implementation_verification.json,"Gradient Difference provenance, sampling, trajectory, prediction, metric, figure or verification artifact.",,,34161a47cae45d576eea2f979dd8734b0e9807660c0d1330481aec0a038a6216,428,GRADIENT_DIFFERENCE_RESULT_OR_AUDIT
results/gradient_difference/invalid_consent_paired_sampling_audit.json,"Gradient Difference provenance, sampling, trajectory, prediction, metric, figure or verification artifact.",,,caa1d38049f13722c684c5855068c7f2ed81718eec8fca62f03d198e34c8e274,2124,GRADIENT_DIFFERENCE_RESULT_OR_AUDIT
results/gradient_difference/method_comparison.csv,"Gradient Difference provenance, sampling, trajectory, prediction, metric, figure or verification artifact.",,,468f9e35904e1d4652b350a48bf5b83c06ee34a0fea26611b7b46ebd174d6934,3391,GRADIENT_DIFFERENCE_RESULT_OR_AUDIT
results/gradient_difference/method_provenance.json,"Gradient Difference provenance, sampling, trajectory, prediction, metric, figure or verification artifact.",,,887a62b14a92064b700e16fce5942027a848b05d12c686f8e48d0830518abf2f,1218,GRADIENT_DIFFERENCE_RESULT_OR_AUDIT
results/gradient_difference/metric_reproduction.csv,"Gradient Difference provenance, sampling, trajectory, prediction, metric, figure or verification artifact.",,,06fb5f7b0998fb0dbb788ba30c299e7e4e1ab2825b0d2c89d457d12133d4f384,2060,GRADIENT_DIFFERENCE_RESULT_OR_AUDIT
results/gradient_difference/model_initialisation.csv,"Gradient Difference provenance, sampling, trajectory, prediction, metric, figure or verification artifact.",,,1567cc5e78bd76927e3b21312735e6e8288e4e4cd5a719e272a905d575cc3299,148,GRADIENT_DIFFERENCE_RESULT_OR_AUDIT
results/gradient_difference/model_reload_report.csv,"Gradient Difference provenance, sampling, trajectory, prediction, metric, figure or verification artifact.",,,e05b0ea68cb96268bea3cf3d41ac112d7bc354bc69716da348adbdb3fdec423c,265,GRADIENT_DIFFERENCE_RESULT_OR_AUDIT
results/gradient_difference/overall_summary.json,"Gradient Difference provenance, sampling, trajectory, prediction, metric, figure or verification artifact.",,,8833116a6f834f373b1db8c47d901dea16af387ba7ce5cac9811133782dd5aa4,3939,GRADIENT_DIFFERENCE_RESULT_OR_AUDIT
results/gradient_difference/paired_sampling_summary.csv,"Gradient Difference provenance, sampling, trajectory, prediction, metric, figure or verification artifact.",,,2985d923f7c5f13fbaad1d522a903c0c0053113546a2e086bde36d5a53a136c6,1894,GRADIENT_DIFFERENCE_RESULT_OR_AUDIT
results/gradient_difference/recipient_withdrawal_paired_sampling_audit.json,"Gradient Difference provenance, sampling, trajectory, prediction, metric, figure or verification artifact.",,,aaa5cf316c061b9c59a2801e94ad3137f1f7adac326983070916b3c631b34314,2139,GRADIENT_DIFFERENCE_RESULT_OR_AUDIT
results/gradient_difference/retained_test_predictions.csv,"Gradient Difference provenance, sampling, trajectory, prediction, metric, figure or verification artifact.",,,83134f3859e36a3528b64decd8cd0dfa42b649e44107fbe51af17fee0a0dc53c,11769807,GRADIENT_DIFFERENCE_RESULT_OR_AUDIT
results/gradient_difference/retention_expiry_paired_sampling_audit.json,"Gradient Difference provenance, sampling, trajectory, prediction, metric, figure or verification artifact.",,,cfa9776d2bd086082711764eb7c95ac92ff0ad2c4f159b21e14cd1b6b3a3bd25,2135,GRADIENT_DIFFERENCE_RESULT_OR_AUDIT
results/gradient_difference/run_summary.json,"Gradient Difference provenance, sampling, trajectory, prediction, metric, figure or verification artifact.",,,898aabe050039f8834ead34ab0bf9bfa06d89bbb35e5b47b4534884646ba393d,3855,GRADIENT_DIFFERENCE_RESULT_OR_AUDIT
results/gradient_difference/training_trajectory.csv,"Gradient Difference provenance, sampling, trajectory, prediction, metric, figure or verification artifact.",,,60bf7c9d2f61dd809aad48e3316c8169a710e3dc3724d60840f2a94151828f55,3220,GRADIENT_DIFFERENCE_RESULT_OR_AUDIT
results/gradient_difference/truth_ratio_ks_reproduction.csv,"Gradient Difference provenance, sampling, trajectory, prediction, metric, figure or verification artifact.",,,297434a0a1500e2f737a19cd8325013f74948467e3e29fb68753f805fa01dc26,223,GRADIENT_DIFFERENCE_RESULT_OR_AUDIT
results/gradient_difference/truth_ratio_values.csv,"Gradient Difference provenance, sampling, trajectory, prediction, metric, figure or verification artifact.",,,3d75773869c5b2b27c81afc56e10fb1139c9c20d0b2247b7f06d93d16662e1dc,19789999,GRADIENT_DIFFERENCE_RESULT_OR_AUDIT
results/gradient_difference/update_accounting.csv,"Gradient Difference provenance, sampling, trajectory, prediction, metric, figure or verification artifact.",,,8376a87337746b55374d429e80be4eb8dafbf61e0606061cbd8798cee90a282b,452,GRADIENT_DIFFERENCE_RESULT_OR_AUDIT
results/gradient_difference/utility_by_scenario.csv,"Gradient Difference provenance, sampling, trajectory, prediction, metric, figure or verification artifact.",,,9d25cd59346ff4bad0845fa46ec9342c962f40d2984c1571e2e20f71cfcddb08,1929,GRADIENT_DIFFERENCE_RESULT_OR_AUDIT
results/retain_set_fine_tuning/combined_tradeoff.csv,Executed model result or verification artifact.,,,84f6ad1de8ae1129989e06a8f6cd85f4389508c8e4c78dac0e8d7110a18b3494,2390,COMPLETED_NOTEBOOK03_ARTIFACT
results/retain_set_fine_tuning/composite_model_utility.csv,Executed model result or verification artifact.,,,65d60ec84baa7df507c7866daccc0da7154713e55caaac75d4d0207b76996d31,2316,COMPLETED_NOTEBOOK03_ARTIFACT
results/retain_set_fine_tuning/efficiency_comparison.csv,Executed model result or verification artifact.,,,ac153132f39854c6d06b8da5d3277989f5689572aa4d10167454d097d832fd69,1128,COMPLETED_NOTEBOOK03_ARTIFACT
results/retain_set_fine_tuning/figures/fine_tuning_loss_curves.png,Executed notebook figure.,,,5613b7eb84efaf870821314c517e01ae69002ae81f9abaf87368084fac7d2369,150711,COMPLETED_NOTEBOOK03_ARTIFACT
results/retain_set_fine_tuning/figures/utility_vs_forget_quality.png,Executed notebook figure.,,,237b7082a39efbc9b3364448e9af6f368f09c93de976b8c4c45f2f727138d8cc,55723,COMPLETED_NOTEBOOK03_ARTIFACT
results/retain_set_fine_tuning/forget_quality.csv,Executed model result or verification artifact.,,,831ab1cb96fa15c865c879c68b106178a9a6af43b7946a5e9bac11a73f700f54,1245,COMPLETED_NOTEBOOK03_ARTIFACT
results/retain_set_fine_tuning/forget_set_predictions.csv,Executed model result or verification artifact.,,,e74f363bc308eef38b13f415dfc5c70613f5852e126682dbfe30ad5afa5b40f9,2894468,COMPLETED_NOTEBOOK03_ARTIFACT
results/retain_set_fine_tuning/model_reload_verification.csv,Saved-model retained-test and forget-set probability reproduction checks.,,,6bda47c20d3dfa4f73779aa4978b222c169065dec8d231af056b01ca71cfcb69,548,COMPLETED_NOTEBOOK03_ARTIFACT
results/retain_set_fine_tuning/retained_test_predictions.csv,Executed model result or verification artifact.,,,a8a171b9f201f0db254c9978a61d4fcd8321037292b6fd28c6dae68332f13284,1936407,COMPLETED_NOTEBOOK03_ARTIFACT
results/retain_set_fine_tuning/run_summary.json,Verified completed execution summary.,,,38d1e140f769928cb8fde8ed0dca22055e0dc2d6e720063350841bfce3eeba55,1178,COMPLETED_NOTEBOOK03_ARTIFACT
results/retain_set_fine_tuning/training_history.csv,Executed model result or verification artifact.,,,cb5c4fc2789f7324c42265b1266cf45139af387cabc35c65cfc0f6c2a20c41d9,3160,COMPLETED_NOTEBOOK03_ARTIFACT
results/retain_set_fine_tuning/training_summary.csv,Executed model result or verification artifact.,,,32cbcd9c64b1ea14197a1fb089f4f861be81c9700154b39f9c0cc68a8d649ebb,660,COMPLETED_NOTEBOOK03_ARTIFACT
results/retain_set_fine_tuning/truth_ratio_reproduction_diagnostic.csv,Executed model result or verification artifact.,,,51f55ccde993b899bcdd5ae15be5b64447c048bbae8c19d631662b97b968dd26,97,COMPLETED_NOTEBOOK03_ARTIFACT
results/retain_set_fine_tuning/truth_ratio_summary.csv,Executed model result or verification artifact.,,,e199334cda2dbcd53bd497e26f6b09ab5d617c2cfde84b3cc42b780c294d6750,2678,COMPLETED_NOTEBOOK03_ARTIFACT
results/retain_set_fine_tuning/truth_ratio_values.csv,Executed model result or verification artifact.,,,91b3874e3a7f0ee0919a586abd68d5278f9b29ae6c0934dfa5e748a3da4d8a94,6095390,COMPLETED_NOTEBOOK03_ARTIFACT
results/retain_set_fine_tuning/utility_deltas.csv,Executed model result or verification artifact.,,,936a39a2d46ea4aca115794973c1263f485a0ff5503b1c485c12d5aeaf5d3822,2284,COMPLETED_NOTEBOOK03_ARTIFACT
results/retain_set_fine_tuning/utility_metrics.csv,Executed model result or verification artifact.,,,254f0f1c4de1ae454f94e5e6c36fb119042cb91fbef59496f9e66b7f66f0a621,5076,COMPLETED_NOTEBOOK03_ARTIFACT
results/sisa/hash_based/artifact_integrity_report.json,"Verified standard hash-based SISA result, audit report or figure.",,,2d1a24652743bf9ffbdf0367076107a13174611891099efb7c7882296d34643a,29198,STANDARD_HASH_BASED_SISA_ARTIFACT
results/sisa/hash_based/assignment_reproduction_report.json,"Verified standard hash-based SISA result, audit report or figure.",,,c0bf060cf525bcd58adc251492b848d1d4c28fbe98ba6ac8099504d2b921d2dd,180,STANDARD_HASH_BASED_SISA_ARTIFACT
results/sisa/hash_based/assignment_validation.csv,"Verified standard hash-based SISA result, audit report or figure.",,,498bb0bc15207b2742066a02f854758dbc448f0b7ca180d9d1b14d8c9ea48613,321,STANDARD_HASH_BASED_SISA_ARTIFACT
results/sisa/hash_based/combined_tradeoff.csv,"Verified standard hash-based SISA result, audit report or figure.",,,11181d9ce8a70a62e4173b363302a001c80d0a735871403b5b71c1b334ab1b51,3681,STANDARD_HASH_BASED_SISA_ARTIFACT
results/sisa/hash_based/composite_model_utility.csv,"Verified standard hash-based SISA result, audit report or figure.",,,0a4e3378ee69f392ea0eb4589e3e2f9a6d61d53326f0d38a87a939564d4a0dd4,4578,STANDARD_HASH_BASED_SISA_ARTIFACT
results/sisa/hash_based/delete_first_verification.csv,"Verified standard hash-based SISA result, audit report or figure.",,,632e553c48c4568c15bf6e07982969efb231de286e704ff37195f65eb576170c,392,STANDARD_HASH_BASED_SISA_ARTIFACT
results/sisa/hash_based/efficiency_comparison.csv,"Verified standard hash-based SISA result, audit report or figure.",,,fb849c6bed16552f068a084ebf8df43b1a31c5301a6150275e7b7b99f2da251b,1358,STANDARD_HASH_BASED_SISA_ARTIFACT
results/sisa/hash_based/ensemble_probability_reproduction.csv,"Verified standard hash-based SISA result, audit report or figure.",,,5f72b9db26fbf92f4a141fb3a7715d788badbd24d2d2808bf8696e3a141ea03b,448,STANDARD_HASH_BASED_SISA_ARTIFACT
results/sisa/hash_based/figures/sisa_structure_and_training.png,"Verified standard hash-based SISA result, audit report or figure.",,,fa12704a8492880b246c7870d7f7a3916aeac92614e86b917cbc0466000fb84e,116199,STANDARD_HASH_BASED_SISA_ARTIFACT
results/sisa/hash_based/figures/utility_vs_forget_distance.png,"Verified standard hash-based SISA result, audit report or figure.",,,2f38c6f6c1db9e3e20e84f401cdab1d3cf962870701b2cff19181e03ab4be7fe,52609,STANDARD_HASH_BASED_SISA_ARTIFACT
results/sisa/hash_based/forget_quality.csv,"Verified standard hash-based SISA result, audit report or figure.",,,138d37c2ddfa32f443792361468cc0d1ceae55cdae92929aee3698307275fca7,1683,STANDARD_HASH_BASED_SISA_ARTIFACT
results/sisa/hash_based/forget_set_predictions.csv,"Verified standard hash-based SISA result, audit report or figure.",,,154621a001f904a26f0bdd88dfb0c5749207e94e2fbffe3effba7024f4517837,4930003,STANDARD_HASH_BASED_SISA_ARTIFACT
results/sisa/hash_based/model_reload_verification.csv,"Verified standard hash-based SISA result, audit report or figure.",,,cb2feffff774a8d3c3ba13ffcbb9fd03017fff4f87329afdf518133d9248899a,167,STANDARD_HASH_BASED_SISA_ARTIFACT
results/sisa/hash_based/original_ensemble_predictions.csv,"Verified standard hash-based SISA result, audit report or figure.",,,f7f117b671178c3a1c6093a3673a0cd1465cb27a78412d137d957472267ead4b,896261,STANDARD_HASH_BASED_SISA_ARTIFACT
results/sisa/hash_based/original_training_history.csv,"Verified standard hash-based SISA result, audit report or figure.",,,79620227c122315336db5b692300d90a32a27153c122b03341fe1539f1fb5996,13425,STANDARD_HASH_BASED_SISA_ARTIFACT
results/sisa/hash_based/original_training_summary.csv,"Verified standard hash-based SISA result, audit report or figure.",,,97735c1af2c3447760b58ebf0c6db80ecd7e79c95ae9dd56217afba27a625514,3733,STANDARD_HASH_BASED_SISA_ARTIFACT
results/sisa/hash_based/replay_seed_audit.csv,"Verified standard hash-based SISA result, audit report or figure.",,,242a9544e337cfe857035fc79acc5eaf8b741d25a9e9458d92a5ba1c6fe0ce2c,1140,STANDARD_HASH_BASED_SISA_ARTIFACT
results/sisa/hash_based/retained_test_predictions.csv,"Verified standard hash-based SISA result, audit report or figure.",,,bcac1e383fc451118ed74167ca9e7695e3bddf35c713fd46e2666620e1722ca6,3359064,STANDARD_HASH_BASED_SISA_ARTIFACT
results/sisa/hash_based/run_summary.json,"Verified standard hash-based SISA result, audit report or figure.",,,d6883113fd3096f28d1dddc6f122c4d12744d64a208e8c12cce8e398a2f6bf1d,3675,STANDARD_HASH_BASED_SISA_ARTIFACT
results/sisa/hash_based/scenario_ensemble_manifest_summary.csv,"Verified standard hash-based SISA result, audit report or figure.",,,e3f5ec17c5816f8f57c95b458266920e6ee0d200659d644bc7f0a5860f10199a,178,STANDARD_HASH_BASED_SISA_ARTIFACT
results/sisa/hash_based/scenario_shard_impact.csv,"Verified standard hash-based SISA result, audit report or figure.",,,8491a64155f07616bf11cb1262b44da815f045b161cb11a87297ad81cbe441d0,1800,STANDARD_HASH_BASED_SISA_ARTIFACT
results/sisa/hash_based/selective_retraining_history.csv,"Verified standard hash-based SISA result, audit report or figure.",,,2a2f7c7de5de71a41978ac90e34bfd69eca01cbf5de3164393ef8695ad02068b,96030,STANDARD_HASH_BASED_SISA_ARTIFACT
results/sisa/hash_based/selective_retraining_summary.csv,"Verified standard hash-based SISA result, audit report or figure.",,,500caa71211fa4fb5fc2ec9953f4dd84a14658181237bef6e7df0ab476b26492,4884,STANDARD_HASH_BASED_SISA_ARTIFACT
results/sisa/hash_based/shard_probability_fingerprints.csv,"Verified standard hash-based SISA result, audit report or figure.",,,d6a0beda8cffcc8d0a577431ca3e919162f21889614e050a4f00eafbba2c485f,11885,STANDARD_HASH_BASED_SISA_ARTIFACT
results/sisa/hash_based/shard_summary.csv,"Verified standard hash-based SISA result, audit report or figure.",,,34fcbc4020734627f33d2e21a63537d8882969b54301024aab4ee3e5e8609a57,243,STANDARD_HASH_BASED_SISA_ARTIFACT
results/sisa/hash_based/slice_summary.csv,"Verified standard hash-based SISA result, audit report or figure.",,,df51342b8d3f619eed74bc82406843d7605b57a640d9b15a3f13f0d14048cd2a,1016,STANDARD_HASH_BASED_SISA_ARTIFACT
results/sisa/hash_based/truth_ratio_reproduction_diagnostic.csv,"Verified standard hash-based SISA result, audit report or figure.",,,97f9302007f4ea122adaf935e705ca2b4f1e2531ccefed46f6a9b28a32453f18,98,STANDARD_HASH_BASED_SISA_ARTIFACT
results/sisa/hash_based/truth_ratio_summary.csv,"Verified standard hash-based SISA result, audit report or figure.",,,8cd892b4cdd86e8c8c5ffa3bda302dd85b01479715adc6f3d34215d1fccde2a6,5295,STANDARD_HASH_BASED_SISA_ARTIFACT
results/sisa/hash_based/truth_ratio_values.csv,"Verified standard hash-based SISA result, audit report or figure.",,,7037335276ceb311afd3514c6cacf1d550046c4515e7c116d366d3d7de12e7a8,12278713,STANDARD_HASH_BASED_SISA_ARTIFACT
results/sisa/hash_based/utility_deltas.csv,"Verified standard hash-based SISA result, audit report or figure.",,,1605fb9e1ff42a199fad3dbf4b3fd891fe9fdc3949051525d64896fb5fd51fe3,5562,STANDARD_HASH_BASED_SISA_ARTIFACT
results/sisa/hash_based/utility_metric_reproduction.csv,"Verified standard hash-based SISA result, audit report or figure.",,,20a91760fc12a9c65c79dcc227c5a5f4c9350941b9b3344259ea2e08e99e91ea,18588,STANDARD_HASH_BASED_SISA_ARTIFACT
results/sisa/hash_based/utility_metrics.csv,"Verified standard hash-based SISA result, audit report or figure.",,,5d68b165569708c32706aa8db21465642375e86d8535a8c67c7b0f6e7f2c0252,9900,STANDARD_HASH_BASED_SISA_ARTIFACT
results/sisa/policy_aware/assignment_design_report.json,Canonical byte-identical policy-aware SISA result or audit copy.,,,22cbf345ceba93d5ae1358870897cb9f4e8efca07d7eaca4af36396922b05cb7,1417,POLICY_AWARE_SISA_CANONICAL_COPY
results/sisa/policy_aware/assignment_reproduction_report.json,Canonical byte-identical policy-aware SISA result or audit copy.,,,a9b0a172e3e5d1de4bb05bd70ea1d48d943a8e710213606f13bb2480f7d8ed42,221,POLICY_AWARE_SISA_CANONICAL_COPY
results/sisa/policy_aware/assignment_validation.csv,Canonical byte-identical policy-aware SISA result or audit copy.,,,ad5ba35511b4fa09d8d42cc7f4d20e523aee92f696f1385cee776dec62f3958f,474,POLICY_AWARE_SISA_CANONICAL_COPY
results/sisa/policy_aware/combined_tradeoff.csv,Canonical byte-identical policy-aware SISA result or audit copy.,,,9466190da8de453adaa5f944533617bcdb2d7e049cd16effdca8a041f7fa445e,4151,POLICY_AWARE_SISA_CANONICAL_COPY
results/sisa/policy_aware/composite_model_utility.csv,Canonical byte-identical policy-aware SISA result or audit copy.,,,79435c8e8abdf3dc44928a0b5192113f334f1d3151c6bee12060f9928fe43844,5383,POLICY_AWARE_SISA_CANONICAL_COPY
results/sisa/policy_aware/configuration.json,Canonical byte-identical policy-aware SISA result or audit copy.,,,4da4f69c0f001e7146ba002560b78a8a6539e86ec265c9ec49dcf39f6c1fcb1b,1720,POLICY_AWARE_SISA_CANONICAL_COPY
results/sisa/policy_aware/efficiency_comparison.csv,Canonical byte-identical policy-aware SISA result or audit copy.,,,db64bc0f56fe93da32cc7551a21e05352d8aeef7ba50423bc97273d61a1cd2ac,1795,POLICY_AWARE_SISA_CANONICAL_COPY
results/sisa/policy_aware/ensemble_probability_reproduction.csv,Canonical byte-identical policy-aware SISA result or audit copy.,,,5f72b9db26fbf92f4a141fb3a7715d788badbd24d2d2808bf8696e3a141ea03b,448,POLICY_AWARE_SISA_CANONICAL_COPY
results/sisa/policy_aware/figures/sisa_structure_and_training.png,Canonical byte-identical policy-aware SISA result or audit copy.,,,e3ab996f75069db04711d28787a575599c117f017d2cac24a51b18f2b1d24861,105958,POLICY_AWARE_SISA_CANONICAL_COPY
results/sisa/policy_aware/figures/utility_vs_forget_distance.png,Canonical byte-identical policy-aware SISA result or audit copy.,,,4b619cc55911420227f6e4c0efd0229219a545eaec7dc3fdba4f054f87562e73,56672,POLICY_AWARE_SISA_CANONICAL_COPY
results/sisa/policy_aware/forget_quality.csv,Canonical byte-identical policy-aware SISA result or audit copy.,,,2632503aa0bf62d0cdae00c78428008c1fc9ec684bc905f067f36f012cfa9baf,1677,POLICY_AWARE_SISA_CANONICAL_COPY
results/sisa/policy_aware/forget_set_predictions.csv,Canonical byte-identical policy-aware SISA result or audit copy.,,,81e1a1bc5281b8f889fa17df9e0805a91e2152111c55415d76a8c8ef3fe0354c,5641840,POLICY_AWARE_SISA_CANONICAL_COPY
results/sisa/policy_aware/forgetting_comparison.csv,Canonical byte-identical policy-aware SISA result or audit copy.,,,309913dbcbf4a686c91c5279c8a0c3daa13c4624d5c4ff295ace701ff50dbca2,651,POLICY_AWARE_SISA_CANONICAL_COPY
results/sisa/policy_aware/integrity_report.json,Canonical byte-identical policy-aware SISA result or audit copy.,,,e14662e0438be4a9bba2be4bc0549ef53d06e7d46ac4e243e373d3faa781c727,54922,POLICY_AWARE_SISA_CANONICAL_COPY
results/sisa/policy_aware/locality_comparison.csv,Canonical byte-identical policy-aware SISA result or audit copy.,,,6f068e86f38b3d3cc3bdac9af9266e1cea0a2d17b6b0f6d27ec81825ce603a2f,627,POLICY_AWARE_SISA_CANONICAL_COPY
results/sisa/policy_aware/model_reload_verification.csv,Canonical byte-identical policy-aware SISA result or audit copy.,,,cb2feffff774a8d3c3ba13ffcbb9fd03017fff4f87329afdf518133d9248899a,167,POLICY_AWARE_SISA_CANONICAL_COPY
results/sisa/policy_aware/original_ensemble_predictions.csv,Canonical byte-identical policy-aware SISA result or audit copy.,,,7fa67b6455bf3d57d6580a09e854cb6d374cbc3aeca40d8c21a6c78b11c9a441,896342,POLICY_AWARE_SISA_CANONICAL_COPY
results/sisa/policy_aware/original_training_history.csv,Canonical byte-identical policy-aware SISA result or audit copy.,,,c9654a6693a62e599c6af70f7233765a65d2791a8fdcf997b6e9468fab2efb01,12785,POLICY_AWARE_SISA_CANONICAL_COPY
results/sisa/policy_aware/original_training_summary.csv,Canonical byte-identical policy-aware SISA result or audit copy.,,,6dbd4c745b2f2b97bf2ad16dc02aaf99c471464652c2d963c8fdbd7e79e57ec7,3831,POLICY_AWARE_SISA_CANONICAL_COPY
results/sisa/policy_aware/replay_seed_audit.csv,Canonical byte-identical policy-aware SISA result or audit copy.,,,9cff9a69798a040912db29eeb7271854967ad57bdbcd5f759183aca5cbbe9c1a,1191,POLICY_AWARE_SISA_CANONICAL_COPY
results/sisa/policy_aware/reproducibility_report.json,Canonical byte-identical policy-aware SISA result or audit copy.,,,942492a31cf6aba0d6da9012d661baa2790e9a3adb7ccb70a8a9af4504c57e44,346,POLICY_AWARE_SISA_CANONICAL_COPY
results/sisa/policy_aware/retained_test_predictions.csv,Canonical byte-identical policy-aware SISA result or audit copy.,,,23da6b88ee5fe3a65875eb4ec543cff5f41bf08dd03514aa7c564783f2ddc57f,3359187,POLICY_AWARE_SISA_CANONICAL_COPY
results/sisa/policy_aware/reused_shard_verification.csv,Canonical byte-identical policy-aware SISA result or audit copy.,,,82de4f02aa8156a82461d1049fb4abb6962f5dae081c437c054a0bd702a4e115,2621,POLICY_AWARE_SISA_CANONICAL_COPY
results/sisa/policy_aware/run_summary.json,Canonical byte-identical policy-aware SISA result or audit copy.,,,f994583d88b62a9ec2f3eaef8f63e8da3b5644a529f75c20de5ede827555dd9c,3328,POLICY_AWARE_SISA_CANONICAL_COPY
results/sisa/policy_aware/scenario_ensemble_manifest_summary.csv,Canonical byte-identical policy-aware SISA result or audit copy.,,,1a755414df9eddfe9676c43bc500c7e53d08b4668a021777fecebd616567ccea,178,POLICY_AWARE_SISA_CANONICAL_COPY
results/sisa/policy_aware/scenario_shard_impact.csv,Canonical byte-identical policy-aware SISA result or audit copy.,,,9aad3a074cb5acc4b2eafdef67db241ba69ce96cd8201cc0033dd510e28f480d,1339,POLICY_AWARE_SISA_CANONICAL_COPY
results/sisa/policy_aware/scenario_shard_operations.csv,Canonical byte-identical policy-aware SISA result or audit copy.,,,33e5d5083f8808777cf760ce4dd25b80a580cdbafcf6cf2f4be0ed38e1c59687,2549,POLICY_AWARE_SISA_CANONICAL_COPY
results/sisa/policy_aware/selective_retraining_history.csv,Canonical byte-identical policy-aware SISA result or audit copy.,,,ef1a8ceba878e4b3721a0d68831f26b15ebf2a8fe8a0fef111907458906dece3,27849,POLICY_AWARE_SISA_CANONICAL_COPY
results/sisa/policy_aware/selective_retraining_summary.csv,Canonical byte-identical policy-aware SISA result or audit copy.,,,02eb73b3744fd92f3b652c6ddb188f4ce41053c3ca9ae70087c2b9c6336678c1,1751,POLICY_AWARE_SISA_CANONICAL_COPY
results/sisa/policy_aware/shard_composition.csv,Canonical byte-identical policy-aware SISA result or audit copy.,,,a14d70fe3b6285fe66187fefdf7e4e2bd09fd809586b61e700523a5646239623,2487,POLICY_AWARE_SISA_CANONICAL_COPY
results/sisa/policy_aware/shard_probability_fingerprints.csv,Canonical byte-identical policy-aware SISA result or audit copy.,,,513afbb6b896407e21425d300047def6068b138494ca126e96f510a00e10e909,11877,POLICY_AWARE_SISA_CANONICAL_COPY
results/sisa/policy_aware/shard_summary.csv,Canonical byte-identical policy-aware SISA result or audit copy.,,,2b8533500b57c3d61ac4d9c026ac342aec5e5f3f6f49063f2d0ce2bf15ea8c63,372,POLICY_AWARE_SISA_CANONICAL_COPY
results/sisa/policy_aware/slice_optimisation.csv,Canonical byte-identical policy-aware SISA result or audit copy.,,,f0b1570b3a1d7361c667598ff683503745666e6ebef78297804139cb51ac698c,88,POLICY_AWARE_SISA_CANONICAL_COPY
results/sisa/policy_aware/slice_summary.csv,Canonical byte-identical policy-aware SISA result or audit copy.,,,ddadff25b51fddb49a33f77eb4c10c864ef5adb37f02f4faf9230672c2d8f494,1015,POLICY_AWARE_SISA_CANONICAL_COPY
results/sisa/policy_aware/structural_preflight_report.csv,Canonical byte-identical policy-aware SISA result or audit copy.,,,348877d2e6d4cf6b24f9e3185a14783380d3e9146efbe91624ff305bd7a39413,415,POLICY_AWARE_SISA_CANONICAL_COPY
results/sisa/policy_aware/truth_ratio_reproduction_diagnostic.csv,Canonical byte-identical policy-aware SISA result or audit copy.,,,6d18899c563f9997afb485fc564cbf8f1bf029a8b479451d100c2db0774e096b,98,POLICY_AWARE_SISA_CANONICAL_COPY
results/sisa/policy_aware/truth_ratio_summary.csv,Canonical byte-identical policy-aware SISA result or audit copy.,,,80dee719565ad087601f85f4e894ab0bc3653ab7dfa102c36ecd485ac3c13e53,6208,POLICY_AWARE_SISA_CANONICAL_COPY
results/sisa/policy_aware/truth_ratio_values.csv,Canonical byte-identical policy-aware SISA result or audit copy.,,,001ba9b47b88fd7404a60021ec7fc0d26e3a476459cbeb66324a5ec12dddf500,14502464,POLICY_AWARE_SISA_CANONICAL_COPY
results/sisa/policy_aware/utility_deltas.csv,Canonical byte-identical policy-aware SISA result or audit copy.,,,a7ae29ac550744fd8acf973d05769d7dc5b84c6ff9998085fb011b3b2974a873,6665,POLICY_AWARE_SISA_CANONICAL_COPY
results/sisa/policy_aware/utility_metric_reproduction.csv,Canonical byte-identical policy-aware SISA result or audit copy.,,,f13afe62cef668b6934b2a0ee463ce8356c56585a4d30f75625b91c0c4dbe714,19922,POLICY_AWARE_SISA_CANONICAL_COPY
results/sisa/policy_aware/utility_metrics.csv,Canonical byte-identical policy-aware SISA result or audit copy.,,,a79878fa0980fdaa8a6b63fc87a1dce030a336ab1e595f67b3b5d6f659babad7,11570,POLICY_AWARE_SISA_CANONICAL_COPY
results/sisa/provider_aware/assignment_hashes.json,"Provider-aware SISA assignment, prediction, metric, comparison or integrity artifact.",,,8233f71543b4b7cbdf2955a137a11db666288e113f1f2d97ce96957c19045624,197,PROVIDER_AWARE_SISA_RESULT_OR_AUDIT
results/sisa/provider_aware/component_summary.csv,"Provider-aware SISA assignment, prediction, metric, comparison or integrity artifact.",,,cdfa3a052cbd143cabfd9cc0f138ee4451cd1c4420f9f4a5940ac3ab15ea2b3d,140,PROVIDER_AWARE_SISA_RESULT_OR_AUDIT
results/sisa/provider_aware/composite_model_utility.csv,"Provider-aware SISA assignment, prediction, metric, comparison or integrity artifact.",,,b0cb866e6941a7422305295d3e50bbdc0dfd064703569cc2b9fb71863eed114f,1663,PROVIDER_AWARE_SISA_RESULT_OR_AUDIT
results/sisa/provider_aware/configuration.json,"Provider-aware SISA assignment, prediction, metric, comparison or integrity artifact.",,,4efbdfd822313dbb8bb0c19fd0560c1d763b42c4fc60b39c9e757f76a82b7640,485,PROVIDER_AWARE_SISA_RESULT_OR_AUDIT
results/sisa/provider_aware/efficiency_comparison.csv,"Provider-aware SISA assignment, prediction, metric, comparison or integrity artifact.",,,c53ad531c1c3be44546325fbefc52637b37f6f2c9a8b26a71f96caa8fda17243,996,PROVIDER_AWARE_SISA_RESULT_OR_AUDIT
results/sisa/provider_aware/ensemble_probability_reproduction.csv,"Provider-aware SISA assignment, prediction, metric, comparison or integrity artifact.",,,7a54f01d33ff1a7182c3c612719820ee5d2b4b48e89083417e73b66c9d9605a4,468,PROVIDER_AWARE_SISA_RESULT_OR_AUDIT
results/sisa/provider_aware/forget_quality.csv,"Provider-aware SISA assignment, prediction, metric, comparison or integrity artifact.",,,188545690d0a9ef0c4a3adbff9fb1f1a8df8b872a7237b7b2a81bee5e3f1a360,626,PROVIDER_AWARE_SISA_RESULT_OR_AUDIT
results/sisa/provider_aware/forget_set_predictions.csv,"Provider-aware SISA assignment, prediction, metric, comparison or integrity artifact.",,,41f641d634a117c9f16631c1079672d058393839f650fa1772c2176c9a8329dc,1311622,PROVIDER_AWARE_SISA_RESULT_OR_AUDIT
results/sisa/provider_aware/hospital_fragmentation.csv,"Provider-aware SISA assignment, prediction, metric, comparison or integrity artifact.",,,732bd3ae21a3479e31439ad459e35006255e71256eb00a03768b2e527cfc4e8c,254,PROVIDER_AWARE_SISA_RESULT_OR_AUDIT
results/sisa/provider_aware/hospital_pairing.csv,"Provider-aware SISA assignment, prediction, metric, comparison or integrity artifact.",,,d175db5a00ba999789b49eeb69599095e7af82e009daf74cc41dfc0385f261a6,281,PROVIDER_AWARE_SISA_RESULT_OR_AUDIT
results/sisa/provider_aware/integrity_report.json,"Provider-aware SISA assignment, prediction, metric, comparison or integrity artifact.",,,0a4bb272f6647cdbc1135b4fec442db1e66ed21a3087a115bb9e48e6f6bb2c5b,152889,PROVIDER_AWARE_SISA_RESULT_OR_AUDIT
results/sisa/provider_aware/ks_reproduction.csv,"Provider-aware SISA assignment, prediction, metric, comparison or integrity artifact.",,,aba88318f22ddb25603af83f66e301947509380c9647100448f677ce5f476b5f,175,PROVIDER_AWARE_SISA_RESULT_OR_AUDIT
results/sisa/provider_aware/locality_table.csv,"Provider-aware SISA assignment, prediction, metric, comparison or integrity artifact.",,,6c34cb7a0bc513642869e7ce0e57ab799f6d7a4b2b8aaef3f7406b028d1e24c6,509,PROVIDER_AWARE_SISA_RESULT_OR_AUDIT
results/sisa/provider_aware/original_ensemble_predictions.csv,"Provider-aware SISA assignment, prediction, metric, comparison or integrity artifact.",,,fda3aa344f054d254b284ccb85ea39507b4c91156a111cf3f3bdc1278c0163fa,896613,PROVIDER_AWARE_SISA_RESULT_OR_AUDIT
results/sisa/provider_aware/original_training_history.csv,"Provider-aware SISA assignment, prediction, metric, comparison or integrity artifact.",,,1f6de600d0125929ebac9c604130a8055b881b14606341665675460d6c32e284,14387,PROVIDER_AWARE_SISA_RESULT_OR_AUDIT
results/sisa/provider_aware/original_training_summary.csv,"Provider-aware SISA assignment, prediction, metric, comparison or integrity artifact.",,,b577ab365e6d91d92c67a79e4cc4ed33c9213065beae06094d568f801dcedf7e,2814,PROVIDER_AWARE_SISA_RESULT_OR_AUDIT
results/sisa/provider_aware/pre_deletion_assumption_audit.json,"Provider-aware SISA assignment, prediction, metric, comparison or integrity artifact.",,,0d9ee669eb9559060e3ac763cbeb008d135d45caa2f77caaca71ffca314edf7a,11052,PROVIDER_AWARE_SISA_RESULT_OR_AUDIT
results/sisa/provider_aware/provider_components.csv,"Provider-aware SISA assignment, prediction, metric, comparison or integrity artifact.",,,dbdcf9066193874132ebce605dc7f83699fc427aa78bba445fee237042193de5,225526,PROVIDER_AWARE_SISA_RESULT_OR_AUDIT
results/sisa/provider_aware/provider_shard_assignment.csv,"Provider-aware SISA assignment, prediction, metric, comparison or integrity artifact.",,,fa7d65f438d0f00ea505c8779bad6d61f7dc1fcce4db8caa26cdffe616e0ecd0,329252,PROVIDER_AWARE_SISA_RESULT_OR_AUDIT
results/sisa/provider_aware/provider_sisa_assignment.csv,"Provider-aware SISA assignment, prediction, metric, comparison or integrity artifact.",,,a2907bc08839183d612d87906e616f0ac96b9d483088e8f0824704f09a14c1f7,420325,PROVIDER_AWARE_SISA_RESULT_OR_AUDIT
results/sisa/provider_aware/reproducibility_report.json,"Provider-aware SISA assignment, prediction, metric, comparison or integrity artifact.",,,80632701b55a9a75966745b4352b2fc8c3d8861ff3ab6ca761d692427aad4c37,487,PROVIDER_AWARE_SISA_RESULT_OR_AUDIT
results/sisa/provider_aware/retained_test_predictions.csv,"Provider-aware SISA assignment, prediction, metric, comparison or integrity artifact.",,,e907a88916853d76858fc55ad9bfa9c96ee6f8008fe3c8bdd457c74f8799fee0,3359472,PROVIDER_AWARE_SISA_RESULT_OR_AUDIT
results/sisa/provider_aware/run_summary.json,"Provider-aware SISA assignment, prediction, metric, comparison or integrity artifact.",,,7fb9fc25df926bedb230621c720b1d87283d7ed98ec4eb94842c3632f989231f,1081,PROVIDER_AWARE_SISA_RESULT_OR_AUDIT
results/sisa/provider_aware/scenario_counts.csv,"Provider-aware SISA assignment, prediction, metric, comparison or integrity artifact.",,,6c03fedcdd1784f7c0e5897b6a85166dd92ca92e0d1c1128fcc11b279a084da1,377,PROVIDER_AWARE_SISA_RESULT_OR_AUDIT
results/sisa/provider_aware/scenario_shard_impact.csv,"Provider-aware SISA assignment, prediction, metric, comparison or integrity artifact.",,,88bc5a3d6a08134eaf17685fe47147730ed3898a8ec95f5967e5e0e7cd809f7c,1319,PROVIDER_AWARE_SISA_RESULT_OR_AUDIT
results/sisa/provider_aware/selective_retraining_history.csv,"Provider-aware SISA assignment, prediction, metric, comparison or integrity artifact.",,,2bb3ecd7951f08c055b49180d2992fe69a3817223e57f718e6dbd798ec5f6670,90848,PROVIDER_AWARE_SISA_RESULT_OR_AUDIT
results/sisa/provider_aware/selective_retraining_summary.csv,"Provider-aware SISA assignment, prediction, metric, comparison or integrity artifact.",,,36d003bba1177dbc0a22fbc5fc44a3143c940e6da8efed6501645f694ea5225f,1691,PROVIDER_AWARE_SISA_RESULT_OR_AUDIT
results/sisa/provider_aware/shard_summary.csv,"Provider-aware SISA assignment, prediction, metric, comparison or integrity artifact.",,,debc97800112a9bb7366be4f1953fdc74abe9c60bc908be8bc9c61cfa45d4b66,285,PROVIDER_AWARE_SISA_RESULT_OR_AUDIT
results/sisa/provider_aware/shard_validation.csv,"Provider-aware SISA assignment, prediction, metric, comparison or integrity artifact.",,,f5be54a8aea50dd33698a954abb0f28dd7cb7261f8dcf8b4c9a8c09e692199d8,193,PROVIDER_AWARE_SISA_RESULT_OR_AUDIT
results/sisa/provider_aware/sisa_configuration_comparison.csv,"Provider-aware SISA assignment, prediction, metric, comparison or integrity artifact.",,,89f480f3fd3d018c70793fcece249dee455b412407a6ef6352e22b83005b3e59,1996,PROVIDER_AWARE_SISA_RESULT_OR_AUDIT
results/sisa/provider_aware/sisa_mean_summary.csv,"Provider-aware SISA assignment, prediction, metric, comparison or integrity artifact.",,,5cde02d4977f01c5d13d1a18bf9edcef7d10277cb46d5b0dbc38f450f9f9df96,308,PROVIDER_AWARE_SISA_RESULT_OR_AUDIT
results/sisa/provider_aware/slice_summary.csv,"Provider-aware SISA assignment, prediction, metric, comparison or integrity artifact.",,,95bdc6ffa9337b36cf09e72fa2e289eba0b5cf2b09004264a632314d07319468,1963,PROVIDER_AWARE_SISA_RESULT_OR_AUDIT
results/sisa/provider_aware/slice_validation.csv,"Provider-aware SISA assignment, prediction, metric, comparison or integrity artifact.",,,cea57c90d4cfd62880d05979c87232905be642ef887084f46abf8ce954082921,181,PROVIDER_AWARE_SISA_RESULT_OR_AUDIT
results/sisa/provider_aware/truth_ratio_summary.csv,"Provider-aware SISA assignment, prediction, metric, comparison or integrity artifact.",,,a7a5559015ed8c43da67da5e0fc0b6fc7d4e087bf729428aef11a1801c2dc1e0,1444,PROVIDER_AWARE_SISA_RESULT_OR_AUDIT
results/sisa/provider_aware/truth_ratio_values.csv,"Provider-aware SISA assignment, prediction, metric, comparison or integrity artifact.",,,5bf8a69d8f8fa1d31741c55f363cc0b154750dfcf7cf47050ac10b3033a3b5b3,4464011,PROVIDER_AWARE_SISA_RESULT_OR_AUDIT
results/sisa/provider_aware/utility_metric_reproduction.csv,"Provider-aware SISA assignment, prediction, metric, comparison or integrity artifact.",,,599302e2fb5c7d5dc41b5c3ed1280ba97b49e0ce29795966c52848f1a357dedf,7168,PROVIDER_AWARE_SISA_RESULT_OR_AUDIT
results/sisa/provider_aware/utility_metrics.csv,"Provider-aware SISA assignment, prediction, metric, comparison or integrity artifact.",,,8ae7bcf3795d99049d1c9f4015ef70eecea67324f8df3e286affa9e01a296aa7,3570,PROVIDER_AWARE_SISA_RESULT_OR_AUDIT
submission_manifest.csv,Inventory and integrity record for this submission workspace.,,,NOT_APPLICABLE_SELF_REFERENTIAL,164745,UPDATED_SELF_HASH_REPORTED_AT_HANDOFF
