,income_binary
38865,0
17212,0
9312,0
15512,0
23576,0
47936,1
810,0
34933,0
12616,0
7801,0
38169,0
2547,0
29528,0
22581,0
32785,0
10019,1
24901,0
21931,0
27636,0
46413,0
34180,0
32877,1
21167,0
2325,0
48193,0
29271,0
45142,0
25268,0
30970,0
45461,0
28544,0
31756,1
11062,0
21782,0
26678,0
29156,1
14229,1
5587,0
34356,0
30639,0
6739,0
18764,0
35245,0
749,0
48644,0
20427,0
32817,0
15514,0
28175,0
29876,0
7111,0
19620,0
41737,1
26481,0
42021,0
10426,0
33887,0
41096,1
6216,0
44950,1
33984,0
13328,1
30996,1
35674,0
28213,0
29640,1
47193,0
11462,0
44670,1
25536,0
12868,0
39552,0
35137,0
31448,0
14633,0
16255,1
20122,0
40039,0
25993,0
2602,0
18422,0
11884,0
30973,0
9799,0
36465,0
46026,0
33100,0
42207,1
1839,0
39431,0
44857,0
48629,0
24040,0
38738,0
939,0
24332,1
21992,1
38082,0
47289,1
36640,0
21069,0
35570,0
18538,0
22215,0
6075,0
46254,0
4411,0
3021,1
7219,0
16322,0
11597,0
9311,0
4259,0
12412,0
4069,0
48372,0
1706,1
45713,0
46859,1
12909,1
44946,0
18144,0
4147,0
30767,0
22074,1
8561,0
47448,0
26232,0
1860,0
14492,0
19630,1
2402,1
41308,0
35916,1
37426,0
32152,0
37732,1
3079,0
2359,1
10845,1
16437,0
40469,1
3053,0
26951,0
12147,1
45632,1
18781,0
1314,1
47957,0
21322,0
413,0
26923,0
9469,0
36289,1
21772,0
11627,0
32773,1
23968,0
10226,0
38770,0
20654,0
36433,1
3552,0
21566,1
46654,1
46846,0
3086,0
19263,0
33372,0
15374,0
12735,0
48841,1
25336,0
17300,0
31920,0
7475,0
42060,0
11556,0
2038,1
19069,0
47693,1
2392,0
8720,0
7,1
28294,0
25306,0
15108,1
27067,1
18204,0
46623,1
18900,0
9518,0
13081,0
9356,0
22139,0
36697,0
40908,0
13183,0
27835,1
45311,1
3805,1
17800,0
3795,0
15847,1
23653,0
48597,0
17261,0
17640,0
47898,0
18001,0
25758,0
32715,0
30824,0
7387,1
47856,0
6325,0
2979,0
20922,1
32153,0
15780,0
21952,0
25344,1
19807,0
45721,1
35958,0
21528,0
14388,1
40184,0
22434,0
6118,0
37934,0
43732,0
40796,0
22439,0
48145,0
8781,0
36502,0
19422,0
29619,1
31432,0
40235,0
13319,0
15571,0
46119,0
9135,0
16035,0
3794,0
20591,0
42800,0
7970,0
22278,1
23824,1
4978,0
11459,0
12805,1
14458,0
25362,0
5747,0
35465,0
3941,0
48578,1
22610,0
6813,0
11783,0
33173,0
29191,0
2723,0
30162,1
38027,0
46435,0
29094,0
24239,1
33093,0
40500,0
8648,0
32327,1
36719,0
19627,0
12910,0
39346,0
8609,0
5657,0
24884,0
38307,1
44500,0
34216,0
31227,0
15526,0
10220,0
43819,0
11071,0
2425,1
29906,1
37884,0
12129,0
44163,0
36126,0
1830,1
23878,0
16488,0
6069,0
20074,0
44933,1
22752,0
43440,1
37033,0
46247,0
32251,0
15041,1
33716,0
10180,0
11694,0
11229,0
3544,0
44553,1
10664,0
18005,0
32912,1
21849,1
1766,0
44777,0
34472,0
8104,0
12703,1
19672,0
44620,1
28566,0
43851,0
36928,0
39706,0
1472,0
13168,0
9785,1
14905,0
23923,0
37318,1
24876,0
33002,1
34018,0
24975,1
42837,0
34780,0
32928,0
24886,0
30927,0
15426,1
18395,0
46329,0
10589,0
39427,0
31838,0
898,0
17820,0
5729,0
6823,0
23672,0
12865,0
3153,0
11398,0
16718,0
21178,1
40344,1
41360,1
25337,0
23637,0
5684,1
35965,0
26139,0
833,1
22625,1
10973,0
16967,0
15421,0
11601,1
29166,0
5457,0
7501,0
13649,0
41574,0
3362,0
12359,0
33249,0
32586,0
44154,0
23377,0
36243,0
41598,0
47867,0
15067,0
13917,1
12562,0
12052,0
29980,0
1379,1
8222,0
42142,0
33252,1
32808,1
14574,0
18592,1
13663,1
28661,0
16229,0
13364,0
7919,0
22548,0
36501,0
25370,0
16046,0
18728,0
8167,1
48008,1
2069,0
25766,0
12637,0
12409,0
20967,0
26872,0
3081,0
44947,0
30116,0
14128,0
46718,0
1881,0
10191,0
45374,1
48468,0
44586,0
9081,0
47157,0
20869,0
28123,1
19007,1
3777,0
38684,0
25962,0
30122,1
29137,0
34205,0
33617,1
36365,0
43528,1
1523,0
44753,0
28080,1
34786,0
21055,0
13229,1
21181,1
44138,0
15533,0
47768,0
9995,0
29890,0
27138,0
19279,0
42643,0
33142,0
8498,0
1399,1
23104,1
45727,0
9729,0
19005,1
38141,0
11516,0
29406,1
12340,0
34468,0
44830,0
39698,1
34782,0
48271,1
44492,0
11806,0
29860,0
32597,0
15994,0
48416,1
35988,1
13766,0
11953,0
336,0
32732,0
33374,0
40363,0
27078,0
147,1
30815,0
9130,0
43272,0
36846,0
10453,0
29685,0
14191,1
22097,0
24347,0
25864,0
9306,0
21047,0
7648,0
19259,0
45149,1
29177,0
39443,0
32782,0
18841,1
4988,1
9016,0
14684,0
567,0
18938,0
34397,0
24118,1
47142,0
28752,0
47782,0
22611,1
3893,0
37109,0
16554,0
24660,0
9294,0
41569,1
21463,0
28555,0
3948,0
44588,0
9807,0
34170,0
27516,0
22745,0
35272,0
27041,0
9054,0
47492,0
42530,1
10143,0
11369,1
6243,0
15247,0
37675,0
33096,0
42914,0
36007,1
31706,1
4113,0
20262,0
40242,1
23301,0
29390,1
41623,0
15171,0
19943,0
3406,0
3588,0
33706,0
16957,0
24217,0
27777,0
33336,0
18790,1
3458,1
3858,0
19232,0
32314,0
27089,1
48679,0
38167,0
21154,1
11148,0
4887,0
26892,0
8150,0
2725,0
36642,0
27841,0
25773,0
3993,1
30833,0
11415,0
34623,0
39322,1
45226,0
38093,0
41401,1
19681,0
25521,0
10358,0
10299,0
46430,1
9445,1
23655,0
33231,0
18004,1
7222,0
28952,0
34338,0
23415,1
11927,0
4424,0
38860,0
37590,0
37187,1
38984,1
23801,0
28602,0
33760,0
12548,0
16274,0
17523,0
5142,1
1199,1
7683,0
38459,0
564,0
26370,0
45022,0
34219,1
6436,0
8960,1
22457,0
46602,0
27958,0
5494,1
27927,0
686,1
22264,0
28228,0
16286,0
15850,0
11839,1
31986,0
28007,1
34190,0
14419,0
12088,0
6940,0
21502,0
14523,0
12806,1
19247,0
44992,0
2672,0
10061,1
5963,0
40143,0
21083,0
11430,0
34045,1
35115,0
33995,1
1573,0
41404,0
42922,0
44948,0
25974,0
1627,0
22301,1
11672,0
41682,0
18725,0
47739,0
23021,0
34118,0
39524,0
10844,0
28964,0
39762,0
29932,1
9801,0
21102,0
33220,0
36536,1
6179,0
33383,0
39201,0
33516,0
39619,0
36254,0
19754,0
4552,0
20069,1
17924,1
13093,0
1212,0
40131,0
3955,0
23034,0
20567,0
46079,0
34670,0
30625,0
46961,0
48473,0
15975,0
31801,0
14626,1
3273,1
7453,1
35215,0
41284,0
21798,0
40753,1
23473,0
46475,1
13114,0
43155,0
8166,1
30126,0
8117,0
28774,1
11156,0
22966,0
2793,0
18569,0
26325,0
39387,1
20528,0
15469,0
16216,0
10942,0
29908,0
32226,0
15413,0
41740,0
6552,0
17856,0
11852,0
39930,1
6611,0
13806,0
9753,0
27522,0
41716,0
37440,1
32759,0
47469,1
16842,1
34352,0
5788,0
23381,1
48069,1
13012,1
20212,0
36669,0
44294,0
26503,0
45223,0
43894,0
28858,0
14835,1
24224,0
12639,0
33968,0
15294,0
38564,0
3096,0
20886,0
24750,0
22478,1
6133,0
30881,0
13852,1
15362,1
21120,0
45723,0
47198,0
33083,0
11299,0
1276,0
32720,0
1346,1
28911,0
2647,0
34597,0
45372,0
29606,0
31576,0
9749,1
26533,0
7159,1
13760,0
24082,1
3798,0
18844,0
24597,0
19510,0
10417,0
5049,0
43200,0
29351,1
41732,0
24020,0
10841,0
39087,1
18382,0
19761,1
20545,1
41810,0
22032,0
23852,1
20908,0
16293,0
39757,0
39146,0
43283,1
19479,1
2741,0
3007,0
27043,0
47051,0
25139,0
40639,0
20052,0
29410,0
1740,1
7991,1
27659,0
48670,1
46312,1
19717,0
28061,1
27450,0
1387,1
8914,0
7580,0
45476,0
8488,1
46975,0
28394,1
18839,0
36101,0
11304,1
5819,1
28013,0
29519,1
23717,0
1526,1
25031,0
4927,0
27807,0
28668,0
26957,0
43124,1
20400,0
37412,0
11656,0
38166,1
44082,0
892,0
14329,0
32468,0
7611,0
27311,0
31740,0
18331,0
23005,0
14108,0
23770,0
15601,1
21339,1
12568,0
35323,0
33407,1
2230,0
25462,0
22584,1
4760,0
10895,0
32082,0
5642,0
47054,1
37821,1
35209,0
221,0
39471,1
45516,0
40881,1
40170,1
27956,0
1951,0
7125,0
777,0
35799,0
45761,0
23528,0
847,0
43737,1
37559,0
45646,0
34427,1
10969,1
46239,1
7334,0
24196,0
34595,1
39293,0
15436,1
36404,0
48690,0
15046,1
12889,0
44909,1
10935,1
11583,1
9974,0
15138,1
48220,1
4633,0
23443,0
17169,0
41666,0
46544,0
38924,1
5445,0
36889,0
23784,1
39140,0
40841,1
24736,0
35103,0
29342,0
14305,1
25231,0
46014,1
44574,0
48120,0
25459,0
9337,0
24220,0
24147,0
42957,0
1668,0
5816,0
18607,0
14930,1
48141,0
36049,1
42097,0
38637,0
15522,1
27018,1
11473,1
44439,0
619,1
32216,0
29977,0
2693,0
47874,0
25815,0
43522,0
30155,1
35669,0
30877,1
29132,0
16344,1
47179,0
18586,1
15504,0
33931,1
10496,1
27737,1
37819,0
45687,1
48600,0
14800,0
19851,0
26054,0
12674,0
28350,0
21420,0
30200,0
30173,1
39031,0
11126,0
29232,0
25791,0
43545,0
12091,0
33898,0
26586,0
22686,0
21067,0
31097,1
12418,0
32696,0
26932,0
8899,1
2414,0
18969,0
27242,0
46487,0
46045,0
48529,0
39459,0
35737,0
4783,0
7412,1
17141,0
48719,1
29621,0
6625,0
6127,1
13488,0
37877,0
24617,0
26356,0
37454,0
43167,1
34034,0
40253,0
46792,0
13863,1
17832,0
40339,0
35943,0
1522,0
25972,0
12816,0
6420,0
32125,0
31493,0
11998,0
10537,0
20790,0
28209,0
27652,0
22806,0
41680,1
694,0
495,0
3322,1
10315,0
25367,0
20955,0
34120,0
9291,0
2812,1
38828,1
1164,0
29076,0
39587,0
2912,1
29002,1
36373,0
2146,0
3881,0
37164,0
20973,1
12814,0
8788,1
5147,0
15557,0
10368,0
21901,1
18672,0
2680,0
13812,0
5763,0
37053,0
9742,0
12638,0
13937,0
39550,0
15198,0
21860,0
36629,0
13152,0
42251,0
18231,0
28537,0
45941,0
1581,0
27236,0
7633,0
16606,0
2121,1
19906,0
11955,0
17370,0
29427,0
17614,0
43133,0
652,1
8136,0
47135,0
30300,0
30713,0
37924,0
14169,0
11642,0
16969,0
41814,0
18953,0
8246,0
32495,0
7657,1
21562,0
13248,0
47537,1
14423,0
33438,0
3051,0
39994,0
12620,0
31072,1
13295,0
19652,0
40245,0
23587,0
15981,0
26554,0
171,0
18417,0
18615,1
14289,0
43350,0
34379,0
35508,0
28172,0
26471,0
6173,1
35340,0
34885,0
25802,1
26803,0
9343,1
12049,0
40658,0
34948,0
25083,0
44941,0
23115,1
43208,0
34657,0
36800,0
21900,0
8483,1
30396,0
5927,0
13849,0
30623,1
21499,0
32050,0
11234,0
22288,1
8715,1
40740,0
3030,0
14241,0
10305,0
42344,0
16460,0
13041,0
23041,0
26015,1
21607,0
14248,0
9809,0
37540,0
46842,0
30160,0
39232,0
27704,0
35237,0
26343,1
8159,0
22728,0
287,1
26115,0
19789,0
24334,0
12360,0
32913,0
44936,0
36568,0
25529,0
9681,0
15779,0
6859,0
30293,1
24456,0
22613,1
26045,1
48111,1
7385,1
22198,1
1595,0
43657,0
29188,0
24385,1
8415,0
48412,1
5176,0
37067,1
10794,0
17884,1
600,1
18452,0
19178,0
29849,0
15195,0
16160,0
13588,0
43664,0
36646,0
24209,0
44895,0
28947,0
12720,1
11723,0
963,0
11183,0
16090,1
8883,1
15513,0
3433,0
20251,0
34409,0
10029,0
753,0
37364,0
26374,0
33493,0
10963,0
23445,0
39032,0
22090,0
11451,0
45909,0
4918,1
30558,1
23360,1
20805,0
37946,0
42383,0
16509,0
2989,0
27999,1
27063,0
2296,0
21957,0
46751,1
16225,1
33633,0
11477,1
33055,0
6042,0
13560,1
48337,0
42222,0
39982,1
36451,1
3865,0
26002,0
40448,0
33332,1
18367,1
1290,1
18105,1
16938,0
33467,1
23775,1
20116,0
15580,0
35034,0
18356,0
9943,1
41856,1
39707,0
7248,0
881,0
26888,0
11341,1
25176,0
5022,0
19779,0
1678,0
470,0
33023,1
29201,1
32822,0
9910,0
5315,1
40953,0
31154,0
18991,1
38992,0
1295,0
15063,0
4099,0
36446,1
13009,0
12306,0
24381,0
9918,0
43908,0
21672,0
13743,0
47935,1
7353,0
24947,1
27558,0
11002,0
42648,0
9394,1
14194,0
40801,0
18478,0
2021,0
5432,0
29864,0
10269,0
21895,1
30203,1
34006,0
32092,0
29698,0
8533,0
29221,0
32184,0
41522,0
35424,1
46034,0
44512,1
41786,0
35589,0
21169,1
40255,0
6108,0
7383,1
8667,0
25418,0
41770,0
38036,0
9451,1
4139,0
32319,0
37087,1
10392,0
31585,0
4546,0
14941,0
18172,0
34443,0
32427,0
585,0
15729,1
45050,0
35629,1
29251,1
21944,1
41067,0
28895,0
25103,0
11790,1
3923,1
27150,0
27105,0
24878,0
24820,0
19955,1
5111,0
16930,1
5443,0
12467,0
5487,0
16462,0
39074,1
45032,0
32922,0
26490,0
30920,0
33569,0
37544,0
17682,0
17494,1
32213,1
41708,0
27226,1
8846,0
19187,0
33470,0
41386,0
41120,1
37901,0
37744,0
972,0
3162,1
16534,0
25915,0
17563,1
33623,0
38781,0
3516,0
4488,0
35409,0
1126,0
20757,0
6923,0
40340,0
42462,0
26214,0
29078,0
26802,0
19979,1
37859,1
4903,0
17731,0
35342,0
33326,0
39039,0
6848,0
29934,0
40203,0
36478,0
45418,0
28624,0
34754,1
1245,0
43074,0
23857,0
35537,0
2404,0
40580,1
30093,0
41398,0
45261,1
41079,0
30201,0
12797,1
39941,0
2246,1
13611,0
29128,1
12800,0
41101,0
18506,0
39133,0
47027,0
44481,0
1814,1
15596,0
20883,0
41183,1
44608,0
36535,0
26839,0
35985,0
8676,1
37212,0
15530,0
17796,0
36104,0
38083,0
20659,1
21985,0
41174,0
39466,0
46107,1
8139,1
10840,1
26860,1
36312,0
8320,0
24346,0
40947,1
14422,0
29416,0
22235,0
20068,0
26300,0
19186,0
8429,1
18309,0
30066,0
27982,1
17363,0
20579,0
21781,0
14042,0
44124,1
24704,0
14538,0
24743,0
7897,1
31490,0
41464,0
24594,0
45793,0
15820,0
7691,0
42422,0
35455,0
10936,1
3342,0
16047,0
32537,0
32999,0
1373,0
20294,0
18739,0
21459,0
31699,1
44612,0
48773,0
1115,0
47876,0
575,1
24253,0
44526,1
39704,1
18977,0
18613,1
31195,0
38979,0
18045,1
10878,1
20863,0
12672,0
18837,1
1974,0
20380,0
38755,0
29281,0
10644,0
8580,0
19303,1
42695,1
36955,0
26942,1
7049,0
18593,1
32496,0
43216,0
11917,1
41589,0
17398,0
6294,1
16146,0
2877,0
21360,0
21735,0
23176,0
34248,0
27980,0
43490,0
7026,0
41747,0
23861,0
41534,0
28919,0
43252,0
36766,0
22757,0
24902,0
10546,1
35181,0
28817,0
335,0
14418,0
9275,0
31202,0
27414,0
10729,0
47168,0
33371,0
13406,0
22618,1
27017,1
14778,0
39278,0
25174,0
41389,1
10065,0
41482,0
12748,0
29158,0
41301,0
3557,0
22919,0
24042,0
9609,0
41991,0
11448,0
40017,1
42612,0
26925,0
48592,1
2304,0
3816,0
11309,1
19224,0
41788,0
43240,0
35061,0
44185,0
6525,0
11817,0
46164,1
8571,1
40829,0
38494,0
7478,0
41620,0
3447,1
1426,0
34420,0
15937,1
46636,0
20671,1
8149,0
32566,1
22711,0
22441,0
4317,0
25162,0
35701,0
40904,0
45745,0
48347,0
32768,0
19658,0
11919,0
39287,0
36014,1
23851,0
44692,0
26462,0
40965,0
40042,0
9087,0
31260,0
2250,0
42095,0
3426,0
1121,0
28677,0
10150,0
908,1
47206,0
9170,1
412,0
6972,1
27228,0
7945,0
15746,0
13819,0
42920,1
31909,0
42744,0
35102,0
45042,0
4188,0
43084,1
27920,1
11930,0
16768,0
9647,0
3870,0
21733,0
1806,0
13126,1
33309,1
19882,0
31636,0
23218,0
1874,1
33044,1
10329,0
23959,1
25957,1
16591,0
27903,0
24170,0
15053,0
5279,0
24709,0
37471,1
43022,0
44502,0
19632,0
44328,0
25323,0
21160,0
31059,0
23715,0
39733,1
28846,1
25960,0
32864,0
10035,0
2831,0
39479,0
13811,0
8583,1
31618,0
39424,0
42641,0
12136,1
25461,1
22748,0
41230,0
38576,0
41224,1
17659,1
33679,0
4246,0
22105,0
20466,0
41542,1
41326,0
12289,0
17903,0
32844,0
16537,0
9643,0
11508,0
10682,0
5250,1
24792,0
24035,0
2720,1
45150,0
16793,0
27356,0
10222,0
41296,0
13413,1
30727,1
29171,0
21051,0
31055,1
5419,0
10749,1
13619,0
15106,0
819,0
23562,0
37253,0
30145,1
2915,0
9241,1
26074,0
33461,0
7135,0
37068,0
40068,0
30011,1
39660,0
982,0
12667,1
11781,0
10431,0
40458,0
13936,0
44447,0
48036,0
6896,0
9844,0
38447,0
20704,0
37503,0
9701,1
41722,0
39369,0
37627,0
45317,0
3902,0
29877,0
27985,0
45926,0
23315,1
26733,0
35170,0
38101,0
36994,0
40019,0
18071,0
44759,0
46018,0
47016,1
45955,1
45514,0
44735,1
28072,0
20562,0
43360,1
13714,0
9493,0
42448,0
23492,0
27229,0
7653,0
17201,0
26050,1
29925,1
26294,0
20209,0
17384,0
31887,0
18521,1
21861,1
30629,0
5458,0
7244,0
13844,0
43204,1
549,1
44822,0
5362,0
16867,0
13289,0
37052,0
45410,0
18025,0
9003,1
37158,0
33989,0
13535,1
35907,0
14935,0
47006,0
26217,0
865,0
3121,1
1976,1
10726,0
35938,0
33125,0
5954,0
2573,0
47237,0
974,0
29544,0
37371,0
34739,1
12018,0
17472,1
15427,0
2539,0
20706,0
9986,1
17256,0
16157,1
13042,0
12345,0
38601,0
22335,0
19748,0
37095,0
29354,1
19008,0
23293,1
680,0
39547,1
47738,1
3535,0
23619,0
28180,0
15827,0
47508,1
29947,0
6653,0
34556,1
47418,0
11011,0
31164,1
17512,0
1293,0
47574,1
41779,0
17874,1
39969,0
33358,1
47838,0
45823,0
17824,0
30695,0
9960,0
38282,0
35214,0
44224,0
23797,0
10352,0
37600,0
8623,0
31718,0
43512,0
36023,0
11226,0
28099,0
45303,0
17654,0
10597,0
3320,0
45380,0
8598,0
6193,0
35074,0
17180,0
11528,0
16898,0
36726,0
42734,0
5619,0
2988,0
1066,0
851,1
2253,0
32693,0
16739,0
12871,1
23286,0
22424,1
624,0
45266,0
43523,0
13425,0
19603,0
35078,1
8230,1
22106,0
22230,0
20234,0
32406,0
6750,0
70,1
28664,1
26812,0
3644,0
13125,1
30441,0
26351,0
9962,0
17269,0
43197,0
23836,1
36964,1
18378,0
9551,0
39312,0
45193,1
16701,0
19292,1
41523,0
11238,0
28155,0
11868,1
27735,0
24128,0
36168,1
36682,0
24609,0
31389,1
19960,0
35256,0
19073,0
23522,0
12731,0
13907,0
31540,1
41341,0
26352,0
22650,1
45588,0
22256,0
38267,1
18047,0
39413,0
18675,0
23177,0
46653,1
10629,1
7728,0
5335,0
2303,0
29480,1
23421,1
43241,0
41866,0
45919,1
25567,0
22055,0
27639,0
45771,0
36759,0
11612,0
2119,0
28530,0
10042,0
36090,1
27033,1
22677,0
17502,0
43285,0
9575,0
9263,0
33687,0
18763,0
12965,1
37062,0
31274,1
35842,0
7729,1
4472,0
32997,1
47710,0
8889,0
31344,0
24379,0
47407,1
15703,0
25135,1
18454,0
40722,1
47798,0
1947,0
45363,0
16918,1
10078,1
15786,0
1294,1
34812,1
338,0
31889,1
1057,1
41580,0
46685,1
8514,1
38190,0
19489,0
6706,0
2948,0
45576,0
42083,1
6660,0
28298,0
8792,0
32271,0
2008,1
24454,1
36975,1
40505,0
808,0
21595,0
8212,0
21609,0
29529,0
5950,0
5725,0
10396,0
35802,0
23454,0
26576,0
25356,0
39821,0
28784,1
46863,0
45368,1
37655,1
31412,0
15250,0
1389,1
14979,0
34139,0
4972,0
2898,0
33364,0
7873,0
39227,0
12955,0
30570,0
11284,0
15952,0
23474,0
11680,0
4678,0
11951,0
27819,1
13701,1
39691,0
6575,0
34619,0
43099,0
18779,1
17496,1
29713,0
34655,0
6211,0
34491,1
37429,0
47239,0
38061,0
2524,1
22201,0
28347,1
12221,1
28591,0
16747,0
37342,0
17228,1
45146,1
13269,1
9064,0
7909,0
16805,1
43012,0
38839,0
1189,0
47954,1
45383,0
43678,0
16889,0
28108,0
30267,0
15050,0
26160,0
1407,0
6621,1
6113,1
48054,1
39833,1
7381,1
3826,0
25547,0
25810,1
10791,0
5998,0
25349,0
12759,1
9725,0
23597,0
22990,0
21183,0
23168,0
31830,0
9484,1
39042,1
18207,0
23571,1
47597,0
33800,0
3701,0
4481,0
14980,1
17289,1
48568,1
16553,0
16264,0
48348,1
12553,0
21926,0
24362,0
14908,0
5056,0
46369,0
33341,0
15893,0
44252,0
37397,1
24973,0
37347,0
16518,1
27113,0
35411,1
36011,0
24949,1
14140,0
33377,0
35238,0
25022,1
14902,1
5229,0
26750,0
8047,0
1220,0
22137,0
21578,0
23348,0
44841,0
4172,0
17786,0
5046,0
42758,1
46957,0
27998,1
16017,0
18387,1
19753,0
8124,0
40109,0
40923,0
42192,1
30607,1
28619,1
33693,0
26776,0
38925,1
42662,0
691,0
48355,0
15568,0
26507,0
42368,0
23234,0
36353,1
47160,0
4672,1
33551,0
41868,0
3653,1
11779,0
8499,1
23604,0
10337,1
11538,0
28232,0
15483,0
12922,0
8599,0
23192,1
10309,0
18937,0
38135,0
12521,0
16826,0
34726,0
20457,1
37036,0
2574,1
15278,1
13945,0
26790,0
15111,0
1525,0
12296,0
8904,0
43085,0
1915,1
27928,0
29710,0
22907,0
31128,1
14195,0
16267,0
24142,0
5029,0
42495,0
15489,0
28514,0
34866,0
6061,1
10811,0
47291,0
42094,0
25713,0
7020,0
32767,0
34624,0
20289,1
7581,0
7622,0
9415,0
31076,1
29801,0
5421,1
11320,0
23436,1
6797,0
6031,0
22977,0
34868,0
41121,1
45990,0
20726,1
5909,0
7110,1
26570,0
22763,1
1615,1
37065,0
35172,0
12497,0
24050,0
3692,1
40337,0
11700,0
12268,1
30226,0
33154,0
30988,0
36622,0
22221,1
14398,0
24424,0
4318,1
3957,0
22345,0
44807,0
35244,0
12766,1
27248,0
48160,0
48831,0
42998,0
35546,0
25263,1
43055,0
41637,1
47074,0
9828,0
9316,0
29338,0
1432,0
13935,0
18152,0
8627,0
19387,1
27197,0
32582,1
12905,0
43792,0
36278,0
41697,1
18165,0
7932,0
4053,0
37693,0
11065,0
34643,0
14600,0
23470,0
13592,0
43247,0
6396,0
21552,0
33141,0
5473,0
30247,1
45615,0
13696,0
38386,0
42209,0
32009,0
26859,0
13694,0
7643,1
6804,0
32467,0
36906,0
37355,0
26658,0
21545,1
46941,0
5173,0
38523,0
27240,0
37339,1
1092,0
15049,1
43368,0
5774,0
46334,0
12830,0
5609,0
39609,0
18645,0
47098,0
21093,1
3707,1
8357,1
34144,0
24461,0
7992,1
26691,0
31852,0
6990,0
41430,1
46579,0
5848,0
23705,0
37218,1
9849,0
13620,0
9214,1
37322,0
18695,1
23322,0
42458,0
31415,0
20113,0
1391,0
27524,0
11286,0
1784,0
28697,1
30642,1
31070,0
42790,0
46049,0
29047,0
7130,1
43622,0
14109,0
22662,0
25429,0
10549,0
22049,0
37555,1
44649,0
17346,0
10530,0
6356,0
28659,1
8867,1
39473,0
1703,0
31648,0
34965,1
42609,0
36394,0
14088,0
46759,0
28908,0
40718,0
24930,0
26512,0
4521,0
17479,0
7987,0
32475,0
43390,0
22430,1
29552,0
6300,0
20239,1
11907,0
32277,0
9856,0
23441,0
21651,1
27439,0
48778,0
20045,0
47602,1
25230,0
47216,0
8183,1
46976,1
42988,1
45302,0
30906,0
22322,0
35150,0
40359,0
27490,0
10014,0
11307,0
48338,0
24067,1
4936,0
25091,0
46090,0
45215,0
44235,1
17926,1
30382,0
42735,0
37817,0
41355,0
29920,1
42851,1
25811,0
26412,0
7404,1
24185,0
38461,0
48273,1
1805,0
24658,1
7432,0
27028,0
10858,1
2888,0
35704,0
29246,0
44017,1
8111,0
19886,0
17091,0
29058,0
10779,0
6006,0
46099,0
38091,0
21237,0
8481,0
36297,0
7920,0
9532,0
43988,0
560,0
43923,0
19324,0
47373,0
36263,0
39971,0
41423,0
6720,0
52,0
9344,0
47506,0
40727,0
6533,0
11580,0
36121,0
44241,0
45871,0
19884,0
16977,1
9983,1
31782,0
30496,0
31643,0
10444,1
5309,0
25869,1
41288,0
10835,0
37230,0
34031,0
11316,1
5271,1
11282,0
40596,1
46887,1
35640,0
42514,0
8995,0
22082,0
13635,1
651,0
13895,1
30742,0
43168,1
38057,0
17334,1
32340,0
13564,0
45052,0
41818,0
46021,0
22620,0
31599,1
9989,0
3151,1
38225,0
25256,1
10792,1
17268,0
8360,0
8880,0
48780,0
19179,0
46848,0
19446,0
39942,1
38746,0
28081,1
47535,1
11266,0
37592,1
31336,0
35475,0
1880,0
30847,0
24885,1
45701,0
42391,1
22660,1
38497,0
2314,0
38488,0
40663,0
40545,0
30543,0
43924,0
29022,1
20986,0
25794,0
20928,0
3916,0
18978,0
2217,0
33172,0
33146,1
28678,0
30505,0
16081,0
17910,0
7379,0
2097,0
15222,0
21428,0
29502,0
40933,0
48197,0
39836,0
41216,0
25790,0
12383,0
39861,0
37921,0
43492,0
8976,0
146,0
3545,1
9624,1
45810,0
46864,0
12328,0
44371,0
34844,0
47247,0
14038,0
26314,1
24199,0
38211,0
14326,0
27203,0
9739,0
39385,0
10060,0
36182,1
23046,1
43496,0
28033,1
27549,0
35831,1
2933,0
31269,0
10093,0
13049,0
17075,1
16436,0
5673,0
4801,0
3212,0
41628,0
25934,0
30253,0
44628,0
4960,0
47868,1
37444,1
31370,1
41113,0
24845,0
22533,0
18794,0
28502,0
29610,1
20031,0
30714,1
26703,0
2047,1
35826,0
32653,1
7414,1
29228,0
3940,0
20341,1
28006,1
17490,0
28055,0
5481,0
33184,1
45219,0
4565,1
10188,0
32005,0
45304,0
10408,1
15326,0
10013,0
32150,1
6315,0
31335,0
20714,1
8419,0
37820,0
45682,1
14500,0
26446,0
30852,0
8589,1
36550,0
21751,0
44584,0
8465,0
27146,0
45710,0
32492,0
24531,0
12983,1
16803,0
23893,0
2676,1
26004,1
41677,0
47356,0
2822,1
21387,0
9315,0
2383,0
47594,0
44356,0
34591,0
39198,0
38348,0
15519,0
21377,0
37641,0
46223,0
22794,1
4564,0
44444,0
4607,0
40132,0
21653,0
2549,1
43436,0
45860,0
33674,1
21338,0
15892,0
35595,1
47475,0
38790,0
3062,0
25484,0
47476,0
41381,0
10796,1
5650,0
35560,0
32444,0
29982,0
3714,0
16448,0
38849,0
34876,0
610,0
6282,0
25709,0
2763,0
13886,0
30067,1
14929,0
20784,0
31901,0
42631,1
18788,0
4770,0
35383,0
48636,0
20253,0
39327,0
25817,0
2487,0
4509,0
10764,0
33997,0
32706,0
35142,0
5639,0
28906,0
10084,0
16334,1
30460,0
22504,0
29145,0
9802,0
31628,1
3641,0
31722,0
20504,0
16921,0
24116,1
1736,0
12463,1
3235,0
15044,1
33981,1
6395,0
9805,0
14026,0
6561,0
11869,0
39880,1
28909,0
45407,0
21754,1
38951,0
19920,1
7269,0
9431,0
2365,0
1700,0
41562,1
33750,0
48359,0
38833,0
18691,0
27026,0
26119,0
14151,0
20722,1
22189,0
23907,0
23067,0
6148,1
21142,0
29139,0
41134,0
27002,1
6501,0
39239,0
42084,1
45582,0
14646,1
13309,0
5611,0
23244,0
42907,0
35295,1
26161,0
33986,0
38186,0
37962,1
12834,0
40798,0
39019,1
6836,1
42821,0
10872,0
2759,0
22028,1
13885,0
18145,1
42293,0
15347,0
514,0
48828,0
43471,0
29150,0
39383,0
18849,0
35027,0
39659,0
5974,0
9824,0
43499,1
42213,0
4012,0
30365,0
12454,0
41710,1
46592,0
42638,0
174,0
15977,0
1289,1
30385,1
35436,0
17641,0
44404,1
6077,0
16275,0
27212,0
34395,0
3607,1
39888,0
9157,0
41541,1
15723,0
23317,0
47288,0
41364,0
8460,0
33007,0
36089,0
5992,0
9101,0
11283,0
41047,0
6773,0
19020,0
26505,0
6166,1
32737,0
19689,1
14562,1
48421,0
12254,0
21032,0
40051,0
36309,1
12335,0
6989,1
34957,0
9919,1
47341,1
46851,0
17073,0
4349,0
45736,0
29199,1
28963,0
35235,0
10976,0
19707,0
2770,0
23092,0
32491,0
46204,0
29760,1
48729,0
35357,0
13320,0
45444,0
10402,0
39046,0
18449,0
22320,0
13064,0
30971,0
44465,0
4026,0
5745,0
12271,0
36216,0
15375,0
13465,0
28142,0
41086,0
1776,0
40653,0
37533,1
37081,1
18962,0
40443,0
13869,0
36904,0
27382,0
14498,1
38540,0
41291,0
11364,0
31616,1
46268,0
48287,0
4830,0
40196,0
1866,0
10245,0
43141,1
40241,0
35870,0
48284,0
45700,0
16570,0
2191,0
9939,1
31965,0
7504,0
23546,1
3143,0
846,1
7721,0
3863,0
19312,0
37658,0
39436,0
37579,0
47107,0
27752,0
43902,0
33017,0
35820,0
40808,0
47524,1
7941,0
28427,0
17090,0
34317,0
29052,0
39817,0
39488,0
37266,0
20691,0
315,1
1745,0
17741,1
44006,0
8453,0
28149,0
45857,1
43093,0
9378,1
46483,0
18301,0
26781,0
26863,1
42945,0
6858,1
19880,1
43233,0
29259,1
14637,0
42647,1
39890,0
4765,0
34201,0
26457,0
36213,0
7567,1
33904,1
47351,1
29694,0
31884,0
7616,1
33638,0
47403,0
30723,0
13695,0
17687,0
6748,0
1195,0
20737,0
29695,1
36790,0
24151,1
39138,0
26283,1
33599,1
48746,0
19771,0
16009,1
3546,0
32334,1
29974,0
26253,1
8353,1
42649,1
47330,0
19863,0
26891,0
47745,0
8586,0
48604,0
12127,1
18567,1
35268,1
24786,1
3466,1
47402,0
17271,0
41943,0
42635,0
36054,0
46686,1
39365,0
22501,1
34900,0
31494,0
36431,0
17728,0
989,0
42887,0
35557,0
29364,0
33148,0
22118,0
47235,1
19842,1
12724,0
17239,1
31182,0
42567,0
20496,1
22271,0
30954,0
31021,0
25736,0
30935,0
211,0
4531,1
21620,0
35668,1
8577,0
41330,0
29818,0
34791,0
28667,0
41270,1
46783,0
9025,0
11345,0
17527,1
21681,1
37392,0
43256,1
16087,1
24875,1
25033,0
40922,1
14444,0
34903,0
8013,1
6800,0
10504,0
7083,0
1262,0
19481,0
30649,0
35299,0
15999,1
12172,1
14873,0
13084,1
38056,0
41883,0
8524,0
14960,0
48061,0
22228,0
22685,0
5621,0
39723,0
33653,0
36511,0
2287,0
2115,0
31054,1
38068,0
8307,0
29024,0
7634,1
22402,1
20600,0
25998,0
8654,1
18158,0
16060,1
4690,0
25207,0
30422,0
46634,0
40379,0
7856,0
39109,0
10002,0
45157,0
4553,1
21551,0
165,1
46868,0
41774,0
28382,0
34502,0
27463,0
3170,0
34064,0
39231,0
33206,0
3555,0
24912,0
40090,0
20023,0
38831,0
39626,0
31017,1
44000,0
22284,0
32783,1
24358,0
17339,1
7069,0
34693,1
22001,0
9773,0
13204,1
42361,1
14320,1
5546,0
17534,0
12216,0
6535,1
36558,1
39277,0
34507,0
40529,0
22187,0
28782,0
284,0
35098,1
34525,0
25800,0
27965,0
1341,0
14887,0
33314,0
38146,0
11771,1
19980,0
24848,0
4198,0
3515,1
30152,0
45638,1
4790,0
23112,0
27056,0
24495,0
34326,0
34825,0
7623,0
37973,0
37571,0
37969,0
28078,1
14361,0
20624,1
45408,1
6344,1
12442,0
38183,1
37762,1
23610,0
17575,0
29202,0
40107,0
9590,0
41498,0
609,0
4362,0
25300,0
32077,0
24382,0
23815,0
48127,0
151,0
41683,0
26009,0
13769,0
45381,0
16289,1
16831,0
11478,0
23076,0
20520,0
11048,1
32885,1
21399,0
26198,0
15147,0
19045,0
5318,1
17155,0
41441,1
6979,0
23266,1
16492,1
41145,1
1403,0
22803,0
4594,0
41515,0
21010,0
7290,0
32735,0
38623,0
3615,1
19283,0
48318,0
34424,1
37794,0
39955,0
4425,1
22467,1
20644,0
2778,0
1165,0
3901,1
18704,0
10493,0
33428,0
5425,0
31300,0
13185,1
31356,1
2752,0
25312,1
26773,0
18445,1
27664,0
27511,1
7936,0
23328,1
11688,0
47456,0
21222,1
23803,0
21975,1
42510,0
18566,0
30196,0
4383,0
42415,0
25683,0
18359,0
1762,0
32324,0
23251,0
27697,1
38145,0
21229,0
22310,0
39879,1
8673,0
16629,0
13908,1
451,0
19869,0
12645,0
31373,0
30292,0
44268,0
25598,0
33258,0
15615,0
15016,0
43447,1
22003,0
18053,1
7267,0
32632,0
47252,1
31880,0
40085,0
36628,0
26958,0
35741,0
43919,0
27153,0
40558,0
4898,0
35196,0
39544,0
348,0
2833,1
31144,1
34961,1
1427,0
19521,0
15351,0
34017,1
26228,0
25422,0
7848,0
8968,0
2641,1
27504,0
929,0
6599,1
18173,0
17396,1
1715,0
40037,1
38448,0
42164,0
6168,1
6479,1
29550,0
17402,0
8981,0
2690,1
28690,0
852,0
9340,0
41390,0
45366,0
39611,0
25469,0
44614,0
39303,0
12815,0
9435,1
42767,0
25181,0
34759,0
1969,0
966,0
4380,1
12783,0
21587,0
29725,1
1082,1
20568,0
10279,0
15444,0
26967,0
39089,0
5803,1
31133,0
46415,0
5226,1
17882,0
5679,0
47543,0
19202,0
1641,0
43885,0
2112,0
46999,0
33304,0
44827,0
45908,1
47550,0
18325,0
20864,0
15726,0
32870,0
47718,0
41823,0
34582,0
37417,0
14272,0
40029,0
47552,1
22807,0
46850,0
32981,1
30358,1
9086,0
36684,0
17048,0
20104,0
20752,1
47754,1
4632,0
16483,1
36070,1
12923,1
46454,0
28921,0
2638,0
33067,0
23033,0
41490,1
30712,0
10997,1
28423,0
19587,0
30563,1
13697,0
10102,0
39500,0
21480,0
29737,0
17714,0
40098,0
47131,0
38911,1
44230,0
2473,0
4692,0
47050,1
7857,1
13693,0
26297,0
36989,0
14851,0
45182,0
131,0
15037,0
25466,0
10250,0
6588,1
4855,1
23575,1
14212,0
29178,0
42827,0
28372,0
12215,1
13428,0
12131,0
13030,0
1210,0
1260,0
35229,1
32312,0
33932,0
43459,0
28356,0
45119,0
39086,0
31509,0
5308,0
24916,0
11972,0
34543,1
41885,1
28992,1
48490,0
41321,0
47804,1
44934,0
36009,0
41602,0
41269,0
35700,1
4694,0
47921,0
24081,0
30279,0
27097,0
40124,0
41653,1
34756,0
7693,0
31152,1
27596,0
44047,0
31583,0
9521,1
5778,0
33450,0
48278,1
30342,0
12604,0
28662,1
24353,0
3174,0
12188,0
1450,1
37781,0
46644,1
26886,0
22731,0
2155,0
5465,0
38401,1
45537,0
15245,0
6308,0
41756,0
7032,0
16914,1
14146,1
9309,0
1607,0
36728,0
46771,1
3332,0
18486,1
26165,1
44599,1
13088,0
32660,0
41158,0
24785,0
17475,0
25142,0
35381,0
10756,1
9036,1
33954,0
8767,0
9866,0
9630,0
21482,1
32442,0
27800,0
30113,0
48258,1
10825,0
20507,0
36877,0
44805,0
20303,0
17645,0
13214,0
43257,0
2846,0
23636,1
37945,0
46002,0
42832,1
17308,1
21265,0
43424,1
28997,0
33952,1
26706,0
31034,0
25679,0
47863,0
31619,0
39310,1
32987,0
34081,0
6178,0
9890,1
16421,0
39623,0
34321,0
10884,0
32625,0
24782,0
10722,0
14197,0
37509,0
30006,0
13506,1
47719,0
17617,0
48764,0
11076,0
15087,0
4721,0
37457,0
17756,0
4285,1
19873,0
24213,0
26116,0
10095,0
1016,0
25439,0
27712,0
47893,0
42395,0
30037,0
15213,1
39235,0
31066,0
22853,0
16338,0
27295,0
19607,0
356,0
48260,0
20666,0
33197,0
28443,1
1209,0
5677,0
35740,1
9438,0
43003,0
35678,0
25941,1
18800,0
9374,0
19290,0
3489,1
20735,0
27057,1
41649,0
22351,0
44782,0
38501,0
35593,0
32410,0
22810,0
31147,1
18227,0
8630,1
22370,0
42486,0
44539,1
14119,1
46812,0
2949,0
8506,0
19145,0
42006,1
37898,0
19205,0
48640,0
37765,0
3817,0
48518,0
32604,0
34477,1
20627,0
37507,1
1433,0
19701,0
17495,0
6729,0
33808,0
34962,1
31933,0
25812,0
41095,0
38136,1
34435,0
163,0
13187,0
8276,1
31325,0
21259,1
39112,0
28397,0
30107,0
4603,0
11431,0
591,1
4106,0
9659,0
38088,0
4763,0
42191,0
35540,0
5410,0
25095,1
47849,0
31278,1
19276,0
18891,0
19585,0
47549,0
39282,0
22971,0
38827,1
12347,1
20577,0
5628,0
15145,1
24735,1
17877,0
7806,0
36305,0
38541,0
35387,0
9486,0
21722,0
11383,0
9623,0
18571,0
45177,1
2065,0
23376,0
5817,0
33268,1
13211,0
36164,0
43586,0
22537,1
12436,0
44226,0
40887,1
20450,1
33366,1
20332,0
11569,0
35801,0
1873,0
5811,0
35250,0
13105,0
11800,1
42769,1
14050,0
40927,0
44144,1
21921,0
33144,0
30799,1
23602,0
26246,0
20774,0
31738,0
8547,0
44491,0
19363,0
10397,1
34213,0
46788,0
31865,0
532,0
27919,1
33631,0
44186,0
12958,0
10653,0
5756,1
28003,0
17406,0
10221,0
46249,0
14052,1
17165,0
47858,0
38172,1
32034,0
33896,0
47922,0
9587,0
16119,0
15432,0
32742,0
13207,0
26483,1
36636,1
15517,0
37003,0
15242,0
9362,0
27172,1
997,0
14764,0
30721,1
23541,0
48403,0
44600,0
31809,1
8358,0
16196,0
35846,0
142,1
1039,0
12475,0
42731,0
43711,0
2011,0
45515,0
2978,1
22555,0
33704,0
2452,0
29841,0
20285,1
23196,0
3738,1
34116,0
13645,0
11668,1
12571,0
11814,0
20257,0
11730,0
10153,0
47668,1
23302,1
15658,0
46374,1
38624,0
34813,0
2234,0
30756,0
15860,0
23448,0
12126,0
34342,0
38320,0
39805,0
32882,1
41661,0
7424,0
22159,0
36227,0
36487,0
25594,0
10385,0
46219,0
35565,0
29569,0
47277,0
14223,0
47551,0
5620,0
10768,0
12914,0
39794,0
12344,0
46064,1
37594,0
9223,0
4064,1
3658,0
25796,0
2344,0
1352,0
48326,0
5331,0
44485,1
26984,0
36712,0
1853,0
29545,0
41924,0
40559,0
45170,0
39922,1
11621,0
16953,0
18017,0
46357,1
7677,0
12710,0
45264,0
41536,1
3969,0
10956,0
14438,0
13308,0
22894,0
30798,0
17953,0
42014,1
32341,0
15807,0
34272,1
4508,0
16995,0
36521,1
42088,0
24463,1
46506,0
34930,0
37301,0
40096,1
25368,0
16065,1
9364,0
18750,1
40429,1
14966,0
19484,0
42301,0
30763,0
10384,1
13303,0
21015,0
35317,1
20387,0
36177,1
15183,0
3437,0
14804,0
44411,0
15085,0
35211,1
46586,0
8823,0
16769,0
15238,1
11763,0
46318,0
13669,1
11474,0
42050,0
43152,1
36932,1
2458,1
30303,1
46919,0
23188,0
1099,0
34938,1
39389,0
5123,1
36914,0
22867,0
6201,0
46726,0
40494,0
26006,0
37288,0
31736,1
8812,0
17949,0
46383,0
2624,0
44888,1
9896,1
11879,0
45854,0
13572,0
31281,0
11362,0
37496,1
48484,1
6417,0
42537,0
41356,0
25604,0
25872,0
6218,1
33076,0
7060,0
42470,0
5536,0
25751,0
41505,0
24004,0
35343,1
33833,0
46063,0
35657,0
10154,0
21007,0
44679,0
1971,0
6349,1
170,1
41585,0
25728,0
6309,0
18456,1
24945,0
26623,1
39321,1
25087,1
3242,0
47563,1
37108,0
10949,0
7959,0
47952,1
15312,0
13014,0
96,0
36334,0
9012,1
224,1
22452,0
44162,0
24701,0
48175,1
15515,0
24218,0
44278,0
46962,1
27703,0
33621,1
19648,0
17869,0
39515,0
39536,1
14575,1
25004,0
24862,1
27049,1
9578,0
24182,0
20141,1
4234,0
14641,0
19844,0
30761,0
2562,0
19394,1
8926,1
42811,0
32592,0
27563,0
20549,0
37331,1
35785,1
35893,0
13874,1
31026,0
37075,0
5560,1
7943,0
44207,1
3316,0
8529,0
21439,1
26515,0
36066,0
10345,0
20355,0
17576,0
16839,0
20350,0
37279,0
40199,0
27219,0
15495,1
23113,0
4225,0
30047,0
18429,0
41185,0
3001,1
27974,0
11343,0
11611,0
41367,0
7042,0
46722,0
34465,0
30574,0
13067,0
40642,0
8714,0
16774,0
43237,0
39300,0
7148,0
19729,1
941,1
31665,1
21306,0
12944,1
12484,0
44436,1
25032,1
36293,0
18332,1
19621,0
29252,0
38062,0
5451,0
24468,0
46761,0
5880,0
44222,0
18996,0
47471,0
17467,0
43053,0
4958,0
41282,0
9822,0
18573,0
34748,0
1934,0
43478,0
34067,1
40654,0
38131,0
18393,1
16628,0
3602,1
25663,0
7018,0
24003,0
18765,1
29686,0
19024,0
37114,0
37083,0
46576,0
31558,0
41890,0
20544,0
19515,0
41309,0
46498,1
1630,0
42689,0
30004,0
8371,0
23202,0
39962,1
33068,0
24123,0
17000,1
2926,0
17021,0
34264,0
37281,0
37050,0
21714,0
20342,0
29592,0
43955,0
9077,0
16486,0
22836,1
43120,0
48580,0
24855,0
23774,0
26448,0
47334,0
12276,0
47117,0
43814,0
37041,0
45446,1
42082,0
35353,1
13355,0
18862,0
1058,0
19633,0
38299,0
45697,0
41322,0
41457,0
10142,1
28700,0
22541,0
9186,1
23215,1
26878,0
34797,0
4157,0
11098,0
48761,1
2571,0
29819,0
19217,0
35095,1
4066,0
7564,0
27456,0
17206,0
29745,0
1377,0
23899,0
7805,1
19490,0
8472,0
14721,0
33505,1
31233,0
47561,1
527,0
7967,0
20581,0
2798,1
23693,0
30244,1
725,0
28321,0
27259,1
46131,0
24320,1
2673,1
19768,0
12026,0
213,0
12972,1
6565,1
43615,1
13862,1
29884,0
39401,0
34278,0
16008,1
30295,0
43373,0
20019,0
14517,0
26843,0
25325,0
16454,0
238,0
34433,0
17736,0
48743,1
36643,1
6717,0
21031,1
39883,0
28507,0
26431,1
26239,0
42373,0
36079,0
23269,1
13031,0
25775,0
8689,0
5851,0
15081,0
48048,0
38241,1
5744,1
35695,1
34310,0
3005,0
44369,1
14343,0
46820,1
28787,1
2165,0
33635,0
4144,0
28326,0
3866,1
31536,0
24431,1
12092,0
38283,0
23477,0
31400,1
4299,0
33443,0
34214,0
26933,0
16445,1
23432,0
21488,0
47429,1
46909,1
12879,0
41650,1
5159,0
45768,0
2704,0
36086,1
32911,0
3829,0
26106,0
47376,1
37460,0
10995,0
31710,0
47139,1
4470,0
27411,0
34388,0
10499,0
34911,0
8736,0
41011,0
19336,0
30316,0
2754,0
25410,1
14595,1
36205,0
3369,0
19654,0
22597,0
12104,0
27914,0
6203,0
38765,0
32476,0
34449,0
14292,0
764,0
47998,0
14104,1
23460,0
22103,1
1308,0
40185,1
16866,0
11293,0
4591,1
17822,0
17697,0
33500,0
40356,0
7205,0
27877,1
12581,0
1904,1
25837,0
12839,0
31851,0
48346,0
18277,1
9292,0
9136,0
18046,1
34365,0
4257,0
26062,0
35252,1
36470,0
39947,0
48161,0
14760,0
3270,0
17722,0
1575,0
17230,0
20021,1
12301,0
3972,0
5165,1
46758,1
46985,0
28885,1
17945,0
8567,0
46053,1
202,0
39985,0
6941,0
10990,0
13516,0
8631,1
3646,0
2640,1
10181,1
13275,0
30135,0
32933,0
29762,0
18261,0
9837,0
23475,1
9584,0
4395,0
12982,1
21890,0
40961,0
19338,0
48528,1
42438,0
47116,1
48143,0
43334,0
949,0
35607,1
44304,0
40177,1
36721,0
11007,1
9571,0
13216,1
33098,0
26896,0
38647,0
28215,0
6826,0
41349,0
8368,1
30517,1
32530,0
37800,0
17529,0
35945,0
14410,0
45938,1
16584,1
24087,1
37839,0
47994,0
23796,0
39391,1
14263,0
21869,1
16158,1
41979,1
34091,0
30730,0
5433,0
4715,0
21734,0
18574,1
45666,0
13351,0
39553,0
27575,0
42056,0
37710,1
28065,1
1875,1
13294,0
20905,0
40712,0
39742,0
29183,0
33730,0
31527,0
46963,0
28124,0
10683,0
34178,0
26007,0
43374,0
27845,0
13279,0
17612,0
48065,0
19428,0
7969,0
19806,0
14716,0
45868,1
31908,1
6319,0
42776,1
2122,0
7362,1
42396,0
24413,0
10945,0
22229,1
21400,0
9270,0
14221,1
36869,0
36217,0
10441,0
5321,0
46395,0
32351,0
23991,0
10005,0
18668,0
45389,0
19815,0
323,0
14362,0
48390,1
33460,1
281,1
22815,0
34531,1
18222,0
45728,0
1803,0
30307,0
45844,0
42570,1
18967,0
17709,0
29688,0
29984,0
26541,0
38877,1
32831,0
17842,0
39463,0
25886,1
9736,0
29537,0
18023,0
36842,0
29237,0
40701,0
9310,0
37016,1
35395,0
8193,0
28532,1
33496,0
41646,0
25366,0
38692,0
6555,0
10820,0
2412,0
7716,0
2687,0
14632,0
39667,0
32938,1
3016,0
29748,0
8338,1
21048,0
10322,0
758,0
5617,1
27805,0
17,0
42039,0
11565,0
2457,0
45643,1
37782,1
15370,1
36492,0
30361,0
20750,0
28541,0
46860,0
28900,0
7156,0
56,0
47140,0
6781,1
19972,0
41845,0
24917,0
30838,0
1028,0
22300,0
44537,1
40773,0
8377,0
17622,0
21832,0
9305,0
27852,0
42688,0
43151,0
6991,0
36229,0
46594,0
39392,0
43337,0
38589,0
157,0
31530,0
35063,0
40396,0
26013,0
20385,0
48713,0
27075,0
6806,0
8310,0
45063,0
33163,0
37979,0
16397,0
33430,0
16960,0
35221,0
19531,0
47212,0
5984,0
41146,0
46172,1
858,1
9230,0
20097,0
47855,0
21579,0
11591,0
27322,0
5004,0
21212,0
43470,0
18028,0
34078,0
6667,0
42425,0
26129,0
24022,1
27625,0
11255,1
32571,0
19129,1
2823,0
2190,0
28654,0
22969,0
47380,0
16981,0
3158,1
45850,0
42007,0
39640,0
35555,0
5708,0
19645,0
43877,1
21777,0
43484,0
38002,0
9767,1
28889,0
11772,0
7803,1
41294,0
47583,1
15990,0
39882,0
369,0
20027,0
14593,0
12788,0
11125,0
43027,0
46737,0
45921,0
46547,1
42967,0
23276,0
42455,0
24225,1
43533,0
14481,0
20076,1
36531,0
24094,0
23055,0
28016,0
19659,0
48805,0
15906,0
42882,0
12251,1
23827,0
12315,0
630,0
23890,0
7218,1
32117,0
8930,0
6870,0
6043,0
31785,0
18471,1
24180,0
25730,1
40372,0
17481,1
21053,1
27255,0
40267,1
48121,1
48074,0
7017,0
38676,0
47208,0
35284,0
25642,0
26304,0
2088,0
23725,0
28505,1
25040,0
19042,0
36057,0
14771,1
25442,0
6997,0
46818,0
20322,0
26829,0
18473,0
15165,1
45190,1
39116,0
2747,0
11630,0
43680,1
10912,0
4695,0
24950,1
13226,0
23379,0
33957,0
42868,0
42710,1
31696,1
28641,0
5923,1
11169,0
44335,1
36352,1
32026,1
19574,0
23891,0
1086,1
27684,0
28109,0
13990,1
34746,0
23603,0
6189,0
12263,0
8214,1
4331,1
44845,0
39859,1
15793,0
10978,1
39028,0
7864,0
3526,0
6068,0
21104,0
48336,0
23884,0
16725,0
48501,0
24618,0
41604,0
2702,0
44978,0
5939,0
44708,0
12963,0
10985,0
4024,0
4691,0
41455,1
19406,1
32748,0
15253,0
6727,0
48709,0
27286,0
32875,0
13116,1
4059,0
48451,0
45125,0
37638,1
41275,0
6142,0
25706,1
8549,1
30900,0
24343,0
4774,0
40152,0
8754,0
4289,0
29939,0
40024,0
22204,0
27833,0
26168,0
26353,0
20610,1
13399,0
14150,0
768,0
32738,1
43789,1
13401,0
255,0
28671,0
30318,0
29689,0
44146,1
23420,0
11975,0
44080,0
7380,0
46703,1
24046,0
2992,1
22532,0
47001,0
2003,0
6695,1
748,1
28629,1
8398,1
39819,0
7502,0
31753,0
20946,0
9747,0
39721,0
37870,1
23152,0
18069,0
6209,1
3962,1
47030,1
8992,1
43825,0
12576,0
31472,1
18439,1
6460,0
2245,1
35239,0
13875,0
18110,0
16096,0
16704,0
42681,1
3395,0
4282,0
33185,0
27910,0
38528,0
41663,0
41213,0
23834,1
16360,0
14772,0
41893,0
14926,0
24331,0
40013,0
3252,1
14678,1
1008,1
15709,1
21283,0
41807,1
12911,0
30955,0
22048,1
35118,0
21016,0
16039,0
31508,0
19732,1
23649,0
6323,0
27822,1
4022,1
28701,0
4124,1
44942,0
46503,0
48806,0
21448,1
43013,0
7905,0
16958,0
44798,0
424,0
31912,1
23879,0
48002,0
26716,0
1017,0
11697,0
45327,1
32245,0
11989,0
30383,0
22502,0
46735,0
48357,1
23354,1
37254,0
3337,0
44866,0
15775,1
16505,0
30031,1
43186,1
23664,1
36924,0
23577,1
40248,1
2813,0
18326,0
47335,1
44902,0
44419,0
19634,1
2180,0
25894,1
18933,1
26158,1
22816,1
41652,0
23239,0
20338,0
14065,1
208,1
19483,0
44923,1
29696,0
22002,0
21216,1
14118,0
7465,0
47967,0
5080,1
46440,0
5116,0
39102,1
35372,0
23016,1
18535,1
43159,0
23135,0
8259,0
14359,0
7594,0
26234,0
42292,1
42993,0
8098,0
6430,0
9671,1
44137,1
8478,0
41200,1
10281,0
24272,1
18634,0
15243,0
1742,0
529,1
5822,0
38748,1
10228,0
34384,0
41635,0
30495,0
16332,0
48101,0
11923,0
17312,0
38813,0
38477,0
22392,1
19504,0
44910,1
8201,0
31811,0
11542,0
14532,0
33512,0
6342,1
20287,1
12479,0
25301,0
44459,0
37558,0
40407,0
17082,0
6005,0
37953,0
17327,0
32264,0
25010,1
33439,0
18619,0
36810,1
17010,1
10563,0
45879,0
33431,0
36992,0
41693,0
12526,0
5793,0
34268,0
23069,0
4714,1
6961,0
7851,0
24137,0
45012,0
28884,0
9632,1
35094,0
1585,0
16108,0
31121,0
20656,0
48415,0
29567,0
39266,1
30015,0
41815,0
26219,0
21333,0
13367,0
23568,1
23800,0
9563,0
2399,0
2469,0
10802,1
15803,0
48459,0
13410,0
17344,0
21694,0
3766,0
2994,0
11424,0
7360,0
33056,0
36059,0
41919,0
38266,0
8285,0
14340,0
16948,1
35968,0
34182,1
28361,0
15428,0
44580,0
8662,0
2553,0
34584,0
2941,0
20042,0
39665,1
11221,0
43025,0
169,0
24184,0
45039,0
42255,0
23795,0
26379,0
25600,0
34142,0
33571,0
27147,1
6284,0
46138,1
43569,0
31398,1
29334,0
11708,0
33628,0
41812,0
26711,0
4989,0
36326,0
9766,0
46130,0
6145,0
7317,0
19691,1
28479,0
28157,0
35500,1
29636,0
34701,0
20051,0
42773,1
38058,0
38239,0
22880,1
21686,1
27751,1
8816,0
2220,1
9452,1
20720,0
42578,1
32993,0
18658,1
46331,0
34647,0
38147,1
27110,1
2398,0
43974,0
34694,0
4728,0
308,1
26390,0
1568,0
17665,0
35348,0
6136,0
38808,1
7051,0
17965,0
18033,0
28255,1
11263,1
36282,1
47267,0
20364,0
26866,0
14243,0
3984,1
47413,0
35380,0
26536,1
48733,0
47789,0
16378,1
7198,0
28866,0
5958,0
29720,0
46062,0
38609,1
38165,1
30810,1
20923,0
35310,1
16663,0
16235,0
42402,1
35976,1
38962,0
34294,1
20686,1
45115,0
21308,1
44770,1
42162,0
39692,1
47814,1
26765,0
44068,0
37722,0
32292,0
40862,0
19159,0
41357,0
28384,0
21999,0
22698,0
13108,1
11636,0
40603,0
19036,0
23912,0
34499,1
19564,0
39429,0
37059,0
48107,1
25821,0
10026,0
9251,0
5863,0
47565,0
32370,0
15640,0
10574,1
21255,1
32952,0
41763,1
28408,0
19399,0
14482,0
16442,0
7608,0
4540,1
10314,0
9231,1
12212,0
45085,0
4322,0
4156,0
14542,1
2865,0
30653,0
9565,0
11647,1
36403,0
25472,0
27270,1
43294,0
15949,0
16097,1
30949,1
45098,1
40091,0
41520,0
20963,0
46269,0
44303,1
3587,1
37019,0
7930,0
27037,0
9209,0
18310,0
46960,0
78,0
1047,0
38789,0
32986,0
2183,1
19770,1
45804,1
7012,0
17560,0
30850,0
10089,0
16107,1
4085,1
24509,0
20630,1
33084,1
9073,0
35491,0
36174,1
9857,0
27304,1
6015,0
20056,0
47022,0
44601,1
795,1
33400,0
46055,1
33046,1
32323,0
19765,0
41785,0
34559,0
41514,0
47093,0
2615,0
25480,1
28019,0
21645,0
3508,0
36752,1
45134,0
17328,0
39965,0
23320,0
30138,0
44331,1
926,0
29402,1
33636,0
23708,0
31307,0
16099,1
2076,0
30156,0
23228,0
12729,1
28177,1
18582,0
6268,0
47284,1
30749,0
42973,0
41042,0
32095,0
12055,0
12693,0
26761,0
16590,1
47037,0
36510,1
33219,1
11512,0
22397,1
1098,0
37226,0
20906,1
4847,0
21770,0
48672,0
16028,1
27199,0
3895,0
41316,1
15418,0
25619,0
8997,0
39051,0
29365,0
34909,0
16260,0
18235,0
4010,0
19657,0
33089,1
43166,0
33676,0
16852,0
42461,1
39730,0
46938,1
1496,1
5201,1
7161,1
12261,0
30025,0
46796,0
39810,0
19296,0
11820,0
44658,0
30764,0
10165,0
26208,0
10319,0
4705,0
45907,1
40584,0
31228,0
32083,0
20265,0
17186,0
32534,0
30406,0
12421,0
23117,0
10174,1
14727,1
6700,0
31671,1
7199,0
7468,1
7965,0
2193,0
11370,0
17187,0
41499,0
43193,0
19543,1
39407,1
10755,0
16453,1
25250,0
13148,1
23627,0
30738,0
17022,0
13276,1
13316,0
20225,0
7498,1
11081,0
35519,0
8893,1
29970,0
35568,0
7704,0
36398,0
18510,0
8693,0
6564,1
7479,0
25,1
2462,0
11590,1
31766,0
19384,0
46221,0
40345,1
34486,0
27957,0
11194,0
21452,0
16067,0
47757,0
5859,0
48513,0
34583,0
5951,1
44965,0
45114,1
31181,0
489,0
48418,0
7025,0
10847,0
6707,0
26606,1
47397,0
42053,0
6669,0
12949,0
2628,1
34842,0
32830,0
40802,0
29575,0
2597,0
19057,0
14673,0
37485,0
25388,0
43391,1
19062,1
27668,0
45015,0
4824,0
14446,1
58,1
39725,0
130,0
12764,1
27263,0
32686,0
39489,0
16788,0
5832,1
2750,1
43677,0
23229,1
6890,0
17651,0
39709,0
1230,0
1928,0
3189,1
40651,0
31582,0
17397,0
36961,0
47386,0
821,0
19885,0
30843,1
23762,0
11815,0
13176,1
15415,0
20641,0
35332,0
35973,0
4618,0
37519,0
18444,0
46425,0
552,0
4325,0
6799,1
48399,0
29753,0
48722,1
24516,0
15697,0
6595,0
27842,1
18753,1
7953,1
44005,1
45057,1
30069,1
26777,1
16213,0
40368,0
44477,0
1435,0
7228,1
35535,1
8379,0
48647,0
24054,0
41931,0
5946,0
18366,1
21447,1
48125,0
26954,1
475,0
45061,0
10656,0
40717,1
37841,0
13771,0
33883,0
7589,0
36493,1
5959,0
6534,0
21755,0
18663,0
33384,0
37119,0
23073,1
26657,0
24946,1
4858,0
44239,0
35180,1
28169,0
4944,1
16055,1
39355,0
30101,0
35335,0
14909,0
19601,0
12969,0
37991,1
36112,0
8088,0
21671,0
29922,1
34469,0
2320,1
27615,1
10432,0
2370,0
1690,0
44316,0
13661,0
36350,0
32520,0
998,0
46894,0
17462,1
30147,0
23840,1
11646,0
1492,0
9613,1
5511,0
38015,0
20035,1
44457,1
15831,0
33212,0
44098,0
28130,0
20513,1
13921,0
26093,1
20376,0
48793,0
12546,0
9539,0
17950,1
35487,0
25745,0
40774,1
42366,1
10920,1
41846,0
13177,0
24771,1
6681,0
2423,1
11454,0
15119,1
41128,1
14647,1
817,0
3029,0
21687,1
20758,0
6947,0
16660,0
1693,0
24967,1
41757,1
22737,0
43693,0
9507,0
33153,0
41606,0
39788,0
3574,0
8205,0
46141,1
45899,1
25698,0
46191,0
31074,1
11300,0
28648,0
20628,0
29238,0
41997,0
36034,1
37223,0
41959,0
48471,0
39935,0
31248,0
13391,0
2685,0
11702,1
19798,1
36005,0
42788,0
18979,0
10419,1
3490,0
20458,1
15756,0
28814,1
29514,1
37566,0
15907,0
8422,0
13574,1
30218,0
6613,0
28893,0
37896,0
40236,1
38200,0
34097,0
26428,0
36874,1
47617,0
2010,0
43109,0
16613,0
34992,0
19534,0
45026,1
34396,0
36008,1
39581,0
12609,0
15304,0
17104,0
44453,1
22549,0
194,0
17004,1
30485,1
33897,0
35800,0
25390,0
45718,0
45216,1
27942,0
43138,1
42064,0
45337,1
48595,0
27979,0
41354,0
16868,0
6627,0
19923,0
32188,1
6598,0
31492,1
24971,0
20132,0
37390,1
45284,0
23681,0
13455,1
28402,0
27196,0
30000,0
1536,1
22526,1
30933,1
44560,0
6295,1
26141,0
45274,0
20745,0
46738,0
24896,0
39592,0
23313,0
14857,0
43428,0
36757,0
6318,0
42043,1
30215,0
32967,0
34603,0
18315,0
19433,1
38970,0
45452,1
43659,1
40752,1
47554,0
10989,0
6978,0
43412,0
26085,0
20034,0
29886,0
6130,0
11111,1
24124,1
2836,0
25692,0
25747,0
34061,0
33855,0
7735,0
39618,0
46189,0
11874,0
10677,0
2582,0
36783,0
40119,0
47439,0
32078,0
21390,0
33087,1
33728,0
30684,1
26065,0
48020,0
18602,1
15076,0
24546,0
18230,1
33818,0
37984,0
18821,0
38390,0
14837,0
24903,0
1142,0
42288,0
27389,0
22444,0
36463,0
18708,0
42528,1
28597,0
18394,0
19509,0
7104,0
15058,0
39567,0
23524,0
38340,0
5098,0
43652,1
39973,0
32855,0
18791,0
18334,0
12623,1
1434,0
29967,0
22225,1
34570,0
25935,0
21475,1
11165,1
47227,0
35273,0
6680,0
21017,1
31564,0
4032,0
11485,0
21583,0
41678,0
26008,0
2563,1
31016,0
40563,1
7550,1
10632,0
23186,0
10962,0
30878,1
44394,0
26620,1
36223,0
12551,1
24681,1
13542,0
9597,0
48294,0
41605,1
36111,0
10481,0
27325,1
26267,0
13018,0
41007,0
7895,0
26397,0
45536,1
9594,0
25400,0
27586,0
28388,0
20710,0
14180,0
28965,0
45412,1
14770,0
38769,0
46173,1
8158,0
30278,1
36132,0
43636,0
20087,1
3116,1
11004,0
47477,0
37274,0
32023,0
19498,1
19098,1
46912,0
39508,0
33020,0
35655,0
9884,0
34775,1
37639,1
8731,0
12133,1
39968,0
20190,1
45977,1
16357,0
8477,0
40473,0
22440,0
45861,0
28508,0
36739,0
465,0
10712,0
3076,0
42133,1
3411,0
20082,0
36720,0
26599,1
33508,1
35951,0
40432,0
7900,0
29500,0
18772,0
18984,0
18980,0
36799,1
36157,0
34414,0
6526,0
16736,1
17846,0
43786,0
28076,0
25574,0
20140,0
30573,0
24053,0
30409,1
13575,0
46198,0
16495,1
41751,0
47740,0
6432,0
32518,0
14933,0
12501,0
45053,0
17662,0
8335,0
34883,1
11833,0
9968,0
38261,0
30722,0
40913,0
1510,0
18054,0
1469,0
40921,0
17473,0
28871,0
28334,0
23579,0
25438,0
18416,0
24585,0
2964,0
47127,0
43524,0
31848,1
23737,1
32076,0
4623,0
43038,0
3386,0
38060,1
29983,0
13055,0
40572,0
16808,0
22060,0
19393,0
5566,0
3419,0
16131,0
8929,0
30602,0
27434,1
20415,0
20912,0
31871,1
37057,0
30237,0
37740,0
6770,0
20729,0
38184,0
13746,0
16882,0
18459,1
2703,0
17092,0
38498,0
42952,0
11717,0
677,0
11250,1
1156,0
19023,0
4856,0
47636,1
36593,0
33202,0
30905,1
7890,0
43796,0
17596,0
23086,0
26589,0
20295,0
39027,0
16029,0
3398,0
46890,1
3686,1
48533,0
19728,0
23451,0
33579,0
47388,0
38071,0
27569,0
35260,0
13911,0
42755,0
14834,0
14245,0
17705,0
18476,0
5012,0
25839,1
13446,0
42550,1
32070,0
11789,0
41211,0
21397,0
8819,0
48376,0
11643,0
10765,0
8112,0
23709,0
29189,0
22718,0
11689,1
25295,1
20650,0
8866,0
44352,0
10725,0
23987,0
27585,0
32015,0
46648,0
15964,1
23589,0
6057,1
3128,0
36428,1
15212,1
46110,1
42224,0
42825,0
36310,0
32509,0
9763,0
6702,0
18330,0
44254,1
23190,0
8989,0
2971,0
39676,0
30310,0
11515,0
33170,0
8407,1
38077,1
15938,0
44204,1
21077,0
25210,0
29898,0
31155,1
11108,0
31196,0
18621,0
17745,0
27537,0
7767,0
35609,0
6252,0
9509,0
20894,0
26378,0
31143,0
42791,0
38059,0
7008,0
46061,1
45293,0
31878,0
32215,0
3254,0
587,0
29914,0
13280,1
29305,0
45786,0
4700,0
24162,0
30913,0
12189,0
41161,0
14002,0
37741,0
35154,1
42332,0
17661,0
44787,1
38303,0
48119,0
32163,0
40108,0
12174,1
4387,0
15661,0
45659,0
24702,0
46179,0
41685,0
10103,1
18323,0
33962,0
21001,0
45198,0
9912,1
16053,0
27895,0
20789,0
32021,0
16717,0
19199,0
44107,0
9947,0
38959,0
6701,0
15829,0
6830,0
43476,0
47905,0
4645,0
37774,0
7370,0
21911,0
44013,0
23772,0
48423,0
15897,0
42277,0
48283,0
39679,0
23622,0
2434,0
22832,0
33856,0
31329,0
19291,0
11581,0
17765,1
21990,1
10819,0
13750,0
4612,0
13368,1
41180,0
35908,1
2189,1
30472,0
7758,0
35576,0
47937,0
2859,0
10138,0
6882,0
14296,0
13627,1
32910,0
33498,0
40729,0
20626,0
33696,1
44198,0
48171,0
3164,0
27883,0
25808,0
44693,0
47046,0
19327,0
22682,0
39886,0
13115,0
48744,0
9049,0
13436,0
1687,0
38796,1
16257,0
47502,0
34143,1
29067,0
27124,0
48201,0
2177,0
36981,0
3926,1
12269,0
26883,0
905,0
39007,0
37554,0
9072,1
44227,0
22505,1
40030,0
2609,0
28030,0
16110,0
25657,0
42666,0
16312,0
8202,0
26276,1
38424,0
6486,0
6652,1
26519,0
17323,0
39799,0
46676,0
36021,1
30794,1
25003,1
23498,0
29265,0
21346,0
38018,0
9870,0
38816,0
47119,0
24530,1
36614,0
7071,0
25200,1
36942,1
47007,0
11658,0
30286,0
7098,0
31324,0
42489,0
45185,0
18249,0
40719,0
40977,0
9336,0
16908,0
30005,0
14889,0
23014,0
40800,0
21760,1
29475,1
36253,0
45325,0
9156,0
33088,0
41689,0
16941,1
37867,0
46740,0
5180,0
22833,0
14809,1
1956,0
5185,0
390,1
24357,0
24768,0
48531,1
31405,0
33835,1
23755,0
19829,0
21324,0
33446,0
34970,0
12564,0
13520,0
14551,0
33817,0
18702,0
32350,0
7603,1
20327,0
42886,0
1722,0
47539,0
48229,0
19622,0
13032,0
31976,0
26822,0
5014,0
35008,0
32677,0
40531,1
14322,0
4534,0
8802,0
21199,0
37578,0
5430,1
35975,0
21188,0
16965,0
30911,0
8722,0
12142,0
20768,0
18714,1
23578,0
7997,0
21599,0
16386,1
30672,0
28430,0
19402,0
15957,0
11496,0
40736,0
44885,0
12390,0
33639,0
14725,0
8286,1
19347,0
24068,0
1899,0
34569,0
9920,1
14131,0
33327,0
9169,0
35439,0
17109,0
25645,1
3779,1
21912,0
5161,0
11360,0
14674,0
28393,0
11940,0
12247,1
21148,0
14246,0
24287,0
37294,1
46725,0
48113,0
36899,0
38177,0
29684,0
29872,0
12715,0
48514,0
19684,0
24148,1
24084,0
4563,0
2554,1
38586,0
18873,0
18268,0
25855,0
43400,0
18508,1
42312,1
20408,1
15093,0
28494,0
34955,0
42819,0
45298,1
29838,0
44674,1
12459,0
48140,0
30188,0
39699,0
26827,0
38881,0
14098,1
43094,0
39932,1
32889,1
33259,0
8057,0
5870,1
39715,0
24464,0
12580,0
23017,0
35696,0
9392,0
21258,0
17974,1
19837,0
18720,0
27628,0
5829,0
4207,0
33744,1
21243,0
28210,1
20871,0
45270,1
10516,0
36210,0
4642,1
39498,0
36758,1
28070,0
12185,0
31444,0
9401,0
34086,0
7400,0
27519,1
25589,0
29547,0
10837,0
34650,0
29093,0
27911,0
24423,0
46660,0
27114,0
25568,0
48634,0
37157,1
20879,0
328,1
18100,1
5785,0
18682,0
31292,0
15804,0
9907,0
37303,0
34174,0
1549,0
42465,0
35405,0
20574,0
11036,0
34590,1
30867,1
2843,0
44873,0
35993,0
21572,0
7422,0
6493,0
39766,0
43999,0
36840,0
1697,0
25039,1
35223,0
47390,0
3780,1
35811,0
21379,1
29930,0
13053,0
2332,0
14696,0
7063,0
47345,0
5476,0
37091,0
48596,0
43273,0
32963,1
42362,0
3676,0
13162,0
31099,1
39689,0
26719,1
6160,0
22842,1
16970,0
28616,0
2610,0
28253,0
46939,0
14784,0
36694,0
42048,0
12116,1
44496,0
7444,0
25409,0
14681,0
36802,0
2724,1
20542,0
23189,0
1015,1
11009,0
17012,0
5823,0
42994,0
41447,0
31751,1
10652,0
17619,0
15852,0
45003,0
21117,1
12665,0
33360,1
42287,0
33712,0
27936,0
41759,0
41819,0
21981,0
23781,0
41855,0
21769,1
14803,1
9561,0
44570,0
27597,0
25055,1
12606,0
650,0
36355,1
12277,1
19804,1
24556,0
41088,0
11068,0
34319,0
46123,0
28048,0
46072,0
22920,1
31396,0
16244,1
42548,0
38837,0
46218,0
4400,0
7044,0
5765,1
5590,0
26259,0
22330,0
43645,0
25243,1
254,0
13977,0
46662,0
946,0
38155,1
36818,1
21139,1
46370,0
22244,0
16355,0
28008,0
15346,0
44898,0
40709,0
33980,0
41153,0
47100,0
16696,1
46903,0
11092,0
22848,0
36951,0
18579,0
8857,1
14075,0
2824,0
31539,0
40204,0
6146,1
48181,0
41147,1
8132,0
26482,0
3796,1
46255,0
43449,1
18240,1
25785,0
18086,0
28665,0
21348,0
31082,0
43995,0
34997,0
35763,0
13241,0
43157,1
17703,0
44550,0
18799,0
17925,0
16121,0
40539,0
40783,0
832,0
26630,1
38256,0
6524,0
12107,0
45429,0
2532,0
34335,1
40962,0
40221,0
2101,1
44473,0
1335,0
12599,0
44095,0
12229,0
35866,1
6472,0
24296,1
25850,0
3919,0
38006,0
642,1
14295,0
35580,0
20668,0
41312,0
7120,0
1698,0
16968,0
48638,0
18669,0
28844,0
30394,0
45915,0
47659,0
31798,1
2093,0
42421,0
41573,0
33288,0
32064,1
35596,0
14526,0
47422,0
20204,0
45539,0
17766,0
7490,0
42674,0
18638,1
1499,1
500,1
10848,1
29312,0
1709,1
35456,0
16883,0
19375,0
8493,0
24965,0
43061,1
7114,0
46720,0
23565,0
12387,0
35054,1
19699,1
690,1
45239,0
29309,0
10342,0
39915,0
24961,0
36641,0
36000,0
46016,0
36064,0
1052,1
31003,0
18955,0
1481,0
18140,1
47577,0
23549,1
43710,0
46853,1
38713,1
24752,1
9421,1
33063,1
8257,0
577,0
40622,0
2719,0
30096,0
5715,0
26434,0
9993,0
17954,0
20841,0
9848,0
16999,0
32010,0
34432,1
25977,0
36546,0
3843,0
6004,0
17868,0
27913,0
3988,0
37110,1
26720,0
18531,0
21438,0
8890,0
20454,0
21715,0
20777,0
45047,0
2541,0
43500,0
46893,0
25557,0
31391,0
32828,0
17458,1
39682,0
42562,1
28538,0
43461,0
42038,0
42185,1
43021,0
19978,0
32644,0
14866,0
25949,0
8420,1
31004,0
32071,0
30029,1
42866,0
35081,0
36004,0
8740,1
19251,0
40302,0
43542,0
28810,0
24422,0
13587,0
44126,0
16408,1
6510,0
18713,0
10769,0
43888,0
12559,0
31810,0
45671,0
12474,1
27011,0
15532,0
25767,0
22872,0
23972,0
47620,0
23595,0
6921,0
43529,0
24267,0
36327,1
40445,1
5477,1
19933,1
40542,0
2852,0
6894,0
10058,1
22545,1
19959,0
19639,1
20510,0
31607,0
1422,0
38289,1
12937,1
7245,1
7799,0
11582,1
38907,0
30123,0
14944,0
17897,1
46668,0
3456,1
26010,0
43771,1
7831,1
36710,0
32803,0
42182,0
45456,0
43355,0
39135,0
34462,0
36644,1
23049,0
37562,1
34173,0
47436,0
35050,0
37833,0
9252,0
34679,0
2858,0
21455,0
45780,0
39635,1
37699,0
8557,0
2049,1
37441,0
30433,1
47744,0
40610,1
4176,0
20968,0
36952,0
393,0
16124,0
9511,0
45705,0
44964,0
41279,0
24467,0
23482,0
34783,0
29598,1
23496,1
30144,0
46127,0
42046,1
6301,0
18040,0
15161,0
20620,1
31481,0
33537,0
3875,1
47748,0
37486,1
5077,0
2762,1
13437,0
15437,0
45205,1
27879,0
42951,0
21311,0
4919,1
48720,0
48557,0
48072,0
42729,0
2023,0
44901,0
24072,0
44803,1
25273,0
16630,0
16564,0
33229,0
38351,0
45925,1
34695,1
25021,1
28801,0
42948,0
331,0
33203,1
13998,0
26302,0
14233,0
43537,0
48586,1
32529,0
39980,0
3603,0
11338,0
10924,0
19525,0
27106,0
26149,1
36675,0
8587,0
26899,1
15724,0
47825,0
30499,0
47781,0
1898,0
19664,0
34186,0
17886,0
39572,0
9289,0
36751,0
4976,0
16417,0
34405,0
13548,0
6036,0
31991,1
9619,1
45766,0
13189,0
45806,1
4527,0
14718,0
27230,0
42713,0
32777,1
41132,0
7482,0
8730,0
23675,0
37968,0
4265,0
39093,1
16384,0
30673,0
2922,1
48169,0
24356,0
41166,0
4348,0
8770,0
18527,0
15634,0
6777,0
42701,0
7530,0
25863,1
26223,0
41578,0
19944,1
656,1
23314,1
9317,1
37207,0
14512,1
988,0
26194,0
1638,0
13100,0
10141,0
10489,0
43066,0
689,0
232,0
25079,0
9320,0
4292,1
45753,0
11088,1
11058,0
1865,0
36183,0
9859,1
19767,0
43405,1
12058,0
17184,0
48507,0
3025,0
10666,0
20808,0
14612,0
32048,1
6606,0
41736,0
15834,1
12144,0
17997,0
5097,0
27750,1
10937,0
38735,0
34858,0
24146,0
31860,1
43411,0
37194,0
30498,1
48447,0
31320,0
33122,0
29784,0
31206,1
32622,0
26582,0
38987,0
20252,0
23390,0
11606,0
22782,0
41179,0
18997,1
18921,0
17738,0
10659,0
10562,1
34776,0
37018,0
9916,1
9953,0
21164,0
16185,1
1682,0
324,0
23896,0
33624,0
43868,0
37665,0
46287,1
27021,1
16066,1
41261,0
1751,0
29497,0
16343,0
5417,1
47579,0
11543,1
42917,0
25518,1
47824,0
24725,0
13242,0
33614,0
24478,0
40477,1
33933,0
42850,0
14470,0
47462,0
36418,1
23564,0
11818,0
36909,0
10204,0
24674,1
21812,0
40644,1
11087,0
3469,1
19914,0
34743,1
29701,0
22299,0
45332,0
20270,0
30864,1
8331,1
38338,1
36936,0
8530,0
1743,0
9235,0
27111,0
2436,0
9905,1
45800,0
23233,0
17620,0
4537,0
28600,0
42980,0
13008,0
3792,0
19938,1
12847,0
45839,1
4710,0
12140,0
27176,0
41127,0
42809,0
16416,1
42196,1
43783,0
39452,0
16614,0
18185,1
5579,0
17695,0
24608,1
25406,0
5399,0
19213,0
32058,1
32233,0
37708,1
27373,1
19417,0
13007,0
9335,1
47767,1
37694,0
3743,0
20040,0
10406,0
3911,0
21158,0
22979,0
17232,1
2832,0
39113,0
44077,1
4819,0
17454,0
23203,0
15233,1
6678,0
31175,1
15284,0
38904,0
6549,0
17804,0
18013,0
46248,0
9102,0
4131,0
26018,0
39887,0
46716,0
16517,0
11652,0
6807,0
15702,1
20694,0
26438,0
8426,0
18500,0
33365,0
23995,1
26466,1
38536,0
14004,1
25125,0
38022,0
19605,0
9429,0
46043,0
17975,0
24853,0
43445,0
688,0
12068,1
9765,0
43927,1
42150,0
45208,0
25354,0
539,0
36208,0
17078,0
48485,0
1279,0
17713,1
26986,0
14453,1
2034,0
46667,0
2790,0
24350,1
47342,0
43585,0
18188,0
5508,0
23350,0
3737,0
14382,1
27316,0
39987,1
34809,1
16698,0
9180,0
6908,0
15146,0
5131,0
9913,0
20554,0
22465,1
23044,1
34466,0
36498,0
22831,0
22599,0
35423,0
31115,0
6353,0
47667,0
10318,0
17390,0
10587,0
36138,0
46624,1
2248,0
19360,1
244,0
2409,1
44093,0
1227,1
22327,0
46267,0
12692,1
32894,0
39815,0
8144,1
42386,1
38961,0
4189,0
17287,0
18833,0
9442,1
32187,0
7713,1
14880,0
16062,0
7749,1
7660,0
47678,0
14198,0
36919,1
40868,0
47350,0
23334,0
47821,0
277,0
14786,0
15704,0
43816,0
45023,0
42823,0
13789,0
24402,1
237,0
6871,0
30204,0
45069,1
41280,0
48007,0
38956,1
33036,0
18002,0
38466,0
43477,0
26117,0
20578,1
38711,1
35948,0
6703,0
1623,0
43190,1
46949,0
7119,0
45212,0
28601,1
2883,0
30782,0
42676,0
42052,0
34656,0
24377,0
22623,0
38817,1
46932,1
5737,0
47032,0
44939,1
25786,0
7903,0
42482,0
11743,0
11540,0
35926,0
36693,0
45485,0
175,1
4453,0
15648,1
22414,0
9548,1
25504,0
37323,0
18245,0
38553,1
24457,0
15995,0
15411,0
21641,0
48123,1
32075,0
14722,0
13356,0
37913,0
35058,1
37753,0
26026,0
8367,0
2156,0
18611,1
2181,1
33250,0
21593,0
8455,0
24737,0
8940,0
28869,0
45568,0
4075,0
1065,0
38080,0
23586,1
12351,0
31510,1
22540,0
32588,0
24411,0
42770,0
33642,0
9113,0
3695,0
39332,0
43235,0
38046,0
47766,0
8878,0
41902,0
10344,0
23392,0
8189,0
18632,1
15935,0
38868,0
36194,0
27624,1
41699,0
5501,0
31435,0
37271,0
1208,0
13445,1
22543,0
46460,0
1707,0
46350,0
21223,0
37361,0
69,0
3626,0
12704,0
20038,0
32642,0
44499,0
7849,0
38215,0
23050,1
21260,0
35147,0
11203,0
23249,0
849,0
33053,0
48724,0
22828,1
9204,0
23700,0
29767,0
32814,0
27517,0
8697,0
17627,1
18537,0
32195,0
15894,0
19221,0
17518,0
9125,0
5386,0
36330,0
7879,1
5561,0
30026,0
1796,0
25899,0
1178,0
29496,0
34968,0
32387,0
27427,1
30463,0
29848,0
890,1
15066,0
1181,1
40652,0
21340,0
37383,0
1388,0
434,0
3693,0
41008,1
29981,0
46966,0
5637,1
7732,0
43177,0
12515,0
36322,0
27336,0
38641,0
6952,0
30150,0
4802,0
46344,1
20440,0
13829,0
26840,0
37144,0
19947,1
43246,0
34822,1
6520,0
30223,0
11023,0
11235,1
24538,0
44203,0
3924,0
35379,0
26060,0
9472,0
8430,0
41721,0
24399,0
11198,0
34035,0
23963,0
42127,0
35117,0
47843,0
30273,0
13416,0
5292,0
17170,0
21020,0
43590,0
48680,1
46253,0
47125,0
36868,0
31020,1
21132,0
32063,0
42308,1
32218,0
22513,0
32734,0
13847,0
31450,0
31069,0
44859,0
27811,1
16659,0
34688,0
11952,0
39183,0
14553,0
8708,0
3635,0
21019,0
35326,0
35896,1
25570,0
2552,1
9638,0
25823,0
27171,0
25807,0
4731,0
38526,0
34471,0
33085,0
18164,0
16346,0
31742,0
30404,0
24676,0
35279,1
17072,0
5108,0
38857,0
16625,0
8403,0
37696,0
32569,0
21287,0
30129,0
42982,0
30676,0
5956,0
17537,0
23860,1
5164,0
38870,0
26464,0
1610,0
15682,0
9523,1
6503,0
26200,0
17598,0
13165,1
35606,1
28647,0
19398,0
189,0
33051,0
1785,1
198,0
7155,0
7759,1
8345,0
22091,0
20472,0
26926,0
19775,1
5919,0
9373,0
36566,1
8905,0
22542,0
33292,0
48590,0
39173,0
11138,0
26257,0
43639,1
21503,1
18022,0
3247,1
826,0
3887,1
9196,0
27929,0
28617,0
9684,0
5767,0
35611,0
33859,1
21803,0
1282,0
45234,0
47559,0
16142,0
25084,0
6289,0
13395,0
33572,0
17026,1
17309,0
13833,0
35544,0
14282,0
46905,0
15187,0
40378,0
9677,0
9605,0
33213,0
19629,0
6546,1
33611,1
1842,0
22586,0
29832,1
40312,1
16616,0
8381,0
28818,0
16049,0
12719,1
28089,0
36849,1
42144,0
22917,0
42723,1
18077,0
20414,1
2679,0
9642,0
36381,0
37838,1
31634,0
21706,1
5988,0
18975,0
5183,0
1502,0
38651,0
3283,1
7818,0
14568,1
17609,0
38891,0
34368,1
10959,0
16678,0
29264,0
47110,0
18971,0
47005,1
37736,0
6560,0
39582,1
21933,0
48741,0
25261,0
6485,0
31586,0
42995,0
26664,0
24604,0
25963,0
115,0
491,0
1832,0
17131,1
40805,0
22635,0
23609,0
44218,0
31915,0
25107,1
26737,0
35501,0
29168,0
43331,0
47011,1
45301,0
38235,0
19712,0
11416,1
30762,0
45122,0
25616,0
4182,0
31629,0
32420,1
25673,1
37581,0
19774,1
43472,0
6641,0
44024,0
5941,0
48144,0
6270,0
10110,0
20392,0
17255,0
9083,0
38917,0
1560,1
19164,1
44685,0
3145,0
5339,0
30715,0
44448,0
41372,0
43123,0
23947,0
30194,0
19133,0
37463,0
32171,0
584,1
47685,0
8494,0
13160,0
26698,0
7231,0
14189,0
9372,0
4415,0
25277,0
11205,1
902,0
20343,0
44442,1
22709,0
10114,1
29372,0
18026,0
33655,0
26775,1
16669,0
34745,0
13218,1
27347,1
6366,0
43593,0
29413,1
38963,0
10483,0
11887,0
38328,0
9175,0
48136,0
916,0
30255,0
28550,0
44861,0
11158,0
8402,0
4323,0
44824,1
32455,1
35497,0
24176,0
945,1
34429,0
16896,0
3036,0
34565,1
44982,0
40955,0
46181,1
26537,0
18029,0
8991,0
41501,0
35463,1
15075,0
4212,0
16095,0
44318,0
16211,0
29851,0
15706,0
19544,0
10521,0
41329,0
6585,1
1365,0
48639,1
27194,1
44300,0
42611,0
35624,0
29998,0
48627,0
40265,0
17906,1
41362,0
47304,0
8283,1
31348,0
8860,0
10461,0
25456,0
17675,0
8685,0
45507,0
24400,1
17331,0
4827,0
8903,1
41081,1
16407,0
43119,0
36885,0
1192,0
2670,1
27905,0
28832,0
46159,1
6303,0
44424,1
9754,0
19686,0
16959,0
17033,0
9935,0
48735,0
22551,0
46873,0
23183,0
14965,0
12517,0
48195,1
32378,0
990,0
45855,0
13338,0
11805,0
43077,1
13480,1
48572,0
48623,0
8231,0
26643,1
25266,0
27431,0
10852,0
34080,1
39519,0
20501,0
10502,1
28217,0
21371,0
48205,0
20561,0
42477,0
10896,0
7335,1
4035,0
22962,0
9774,0
25123,0
1409,1
45951,0
47761,0
26674,1
45076,0
11346,0
35828,0
22365,1
13133,0
27918,0
45527,0
775,0
44912,1
33062,0
42963,0
28632,0
26853,0
6586,0
33629,0
40145,0
8017,0
18660,0
33382,0
44355,0
33117,0
317,0
17254,0
16665,0
67,0
42913,1
15416,0
13026,0
13678,0
39311,0
31502,0
9475,0
31223,1
12202,0
1856,0
39444,0
23048,0
17955,1
16709,1
28468,0
23166,0
6037,1
43404,0
21840,0
39353,0
43957,0
15545,0
90,0
41920,0
44454,1
48108,0
5841,0
39178,0
4263,0
20305,1
38696,0
22936,1
44669,0
48360,1
34945,0
4493,0
39267,0
36435,0
18068,1
22203,0
1485,0
17748,0
12175,0
5691,1
29878,0
41077,0
29285,0
39534,0
8442,0
25419,0
23020,0
8808,0
29716,0
16470,1
40640,0
46764,0
31438,0
21876,1
5858,0
26349,0
22276,0
38107,1
43780,1
7232,0
39212,1
10604,1
40348,1
42115,0
31667,0
30825,0
23593,0
15903,0
19910,0
39397,0
11698,0
15651,1
21385,0
35592,0
44195,0
40148,1
2083,0
33045,0
29779,1
10803,0
18520,0
27552,0
42047,1
38533,1
40005,0
29030,0
10879,0
836,0
12462,1
39904,0
46459,0
11396,1
8887,0
24954,0
18801,1
43275,0
39425,0
2470,0
15349,0
21134,0
3507,0
38801,0
36331,0
28060,0
20954,0
288,0
9137,0
20442,0
3573,1
16861,1
39548,0
40216,0
28367,1
22878,0
15,1
24960,0
34677,0
31030,0
30678,0
17044,1
21280,0
43609,0
21699,1
5437,1
18856,0
3872,0
23167,0
6335,0
29524,0
26459,0
8456,0
29999,0
10850,0
44736,0
23352,1
20663,0
3179,0
7311,0
47234,0
39185,0
38005,1
28262,1
8064,1
18425,0
20589,0
35734,0
27656,0
5537,0
23845,0
34824,0
29754,0
2710,0
22893,0
3278,0
3225,0
12478,0
26175,1
46051,0
40160,1
19474,0
25693,0
33837,0
39414,0
9023,0
1243,0
16522,0
420,0
29646,0
3387,0
48784,0
24548,1
48782,0
2489,0
3724,0
2606,1
21826,0
239,0
43375,0
12282,1
36813,0
1229,1
26496,0
14313,1
3833,0
46337,0
25715,0
14392,1
34792,1
15523,0
10684,1
33844,1
34579,0
7834,0
25690,0
3868,0
32687,0
9065,0
4205,1
11324,0
27352,1
41821,1
17158,0
48303,0
11501,0
3284,0
10939,0
31944,0
4746,0
21170,0
36273,0
95,0
7998,1
11174,1
35878,0
38522,0
30280,0
2834,0
30620,0
13985,0
43918,1
31273,1
5168,0
17304,0
34053,0
3583,0
30375,0
37865,0
38484,0
15366,0
30575,1
27227,0
28365,0
8776,1
30983,1
33392,0
28194,0
759,0
35156,0
24138,0
22844,1
26414,0
3436,0
32382,0
40917,0
41019,1
44904,0
32431,0
40333,0
24760,1
22279,0
20523,0
5291,0
3705,0
30627,1
35361,1
21622,0
37903,0
37678,0
5795,0
27051,0
43897,0
37536,1
38028,0
3540,0
41503,1
7917,0
7985,0
404,0
40460,0
14620,0
9757,0
32369,0
42217,0
25841,0
38902,0
17556,1
44713,0
43264,1
39576,1
33047,0
11909,1
10616,0
12785,0
15468,0
42784,0
45184,1
19141,1
6002,0
10545,0
43623,0
42660,0
34257,0
28050,0
19065,0
19734,0
22433,0
7792,0
36044,1
48168,0
12072,0
7964,0
24560,1
47853,0
28808,0
13180,0
11146,1
20362,0
24370,0
25435,0
5277,0
35559,0
38246,0
1540,0
13604,0
29707,1
38499,0
22865,0
14658,0
36247,0
6731,0
41302,0
38577,0
22104,0
45128,0
14956,0
20346,0
13122,0
2453,0
19171,0
45494,1
40840,0
33180,0
44818,1
14794,0
33523,0
4818,0
3609,0
1633,0
36829,0
8082,0
14306,0
27189,0
43755,0
48825,0
36834,0
15045,0
35887,0
37622,0
47263,1
48417,0
10541,1
44494,0
40035,0
5267,1
8885,0
22605,1
41006,0
25658,0
3473,0
2223,0
45475,0
34,0
42719,0
12701,1
46878,0
4386,0
40136,0
42665,0
14063,0
14415,1
46824,0
44109,0
15140,0
33340,0
1338,0
18758,0
28945,0
260,0
40174,0
31994,0
35124,0
15197,0
41978,0
29773,0
5861,1
43984,0
561,0
9524,1
43510,0
44043,0
38128,0
35471,0
35788,1
3356,0
29200,0
4310,0
44317,0
10290,0
42835,1
5550,1
24625,0
15590,1
3243,0
15565,0
30374,0
7397,0
43823,0
47883,0
33387,0
26762,0
8573,0
8278,0
6327,1
2138,0
20375,0
47591,0
41331,0
47910,0
32202,1
185,0
417,0
14685,1
27261,1
31130,0
4363,0
7154,0
11139,0
42321,0
20677,0
17816,0
19637,0
32774,0
41239,0
14827,0
25828,1
2999,0
1336,1
19676,1
14719,1
14781,0
13974,0
26729,0
28311,1
19109,1
371,0
16391,0
33622,0
25625,0
40364,0
1398,0
24605,0
7960,0
23813,1
40102,0
20661,1
27826,1
24236,0
34991,0
24628,0
27536,0
27251,0
14843,0
30980,1
14828,0
29812,0
34566,1
6062,0
45233,1
41971,0
42627,1
14692,1
39981,0
28732,0
39335,0
26077,0
20191,0
17784,1
32132,0
26632,0
35705,0
41760,0
7586,0
8131,0
34944,0
45647,0
39964,0
19298,1
42961,0
36781,0
9477,1
48826,1
46139,0
7751,0
13593,0
44305,0
46656,1
34263,0
21788,1
38262,0
25492,1
24291,0
18770,0
14813,0
20860,0
34185,0
14494,0
6314,0
35522,0
36946,0
3147,1
7313,0
16679,1
15137,1
45601,0
3094,0
8773,0
28053,0
39009,0
22265,0
30807,1
32668,0
39481,0
31337,1
38156,0
25748,0
2521,0
36784,0
36789,0
36929,0
27547,1
37160,1
2428,0
44651,0
10984,0
39824,1
350,0
10443,0
40535,0
32689,0
1746,1
44283,1
7892,0
46097,0
19644,0
21172,0
48247,1
22408,0
1941,0
32514,0
39953,1
7527,1
46542,0
2570,0
37799,0
15450,0
4320,1
37283,0
24818,0
22488,0
17251,1
46170,1
45066,0
38565,1
21814,0
43916,1
5675,0
5089,1
16869,1
9712,0
45838,0
8181,0
5849,0
48202,0
46945,0
16756,0
27727,0
48026,1
23087,0
25514,0
342,0
37798,1
9595,0
2378,0
30919,0
41209,0
4440,0
12375,0
40301,0
15442,0
35890,0
19569,0
17593,0
20255,0
19852,0
14330,0
7010,0
6162,0
6287,1
31349,1
7067,0
40946,1
31730,0
5947,0
24354,0
40430,0
32674,1
6792,0
42173,0
15617,0
12337,0
33211,1
1622,1
26419,0
6371,1
300,1
11389,0
27209,0
9746,0
23679,0
29935,1
19870,0
15464,1
33740,0
18437,0
33038,1
30222,1
25510,0
41460,0
3622,0
26320,0
13865,0
3812,0
4711,0
34969,0
5406,0
8116,0
2658,0
34511,0
4271,0
13978,0
29387,0
38724,1
18464,0
5772,0
48678,0
14531,0
15006,0
18482,0
44547,1
22178,0
35341,0
40162,0
3037,0
46524,0
9654,1
31271,1
5137,1
19040,1
30633,0
32563,1
27699,0
22378,0
36985,1
3482,0
19990,0
25569,0
1533,0
36088,1
38662,0
42315,1
2022,1
2745,0
1451,0
41076,0
9697,1
38832,0
184,0
39929,0
23323,0
18854,0
9462,0
17780,0
9936,0
21289,0
11521,0
40447,1
11151,0
41626,0
3874,1
40814,1
37408,0
24494,1
30416,0
13573,1
32047,0
43785,0
25151,0
34941,1
38399,0
18355,1
9262,0
22776,0
45808,0
39872,0
16983,0
19269,0
30858,0
22383,0
10606,0
40507,0
20029,0
18343,0
2975,1
37858,0
3612,0
7433,0
30198,0
14890,1
3845,0
16306,1
24996,0
46749,0
13223,0
20598,0
18248,0
15099,1
30641,0
40122,1
16150,0
24780,0
38872,1
41071,1
565,0
37078,0
4204,0
23719,1
24407,0
30124,0
35153,0
15422,0
42145,0
35770,0
9313,1
4569,0
16549,0
34149,1
13021,0
35882,0
33874,0
15895,0
25152,0
22171,0
34454,0
16973,0
25338,0
34964,0
6050,0
23147,0
17113,0
3251,0
47378,1
41761,0
44977,0
5035,0
42329,0
7582,1
5938,1
16224,1
15384,1
44828,0
3577,1
5528,1
43396,0
14596,0
24979,1
39744,0
7680,0
41618,0
7002,0
5265,1
4118,0
1228,0
20033,0
44515,1
40786,0
2388,0
1632,0
30311,0
43009,0
20936,0
42992,0
7990,0
25290,0
41614,0
26362,0
29850,0
9256,1
19492,0
43583,0
1136,0
10950,0
48286,1
3771,0
24991,1
1012,1
26915,0
23295,0
9496,1
27933,1
36941,0
43648,0
37216,0
25726,0
3003,0
42684,0
25278,0
7576,0
11786,0
15120,0
43205,0
33459,0
16927,0
32837,0
3103,0
32705,0
25576,0
31804,0
28943,0
10021,0
2551,0
16135,0
21460,1
10184,0
38249,0
14166,0
16082,1
31728,1
37434,0
32792,0
25834,0
47133,1
15954,0
48461,0
4574,0
38567,0
36425,1
18059,0
31203,1
3127,0
20890,0
40726,0
48434,0
8274,0
16325,0
7377,0
39064,0
15316,0
38133,0
23274,0
31885,1
6499,0
33081,0
15039,1
9852,0
8036,1
25294,1
19934,0
19625,0
24510,0
3595,0
37761,0
5820,0
39648,0
12587,0
20179,0
12793,0
36690,0
33026,0
14521,0
27806,1
33064,0
26465,0
10302,0
16098,0
43114,0
36134,0
32407,1
32466,0
24093,0
39377,0
33491,1
31212,0
25761,0
15084,0
40282,0
22400,0
30117,1
24706,0
7946,1
39777,0
22173,0
7924,0
22132,0
4876,0
47626,0
21477,1
26123,1
30819,0
43958,0
2118,0
47830,0
7786,0
47516,1
8895,1
856,1
31253,0
19626,0
44219,0
17461,1
999,0
20812,0
5775,0
40995,0
31743,1
39290,0
47484,0
8255,0
45791,1
44569,1
23686,0
36046,1
38388,0
38639,0
15292,0
23456,0
9732,0
19926,0
9560,0
39913,0
24897,0
39440,0
20352,0
8978,0
14811,0
7140,0
34580,0
7745,0
3215,0
33039,1
41681,0
32143,0
7308,0
30497,0
13826,0
24689,0
26395,1
32880,0
42720,0
17140,1
15730,0
47366,0
36037,0
34676,0
31624,1
36323,1
4866,1
15732,1
27573,1
5527,0
22115,0
125,0
30420,0
13192,1
35506,1
31142,1
32489,0
50,0
528,0
15300,0
20468,0
40508,0
44308,1
34410,1
14808,0
31721,0
34194,0
19245,0
16463,0
32252,1
8718,0
44989,0
36762,0
8294,1
14214,0
11828,0
25255,0
33499,0
27997,0
47669,1
20317,0
20932,0
34697,0
47956,0
35195,1
37623,0
19223,0
39104,0
38820,0
29361,0
42352,0
3144,0
41151,0
28471,1
20807,0
4947,0
37170,1
15970,1
17066,0
34607,0
46802,1
13257,0
18462,1
40100,0
2607,0
32666,0
44754,0
39150,0
47186,0
9627,1
31126,0
40016,1
21081,0
11059,0
38037,0
889,0
2257,0
28974,1
42397,0
804,0
41903,1
17758,0
34057,0
38350,0
19968,0
21421,1
41549,0
26635,0
9648,0
42065,0
24361,0
7601,1
44057,0
27724,0
43047,0
936,0
40386,1
10601,1
43265,0
36867,0
21740,0
48215,0
8109,0
22298,1
23917,0
27188,0
4948,1
33035,0
22140,0
18546,1
39549,0
14149,1
11701,0
296,1
31205,0
41004,0
10838,0
3072,0
41504,0
17785,0
40050,1
17147,0
27869,0
27526,1
27866,0
35015,0
47810,0
26945,0
44148,0
38326,0
6143,0
21943,0
32879,0
11070,0
16004,0
18874,1
36320,1
7137,0
17389,1
33216,0
34540,0
22522,0
39668,0
40365,0
401,0
32710,0
26701,0
33669,1
13190,0
11926,0
36841,0
673,1
20824,1
6217,0
17023,1
13483,0
24062,0
33739,0
23761,0
18992,0
29965,0
37438,0
2261,0
6467,1
36473,0
28593,0
23747,0
23221,0
32263,0
48809,0
44525,1
42792,0
10910,0
35572,1
15745,0
39946,0
29443,0
7177,0
18814,0
6194,0
4385,1
24043,0
21500,0
9331,1
30172,1
42241,0
37363,0
10766,0
5461,0
36584,0
45252,0
12249,0
46111,1
29041,0
16674,1
48486,0
27633,1
26785,0
27328,0
18918,1
46835,0
25061,0
39578,0
28548,1
11558,0
10972,0
28054,0
8525,0
41988,1
28375,0
34928,0
14985,0
42073,0
33242,1
40556,0
40268,1
20237,0
8311,0
36255,0
28796,0
17928,0
43171,1
23270,0
36569,1
19849,1
33183,0
32919,0
27888,0
35107,1
12242,0
29807,0
26759,0
5574,0
33658,1
3341,0
3033,1
46530,1
18661,0
15524,1
9118,1
29381,0
13503,0
13047,0
10186,0
33233,0
23238,1
48813,1
41692,1
3486,0
20915,0
33060,0
24925,0
5743,0
987,0
6839,0
18211,0
46001,0
7901,1
16789,0
41198,0
7287,0
23100,0
44737,0
42652,0
17958,0
38566,1
20537,0
12322,0
30785,0
5293,0
34290,1
18830,0
43769,0
4374,0
1907,1
39516,0
10946,0
46882,0
2622,0
36816,1
48019,0
7675,0
35849,1
36279,1
22317,1
14442,0
17286,0
37881,1
6279,1
36226,1
4597,0
38728,1
11368,0
42707,1
47774,0
24473,0
47504,0
45943,0
19238,0
48156,0
29718,0
32415,0
28168,0
43830,0
8605,1
20244,0
19831,0
36018,0
31503,0
36997,0
46518,0
13048,0
23288,0
41253,0
37497,1
40289,1
37733,0
36788,1
44548,1
4076,0
39068,0
12682,0
1119,1
47264,0
26421,1
44963,0
30340,0
15610,1
1280,0
9557,0
40413,0
5050,0
15333,0
10617,1
19833,1
10918,1
34136,1
23254,1
6718,0
15371,0
34239,0
3478,0
26036,0
29174,0
46317,1
26140,0
10304,0
42518,0
12758,0
16226,0
16794,1
2905,1
20326,0
48633,0
30059,0
30493,0
4217,0
20987,0
33581,0
20243,0
39088,0
25566,0
29420,0
29012,0
19578,1
19850,0
9850,1
45084,1
28503,0
2916,1
2335,0
15491,0
29894,0
44173,1
37007,0
34728,0
45633,1
37596,1
32754,0
22485,0
13818,0
40103,0
18629,1
7256,0
5381,0
24871,0
1809,0
25952,0
37925,0
7764,0
25560,1
31487,0
46471,0
11013,0
6805,0
18305,0
38163,0
622,0
39764,0
41918,0
17604,1
38650,1
37039,0
48345,0
38730,1
13407,0
7238,0
34391,0
8069,1
9033,1
1284,0
14756,1
6267,0
26877,0
400,0
38966,0
23388,0
47359,0
21976,0
42057,0
17896,1
24080,0
47932,0
40864,0
42256,0
8505,0
25946,0
43717,0
28723,1
3364,1
11376,0
40554,0
21098,0
44597,0
6292,0
5122,0
47966,0
15921,0
2786,0
43227,1
31119,1
37148,1
10908,0
28339,1
42244,1
29348,0
46665,0
44193,0
7619,0
29676,1
14656,0
28627,0
32992,0
22706,0
1455,0
5244,0
26835,0
4078,0
30388,0
46274,0
4302,0
38310,0
16649,1
21833,0
2642,0
33866,0
10127,1
15218,0
22289,1
14605,0
11382,1
4070,0
39869,0
3453,1
18701,1
38912,1
35168,1
24125,0
9234,0
31594,0
24926,0
3142,0
33823,0
37032,0
3013,0
13981,0
2507,0
7761,0
44715,0
27287,0
13482,0
37097,1
6832,0
28830,0
30429,1
46330,0
30302,0
13539,0
47547,1
42237,0
4087,0
31689,1
32881,0
30436,0
47606,0
32395,0
11671,0
33824,0
14447,1
20410,0
21567,0
39281,0
10667,0
42019,1
8001,0
15569,1
32036,0
8170,0
15884,0
25219,0
46230,1
48,0
15030,0
43150,0
30915,0
2268,0
20747,1
22044,0
15355,0
43637,0
46278,0
20169,0
42813,0
19872,0
16954,1
12429,1
34626,0
23407,0
41867,1
47661,1
38539,0
5135,0
37672,0
33959,0
12935,0
29995,1
44387,0
11288,1
10510,0
37197,0
19203,0
6096,1
23978,0
48378,0
40514,0
41413,0
42286,0
13928,1
12632,1
40426,0
47546,0
20278,0
13117,1
35457,0
45819,0
20490,0
21996,0
39071,0
21429,0
31518,0
23787,0
8044,1
11104,0
41656,0
22086,0
38968,0
19061,0
7752,1
10129,0
40041,1
13468,0
20844,0
37427,1
22340,0
36077,0
18280,0
3560,0
39593,1
3224,0
34819,1
24426,0
21006,0
30830,0
22987,0
8,0
28328,0
28150,0
24919,0
41588,0
33289,0
15868,0
11545,1
35789,0
22122,0
29204,0
28264,0
47756,1
14000,1
44780,0
39911,0
1369,0
40123,0
12414,0
32426,0
21454,1
10203,0
37635,0
19155,1
19989,0
24409,0
22237,0
47970,0
18776,1
14754,0
44779,0
42716,0
2282,0
35435,1
38450,1
22258,1
20488,0
43581,1
22077,1
17861,1
2927,0
32857,1
34146,0
28436,0
10210,0
26264,0
19820,1
44913,0
15842,0
23282,0
3634,0
35104,0
12779,0
24545,0
29996,0
39437,0
20189,0
11408,0
48521,0
16735,1
15095,0
45155,0
1246,0
26313,0
7157,1
38297,1
4359,0
42527,0
43023,0
44768,0
30170,0
32086,0
4990,0
27299,0
11277,0
22194,0
5353,0
7178,0
25130,0
22798,0
40847,0
26959,0
47114,1
925,0
30993,0
17279,0
19909,0
5618,0
23971,1
10343,0
10341,0
16475,0
41640,1
48135,0
7533,1
26952,0
27645,0
30656,0
35603,0
39864,0
30907,1
21819,1
9696,0
517,0
2367,0
1234,0
32303,0
28850,0
19501,1
37406,0
28722,0
21213,1
41001,0
20395,0
16326,1
32833,0
12644,0
13688,0
44197,1
27444,0
25289,1
46706,0
32103,0
34009,1
22912,0
24208,0
43940,0
1037,0
33457,0
35396,0
3317,0
33077,1
20240,1
44306,0
26734,1
40306,1
14892,0
4013,0
17193,0
47879,0
17580,0
41337,0
14518,0
19032,0
15988,0
40093,0
39045,0
42753,0
4095,0
45068,0
40492,0
36517,0
6865,1
38100,0
35645,1
28771,0
13597,0
27361,1
22242,0
23284,0
33030,0
8746,1
32315,1
31723,0
42574,0
43681,0
6654,0
8328,0
11497,1
40323,0
30018,0
38048,0
4211,1
2125,0
27555,0
20619,1
44690,0
27836,1
17226,0
38938,0
15368,0
243,0
34893,1
33950,0
12651,0
3070,0
32929,0
9851,1
24994,0
12411,0
10492,0
47259,0
13979,0
26977,0
2965,0
36908,0
25203,0
7255,0
48315,0
264,0
37210,1
10347,1
23427,0
8616,1
34613,1
19165,0
13262,1
4432,0
16430,0
352,0
19322,0
31484,0
15424,0
44214,0
37813,0
30338,1
14426,1
35282,1
11041,0
35581,0
24388,0
29108,1
12556,0
32547,0
25044,0
18477,1
46083,0
34283,0
29870,0
11465,0
40524,0
31137,1
42663,1
16791,0
46856,0
40262,0
25938,0
33694,0
18090,0
6884,0
47427,0
8239,0
20061,0
24872,0
16598,0
12877,0
46445,0
5932,1
36271,0
3082,1
34476,0
24305,0
9546,1
11548,0
17536,0
21437,0
10044,0
35869,0
32255,0
33529,1
36765,1
37174,1
40674,0
33057,0
24559,1
48064,1
14342,0
6256,0
41913,1
22697,1
14352,0
27790,0
38722,1
17553,0
957,1
14788,0
26985,0
6827,0
48296,0
27454,0
19228,0
34244,0
45404,1
45975,0
13419,0
23093,0
45202,0
11747,0
187,0
11178,0
34639,0
39902,0
47353,0
32718,0
10654,1
27133,0
9717,0
32452,1
17185,0
40089,0
10571,0
31158,0
12624,0
27232,1
17347,1
26222,1
373,0
2966,1
48483,0
34527,0
19575,0
14266,0
41561,1
35517,0
44778,0
25329,0
3277,0
41148,0
21072,0
17552,0
7518,1
2751,0
39326,1
7220,0
23714,0
27206,0
39192,0
21471,0
8729,0
15071,0
45689,0
47882,0
4629,0
19154,0
5983,0
14659,0
37719,0
36979,0
1071,0
14527,0
37760,0
14859,1
2158,0
25768,0
39851,1
31807,0
36714,0
11080,1
9006,1
47352,1
45342,1
5596,0
28994,0
1757,0
43189,0
25956,0
33424,0
3783,1
36486,1
4751,0
13964,1
42971,0
31013,0
15167,0
18306,0
20741,0
20057,0
19752,0
41870,0
30718,0
13782,0
17435,0
2567,0
360,0
13843,0
6638,1
32349,0
25441,0
45258,1
45945,1
26230,0
32956,0
2016,1
16439,0
39856,0
40865,0
39233,0
26339,0
26292,0
24076,0
36525,0
8934,0
48153,1
30987,0
14121,0
26890,1
19264,0
7937,0
7859,0
40277,0
47102,0
29752,0
24127,0
27180,0
14280,1
12582,0
19582,0
24568,0
21044,1
23163,0
36409,0
28892,0
24753,0
5728,1
42419,0
906,1
28163,0
2035,0
24637,0
1140,1
46755,0
45610,0
20966,1
9192,1
35665,0
14224,1
20345,0
2098,0
15105,1
32105,0
6249,1
9808,0
34633,1
21852,0
11063,0
7041,0
14519,0
19935,1
33477,1
14080,0
47431,0
27837,0
33149,0
41446,0
30581,0
1576,1
38492,0
22375,0
24856,0
41091,1
5877,0
25132,0
2185,0
35480,0
25302,1
46929,0
9796,1
40419,0
1116,0
15420,0
40832,0
36578,1
21236,0
23726,0
42545,0
6544,1
38797,1
9278,0
33772,0
25417,0
3565,0
29681,0
34998,0
27378,0
38509,1
22563,0
8354,0
30352,0
31321,0
44785,0
39111,0
22500,0
32779,0
32504,0
29844,0
34325,1
37524,0
16764,0
44002,0
34340,0
14817,1
44687,0
40714,0
42307,0
46900,0
29774,0
38476,0
29035,0
3285,0
24322,0
13376,1
32358,0
31506,1
28493,1
29796,0
25208,1
42838,0
9027,1
37680,0
4945,0
13608,0
22266,1
8253,1
3412,0
2252,0
22016,0
25470,0
7000,0
48814,1
27758,0
8072,0
513,0
4717,0
17111,0
27560,0
2204,0
38595,0
15742,1
42749,1
15987,0
35871,0
18300,0
1970,1
44069,0
40097,0
17408,0
29911,0
20898,0
44368,1
20893,1
8683,1
22358,0
29976,1
37150,1
20742,0
1494,0
24157,0
30720,0
9528,0
7719,0
16144,0
28274,0
22994,1
6965,1
36586,1
36337,0
26172,0
31306,0
12336,0
33411,1
23833,0
36459,0
19301,1
42645,0
36555,0
16287,0
37660,0
28434,0
29539,0
28615,0
21898,0
29881,0
38176,0
31874,0
1807,0
17932,0
34207,0
15924,0
1764,0
8696,0
46195,0
38308,0
47423,0
31053,0
13200,0
35189,0
32743,1
3383,0
28399,0
15281,0
23720,0
35971,0
30007,0
21955,1
48408,0
47143,0
1609,0
3581,0
26566,0
7604,0
40815,1
48341,0
9734,0
10094,0
8800,1
25330,0
8601,1
18786,1
14412,0
28233,1
3327,0
17233,0
3832,0
32317,0
6655,1
8192,0
16520,0
33657,0
37501,0
12666,1
29536,0
5838,0
10668,0
32166,0
38910,0
27594,0
19308,1
30478,1
46768,0
17657,0
16217,0
27632,0
47065,0
36147,1
10687,0
16928,0
47486,0
9487,1
1175,0
9399,1
19977,0
17486,1
7398,0
25447,1
26769,0
16979,0
30377,1
33324,0
24788,0
24472,0
26930,0
38232,0
46897,0
9618,0
44372,0
31764,0
9353,1
41947,0
42485,0
18721,0
27155,0
23889,0
26821,1
26881,0
5206,1
46953,1
20727,0
5724,0
32273,0
4390,0
7074,1
36453,0
7196,0
1315,0
9089,0
48409,0
15583,0
41424,0
11033,0
7457,0
30313,0
11691,0
22188,0
20517,0
17224,0
9522,0
38954,0
42629,1
17806,0
13366,1
46847,0
34047,1
10097,0
23297,0
28517,0
19667,0
26145,0
24824,0
36410,1
4661,0
36311,0
5898,0
39380,0
16651,0
20470,0
10917,1
14485,0
23906,0
7062,1
31295,0
46617,0
31199,0
7009,1
13870,0
40401,1
48549,0
44677,0
4654,0
26558,0
8280,0
6372,0
29355,0
4037,0
26842,0
11220,0
2801,0
17921,0
27164,0
5401,0
37818,0
8848,0
41570,0
29889,0
29535,0
14413,1
39533,0
19610,0
11690,0
39954,0
14165,0
48807,0
34896,1
17546,0
28202,1
24554,0
43426,0
45663,0
39741,1
6875,0
17299,0
35328,0
48824,0
35836,1
8760,0
8680,1
36732,0
24144,0
35659,1
36163,0
8107,0
4968,0
38099,0
16699,0
46583,1
5702,1
6578,0
44876,0
41064,0
17507,1
48476,1
11313,0
24226,0
36038,0
11773,0
40250,0
14670,0
4512,0
14056,1
39052,0
32673,0
20046,0
20331,0
28854,1
44103,0
46499,0
37045,0
4660,0
46136,0
25573,0
47723,1
480,0
21056,0
31311,0
12477,0
36974,0
5478,0
8037,0
48745,1
2307,0
10146,0
23880,1
13624,1
3262,0
23570,0
1755,0
20911,0
25389,1
10335,0
19469,0
35041,0
32962,0
40828,1
6463,1
18544,0
28420,1
6901,0
191,1
13703,1
7304,1
14147,0
10569,1
40635,0
17178,0
617,0
722,0
39918,0
11085,0
40293,0
38311,1
35266,0
18904,0
33164,0
21292,0
1545,0
3067,0
32020,0
33547,0
405,0
6299,0
40673,0
39849,1
12960,1
7947,0
40613,0
19731,0
30963,0
6745,0
42739,0
24638,0
30897,0
19818,0
41017,0
3480,0
2422,0
29744,1
36342,0
3554,0
42093,0
31729,0
42351,0
7522,0
41336,1
22157,1
48218,0
44091,0
32769,0
11067,0
8464,0
22357,0
31888,0
34484,1
8178,0
20618,0
12753,0
6637,0
44583,0
35684,0
31437,0
16795,0
20070,1
149,0
47319,0
7914,1
24748,1
1321,0
30577,0
10829,0
33841,0
18446,0
9965,0
29260,1
37135,1
4702,0
5661,0
8517,0
21698,0
10387,0
21807,0
22602,0
42232,0
40675,1
22818,1
38090,0
29781,0
33648,1
12162,0
12054,0
45833,0
48504,0
433,0
16559,0
11468,0
10514,0
1552,0
28444,1
28230,0
13023,0
36733,1
14477,0
44810,0
27583,0
8655,0
20315,0
4669,0
33282,1
6273,0
12656,0
38698,0
24537,1
33548,0
31162,0
27951,0
20664,0
18924,1
107,0
27192,1
10030,0
22589,0
8961,1
20439,0
11225,0
16811,0
29061,0
35201,0
1918,0
4608,0
12311,0
30336,0
41519,0
16345,0
30748,0
3789,0
31693,0
6798,1
20413,0
37933,1
28301,0
456,0
10780,0
21842,0
46601,1
19803,0
15373,0
23789,0
18958,0
47280,1
33375,0
28519,0
45827,0
38612,1
39396,0
164,1
618,0
222,0
25405,0
25201,0
7867,0
30746,0
23674,1
4018,0
39257,0
40251,1
14298,0
21525,0
10639,0
28948,0
24576,0
23663,0
12425,0
21119,0
20429,0
11340,0
40601,1
43456,0
37851,0
20959,0
15929,0
27731,1
4378,0
40794,0
32623,1
13756,0
11728,0
34641,0
40283,0
1046,0
16478,1
29558,0
8749,0
42714,0
8336,0
4238,1
31416,0
39245,1
39038,0
38688,1
18095,1
5644,0
18386,0
14459,0
27055,0
17460,0
22068,0
35881,0
37626,0
41342,1
14315,1
34665,0
36971,1
23160,1
42699,1
27753,1
35161,0
2619,1
1953,0
24865,1
9482,1
32892,0
45110,0
35817,0
11353,1
11495,0
46750,1
38648,0
6076,1
35437,1
7638,1
5388,0
10930,1
17590,1
21302,0
37028,0
21045,0
25661,0
27136,1
38660,0
19445,1
818,0
29616,1
47073,1
43525,0
48365,1
36854,0
38530,0
26684,0
7923,0
43199,0
43228,0
31775,1
36363,0
525,0
3744,0
23892,0
42683,0
46766,1
14927,0
16731,0
37850,1
28753,0
37453,1
43554,0
41665,0
26680,0
37249,0
80,0
13107,0
11407,0
47751,0
6020,0
21885,0
31469,1
9811,0
11116,0
12141,0
14552,0
19902,0
28188,0
6847,0
17511,1
20642,0
13733,0
20692,1
2944,1
34581,1
46817,1
3502,0
24130,0
42208,0
22029,1
16474,0
8764,0
36857,0
21277,1
21947,1
31631,0
3157,0
37846,0
22293,0
25501,0
9601,0
29777,0
48375,0
23684,1
18861,1
20006,0
14561,0
3299,1
45087,0
7823,1
30474,0
46087,1
36925,0
10008,0
8845,0
26568,0
31319,0
23504,0
19054,0
11588,1
15132,0
22421,0
6242,1
13396,0
48400,1
5405,0
11659,1
36285,0
28484,0
47901,1
44765,0
31553,0
38731,0
13525,0
37514,0
3115,1
35109,1
3250,0
25892,0
5513,0
24240,1
6934,0
2046,0
4264,0
16876,0
21660,0
46661,0
31894,0
33878,1
11436,0
39834,1
42148,0
29968,0
24575,0
32177,0
44449,0
44324,0
43990,1
22455,0
6594,0
36228,0
29601,0
26265,0
32635,0
44482,1
6351,1
38947,0
28603,1
38707,0
13617,0
34675,1
18383,0
34039,1
31234,0
32464,0
13113,0
13943,0
37326,0
10274,0
1467,0
45538,0
5908,0
20459,0
15757,1
1329,0
32346,0
39048,1
24174,1
33168,0
37959,0
30241,1
32127,0
17182,0
372,0
13896,0
31096,1
27222,0
34418,0
7636,1
35720,0
6843,0
43912,0
36176,1
2620,1
19258,1
5124,0
1731,1
48654,0
3202,0
27307,1
23960,1
11223,0
42488,1
8156,1
37997,0
7348,0
46968,0
9258,1
17751,1
22251,1
22726,0
6757,1
19618,1
36287,0
18857,1
23526,0
7321,0
27446,0
29642,0
11720,0
38681,0
14120,0
43679,0
4628,0
36965,1
14113,0
44648,0
35648,1
47762,1
30804,1
3791,0
28595,1
23974,0
25194,0
16364,0
35699,0
31714,0
32802,0
29541,1
44865,0
14666,0
38844,0
39224,1
11086,0
30885,0
23490,0
39406,0
48737,0
17647,0
10770,0
31565,1
8279,0
2090,1
20833,0
44853,0
13224,0
35727,0
29197,0
24243,0
38544,0
21380,1
2585,1
24969,1
1067,1
47221,0
30174,0
15080,0
42597,0
19720,0
45037,0
4159,1
37545,0
41283,0
15763,0
26887,0
47961,1
32556,0
16320,0
18135,0
25498,1
23854,0
18055,1
4916,0
13953,0
43741,0
32189,0
13004,0
20826,1
26305,0
20943,0
3260,0
31250,0
36819,0
39073,0
3018,0
21234,1
47387,1
44429,0
18995,0
1869,0
44585,0
8463,1
3114,1
35055,0
3132,0
15143,0
3483,0
17794,0
84,0
35681,0
4404,0
40269,1
33186,0
2001,0
8376,1
8692,1
8160,0
10440,0
16667,0
13102,1
43000,0
17436,0
3199,0
32781,1
2263,0
20271,0
33237,0
18126,0
38434,1
40398,0
38643,0
42206,0
15086,0
17525,0
6856,0
14142,1
20995,0
41996,1
7064,1
35177,0
1878,0
22199,0
29472,0
32662,0
16874,1
36778,0
14802,1
22147,0
27031,0
757,0
35633,0
31207,0
38330,1
15008,0
17632,1
27718,0
30741,0
29476,0
31489,0
29680,0
36436,0
28300,0
3517,0
5371,0
14356,0
31354,0
2163,0
43040,0
14559,0
30063,1
32460,0
28379,0
18550,0
3176,1
3970,0
17399,1
17573,0
32120,1
11268,0
40571,0
18970,0
19431,0
9060,0
10593,0
48010,1
25671,0
24045,0
13158,0
40598,1
16532,0
23951,0
28969,1
16713,0
24110,0
45004,1
4276,0
6868,1
38174,0
29613,0
38737,1
36067,0
46536,0
21298,0
34855,0
11075,0
44478,1
47207,0
16555,0
16506,0
46479,0
5753,0
38622,0
47706,1
16290,1
11981,0
43147,0
18939,0
40920,0
8582,0
4152,0
14370,0
39330,0
31085,0
714,1
46901,1
32279,1
15577,0
47414,0
24321,1
28881,1
22972,0
24728,0
33123,0
12622,1
15510,0
4475,0
9323,0
25478,1
40495,0
40713,0
22285,1
8509,0
8825,0
5015,0
41508,0
19407,0
9464,1
43170,1
35883,0
6112,0
10750,0
46478,0
22630,1
48242,0
45668,0
42334,0
38029,0
14916,0
5230,0
31495,0
31058,0
33189,1
47873,0
22490,0
42816,0
27899,0
39655,0
19561,0
22170,1
27112,1
7621,0
20541,0
30965,1
44225,0
35626,1
26433,0
7988,0
38880,0
46734,0
9503,0
30591,0
10289,1
4742,0
14001,0
4248,0
24765,0
40021,0
26035,0
36159,0
48309,1
44221,0
36625,0
44662,0
34130,0
12288,0
32380,0
10435,0
20999,0
23085,1
42677,1
16025,0
31957,0
35433,0
11871,0
25500,0
36976,0
28345,0
4077,0
38465,0
26696,1
48257,0
27178,0
31028,0
7384,1
9904,0
29015,0
24107,1
10233,0
9520,1
43188,0
4111,0
44656,0
22009,1
41992,0
35534,0
22839,0
12588,0
3105,0
21661,1
34242,0
9864,0
38346,0
5074,0
1997,0
14971,0
46050,1
46442,0
35438,0
9298,1
31173,0
40321,0
16705,0
27343,0
23150,1
21411,0
24014,1
13853,0
43132,0
2981,0
35493,0
35845,0
2851,1
5648,0
20665,0
27080,1
933,0
28988,0
1890,1
42456,0
16822,0
48308,1
26799,0
22321,0
35220,0
32671,1
42384,0
39418,0
27872,0
35065,0
17252,0
1094,0
44551,1
25144,0
46808,0
48442,1
3256,0
7297,0
3976,0
1201,0
32979,0
30765,0
45856,0
7356,1
26192,0
607,0
43835,0
7702,1
38871,1
16924,1
7966,0
39005,0
33452,0
14848,0
3621,0
11272,0
23114,1
825,0
21113,1
39786,1
48386,0
3409,0
46814,0
38723,0
30740,0
12746,0
19554,1
47775,0
9683,0
21291,0
22390,0
40577,0
3935,1
19463,0
1077,0
16341,0
17978,0
9047,0
33171,0
43403,1
20599,0
2277,0
31568,0
22027,0
17875,0
31347,0
25485,1
46216,0
7778,0
14599,0
12929,0
20645,0
10227,0
8774,1
5514,1
9304,0
8938,0
37407,0
40970,1
2885,1
33421,0
37205,0
11186,0
15628,0
44604,0
46488,0
17943,0
22503,0
22730,0
10647,1
9066,0
39538,0
26091,0
45449,1
2960,0
9490,0
12560,0
32482,0
40825,0
21070,0
48374,0
26258,0
34411,0
18564,0
9827,0
46775,0
14610,0
5718,0
42423,0
35726,1
9722,0
29729,1
19838,0
13534,0
42795,0
20010,0
20639,0
15511,1
9771,0
2235,1
40645,1
38379,0
20895,0
23344,0
14234,0
44139,0
36767,1
2200,1
10177,0
11314,0
9879,1
28691,0
31609,0
15822,0
6329,1
33604,0
26591,0
15716,0
8084,0
47412,0
20117,1
285,0
23148,0
2324,1
848,0
25073,1
35371,0
43539,0
5152,0
30443,0
7739,0
32766,0
30371,0
35854,0
16833,0
7145,0
8321,1
21483,1
10578,0
37551,0
10471,0
24497,0
7722,0
37278,0
5448,0
24857,0
25793,0
32823,0
33794,1
18238,0
36461,0
4284,0
46030,0
9141,0
23321,0
20485,0
1702,0
5094,1
11754,0
20422,0
9550,0
41817,0
40681,1
38192,0
6580,0
30332,0
23368,1
22497,1
27764,1
33853,0
10,1
45331,0
8490,0
9032,0
30030,0
34402,1
41094,0
4303,0
17196,1
43566,1
11948,1
41516,0
30981,0
27851,0
42235,0
20481,0
12025,1
38001,0
18156,1
42459,1
38369,0
42103,0
12500,0
34069,0
25198,0
27812,0
14429,0
6716,0
4030,1
18421,0
17497,1
7372,0
28206,0
21462,0
45267,0
34805,0
26340,0
5968,1
48833,0
36626,0
16187,0
44407,1
17635,0
33975,1
1366,1
37175,0
42763,0
43466,0
45043,0
28649,0
41277,0
46942,1
47230,0
22515,0
23262,0
27568,0
3279,0
4653,1
39643,0
22120,1
9579,0
39145,0
31431,0
12354,1
31959,0
44844,1
42433,0
13435,0
31499,0
18457,0
8300,0
26134,0
39896,0
9096,1
10148,0
16027,0
16315,0
46599,1
34545,0
24206,0
14491,0
45867,0
14255,0
13690,0
38173,1
8807,0
43305,0
11666,1
19879,0
38023,1
35047,0
33575,0
12400,1
21662,0
46545,0
11759,0
43386,1
40671,0
30324,0
6543,1
16841,0
38652,0
30657,0
29823,0
17653,0
5575,0
40228,0
43817,0
38503,0
37949,1
12001,0
34806,0
5976,0
15671,0
47605,0
46404,1
17516,0
12310,0
19577,0
24770,0
43749,0
4067,0
21909,1
2953,1
39792,1
5786,0
38493,0
6154,0
38761,0
9371,1
36634,1
8390,0
4535,0
4339,0
46587,1
10388,0
19500,0
16871,0
28173,0
19941,0
13549,0
44618,1
22339,0
1217,0
47357,0
34109,0
28630,0
14256,0
5801,1
47256,1
31954,0
14338,1
32746,0
43116,0
24798,0
37711,1
40866,0
19071,0
3880,0
31232,0
35956,0
21299,0
41054,0
10658,1
28820,1
39151,1
14768,1
45118,0
11575,0
47799,0
38319,0
23690,1
42651,1
29027,1
33201,1
37826,0
24889,0
9791,1
16604,0
12441,1
13666,0
36456,0
41723,0
28083,0
2924,1
36991,0
35138,0
13144,1
55,0
20818,1
3897,0
5751,0
28778,0
16810,0
28199,1
19370,1
3735,0
34088,0
29046,0
7918,0
10897,0
33120,0
8691,0
2482,0
38908,0
32752,0
3400,0
5982,0
29574,0
27141,1
45672,0
8217,0
36250,0
27163,1
44972,0
20435,1
19636,0
40071,0
25066,0
1014,0
42592,0
43736,0
43589,0
14239,0
8897,0
7770,0
40404,1
39511,0
19305,0
8518,0
1515,0
33684,0
13658,1
11311,0
10922,1
38893,0
48210,0
17160,0
13955,1
35309,1
43238,1
5881,1
20286,1
42,0
36385,0
25551,0
41773,0
10520,0
9393,0
48290,0
47248,0
1214,1
45254,0
42400,0
7168,1
43744,0
28910,0
8579,0
5828,0
22024,0
9685,0
21668,0
1490,0
7164,0
16620,0
42042,0
33297,0
13068,1
3258,0
29485,1
17119,0
39670,1
38270,0
6825,1
27404,0
24677,0
14086,1
20293,0
15811,0
11505,0
26692,0
33798,0
28238,1
32439,0
10064,0
18451,0
37290,0
36028,0
11091,0
11124,1
48139,0
48631,0
33951,0
29036,0
4068,0
8176,0
35236,1
4398,0
45978,0
46526,0
45386,0
26393,0
48055,0
3999,1
40260,0
42005,0
353,1
4566,0
41727,0
45998,1
21922,0
45776,0
27890,0
32791,0
11078,0
27210,0
5466,0
4764,0
11657,1
20358,0
35650,1
19766,1
33850,0
33462,1
21456,1
1376,1
4699,0
44240,0
35468,1
4626,1
33061,0
19785,0
11302,0
12419,0
6603,0
19478,0
40471,0
39650,0
37811,1
8006,1
34007,0
9195,0
35844,1
36882,0
44445,1
4740,0
37612,0
14649,1
11594,0
19029,0
12675,0
44925,0
6331,0
5129,0
8232,0
27407,1
44142,1
32157,0
4896,0
25489,0
11351,1
20495,0
24955,1
40438,0
5493,1
24338,0
38020,0
24755,0
41828,0
46161,0
19967,0
10695,0
11939,0
697,0
36430,0
40045,0
20621,0
3221,1
48146,0
29883,0
20080,0
25437,0
35597,0
37177,0
15636,0
15246,0
17345,1
2353,0
24437,0
40750,0
26939,1
45473,1
3965,1
33620,1
46831,0
40562,1
2352,0
32577,0
8916,0
33284,1
10971,1
28491,1
3275,0
1368,0
40299,1
2961,1
42274,0
2259,0
36221,0
10968,0
48279,1
16910,1
26176,0
15951,1
39726,0
28235,0
7798,0
1200,0
45200,1
2391,0
48789,0
39347,0
25874,0
39616,0
11432,0
29560,0
27667,0
35694,0
43076,1
21648,0
410,0
27294,0
12569,1
3090,0
37490,1
30087,1
19588,0
15331,0
17667,0
27831,0
21440,0
22931,0
44086,1
22260,1
41192,0
27035,1
31024,0
41439,1
24073,0
20460,0
19135,0
43372,0
2706,0
40175,1
4244,0
35900,0
17964,0
6357,1
8901,0
34416,0
8223,0
37629,0
48632,0
3012,0
2281,0
21936,0
19696,0
41908,1
43253,0
31741,1
37831,0
11904,0
29700,1
44078,0
1002,0
34635,0
11134,0
10535,1
35097,0
20098,1
42358,0
28164,0
7971,1
14023,0
35562,1
22559,0
39400,0
33698,0
18119,0
2211,0
39091,0
41210,0
46362,0
44120,0
29256,0
15318,0
27843,1
20181,1
27719,0
25304,1
39461,0
45564,0
26894,1
16011,0
20525,0
39520,0
26789,1
42338,0
11549,1
20801,0
47696,0
23175,0
12485,1
1863,0
16425,0
18224,1
37372,0
47293,0
3727,1
43340,0
32486,1
28633,0
25047,0
17819,0
1275,0
43601,0
22233,0
33917,0
42210,0
38729,1
10887,0
15546,0
9607,0
6456,0
41471,1
45384,1
19091,0
33299,1
5757,0
33176,0
4028,1
27627,0
12435,1
2938,0
36237,0
45108,0
21293,0
17515,0
42305,0
22039,0
12547,1
23531,0
39279,0
48450,0
17374,0
37282,0
2051,0
44691,0
37682,1
19596,0
43304,1
2104,0
31351,1
36187,0
26652,0
26212,0
6831,0
40400,0
23887,0
4637,1
4206,0
46000,1
31597,0
22070,0
28220,0
23201,0
35140,0
3431,0
41385,1
38682,0
17412,0
17118,1
25065,0
40994,1
36188,0
3582,0
32888,1
17585,0
20445,1
37064,0
35264,0
25836,0
20799,1
47828,0
29233,1
20309,0
7684,0
46787,1
12469,1
28090,1
18847,0
28400,0
31042,1
15208,0
4309,0
25647,0
2338,0
2490,0
43439,0
35296,0
17106,1
15870,0
34442,0
3533,1
12718,1
36140,1
45393,1
11471,0
7323,1
1640,0
11275,1
17775,0
13565,0
11862,0
38454,0
4932,1
17039,1
25121,0
35981,0
11711,0
15466,0
23933,0
48172,0
5276,0
39607,0
2172,1
16814,1
22689,0
15914,0
39746,0
17428,0
35302,0
28364,1
26745,0
18426,0
39230,0
21014,0
37231,0
18212,0
19177,1
22916,0
29223,0
37863,1
43163,1
13966,0
43697,0
33086,1
44171,0
25550,1
46385,1
44528,0
35991,0
38366,1
6214,0
13636,0
15880,0
8032,0
46485,0
20555,0
41872,0
12742,0
48344,1
22812,0
17470,0
21073,0
39577,0
20205,0
5112,0
1283,0
737,1
36085,1
16405,0
44741,0
302,0
45608,0
17171,0
47903,0
6176,0
12331,1
43791,0
8637,0
12099,0
9952,0
36801,0
37488,0
720,0
36181,1
13101,1
21713,0
5557,1
38344,1
27044,0
41668,0
22539,0
10944,1
25831,0
45946,0
1754,0
45435,1
23389,0
23517,0
26805,1
28571,0
8850,1
16409,0
42490,1
37219,0
13963,0
26491,0
45676,0
24692,0
44166,0
14032,0
40295,1
32958,0
23373,0
25238,0
40408,0
31218,0
29465,0
22075,1
5993,0
14167,0
14448,0
10554,0
1624,0
20975,1
31822,0
29306,0
23553,1
37389,0
44209,1
21109,0
31772,0
39314,0
7252,0
34187,0
31201,0
27542,0
4062,0
34048,0
6906,1
18349,1
9253,0
31375,0
4602,1
44518,0
18103,0
6517,1
30755,1
37995,0
36821,0
21961,0
6163,0
22057,0
8238,0
27183,0
29874,1
11469,0
38268,0
24833,0
969,0
21605,0
36432,0
226,1
28223,0
41472,0
16632,0
15275,0
39462,1
19311,0
23227,0
25532,0
41714,0
42614,0
47599,0
24212,1
35954,0
45764,0
37159,0
36594,0
10782,0
14893,0
48475,0
41163,0
13734,1
11920,0
48544,0
30038,0
38741,0
10612,0
33208,0
13485,0
23635,0
46007,0
43520,0
39687,0
30650,0
29650,0
7172,0
28390,1
27840,0
438,0
44793,0
4905,0
35482,0
3992,0
32172,1
7843,0
29793,0
27707,1
8254,0
38525,0
38396,0
46781,0
4925,0
7016,0
6822,1
15440,0
40254,1
1009,0
27098,0
41704,1
12160,0
39573,0
9031,0
3611,1
10258,1
26672,0
47419,0
40189,0
47154,1
9606,1
5999,0
17746,0
43415,0
3355,0
29,0
5685,0
17998,1
37663,0
24259,1
43129,0
2270,1
29113,1
40238,1
42632,0
2293,1
11056,0
6692,1
23661,1
33418,0
46409,0
42843,0
22374,0
46042,0
5016,1
48691,0
20831,1
48185,0
27595,1
29120,1
22762,0
1861,0
39564,0
42086,0
17938,0
44943,0
8811,0
46523,0
14267,1
47634,0
31763,0
35934,0
29066,0
29087,0
28140,0
21107,0
6107,0
8087,1
28746,0
26266,0
37889,0
48219,1
6422,0
25094,0
11276,0
16894,0
12523,0
20160,1
4498,0
41129,0
12399,0
30665,1
41591,0
11704,0
25352,0
46465,0
19470,0
38458,0
37489,0
4883,1
25675,0
42700,1
34659,1
9690,0
39728,0
40062,0
34744,1
45783,0
442,0
21977,1
40229,0
25474,0
4267,0
8612,1
176,0
31911,1
6658,0
13287,0
23424,1
4006,0
36916,0
26452,1
29241,0
40329,1
33145,1
12000,1
10428,0
9650,0
60,0
10773,0
36397,0
22387,0
28459,0
18286,0
40237,0
16923,0
4219,1
19380,0
29276,0
19784,0
4560,0
8647,0
4304,0
23040,0
38845,1
32890,0
4191,0
8341,0
42918,1
2,1
13505,0
16870,0
2598,0
2688,1
20267,0
40928,0
22131,0
47460,0
28572,0
43991,1
5090,0
21150,0
25081,1
2238,0
1565,1
5055,0
48225,0
2508,0
17900,0
16601,0
5924,0
4445,0
6215,0
23025,0
9873,1
45350,0
6165,1
34752,0
31109,0
6668,0
29049,0
3380,0
27648,0
2201,0
29643,0
11837,1
24958,0
31670,0
550,0
36520,0
40550,0
26029,0
47699,0
41555,1
28821,1
43865,0
4741,0
23338,0
6198,0
17551,0
20796,0
26991,0
22015,0
41448,0
23989,0
39675,0
44905,0
8668,1
36212,1
22576,1
26155,1
19487,1
11137,0
22394,0
25350,0
47941,0
31790,0
2769,0
23569,0
2251,1
13749,0
7035,0
31573,0
7485,0
44646,0
33194,0
47716,1
18187,0
27029,0
13403,0
39936,0
6116,0
8564,0
15494,0
7980,0
42664,0
5460,0
22929,1
39058,0
19787,0
11593,0
34343,1
31910,1
26727,1
12245,0
2758,0
46627,0
2015,1
35263,0
20695,0
44746,0
20110,1
5066,0
4221,0
6398,0
35267,0
2479,0
25468,1
28904,0
712,1
33779,1
19204,0
47553,1
18118,0
31491,0
4979,1
13653,0
30477,0
27631,0
8766,0
42580,0
34408,0
10020,1
43804,0
23082,0
37096,0
3956,0
47575,0
2735,0
27284,1
14441,1
13273,0
24864,0
32418,0
38026,0
30733,1
28640,0
47149,0
20926,1
47244,0
39571,1
19249,1
10175,1
47052,0
5635,0
26723,0
39451,0
15356,0
48330,1
32306,1
19962,0
4081,0
3268,0
31057,0
5407,0
26166,0
28845,1
41896,0
40899,0
34512,0
27839,0
1222,1
16070,0
15788,0
40896,0
29933,0
1429,1
20476,0
29842,1
33481,1
40949,0
24804,0
47904,1
39085,0
45554,1
26272,0
45083,0
35984,0
18410,0
2441,1
10864,0
38975,0
15317,0
28650,0
38587,1
39457,0
13066,0
31633,1
5034,0
20412,1
42783,0
29289,0
10336,0
42407,0
22053,0
6635,0
14730,0
10464,0
6114,0
35304,1
38490,0
45280,1
28219,0
30910,1
16117,0
48298,0
19619,0
32203,0
44184,0
19579,0
10429,0
37134,1
831,0
30435,1
32845,0
31711,0
13691,1
45820,0
27243,1
20292,0
20536,1
9569,0
596,0
4517,1
7403,0
17830,0
9097,1
24234,0
6928,0
38250,0
31574,0
20367,0
30315,0
4356,0
3006,0
8118,1
48543,0
41313,0
6122,0
38193,1
43904,0
40669,0
35521,0
44820,0
8790,0
2043,0
20976,0
17407,1
10628,1
22649,0
13421,1
29270,0
43429,0
3994,0
18590,0
16490,0
42337,0
21982,0
15666,0
38582,1
35363,0
19476,0
13337,0
22066,0
30103,0
23817,1
46744,0
26806,0
17329,0
43705,0
35318,1
12073,0
7415,0
25605,1
9662,1
8330,0
76,0
29428,0
44117,0
35686,0
26319,0
19744,0
29439,0
35364,0
47918,0
40659,1
28488,1
21546,0
1375,0
48249,1
26782,0
30165,0
47009,0
28084,0
47018,0
10323,0
893,0
22247,0
36076,0
42960,0
29966,0
35261,1
7003,0
41800,0
7794,0
42560,0
3949,0
35193,0
26605,0
897,1
24479,1
30882,1
6644,0
21574,0
45295,0
39952,1
44466,1
38041,0
16672,0
8652,0
21143,1
31854,0
2712,0
41840,0
29866,0
24333,0
31362,0
19117,0
33924,0
16902,0
37192,1
24038,1
17898,0
38548,0
8172,0
2472,1
38125,0
24744,1
35585,0
44258,0
28598,1
17547,1
46428,0
35121,0
27686,0
39285,0
5917,0
82,0
43161,1
35902,0
2079,0
1862,1
37553,0
31831,0
46534,0
26367,0
14235,0
16167,0
30329,1
17038,0
30462,0
37633,0
12350,0
44414,0
25610,1
42801,0
45439,0
24367,0
44105,0
15821,0
38427,1
30583,1
24192,1
40298,0
8591,1
17991,0
16785,0
25830,0
15777,0
43056,0
12811,0
20775,0
25950,0
17934,0
17979,0
21147,0
43042,0
27503,0
33458,0
21629,0
28975,0
46407,0
23394,0
16527,1
33464,0
34206,0
34049,0
25297,1
17410,0
33005,0
11655,1
42881,1
34392,1
5043,0
12280,1
19702,0
38771,0
11555,0
21279,0
4681,0
6771,0
43164,0
10199,0
34320,1
26997,1
1154,1
11049,0
46372,0
4575,0
45173,0
7907,0
37071,0
47807,0
27902,0
15004,0
11175,0
41854,0
39811,0
20016,0
23066,1
45138,0
3943,0
2588,0
29909,0
41847,0
10280,0
1383,0
41058,0
17762,1
1675,1
42830,0
13709,0
33300,0
6622,0
28833,0
9591,0
45180,1
21585,0
8745,0
25607,0
45309,0
44976,0
12281,0
29456,0
2934,0
17987,1
17035,0
38327,1
44781,0
37905,1
42091,0
10999,1
34977,0
44072,0
41930,0
7536,0
38410,1
41415,0
23032,1
32546,0
24052,0
47840,1
9260,0
11741,1
35804,0
15310,1
21906,1
12069,0
35016,0
21267,0
15270,0
31209,0
35553,1
47465,0
18966,0
37047,0
16760,0
40775,0
2297,1
42864,0
40305,0
21663,0
5926,0
45413,0
44336,0
19674,0
18009,1
19083,0
5268,1
48757,0
31990,0
29964,0
1464,1
41111,0
9339,1
9053,0
31287,1
39580,0
40963,0
35339,0
11718,0
22419,0
28404,0
18312,1
9839,1
35157,0
41400,1
6917,1
6922,0
41776,0
3596,0
2636,0
36481,1
7390,0
878,1
18960,0
21195,1
15965,0
29887,0
4280,0
47455,0
43774,0
15754,0
19877,0
16443,0
31153,0
42260,0
38634,0
32028,0
14634,0
17881,0
33006,0
11633,1
9994,1
34160,1
10915,0
2222,1
20667,0
26125,0
3056,0
16890,0
29955,1
25404,1
9922,0
42152,0
24086,1
17434,0
9004,0
22037,1
18583,0
8417,0
10361,0
23064,0
30958,0
5347,0
36851,0
6905,0
2424,1
20683,0
15645,1
4458,0
26523,0
6259,0
19679,1
45639,1
48092,0
38089,0
36006,1
20486,0
40810,0
5422,1
37513,0
38547,1
36772,1
31125,0
6491,0
5380,0
7136,0
26163,0
2505,0
10296,0
42100,0
23011,0
10863,0
31695,0
27042,0
43531,0
2850,0
16083,1
3549,1
2109,1
47269,0
36695,0
23294,0
10202,0
11248,0
10015,0
38480,0
48011,1
39275,0
21300,0
4548,0
28802,0
21608,1
13529,0
12808,1
35947,0
1158,0
48396,1
12034,0
6710,0
24238,0
25218,0
551,0
835,0
34870,0
33549,0
17656,0
5554,0
39839,0
4426,0
43254,1
34606,0
38890,0
13502,0
46635,0
20635,1
13576,1
26699,0
15262,0
30306,0
26348,0
12397,0
41558,0
34131,0
36414,0
3668,0
34718,0
48194,0
34542,0
48100,1
9165,0
42499,0
17866,1
22834,0
45964,1
32392,0
40594,1
22933,1
43661,0
14787,0
1131,1
21317,0
10193,0
40439,0
27381,1
33536,0
27520,0
21949,1
37445,0
18896,0
45592,0
18201,0
8216,0
30797,0
38805,0
16640,0
2095,0
39276,1
9276,0
41778,0
7174,1
42302,1
14763,0
14225,1
28780,0
21257,1
589,0
38719,0
7408,0
14502,0
19147,0
3803,1
7128,0
7540,0
45135,0
37189,0
32995,0
31439,0
42118,0
25316,0
12075,0
28972,0
41351,0
17423,0
32066,1
15678,0
32572,0
5064,0
33227,1
39876,0
11444,0
9149,0
11531,0
18197,0
31655,0
35262,0
19172,0
1159,0
24161,0
47802,0
35288,0
12472,0
35303,1
33174,0
23537,0
9614,0
34237,0
24990,0
30567,0
2540,0
34412,0
44505,1
25973,0
26417,1
11504,0
23404,1
37894,0
44160,0
17166,0
32072,0
22156,1
30790,0
8513,0
39426,0
19538,0
40292,0
36803,1
3071,0
17905,0
31673,0
41167,0
21682,0
2929,1
37860,0
11008,0
41484,0
46964,1
47014,0
12545,0
43502,1
22308,0
32456,0
43617,0
13859,1
13569,1
25621,0
36894,1
3454,0
14534,1
3699,0
32527,1
29101,0
36462,0
28380,1
20213,1
5681,0
13778,0
48356,0
46884,0
26392,0
45864,0
22767,0
40008,0
4549,0
4757,0
43856,0
14247,0
28153,0
42555,0
46339,1
38455,1
40643,1
47728,1
20783,1
45523,0
22355,0
6492,1
8099,1
33842,0
18042,0
37957,0
25497,0
22938,0
18216,0
35666,0
6581,1
30395,0
21184,1
9957,0
8431,0
35449,0
26650,0
3721,0
19111,0
16031,0
23223,1
38919,0
12278,0
28546,0
20733,0
36116,0
25887,0
34614,0
28263,0
289,0
16201,0
9199,1
788,1
12395,0
1719,1
8448,1
19615,0
32849,0
15669,0
30046,0
20781,0
18742,0
33871,0
2713,0
45988,0
29473,0
26594,0
4888,0
31333,0
10902,0
19316,1
2984,1
22566,0
8043,0
46981,1
17767,0
4443,0
9984,0
9114,1
7312,1
24574,0
18006,0
2153,1
19741,1
1286,0
44899,0
9825,0
9897,0
32419,0
28861,0
36862,0
45589,0
6088,0
44311,0
961,0
38804,0
8558,0
18432,0
19555,1
9249,0
9167,1
16523,0
19289,0
34515,1
46150,0
8210,0
40285,0
46349,0
7464,0
14571,0
6554,0
11127,0
32613,0
25460,1
27796,0
28018,0
22356,0
32532,0
16666,0
23704,1
39493,0
13402,1
20328,0
31065,0
16950,0
18468,0
2410,0
20084,0
45843,0
20771,0
15891,1
45297,0
47298,0
48762,0
1596,0
47993,0
42022,0
26921,0
3503,0
46638,0
47558,1
8732,0
39344,0
17062,0
43206,0
36661,0
46266,0
36966,0
21110,0
12480,0
47880,0
31165,0
30393,0
28059,0
28377,0
44864,0
16258,0
37780,0
27090,0
10125,0
25707,0
1942,0
14468,0
32039,0
20107,0
42909,0
25680,1
4451,0
30922,0
7484,0
17699,1
5623,0
40906,1
4200,0
45886,0
24571,1
8734,1
2226,0
21374,0
17817,0
26901,0
29708,1
22999,0
1671,1
46151,0
12317,0
23185,1
2209,0
39637,0
33759,0
32056,1
15509,0
18926,0
42984,0
22701,1
13118,1
19410,1
15496,0
8985,0
21431,1
29822,0
29709,0
33922,0
32310,0
41910,1
11916,1
2974,0
12468,0
10183,1
41527,0
21966,1
40380,0
1529,0
47184,0
27978,0
12074,0
27144,0
45994,0
34630,0
19081,1
40482,1
5568,1
24507,1
36368,0
43182,0
68,0
42326,0
8264,0
45571,0
46038,0
37076,1
40261,0
26836,0
5782,0
17506,0
13138,0
39791,0
7629,0
19348,0
48420,1
46283,0
29857,0
15620,0
10194,1
25452,0
41411,0
23213,0
12044,1
9346,0
5884,0
13741,0
16508,0
35399,0
19527,0
14598,1
27487,0
41437,0
44,0
34195,0
18949,0
3234,0
42818,0
34330,0
43318,1
19871,0
11249,0
10719,0
37890,0
20743,0
42983,0
35791,0
26767,0
47746,0
20426,1
30896,0
21071,0
4613,0
46335,0
38887,0
17316,0
23713,1
26235,1
29240,0
33415,1
47019,0
3077,0
39632,0
16077,0
9171,1
34524,0
46142,1
6507,0
42218,0
38944,0
1026,0
5156,0
35718,1
27422,0
33876,0
13051,0
9013,0
9942,0
42295,0
40478,0
26463,0
7590,0
14316,0
28009,0
47400,0
34714,1
27973,0
14302,0
35001,0
43684,0
35275,0
12019,0
9423,0
38403,0
25035,0
39950,0
46342,0
22627,0
33301,0
45667,0
7124,0
18324,1
42054,0
5553,0
44799,0
48093,0
26030,0
14563,0
18577,0
30775,1
1995,0
27698,0
44647,1
47292,1
44520,0
22780,1
43731,1
18295,0
5929,0
35088,0
29148,1
20917,1
6322,1
38085,0
39070,0
8713,0
17595,1
27671,0
20353,0
37549,0
3563,1
47308,0
3649,1
46585,0
11831,0
9240,0
10611,0
43961,1
20851,0
5521,0
45030,0
35327,0
31606,0
48085,0
7043,0
4912,0
7649,1
48759,0
16259,0
35048,0
40988,0
13742,0
33645,1
42605,0
26919,0
26580,0
8712,0
17443,1
7326,0
19597,0
37090,0
6229,1
27317,0
24410,0
977,1
30699,0
13934,0
28967,0
36316,0
31027,0
44421,0
2996,0
1887,0
42041,1
46626,0
31056,0
4389,0
9880,0
13077,0
5382,0
19116,0
28258,0
9517,0
12542,0
44837,0
27223,0
3427,0
114,0
27357,0
39229,1
5664,0
14972,1
3753,0
20086,0
7871,0
33988,0
31316,1
28693,1
42766,0
37888,0
8763,0
15005,1
18036,0
24469,0
29437,0
46401,0
8988,0
5713,0
11261,0
10761,0
19668,1
42650,1
1123,0
21130,0
40692,0
10526,1
10081,0
44728,1
36033,0
38674,0
24482,0
10006,0
5140,0
1097,1
41575,0
35432,0
22240,0
40907,0
924,0
39716,0
12358,0
19572,0
11537,0
33769,0
2744,0
3536,0
5068,1
27034,0
37512,0
34198,0
27809,0
10807,1
38655,0
31905,0
10466,0
18850,1
2664,1
23837,0
1081,0
15455,1
11330,0
41860,1
45265,0
45599,0
35191,1
11798,0
3165,0
36264,0
40224,0
10009,0
34095,0
89,1
9700,1
16092,0
47338,0
3657,0
14206,0
9862,0
8363,0
19026,0
11936,0
43321,0
18559,0
5799,1
29122,0
37754,1
30918,0
33566,0
38819,0
29225,0
8702,0
20937,1
20862,0
39175,0
17302,1
13841,0
36306,1
23969,0
46839,0
29217,0
45345,0
20123,0
13099,0
40226,0
1073,0
17761,0
16236,0
34518,0
4300,1
11626,1
7460,1
41949,0
7819,0
36184,0
5882,1
21753,0
30151,0
17803,0
28877,0
41703,1
42989,0
38826,0
11005,0
18342,0
10898,1
12250,0
39106,0
25822,0
3834,1
15606,1
23171,1
45109,0
17080,1
14849,0
13558,0
33489,0
44365,0
36838,1
5182,0
8871,0
962,0
2730,0
4288,0
1440,0
12243,0
39528,0
248,1
8075,1
4882,0
39701,1
22783,0
23979,1
23831,1
41887,1
46983,0
28944,0
27855,0
36024,1
16044,0
44557,0
17966,1
346,1
18162,1
17668,1
17257,0
9210,1
21544,0
44053,1
8611,0
25620,0
29912,1
2646,0
43646,1
45041,0
40883,1
452,1
5026,1
17476,0
22149,0
6027,0
13336,0
6768,0
13440,1
46328,0
13457,0
9956,0
27358,1
47055,0
42451,1
29203,0
48797,0
24335,0
26648,1
34279,0
32733,0
31870,0
26583,0
112,1
40205,0
19746,0
9172,0
9334,1
41478,0
44282,1
38039,0
16781,0
39569,0
17058,0
2091,0
16895,0
48073,0
23868,0
37911,0
24740,0
3487,1
38584,0
25854,0
15007,0
46933,0
15748,0
21469,0
30033,0
1602,0
530,0
44980,0
25328,0
29160,1
31819,1
45263,0
47295,0
11944,0
17181,0
54,0
3742,0
8014,0
30308,1
168,0
32326,0
19488,0
32948,1
4065,1
31654,0
16153,1
33369,1
17305,0
14603,0
9881,0
25760,0
10689,1
32283,0
37922,1
14910,0
3282,0
12603,0
18515,0
12601,0
22190,1
4551,0
29303,0
6206,0
47578,0
42436,1
31052,0
9010,0
43107,1
18335,0
26904,0
28201,1
28422,1
25385,0
48820,1
44937,0
30065,0
48207,0
47673,0
37904,0
32659,0
42789,0
12908,0
21349,0
41391,1
25931,0
23825,0
44200,0
39121,1
47931,0
18409,1
675,0
23210,0
45094,0
16802,1
19462,0
10957,0
34222,0
34600,0
30428,1
18680,0
31875,0
25523,1
21034,1
13698,0
37793,1
42239,0
36804,1
22144,0
23616,0
16294,0
6253,0
3906,0
37720,0
2879,0
4523,0
36711,0
25100,0
42572,0
23310,1
22005,0
21266,0
11602,0
7637,0
20913,1
42024,1
37151,0
13610,0
2459,0
43506,0
18757,0
13531,0
5797,0
3521,0
44487,0
12552,1
37246,0
20093,1
3854,1
15094,0
14323,0
28849,1
25260,1
32397,1
40649,0
29050,0
1673,1
28588,0
13326,0
40476,0
30800,0
44967,0
17375,0
15035,0
1411,0
29313,0
7606,1
34473,0
2171,1
2072,0
16529,1
18541,0
3978,0
17369,1
27745,0
26147,1
16643,0
17242,0
23962,1
13043,1
2363,0
48554,0
44420,1
8129,0
48591,0
47,0
43153,0
35415,0
17568,0
23607,0
36610,0
29487,1
20407,0
9419,0
2884,0
15963,0
41636,0
16148,0
45172,0
23882,0
30925,1
12518,1
43202,0
46797,0
8932,0
29483,1
20155,0
10831,0
16567,1
2969,0
25088,0
8699,1
20319,0
9465,0
15890,0
21634,0
19285,0
1844,1
16715,0
24614,1
1190,1
5593,0
6873,0
21604,0
5418,0
3467,1
44114,0
30709,0
33296,0
46156,0
6608,0
37950,1
1561,0
32921,0
9226,0
11726,0
41771,0
9418,1
11915,1
45863,0
24850,0
14057,0
6489,0
39219,0
43559,0
48445,1
22093,0
8383,0
38822,0
24899,1
14046,0
33745,0
10824,0
46573,0
21033,0
25080,0
48081,0
16578,0
27391,1
9692,1
16985,1
46366,0
11409,0
2731,0
31577,1
16784,0
12042,1
31832,1
8805,0
20009,0
40936,0
31588,0
30094,1
1059,0
11731,1
21506,0
10213,1
17440,0
7344,0
2167,1
35067,0
34497,0
8200,0
36707,0
664,0
25579,0
42798,0
22585,1
31063,0
46080,0
27971,0
9545,0
23561,0
33812,0
11959,0
28004,1
25866,0
25765,0
10928,1
4812,0
3374,0
25545,0
37178,0
11524,0
40879,0
32606,0
39727,1
25014,0
16342,0
3847,0
42377,1
33293,0
47725,0
25527,0
13389,1
17532,0
30600,0
32619,0
7790,1
20299,1
15600,0
12892,0
37104,1
31197,1
11245,0
46277,1
27068,0
2976,1
32383,1
45738,0
29525,0
155,0
44374,0
18558,0
20467,0
29349,0
35401,1
3186,0
37791,1
16195,0
9485,0
40809,0
2601,0
63,0
8555,0
17285,0
17853,0
15068,0
32174,0
26255,0
9295,0
39526,0
2826,1
6610,0
33427,0
4884,1
35679,0
34801,0
7402,1
39790,1
15022,1
45093,1
22109,0
17142,0
18524,1
12153,0
8059,0
17660,0
15176,1
20377,1
830,0
32980,1
4747,1
34458,0
647,0
12520,1
37664,0
47816,0
43803,0
12855,0
45074,0
4835,0
35125,0
26960,0
43627,0
37806,0
46089,0
41715,1
44159,1
24348,0
26920,0
20115,0
46728,0
42483,1
9929,0
4117,0
41696,0
36195,0
46077,0
47915,0
23299,1
45078,0
45573,1
7701,0
36598,0
47939,0
43540,0
42238,0
20875,0
46641,0
5738,0
3691,1
16563,0
18789,1
25677,0
15032,1
11809,0
5224,0
12450,1
11744,0
38551,0
13092,1
5007,1
3137,0
12941,1
34082,1
4689,0
30214,0
46569,0
432,1
6138,1
43356,1
28932,0
48240,0
11600,0
11155,1
25454,1
11269,0
43433,0
33204,1
31071,0
14951,0
16762,0
20434,0
22528,0
40858,0
15647,0
12916,0
30175,0
5057,1
2241,0
7706,0
24282,0
24476,1
40125,1
46832,0
7948,0
1711,0
33386,0
8917,0
41057,0
38866,0
29025,0
41595,0
32069,0
46770,0
22331,0
15406,0
46022,1
5254,0
30849,0
10785,0
35834,0
979,1
12926,0
7510,1
13640,0
17267,0
12167,0
23161,1
22985,0
40987,0
9788,0
43431,1
45986,0
13478,0
24102,0
42822,1
2044,1
21524,0
24270,1
8877,1
3169,0
16904,0
3820,0
39367,0
1130,0
12279,1
16936,0
26585,0
18526,1
24980,1
32416,0
13903,1
4800,0
24802,0
9220,0
42857,1
4084,0
18003,1
3529,0
19233,0
38529,0
31236,0
11678,0
21030,0
48492,0
36926,1
38481,0
7925,0
37180,0
3435,1
34203,0
23465,1
44698,1
5216,0
35197,1
18316,0
4930,0
23450,0
19496,0
22820,0
17637,0
36656,0
18648,1
5610,1
13471,0
13265,0
19191,0
38778,0
10874,0
32778,0
18999,0
22411,0
8801,1
19132,0
12683,1
16276,0
15942,1
33260,1
24751,0
14790,0
2302,0
43571,1
41933,0
36982,0
13227,1
20511,0
22696,1
47124,1
39170,0
12819,1
19314,0
23479,0
34651,0
8211,1
17253,1
16387,0
17588,0
5721,0
24065,0
21617,0
23329,0
12952,0
8876,0
10359,0
18601,0
11566,0
21313,0
7262,0
31122,0
24447,0
5899,0
5538,0
24796,0
45739,0
42035,0
13996,1
23567,1
9341,1
23349,0
3548,0
40553,1
15802,1
18019,1
33963,0
44206,1
15566,0
11808,0
42970,0
38252,0
3450,1
45847,0
536,0
21210,0
17146,0
19136,0
43674,0
3390,1
12016,1
25580,0
35692,0
26284,1
21408,0
40343,1
15806,1
27279,0
6796,1
26190,0
6925,0
33754,0
42817,0
24711,0
41214,1
34577,0
9948,1
2447,0
443,0
5709,0
7587,0
25284,0
5325,1
1613,1
7486,0
19995,1
1393,0
40784,0
40151,0
6317,1
27367,0
18922,0
47327,0
838,0
9290,0
11850,1
4499,1
28483,1
29854,0
20949,0
17996,0
2682,0
16727,0
14456,0
2707,0
20765,0
12135,0
22787,0
17156,1
46948,1
6881,0
47570,0
30260,0
42726,0
24266,0
22781,1
8950,1
32519,1
18128,0
459,0
48666,0
6455,0
45934,1
34986,0
45278,1
16166,0
30261,0
21865,1
21247,0
10603,0
23402,0
34680,0
46862,0
23370,0
48221,0
25229,0
28273,0
34431,0
46201,0
45237,0
47367,0
9979,0
38957,0
11539,0
24730,0
3786,0
46564,1
26317,0
1961,0
28547,1
41387,0
15152,0
13541,1
38829,0
24729,1
19700,0
34336,0
23316,1
1204,1
9063,0
20892,0
913,0
20158,0
14758,0
19602,1
15261,0
26882,0
25062,1
11980,1
32611,0
24592,0
31127,0
13555,1
24289,0
11586,0
11115,1
10851,0
27904,0
39875,0
5605,0
42561,0
48804,0
31015,0
36787,0
11613,0
21089,1
21719,0
47576,1
39254,0
1050,1
2242,0
46501,0
12056,0
32639,0
27351,1
29749,0
20219,0
32786,0
13447,0
24134,0
34811,1
4450,0
46647,0
39143,0
12578,0
6874,0
36845,0
3429,0
7517,0
4295,0
25986,0
10577,0
1925,0
16806,0
15520,0
32193,0
25086,0
39986,0
37703,0
36814,0
44319,0
46836,0
42188,0
8600,1
32664,0
44085,0
14230,0
14509,0
35904,1
8038,0
25947,0
8382,0
29659,0
27214,0
45803,1
31656,1
7889,0
29180,1
4014,0
35376,0
38618,1
42859,0
16179,1
22192,0
33891,0
44624,0
45365,0
39909,0
21035,0
22655,0
25719,0
46982,1
12867,0
10980,0
16299,0
31235,0
32512,0
36148,0
18384,1
47296,1
34535,0
35412,0
754,1
19430,0
10748,0
42653,0
23823,0
12065,0
29414,0
38597,0
12755,0
9603,0
2085,0
11119,1
19506,1
9297,1
25955,0
24904,0
33641,1
17607,0
26243,1
30554,1
9468,1
39506,0
16149,0
28276,0
5368,0
10646,0
10738,0
16101,1
18194,0
19365,0
40330,1
9370,0
31834,1
34304,0
42226,0
13877,0
38265,0
29948,0
32055,1
6205,0
33147,0
18502,0
16693,0
19001,0
21156,1
18540,0
36158,0
38875,0
35797,0
18021,1
862,0
1491,0
6367,0
34470,1
21141,0
39806,0
40496,0
30486,0
8606,0
5286,0
33540,1
24558,0
27991,1
40213,1
10584,1
13790,1
37589,0
33804,0
25224,0
48067,1
45618,0
39037,0
41272,0
32730,1
31190,0
26324,0
20399,0
32760,0
21099,0
38712,0
20531,0
36826,1
48385,0
43858,1
46353,1
11653,1
39756,0
9876,0
44639,0
15631,0
24731,0
44113,1
33733,0
40693,0
4915,0
45106,0
33774,1
16389,0
16212,0
25989,0
37476,0
13221,0
47676,0
32481,0
11371,1
36887,0
40234,0
648,0
41533,0
36274,0
32043,1
20530,0
472,0
38916,0
23771,0
23412,1
2848,0
46844,0
26185,0
39652,0
25865,0
45300,0
25309,0
28950,0
27476,1
39769,0
30659,0
20108,0
40506,0
8137,0
6563,0
5625,0
43245,1
45693,0
44858,0
24228,0
21691,0
20856,1
18767,0
6,0
3309,0
22900,0
37378,1
16411,0
10981,1
11532,0
1236,1
25857,0
19318,0
32538,0
32008,1
7552,1
16369,0
28240,0
9644,0
19892,0
36564,1
31474,0
4406,1
1625,0
2188,0
6393,1
6224,0
25535,1
20197,0
4622,1
4997,0
35638,0
13353,0
35886,0
9026,0
10607,0
7526,0
45154,0
6431,0
22841,0
17863,0
42525,0
37500,1
4753,0
42722,0
27939,0
33014,0
23820,0
10251,0
24519,0
43034,0
38440,0
19025,1
16005,0
37359,0
27467,0
14886,1
47521,0
47926,1
19280,0
20965,0
26534,0
48311,0
13873,0
14704,0
46917,0
12460,1
33713,0
39841,0
16863,0
34537,0
33442,0
31795,0
190,1
25856,0
25994,1
20127,0
13290,0
31744,0
28132,0
31480,1
1310,0
27962,0
11154,0
31507,0
1339,0
37171,1
29937,0
880,0
23790,0
8457,1
2875,0
29210,0
5227,0
39773,0
36911,0
14324,0
2256,0
7364,1
45651,0
47257,0
18987,0
38381,0
16183,0
30520,0
40744,0
37909,0
9593,0
5526,0
41911,0
41900,0
45616,0
23648,1
47072,0
22554,0
9396,0
36632,0
29222,0
45557,0
15611,1
15461,0
5300,0
7138,0
36256,0
34117,0
10367,0
3719,0
40885,0
43729,0
5170,0
18131,0
36258,0
12367,0
14850,1
23010,0
11961,0
3963,0
30115,0
31103,1
23345,1
20616,0
47974,0
25585,0
34741,0
26444,0
47911,0
11213,0
37021,0
47642,1
25257,0
20586,0
3674,0
15675,0
21335,0
3960,0
34899,0
2796,0
11145,0
32368,0
17757,0
2871,1
14132,0
26103,1
34211,0
22065,0
29257,0
7632,1
2936,0
9264,0
28825,0
9377,0
44309,0
30868,0
7350,0
36706,0
27125,0
33420,0
16273,0
7462,0
41225,0
10507,0
39732,0
33394,0
41674,0
7488,0
32333,1
46640,0
33708,0
25221,0
21808,0
24489,1
47438,0
15191,1
18587,0
36658,1
30231,0
25525,1
34563,0
9745,0
37914,0
11618,1
39253,0
27121,0
12151,1
35447,1
3981,1
31322,0
23759,0
30696,1
44918,0
27252,0
42346,1
4007,0
41859,0
28205,0
24629,1
22923,0
2066,0
3590,1
39203,0
5629,0
18719,0
1380,1
46838,0
5221,0
46449,0
24071,0
43349,0
27950,0
34233,0
36576,0
42075,1
25185,0
11034,1
41026,0
41010,1
15226,0
13345,0
8241,0
25895,0
34889,0
16438,0
6587,1
22959,0
36276,1
41592,1
42679,0
9017,0
27335,0
6712,0
34189,1
27783,0
9422,0
37541,1
38709,1
16163,0
22547,0
9449,1
33605,0
7813,0
8474,0
11099,0
37815,0
31907,0
31682,0
37620,0
25646,0
9282,0
23042,0
32030,1
11856,0
9347,1
18427,0
19542,0
31625,0
23013,0
18815,0
10670,0
441,0
28496,1
24624,0
25799,0
43361,0
1767,0
20419,0
31350,0
15484,0
27395,0
44503,0
32025,1
46892,0
36196,0
10868,1
12925,0
34389,1
48043,0
32558,1
43715,1
44169,0
36097,0
3761,0
10970,1
47660,0
10121,1
38127,0
38393,0
27917,0
7908,0
24288,0
36886,0
13950,0
37724,0
20138,0
12522,0
34703,0
8830,0
18664,0
1801,0
45351,0
12309,1
42029,0
46993,0
2817,0
25596,0
4228,0
31224,0
45987,0
24987,0
700,0
3488,0
11441,0
16571,0
6238,0
20681,0
29470,1
8350,0
10077,0
21151,1
44051,0
3318,0
43354,1
19149,0
24841,0
39920,0
23243,1
35688,0
15180,0
46327,0
7822,0
12927,0
7037,0
36362,0
30259,1
27376,0
34660,0
13235,0
17145,0
36738,0
20334,1
13567,0
36303,0
7291,0
32438,0
34421,1
16173,0
6616,0
14895,0
3197,0
16835,1
10308,0
43556,0
36595,0
40891,1
40490,1
91,0
15059,0
19107,0
30181,0
21249,0
3750,0
43006,1
12976,0
34730,0
4754,0
4392,0
14664,0
46197,0
48082,0
38568,0
21137,0
46675,0
45733,0
10306,0
5916,0
252,1
19277,0
37598,0
44131,0
8798,0
6080,0
25753,0
44882,1
28786,0
126,1
31049,0
26242,0
15115,0
3312,0
48646,1
922,0
37714,1
9380,0
16052,1
15177,0
16551,1
36357,1
43598,1
38323,0
9769,0
7709,0
9566,1
29069,0
16536,1
1658,0
23387,0
39663,1
42487,1
31541,0
28122,1
35416,0
13599,0
24809,0
1664,0
42278,1
3424,0
5333,0
6233,0
10066,0
46995,0
614,0
20637,0
34005,0
8994,0
25045,0
8224,0
28115,0
18012,0
23552,1
17123,1
12038,0
15273,0
39470,0
38824,1
12230,0
47223,0
40856,0
10333,0
34817,1
24981,0
37296,1
14386,0
2914,1
27593,0
45484,0
1355,0
3947,0
23777,0
395,0
11651,0
5910,0
36986,0
19764,0
16830,0
36935,0
9369,0
181,1
29951,0
23662,0
13089,1
23290,0
44676,0
30956,0
9237,0
28036,0
25877,0
41138,0
13808,0
42774,1
22019,0
36496,0
48183,0
31343,0
18340,0
39160,0
34586,0
6686,1
15529,0
41036,0
3125,0
1361,0
31674,0
17336,0
41062,0
11210,0
22556,0
15525,0
34504,0
6053,0
48617,0
23864,0
17680,1
44042,0
42858,0
26057,0
25563,0
48834,0
47520,0
17986,0
35289,0
42394,0
17357,0
28851,0
20480,0
45960,0
26229,0
44955,0
40778,1
26731,0
23449,0
32081,0
42406,0
31542,1
31309,0
36218,0
15809,0
42003,1
33731,0
3211,0
28586,0
9437,0
23265,0
20030,1
14536,0
39014,1
30848,0
5504,0
34124,0
18635,0
7046,1
47450,0
40976,1
31877,0
20684,0
2286,1
42523,1
13174,0
17808,0
7421,1
9409,0
18736,0
11121,0
2342,0
27620,0
44116,0
24336,1
8964,1
15982,0
1242,0
7686,1
47485,1
35106,1
23434,0
20903,1
31243,1
32185,1
36855,0
28857,0
15798,0
32959,0
32947,0
30561,0
38527,1
46986,0
8865,0
17067,0
13392,0
16648,0
47625,0
29176,1
10105,0
19795,0
28865,1
37276,0
29622,0
34221,0
42013,1
45489,0
44484,0
7257,1
29423,0
13271,0
31970,1
13554,1
27319,0
38993,0
7597,0
16363,0
16012,0
23409,0
22036,1
8969,0
35036,0
15350,1
7081,0
30202,1
24111,1
26670,1
33033,1
7894,0
9868,0
15582,0
7430,1
2519,0
20847,1
18927,0
45105,1
15130,0
29486,0
46895,0
14251,0
10512,1
48506,0
44025,0
5666,0
38185,0
5937,0
34480,0
34835,0
48788,0
12464,0
19086,0
28610,0
16359,0
6007,0
25575,0
12861,0
37552,1
5427,1
32584,1
22195,0
12051,0
30564,0
36318,0
38067,0
13883,1
1963,0
5464,0
16444,0
36559,1
22704,0
46217,0
15956,1
5762,0
35283,1
15605,0
46149,0
8775,0
41431,1
10742,1
33664,0
24920,0
28551,0
3023,0
30828,0
40210,0
37521,1
46134,0
15121,1
31254,0
28812,1
24643,0
15307,1
34193,0
34500,1
124,0
27623,0
8476,0
12451,0
39318,0
46753,0
16697,0
5689,0
20813,0
36691,0
1699,1
42926,0
28563,0
23778,1
38823,0
15649,0
8452,1
34533,1
4557,1
1909,0
11719,0
40191,0
13284,1
16076,1
16724,1
26556,0
32265,0
8996,1
41243,0
6841,0
30252,0
39966,1
35240,0
25112,0
34553,0
38955,0
34814,0
29562,0
20398,0
10657,0
30694,0
41444,1
10339,0
35014,1
33495,0
19239,0
38513,0
25511,0
43790,0
21669,1
6302,0
8244,1
28800,1
12771,0
48493,0
9018,0
30677,1
43548,0
47187,0
46481,0
27297,0
33974,0
4253,0
38554,0
42507,0
39260,0
31200,1
16152,0
30930,0
40725,0
16933,1
8695,0
24106,0
14524,0
4550,0
15345,0
35286,1
6313,0
7885,0
43805,0
48212,0
18964,1
31110,0
13538,1
44242,0
27799,0
31263,0
17809,1
7445,0
32943,1
27148,0
26371,0
37929,0
40462,0
14328,0
43845,0
3800,0
47877,1
40239,1
29013,1
23319,0
37155,0
28672,0
15155,0
643,1
9893,1
47331,1
23369,0
44238,0
30372,0
39001,1
30559,0
24105,1
31569,0
31310,0
15618,0
28040,0
13754,0
41117,0
31338,0
14820,0
28642,0
43427,0
8093,0
5042,1
92,1
13441,1
33644,0
17684,0
41895,0
22282,0
2893,0
15886,0
22438,0
48561,0
41074,0
29184,1
40002,1
19505,1
6866,0
14617,0
18032,0
7681,1
8891,0
27572,0
8061,0
41717,1
40377,0
42705,0
13418,0
17095,0
41204,0
29323,1
15506,0
22337,0
43811,0
4995,0
6915,0
32972,0
17797,1
12087,0
26277,0
29162,0
11361,0
37298,0
12447,1
43734,0
37662,0
35112,0
2711,1
43260,0
23396,0
29564,1
25067,0
33996,1
16881,0
3497,0
9776,0
16215,1
39495,0
8625,0
25966,0
40626,0
45169,0
36471,0
17282,1
7217,1
9182,0
19548,1
7078,0
25740,0
19617,1
41358,0
45703,0
10909,0
25763,0
6307,0
40579,0
35451,0
28341,1
28094,0
3983,0
1054,0
504,0
37386,0
11973,0
5088,0
34804,0
18834,0
29820,0
40723,1
44174,0
35171,1
4685,0
15206,1
13518,0
3878,0
38949,1
19095,0
5893,0
36597,0
35120,0
19698,0
47973,0
16246,0
38590,1
42826,1
16128,0
36081,0
12749,0
5879,0
41746,1
20713,0
47572,0
16854,1
12817,1
48775,0
10715,1
10293,0
17485,0
8820,0
19747,1
12396,0
44472,0
29129,0
26666,1
17126,0
10741,0
10551,1
38762,0
7141,0
41532,0
19351,0
12293,0
17807,0
13038,0
25361,0
46513,0
37124,1
37264,0
36579,1
45932,0
15833,1
29533,1
29236,0
37649,0
930,0
9547,1
17735,1
4963,0
30805,0
38752,0
11547,0
32214,0
32983,1
48397,0
10890,0
18258,0
33558,1
9411,0
43941,0
35440,0
37286,1
35408,0
1980,1
14399,0
31709,0
35530,1
47600,0
21902,0
5576,0
28523,0
8450,0
42541,0
44681,0
12886,0
29972,1
40914,0
32237,1
28446,1
28005,0
30159,0
32996,0
26909,0
31566,0
9626,1
45712,1
2501,0
36031,0
40812,0
7929,0
26113,0
25050,0
9279,1
12176,0
43844,0
14706,0
26855,0
22746,1
3274,0
30043,1
41286,0
33133,0
11770,0
27072,0
14349,0
27074,1
9236,0
30690,0
44377,0
12240,0
1657,0
44983,1
39693,0
15153,0
25885,0
16248,0
10573,1
14911,0
17493,0
17418,1
3305,0
45013,1
27045,0
33555,0
18954,0
15009,1
16227,0
33389,0
36617,0
30368,0
34831,0
37729,1
24662,0
48178,0
13929,0
10911,0
34593,0
6838,0
16104,0
19408,0
780,0
33592,0
1324,0
1302,0
13595,1
4478,1
23275,1
5482,0
10567,1
40609,0
9005,0
40354,0
20693,0
40383,0
24914,1
31943,0
27543,0
3809,0
14010,0
43998,0
29187,1
44373,0
8892,0
38290,0
37758,0
6025,0
39649,1
42693,0
28611,0
18313,0
16208,0
1063,0
2057,0
36500,0
14627,0
20356,1
46710,1
4218,0
23955,1
18398,0
44275,1
16677,0
17295,0
25754,0
24879,0
38858,0
2578,0
36808,1
12241,0
15297,1
47059,1
46095,0
4725,0
39421,0
29699,0
531,0
18044,0
12197,0
32850,1
18907,1
7118,0
18974,0
8657,0
39984,0
35996,0
13795,1
36387,1
10734,0
48167,0
10244,1
24191,0
28075,0
16642,1
483,1
16206,0
6977,0
2265,0
6026,0
35119,0
43892,0
27582,1
2312,0
5110,0
29284,0
11395,1
38773,0
46930,1
20697,0
9819,0
42880,0
24539,1
40526,0
39210,0
44431,0
948,0
32089,0
9345,0
43255,1
32052,0
4164,0
30109,0
27587,0
38017,0
43535,1
10967,0
43210,1
3920,0
19623,0
121,0
9488,1
3864,0
9823,0
46336,0
3393,1
4305,0
41857,1
35176,1
3330,0
18956,0
2328,1
15499,1
4779,0
8782,1
41417,0
31626,1
33015,0
4503,0
21369,1
16210,0
43696,0
33091,1
692,1
16966,0
12168,0
45207,1
14560,0
35821,0
2560,0
12598,0
9628,0
23927,0
39881,1
36708,0
193,0
40360,0
27168,1
35226,0
38897,0
26415,0
41245,0
23165,0
35830,1
46555,0
31646,1
15843,1
19046,0
12503,0
28569,1
39939,0
23965,0
35464,0
2148,1
5535,1
27205,0
449,0
5516,0
16233,0
24648,1
2902,0
45956,0
1897,0
14066,1
19329,0
26090,0
1278,0
30484,0
22336,0
9888,0
29804,1
35563,1
20882,0
27417,0
45890,1
7524,0
15157,0
11796,1
33472,0
46098,0
21012,0
11460,0
44665,0
22464,0
42416,0
25109,0
31455,0
4815,1
5901,0
7845,0
1769,1
19827,0
31068,1
6246,1
38518,0
14058,1
39374,0
5826,0
24083,0
27619,0
43555,0
40311,0
40418,0
13091,0
16780,0
32219,0
37017,1
34713,0
38629,0
7513,0
36068,0
6629,0
30872,0
29794,0
27960,0
28876,1
39483,0
12640,1
12084,0
17517,0
48794,1
45196,0
42778,0
10517,0
9980,0
24610,0
1412,1
24366,0
17179,1
17200,0
38560,1
28269,0
38457,0
34158,0
9675,0
38803,0
11185,0
26188,0
16740,0
34362,0
416,0
6085,0
39409,0
3350,1
47817,0
18287,0
48364,0
32041,1
29507,0
22632,0
29131,0
21226,0
30792,1
38079,0
9923,0
24245,0
28827,1
21883,1
46980,0
33886,0
25018,1
19889,0
35979,0
21667,0
8759,1
21112,0
8030,1
34681,0
14516,0
3233,0
32393,0
44919,0
29600,0
23273,1
16243,0
6285,0
11280,0
22961,0
43831,1
42794,0
44903,0
10407,0
30513,0
2437,1
26042,1
42243,0
34830,0
5177,0
16550,1
9271,0
9841,0
16507,0
30929,1
39044,0
263,0
41020,0
4274,0
99,0
36674,1
24988,0
8152,0
17209,0
1686,0
47454,0
44327,0
13515,0
8291,0
16676,0
29385,0
3329,0
32941,0
17144,0
36775,1
44731,0
38446,0
1327,0
32435,0
23554,0
3000,0
9886,0
22789,0
7893,0
9126,0
29991,1
33976,0
31467,1
44883,0
10267,1
47313,0
7073,1
47178,0
35986,0
36351,1
17960,0
19875,1
26637,1
35204,1
5798,1
26593,0
5023,0
43775,0
3415,0
29924,0
14544,0
38605,0
17951,1
44381,0
43733,0
5565,0
37845,1
8142,0
30064,0
40527,0
40165,0
25225,0
113,0
30953,0
40367,0
11152,1
3430,0
47112,1
8370,0
35756,0
9162,0
20881,1
44125,0
46069,0
40483,0
27612,0
23970,0
37459,0
48051,0
17098,1
4668,0
17843,1
39857,0
15586,0
37689,1
28093,0
47498,0
771,0
1480,0
41328,0
13776,0
46386,0
24232,0
23862,0
43320,1
16963,1
37263,0
24341,0
47189,0
12012,0
48478,0
30739,0
4515,0
47029,1
10991,0
26070,0
12210,0
3223,0
42775,0
33513,0
42808,0
44733,1
19102,0
44266,0
1662,0
5181,1
12433,0
5126,0
22684,0
30948,0
9128,0
26844,0
14170,0
35837,0
19666,0
8265,1
18795,1
41841,0
31663,1
14998,0
42931,1
3921,0
22992,0
46426,0
42936,0
15604,0
23657,1
28982,0
27496,1
43203,0
38325,0
11937,1
25971,1
34495,1
21435,0
13893,0
31220,0
8665,1
32448,1
23417,0
7040,0
24700,0
40141,0
25072,1
14937,0
19908,0
6476,0
23439,0
32679,0
20059,0
10400,0
42404,1
8651,1
40702,0
27512,0
7097,0
18411,0
23447,0
592,0
24205,0
13868,0
20779,0
46715,0
2995,0
43901,0
44761,0
498,0
16797,0
9622,0
25171,0
28765,0
38407,0
41319,0
37808,1
2530,1
1527,0
38047,0
38353,0
5886,1
11787,0
27344,0
43409,0
34126,1
37188,0
37092,1
23101,0
8831,0
3135,0
40171,1
48114,0
8497,0
15690,1
28195,0
27275,1
25340,1
29010,0
20049,0
23525,0
37584,0
4194,0
24121,1
26795,0
570,0
6128,1
34455,0
5928,0
24453,0
40751,1
19799,1
24793,0
11024,0
21,0
24427,0
15403,0
41733,0
28666,1
6755,0
16333,1
46289,0
3973,0
8841,0
20320,0
7195,0
5037,1
13662,0
14688,0
40641,0
14,1
43020,0
35490,0
29566,0
21406,0
40164,0
26245,0
19455,0
39442,0
41481,0
20748,0
32775,0
33727,1
12059,1
47310,0
39512,1
32517,0
823,0
20168,1
41688,0
19520,0
38654,0
37542,1
7103,1
18530,1
8572,1
47188,0
21211,0
16253,0
12455,0
46291,0
35002,0
34111,0
47173,0
6980,0
2301,0
17858,0
28991,0
18078,0
12494,1
32978,1
32379,0
16759,0
14260,0
6222,0
14218,0
20014,1
36881,1
47786,1
1524,0
38315,0
10091,0
32497,0
6390,0
18196,1
25964,1
20648,0
23698,0
26595,0
12391,1
44683,0
13944,0
2110,0
44869,0
9068,0
36777,0
32208,0
3638,0
42691,0
11079,1
26011,1
48292,0
1845,0
1917,0
18624,0
42498,1
37978,0
29917,0
6100,0
14977,1
20149,0
34850,0
21074,1
30224,0
36429,0
27085,0
38776,0
37709,0
40192,0
14472,0
22722,0
29825,0
45382,0
12205,0
44993,0
45113,1
1989,0
9274,1
13880,0
32449,1
10205,0
31886,0
33224,0
12634,0
6860,0
41780,0
29625,0
30320,0
15399,0
3302,0
15902,0
21008,1
48328,0
11170,0
40133,1
19349,0
39184,0
16262,0
7618,0
7209,0
44823,0
2483,1
38552,0
35345,0
45508,0
23070,0
9686,0
15767,0
23950,0
15473,0
27505,1
24498,0
25549,1
23503,1
1465,0
496,0
28295,0
15925,0
30370,0
8394,0
8094,1
31135,0
11677,0
48340,0
42593,0
23511,0
35075,0
10266,0
44695,0
1669,0
38668,0
602,0
9777,0
35859,0
3510,1
40095,0
38471,0
47043,0
40081,0
4277,1
28757,0
29614,0
37420,0
7061,1
36930,1
558,0
31417,0
48496,0
48739,1
18813,0
7452,0
18869,1
40683,0
41742,0
13664,0
41502,0
37985,0
35538,0
29641,0
20146,1
18618,0
37529,0
13266,0
7922,0
20885,0
35492,0
43280,0
375,1
16988,0
17983,0
3671,0
12164,0
47969,1
39943,0
268,0
10240,0
32602,0
28529,1
43515,0
34729,1
2753,1
45510,0
1612,0
41587,1
45778,0
23083,0
40616,0
39199,0
42554,0
15863,0
34337,0
35771,0
42299,0
17918,0
2218,1
22172,0
3134,1
39812,0
7841,0
29170,1
15974,0
35586,0
21058,0
3933,1
10106,0
31799,0
13500,1
33813,0
7725,1
47770,1
33771,0
26924,0
34366,1
24197,0
11344,0
21217,0
20538,1
38464,0
28955,0
19427,0
3348,0
46940,0
33751,0
45905,0
2880,1
10132,0
9259,0
28127,0
45310,0
30464,0
38254,0
2492,0
28407,0
41304,1
31998,0
31610,0
48031,1
37686,0
29292,0
29521,0
29949,0
20128,1
667,0
37166,0
27743,0
47573,0
21231,1
22954,0
27996,0
45141,0
23187,1
17769,0
6375,0
32360,1
39647,1
4161,1
18132,0
28464,0
30274,0
1562,0
17430,1
48488,0
5604,0
43101,0
32014,0
32976,0
19855,1
7883,0
32542,1
12490,0
10881,0
15215,0
46301,0
6181,0
39695,0
23078,1
32451,1
35631,0
13310,1
30547,1
36185,1
17290,0
7133,0
17487,0
46833,0
31407,0
18000,0
34295,1
2420,0
10382,0
26968,0
11816,0
36299,0
5018,0
35086,0
19802,0
43725,0
32858,0
35781,0
12765,0
48282,1
2904,0
42257,0
34015,0
45882,0
41445,0
20167,1
30176,1
44297,0
26590,1
1345,1
14484,0
33777,0
28635,1
43754,0
20172,0
32209,0
25068,0
13431,1
13199,1
7630,0
19358,1
14277,0
4520,0
28612,0
12690,0
18496,1
42500,0
28759,0
16089,0
35049,0
15877,0
13476,0
1847,0
25643,0
16572,0
10246,0
4803,0
10790,0
39100,0
17025,0
33248,0
546,0
17360,1
24230,0
46206,0
25705,0
28119,0
30836,0
13070,1
34224,0
10027,1
41171,0
43328,1
31458,0
29627,1
20960,0
32051,0
3359,1
27408,0
34539,1
23397,0
8863,0
29175,0
46106,0
19306,0
13980,1
2805,0
43103,1
21096,0
28134,1
8987,0
35714,0
30637,1
18769,0
5462,0
32878,1
47275,0
36792,0
32874,1
20988,0
14928,0
12040,0
4722,0
4657,0
16873,1
23997,1
13536,0
2919,0
3452,0
46810,0
45836,1
31217,0
25634,0
2009,1
31864,0
34774,1
47638,1
26341,1
19808,0
5856,0
22050,0
40561,0
22932,0
14258,0
28843,0
43575,1
33276,0
45841,1
18941,1
8078,0
44643,1
7875,0
7418,0
26717,0
24910,0
8125,0
645,0
39999,0
23580,1
32385,0
35620,0
13501,0
43367,0
30348,0
21813,1
23643,1
42230,0
32548,0
33632,1
5836,0
28277,0
19275,0
10445,0
26504,0
32230,0
38900,0
21939,1
40781,0
30962,0
2896,0
8197,0
34731,1
22492,0
23403,0
21282,0
17947,1
14876,0
42137,0
35096,0
28136,0
900,1
31829,0
18560,0
43951,1
31255,0
735,0
5021,0
21606,0
23924,1
30701,1
571,0
9020,1
33305,1
9147,0
303,0
40608,1
17491,1
6540,1
42254,1
33486,0
16744,0
45675,0
21542,0
4967,0
35528,1
38314,0
9541,0
33370,0
45642,0
32099,0
3200,0
17358,0
25159,0
22770,0
30238,0
36119,0
34417,0
6125,0
24779,0
37269,0
46729,0
32505,0
20177,0
32651,0
46776,0
40631,0
13679,0
31470,0
43665,0
44201,0
33583,0
14403,0
38983,0
8102,0
44479,0
19903,0
42201,0
41791,0
31036,0
12370,0
14715,0
41582,0
25283,0
26108,1
35389,0
196,0
2475,0
34618,1
11767,0
2531,0
25246,0
5320,0
6620,0
23193,0
30527,0
23928,0
8347,0
15193,0
33511,0
48731,0
45760,0
41858,0
19915,0
5070,0
7951,0
13170,0
36741,0
43162,0
43376,0
5953,1
24851,0
33971,0
40020,0
15858,0
12712,0
34821,1
18517,1
40281,0
48033,1
45530,1
3253,1
44350,1
37467,0
39147,0
48276,0
44341,0
42871,0
16615,0
85,0
22098,1
40973,0
12987,0
8052,0
38863,0
25425,0
43215,1
4993,0
45189,1
3366,1
9106,1
46477,0
23272,1
36998,0
6444,0
33124,0
25157,0
34715,0
3290,1
20015,0
23914,0
32695,0
7411,0
13616,0
3998,1
1517,0
29599,0
34494,0
15036,1
46659,0
32968,0
27385,0
27365,0
5695,0
26571,1
31612,1
47281,1
33357,1
12080,1
19723,1
19219,0
46841,1
15221,0
7574,0
40925,0
6803,0
29409,1
27094,1
15184,1
6711,0
4327,0
17315,0
43567,0
25188,0
28166,0
35990,1
40625,0
24194,0
46029,0
24101,0
39586,1
42861,0
320,0
2908,0
47034,1
47270,0
22089,0
2062,0
24150,0
9287,0
46251,0
33262,0
7182,0
23105,0
723,0
20766,0
3757,0
33992,0
22643,0
20211,0
4192,1
24518,1
13080,0
32650,0
15584,1
29185,1
37779,0
23776,0
32727,0
30225,1
19339,0
46959,0
9332,0
25798,0
40334,0
32288,0
31925,1
37035,0
14945,0
21343,1
12809,0
11326,0
37679,1
2785,0
8198,0
31080,0
15825,1
35944,0
43561,0
39808,1
19927,0
11297,1
4115,1
19887,0
40979,0
17322,0
12404,0
20001,0
34654,1
1445,0
36055,0
40468,0
25627,0
43757,0
27433,1
9152,0
8356,0
44232,1
13578,0
40258,1
9914,0
9007,0
22692,0
23614,0
751,0
11073,0
38191,0
19540,0
24451,0
32403,0
36528,0
40225,0
21294,1
14501,0
270,0
42582,0
15129,0
7425,0
3975,0
5649,0
8432,0
42959,0
16068,1
31514,0
20394,0
48556,0
30088,0
1530,0
16602,0
14450,1
23242,0
44285,0
13563,0
9770,0
38733,1
31032,0
36172,1
2160,0
38971,0
30510,1
45993,0
615,0
9015,0
46697,0
42079,0
31023,0
45488,0
25778,0
13354,1
11905,0
8063,1
38433,1
12740,0
30511,0
4452,0
48295,0
32480,0
5768,0
16014,0
42903,0
197,1
10062,0
28834,0
35703,0
4719,1
37311,0
17952,0
16608,1
15799,0
46504,0
26260,0
41980,1
38368,1
29741,1
44991,0
17554,0
32540,1
32991,0
29727,0
22964,0
26584,0
31961,0
5588,0
22150,0
37483,0
9277,0
1752,0
30865,1
10216,0
44900,0
43869,0
38784,1
28772,0
5420,1
11736,0
6063,0
14984,0
396,1
1503,0
37468,0
41698,0
22480,1
8658,0
12422,0
22224,1
48803,0
35018,0
42140,1
6758,0
18889,0
12799,0
32765,1
48343,0
22326,1
12992,0
15759,0
4920,0
16818,0
36392,0
30074,0
45628,0
27095,1
12823,0
7821,1
535,0
6675,1
33785,0
19420,0
27273,0
44471,0
19706,0
23613,0
35426,0
44703,0
1792,0
30330,0
10092,0
16757,0
30751,1
13203,0
47503,0
9473,1
23133,0
24421,0
47348,1
38119,0
10508,0
39559,1
39898,0
17848,0
16561,0
25089,0
39059,0
40437,1
43836,0
32866,1
14407,1
34282,1
37240,0
16464,1
6354,0
13311,0
40297,0
16827,0
39384,1
3296,0
46231,0
25343,1
7979,0
15502,0
10817,0
14357,0
43052,0
24732,0
8913,1
40967,0
23520,0
24041,0
7039,1
23156,0
39410,0
10891,0
45040,1
3381,1
47449,0
28916,0
23327,0
41934,0
1564,0
34826,0
35583,0
25970,0
14898,0
7246,0
37258,0
47875,0
7647,0
14443,0
42023,1
23109,0
12266,0
166,1
36467,0
17041,0
42216,0
4987,0
26409,0
21899,0
46671,0
26051,0
48522,0
16250,1
19267,1
16915,0
12002,0
42604,1
31945,1
38198,0
3541,0
43580,0
9035,0
30851,1
46261,0
28938,0
41025,1
34176,0
29691,1
9121,0
43538,1
19157,0
45688,1
11845,1
38558,0
31018,1
28038,0
42966,0
19952,0
13097,1
34599,0
29234,0
47128,0
16349,1
16690,0
37857,0
35884,0
23685,1
12118,0
35165,0
15160,0
42418,0
4698,1
29568,1
24869,0
15472,0
25530,0
8351,0
13408,1
1460,1
34093,1
24795,0
32776,0
29337,1
47482,0
43108,0
955,0
26114,0
10155,1
25348,0
19973,1
46918,0
13086,0
20865,1
38377,0
37768,1
31708,0
21185,0
8369,1
46178,0
41106,0
14333,0
40931,0
6361,1
11264,0
16991,0
15646,0
10179,0
9273,0
46113,1
16627,0
40403,1
33215,0
538,1
29904,0
9164,0
7146,1
39141,0
33177,0
9354,0
45706,0
11760,0
31866,0
12888,0
4821,0
38754,0
29055,0
14503,1
24774,0
5,0
11123,0
42678,0
32065,0
32430,0
13551,0
4047,0
39948,0
40247,0
22148,1
29034,0
43747,0
45665,1
28708,0
2481,0
13546,0
1737,0
39174,0
6465,1
6265,1
34784,0
34636,0
11399,0
33849,0
36002,0
20770,0
37206,0
28717,0
37121,0
42431,1
19769,0
48349,0
15527,1
29800,0
38703,0
22673,1
8922,0
13497,0
33929,1
26520,0
30347,0
29031,0
27241,1
36705,0
45474,0
38234,0
6672,0
2955,1
8076,0
25378,0
1872,0
24499,0
47614,1
35885,0
13509,0
20547,1
36774,1
43408,0
6725,0
25980,0
31276,0
31902,1
31198,0
599,0
20845,0
40128,0
22921,0
29011,1
45795,0
39268,1
42275,0
27710,0
3281,0
26944,0
27821,0
29115,0
13712,0
14181,1
40287,0
10865,0
17198,1
31397,0
5434,0
30541,0
26321,0
13512,0
23530,1
3499,0
30535,0
7916,0
30169,0
48407,0
23818,0
1787,0
25465,1
7005,0
36685,0
12760,0
45275,0
19354,0
40499,0
29287,0
25948,0
11352,0
21331,0
14210,1
14250,0
6251,0
24189,0
44143,1
44773,0
29734,0
3835,0
1903,0
31186,0
31244,0
36737,1
13439,0
5602,0
24562,0
33927,1
3068,0
7599,0
16308,1
3394,0
20174,0
22622,0
33584,0
13184,1
48655,0
38331,1
32293,1
40347,0
7555,0
40716,1
13999,0
46889,0
46927,0
8780,1
21665,0
21695,1
43313,1
32390,1
9829,0
37193,0
24486,1
10409,0
27941,1
41576,0
31265,0
26359,0
44637,0
18681,0
24913,1
23921,0
34168,0
40190,0
20078,0
4142,0
22968,0
32930,1
30776,0
24248,0
22671,0
30326,1
5301,0
26869,0
37492,0
20685,1
6897,0
40057,0
41267,0
22527,0
4177,0
13134,0
39585,1
46154,1
34457,0
19778,1
4148,0
12822,0
8173,1
11587,0
18085,0
8015,0
18894,0
39606,0
33503,0
39018,1
14913,0
29673,0
6296,0
27634,0
21386,0
37599,0
27099,0
32628,0
45818,0
10253,1
36896,0
3291,1
17234,0
22675,0
29583,0
47076,0
20083,0
14487,0
17354,1
45920,0
37293,0
26875,1
10234,1
46031,0
20263,0
40034,0
27907,0
46916,0
5641,0
27101,0
35967,0
43130,0
47832,0
20235,0
45443,0
8855,1
5697,0
17425,0
28014,0
21758,0
29054,0
4561,0
10905,0
18214,1
13298,0
19547,0
32483,0
7797,0
1569,0
26024,0
22185,0
36526,0
43091,1
3747,0
11676,0
1051,1
2278,1
19350,0
24844,0
24827,0
13321,0
40916,0
42114,0
16521,1
16922,0
28995,1
27332,0
17081,0
33836,0
7089,0
19535,1
30681,1
14488,0
18161,0
12676,1
2107,0
17094,0
31488,0
41889,0
34038,1
39903,0
14807,0
5081,1
46196,0
40040,0
379,0
46394,0
7850,0
42671,0
43743,0
33040,1
40053,0
23452,0
32698,0
11707,0
9103,0
8081,0
35458,0
26469,1
12636,1
28133,1
22652,0
13651,0
19414,1
25477,0
22034,0
15289,0
5991,0
13613,0
13151,1
16783,0
36093,0
959,0
23002,0
23727,0
39358,0
28261,0
10420,0
30556,0
32348,0
5193,1
2776,1
25043,0
24219,0
28335,0
44269,1
40827,0
7661,0
14773,0
15394,1
37737,1
47300,0
1759,1
25858,0
2401,1
5512,0
12924,1
15927,0
13745,1
4410,1
46484,1
45450,1
21741,0
45201,0
8154,0
12290,0
38800,1
29172,0
47722,0
27617,0
33666,0
11891,1
45869,0
6926,1
9361,0
34094,1
40686,0
46220,0
27696,0
27635,0
34291,0
34547,0
32321,1
2411,0
44554,0
10558,1
34984,0
46931,0
15069,0
3027,1
34598,0
17027,1
37906,0
33054,0
9621,0
30523,0
31025,0
46319,0
30321,0
43842,0
29789,0
39793,0
6137,0
3218,0
1884,1
19760,0
30331,0
30140,0
27300,0
15263,0
43534,0
48237,0
20079,0
46577,0
37344,1
492,0
19158,0
21633,0
37989,0
40986,0
14679,0
5532,0
7449,1
40822,1
46443,0
16176,0
38621,0
3428,1
46914,0
15467,0
12933,0
7090,1
3181,0
25628,1
20899,1
38253,0
3506,0
14707,0
30206,0
24570,0
42044,0
24666,0
21851,1
45209,1
1438,0
26385,1
13270,0
7336,0
21086,1
25502,0
10708,1
27708,0
27008,1
14317,1
28074,0
29918,0
40358,0
781,1
4739,1
35143,0
48530,1
3886,0
18501,0
26681,0
35325,0
10716,0
4651,1
21214,0
27618,0
37284,0
34197,0
48264,0
39195,0
25005,0
3313,1
36270,0
46380,1
31739,0
2123,0
985,0
4033,0
18096,0
43721,1
30285,1
27053,0
38656,1
43889,0
43019,0
15470,0
47679,1
2395,0
3991,0
2154,0
39465,0
15953,0
36745,0
573,0
35046,0
41768,0
37875,0
22177,0
1820,0
42579,0
3063,0
32740,0
26564,0
13828,0
13283,0
27772,0
41829,1
34235,0
47730,1
41465,0
39724,0
47977,1
2060,0
34827,0
22361,0
41796,0
5297,0
38074,0
4688,0
38942,0
35556,0
31008,0
17681,0
47787,0
46657,0
578,1
47641,0
3109,1
14154,1
44390,0
32643,0
8108,0
37673,1
3471,0
23277,0
5533,0
8418,0
28191,0
28684,0
8618,0
793,0
20998,1
27770,0
17093,0
160,0
24033,0
12032,0
42568,0
46252,1
46405,0
27143,1
11296,0
44563,0
14182,0
40756,0
26774,1
9758,1
44330,0
44721,0
22578,0
26053,0
10675,1
26753,0
10933,0
46904,0
13643,0
18213,0
43793,0
29224,0
33441,1
26346,1
12921,0
21580,0
12728,1
3672,0
16857,0
45392,0
22838,0
38520,0
22821,0
8570,0
40451,1
6766,0
37478,0
45044,0
10249,0
41553,0
35529,0
43102,0
43526,1
800,0
39218,1
6818,0
28709,0
24044,0
18859,1
44846,0
36704,1
40989,0
41333,0
40007,1
31482,0
6275,0
35290,0
5726,0
30141,0
27156,0
4114,0
39188,0
2129,1
27601,0
24550,0
42999,0
32235,1
43463,1
1871,0
4431,0
32989,0
39629,0
17215,1
23000,0
4767,0
15393,0
3344,1
34128,0
33008,0
29962,0
48465,0
21204,1
42535,0
17828,0
33854,1
24807,0
15279,0
47865,0
44217,0
31833,0
34307,0
20094,0
15267,1
21689,1
46382,0
28683,0
13450,0
40217,0
10916,1
28793,0
20942,1
34275,0
17763,1
13721,1
20872,0
14112,0
12900,0
28836,1
46393,0
48755,1
22670,0
11503,0
8361,0
32581,0
27384,1
33969,0
32258,0
24057,0
10602,0
17795,1
28309,0
24525,0
10327,1
45137,0
43329,0
18840,0
6640,1
12826,0
1765,1
37198,0
46360,1
7624,1
21327,0
34771,0
29557,0
3710,0
8273,0
39967,1
35783,1
25153,1
22466,0
23696,0
28890,0
27963,0
43214,0
35856,0
46825,0
20137,0
41215,0
28465,0
36032,0
8378,0
38943,0
19423,0
21744,0
30551,0
37931,0
34572,0
10651,0
10225,0
3564,1
36832,0
10045,0
46074,0
13851,1
30608,0
34555,1
2142,1
1307,0
4506,0
29839,1
1045,1
48497,1
17107,0
9040,0
5209,0
803,0
46102,0
5949,1
28959,0
21239,0
3696,0
45095,1
32631,0
42151,0
18783,0
40647,1
13708,1
20089,0
37608,0
1518,0
3802,0
5860,0
34523,0
15348,0
5247,1
9927,1
34959,1
18115,0
4949,0
29379,0
13803,0
23806,0
30003,1
31651,1
26814,1
21881,1
6340,0
28476,0
41090,0
47283,0
32002,0
39200,1
42157,0
35130,0
1323,1
9508,0
15000,1
38535,1
25288,0
19670,1
30982,1
47096,1
16758,0
42742,1
27721,0
7330,0
33484,0
2962,0
14496,0
42497,0
37926,0
5651,0
14096,0
48715,0
11994,0
38158,0
24173,0
15256,0
19904,0
37832,1
48301,0
44115,0
47430,1
24586,0
31781,0
32722,0
4480,1
38414,0
2283,0
19662,1
31081,0
48700,1
44623,1
41987,0
34683,0
23468,0
13210,0
37259,1
2467,0
14378,0
26177,0
26055,1
36483,0
42874,1
23865,0
11094,0
20947,0
25928,0
11267,0
3222,0
32784,0
33104,1
20125,0
16971,0
2064,0
7436,0
29510,1
2772,0
41565,0
19948,0
344,1
3265,0
26749,0
26169,0
33762,0
41510,0
28883,1
5231,1
18084,1
26478,0
39023,0
43,0
12449,0
39348,0
4745,0
15705,1
3857,0
10711,0
25650,0
33025,0
15797,0
48430,0
22141,0
39529,0
47712,1
29597,0
46551,0
9206,1
26870,1
11251,0
3899,0
40498,0
6724,0
11551,1
18819,1
45228,0
24074,0
11084,0
6269,0
18420,1
23347,0
12234,1
20130,0
30142,0
19060,0
1512,0
7480,0
27086,0
9034,0
34610,0
32161,1
26425,1
10292,0
42640,0
19528,1
11918,0
3712,1
3335,1
42559,0
572,0
15832,0
34508,0
17774,1
44545,1
34719,0
10113,0
14332,0
44533,0
15621,0
17241,0
20354,0
1635,0
24122,0
16493,0
38747,0
10043,0
11147,1
8092,0
41159,0
18866,0
30747,0
6733,0
12592,0
23438,0
19507,0
10623,0
32332,0
7233,0
14360,0
13087,0
28920,0
26530,0
47681,0
30706,0
39924,0
34587,0
33791,1
17839,0
32284,0
26825,0
33821,1
16301,1
43422,0
30976,1
30027,0
8779,0
34422,1
40607,0
17445,1
14174,1
27848,0
6498,0
41956,0
27451,1
34886,0
40543,0
22126,0
37796,0
1859,0
42840,1
22930,1
42916,0
32909,0
8454,0
34276,0
23869,0
44004,0
19665,1
41229,0
34942,0
18203,1
12408,0
7443,0
17524,1
48837,0
8544,0
37394,0
3457,0
38978,1
37586,0
43491,1
8519,1
10011,0
39076,0
24536,1
26600,1
32088,0
29543,1
4136,0
10479,0
26376,0
10566,0
15230,0
38545,0
32609,0
25293,0
48589,1
27398,0
14507,0
40328,0
25750,1
38838,0
47041,0
45458,0
36235,0
18116,0
21412,0
24355,1
18385,0
47805,1
29540,0
27660,0
24589,0
19971,0
38644,0
36538,1
19974,0
27282,0
3687,1
41691,0
48489,0
44668,0
9161,0
12804,0
36522,1
12373,0
17704,0
27409,1
26531,0
18976,1
32478,0
39422,0
5544,1
25286,1
4799,0
31238,0
25407,1
30710,0
31771,0
40110,1
29124,0
6683,0
14703,1
23194,0
43156,0
36540,0
11625,0
11109,0
30131,0
17451,0
16399,0
28631,0
8380,0
40060,0
13891,0
11232,0
12334,0
37910,0
18983,0
28894,0
18646,0
27329,0
44287,0
8469,0
25999,1
43992,0
23523,0
659,0
14805,1
7406,0
2764,0
19677,0
13731,0
6439,0
30734,0
22531,1
18653,0
4455,0
26151,0
48818,0
41035,0
38263,0
13025,0
39040,0
40837,1
43985,0
11846,0
4041,0
42812,0
3746,0
19460,0
36423,1
14705,0
40863,0
19546,1
9051,0
21824,1
22911,0
46402,0
41003,1
44344,1
5188,0
1713,1
23300,0
14161,0
9784,0
30350,0
3885,0
37333,0
39370,1
7748,0
35022,0
13240,0
24112,1
37458,1
4061,1
24313,0
10783,0
37285,0
28395,1
33226,1
33554,0
6851,0
24817,0
7915,1
13381,1
18098,0
22582,0
16975,0
18247,0
5208,0
43993,0
27900,1
17992,0
45565,0
39130,0
16771,0
860,0
22980,0
25341,1
45133,0
47060,0
7446,0
18289,0
21750,0
40346,1
23395,0
27458,1
19144,0
4203,0
37604,0
47444,0
11935,1
37473,0
26631,0
5600,0
18225,0
13817,1
31725,0
39644,0
36589,0
32102,0
27479,0
44425,0
7194,0
11812,1
41231,0
19840,1
14976,0
42348,0
32352,0
11240,0
42896,0
35128,1
34873,0
12802,0
29508,0
33251,1
9580,0
28283,0
38878,0
42078,0
17694,1
319,1
44706,0
15521,0
35928,0
25236,1
37971,0
17503,0
26741,0
22405,1
2372,1
17153,1
39885,0
46321,0
44629,1
9934,0
20823,0
2124,0
9163,0
12405,0
19678,0
34766,0
1827,0
44513,0
36506,0
24059,0
26748,0
18606,1
37773,0
15302,1
45088,0
178,1
28346,0
45774,0
7320,1
29895,0
24187,1
47557,0
14736,1
16512,0
44413,0
44248,1
25279,0
17857,0
8626,0
16292,1
26668,0
20925,0
2625,1
2067,0
27218,1
40402,0
15320,1
39658,1
42876,0
40997,0
8520,1
35825,0
27898,1
8613,0
44399,0
10206,0
30606,0
20678,0
28835,0
19344,0
44619,0
43488,0
46500,0
26763,1
42736,0
28489,1
17791,0
15210,0
4820,0
568,0
21802,1
16872,0
34062,0
41871,0
44952,1
15919,0
2455,0
28410,0
4311,0
9728,0
44825,0
41547,0
13730,1
39720,1
32296,0
26034,1
6126,0
3942,1
45360,0
29572,0
42265,0
27495,0
26289,0
21090,0
43293,0
1268,1
48353,0
2299,0
3167,0
38608,0
46354,0
42372,0
21774,0
43357,0
29493,1
22944,0
25191,1
3122,0
46596,1
37993,0
15169,0
5776,0
18133,0
29448,0
42703,0
31406,1
12657,0
42815,1
15073,1
23500,0
3493,0
4173,1
40031,0
45289,1
18233,0
44111,0
46557,0
5398,0
6328,1
27814,0
3977,0
7650,1
40072,0
38491,1
7898,0
19381,0
2649,0
23521,0
42849,0
37356,0
1886,0
33280,0
19503,0
38945,0
6321,0
47290,0
16840,0
39820,0
34105,0
1761,0
34765,0
48191,0
42058,1
13807,0
18390,1
33368,0
16093,0
917,1
47654,0
1933,1
36530,0
32525,0
33010,1
25270,1
5589,1
48391,0
17148,0
21514,0
7123,1
41268,0
12594,0
20731,0
9702,0
12898,0
36444,1
27403,0
31644,0
11629,1
35441,0
46313,0
28336,0
23618,1
27152,0
15654,0
28669,0
45551,0
29913,0
25632,0
28711,0
25921,0
35498,0
12170,0
37897,0
20173,1
47047,1
19858,1
17911,0
44697,0
12664,0
30039,0
40510,1
1076,0
44891,1
42730,0
37312,0
25104,0
15733,0
19197,0
31690,1
20438,0
16635,1
7045,0
3898,0
32551,0
29515,0
17605,1
48526,1
4040,1
31372,0
9390,0
25548,0
10556,1
31371,0
32640,0
11019,0
41414,0
38124,0
13491,0
38487,0
20272,0
14192,0
9656,0
45218,1
48288,0
8302,0
30104,0
46614,0
46869,0
20131,1
10050,0
36016,0
11103,0
41037,0
29362,0
35053,0
25664,0
24724,0
44605,0
32901,0
6567,0
43549,0
7814,0
20273,1
19817,1
28293,1
6849,0
7573,0
31124,0
40831,0
45725,0
19613,0
18458,0
21780,0
46314,0
44809,1
13044,0
46040,1
10462,0
35427,0
18797,0
23255,0
29805,0
31906,0
12028,1
34125,0
35144,0
28714,1
18368,0
13033,1
13888,0
8004,0
25920,1
9724,0
37338,0
31603,0
41438,0
20224,0
28763,0
28957,0
24390,0
19108,0
18744,0
43634,0
45498,0
11043,0
24756,0
21233,1
26841,0
23478,0
1239,0
33181,0
48799,1
39168,0
48625,0
9552,0
22238,0
47556,0
20548,1
8396,0
10832,1
9596,0
10871,0
5509,0
16770,1
45305,0
16745,0
46348,1
39010,0
44748,0
36760,0
12121,0
41797,0
40996,0
8128,0
2565,1
14355,0
46803,1
10576,0
38659,0
27666,0
15758,0
5667,0
47318,0
38364,0
43550,0
35422,0
40638,0
2385,0
15616,0
22040,0
43455,0
26052,0
29341,0
20483,0
4851,0
28797,0
33682,0
8540,0
31675,1
14611,0
199,1
3166,0
10642,0
14133,1
32725,0
5027,1
31613,0
38511,0
4446,0
16261,1
17509,0
33710,1
4328,0
35579,1
11780,1
43886,1
17773,1
43259,0
18455,0
28068,0
11756,0
45070,0
3177,0
23356,0
48003,0
46888,0
18935,0
47662,0
38657,0
41940,0
38072,0
12541,0
33032,0
1125,1
23598,1
1659,0
2108,0
17892,1
42805,1
32474,0
29852,0
2835,0
33923,1
29272,0
41227,0
31844,0
33820,1
17338,0
17128,1
20183,0
6132,1
1788,0
9059,0
11452,0
3042,0
33509,0
33325,0
19434,1
4469,0
20815,0
19070,0
3931,1
16477,0
22573,0
3537,0
4761,0
15550,0
26480,1
16645,0
28807,1
41112,0
41599,0
44813,0
41584,0
39450,0
39678,0
34008,0
44717,0
13256,0
41690,0
11530,1
41173,0
25486,1
9652,0
25334,0
17679,0
28245,1
19893,1
9202,1
28816,0
30685,0
31715,0
26500,1
23289,0
16531,1
4412,0
31726,0
6359,0
30483,1
16042,0
4588,0
31550,0
42491,0
41289,0
26497,0
41794,0
15712,0
2841,0
16790,0
16373,0
18317,0
7685,0
36240,0
36548,0
14586,1
41405,0
47286,0
38226,1
47953,0
14533,0
15857,0
27949,0
31457,0
29404,1
11838,0
31511,1
34629,0
35434,0
36291,1
1935,0
21711,0
1320,1
42600,0
35163,1
48570,0
22588,0
21320,0
14700,0
41144,0
20370,0
21250,0
16441,0
25444,0
28045,1
640,0
19309,0
15837,0
11233,0
34918,1
36269,1
32286,0
25779,0
36346,0
14061,0
32322,0
1921,0
42895,1
47169,1
6014,1
22653,0
5985,0
47984,1
29785,0
32712,0
46167,0
40624,0
2323,0
23985,0
7235,0
20232,0
26514,0
4250,0
48419,1
30268,0
18507,0
7391,1
32487,1
7176,0
45079,1
11958,1
22950,1
22391,0
25626,1
17973,0
24441,1
13992,1
19355,0
16026,0
48579,0
12950,0
699,1
31374,0
47396,0
32126,0
22038,1
10625,1
17634,0
17139,0
47999,0
36630,0
18591,0
13323,1
22924,0
35039,0
6829,0
19758,1
28744,1
48714,0
24957,0
25169,0
14030,0
20551,0
43261,1
3347,0
25618,0
23753,0
19522,0
15737,0
1716,1
24368,0
40070,1
28087,0
33028,1
34229,0
22615,1
23214,0
21716,0
23125,1
41290,0
29140,0
5846,0
15070,0
22309,0
34426,0
36130,1
40387,0
1837,0
19792,0
24359,0
4814,0
33323,1
32374,1
41525,0
13282,0
2683,0
46806,1
17768,0
12954,0
11577,0
31067,0
542,1
12458,1
21307,1
7809,0
37054,0
13124,0
41208,0
954,0
26743,0
40838,0
3741,0
44802,0
24612,0
14242,0
22804,0
40121,1
16708,0
37735,0
28,0
554,0
13655,0
5287,1
28937,0
14854,0
41879,0
23509,0
33914,0
41276,0
40355,0
5085,0
6123,0
44522,0
13301,1
34344,0
8615,0
46951,0
36242,0
12275,0
31747,1
37895,1
11661,0
32329,0
7754,0
19220,0
14530,0
21513,0
26856,0
25395,0
38946,1
37583,0
20950,1
34387,1
3725,0
22409,0
35494,0
4463,1
16560,1
33399,0
11197,0
5348,0
4823,0
28567,1
12630,0
8937,0
40115,0
8248,0
5202,0
10301,0
26953,0
4938,1
40503,0
15062,0
10232,1
36779,0
41982,0
44800,1
19650,0
26612,1
30903,0
18108,0
45878,0
576,0
7115,1
24613,0
7144,1
29382,0
36348,0
15134,0
18875,0
11782,0
9229,0
47246,0
46679,0
44689,0
613,0
27221,0
5449,1
40755,0
22579,0
32862,0
30760,0
3129,0
43324,0
4664,0
27277,0
6570,0
43416,0
46510,0
2231,0
44488,0
35932,0
38683,1
14698,0
19580,0
24008,0
48427,0
33875,0
41540,1
6210,0
43483,0
27380,0
24631,0
33920,0
34452,0
44498,0
16351,0
41218,1
21355,0
23359,0
5340,0
25232,0
41320,1
2082,1
47906,0
10522,1
45204,0
6992,0
35377,0
12966,1
40223,1
20702,1
14187,0
22657,0
661,0
34114,0
48241,0
20321,0
18756,0
34188,0
38054,0
45851,0
9928,0
5149,0
12082,1
7193,0
34528,0
32285,1
16203,0
32920,0
12631,0
22401,1
9973,0
43588,0
8270,0
26398,0
10366,0
33166,0
45339,0
30304,0
11160,0
3360,0
5144,0
30731,0
16404,1
33831,0
2998,0
16743,0
34092,0
31226,0
40150,0
41597,1
29978,0
31149,0
5496,0
48635,0
5572,0
27673,0
30687,1
10662,1
33662,0
47851,0
34751,0
35689,0
40159,1
35764,1
25359,0
7780,0
17599,1
38228,0
39990,1
29491,1
22779,0
12932,0
38882,0
34691,0
23,0
8784,0
24051,0
10511,0
18798,1
44088,0
34033,0
45107,0
22020,0
45933,0
3377,1
44179,0
24908,0
1777,0
4160,1
7340,0
4839,1
37882,0
31257,0
42472,0
579,1
38918,1
8562,1
6736,0
845,0
8721,0
48289,0
11712,0
5507,0
11970,0
29152,0
37745,1
11906,0
5253,0
23493,0
43701,0
20876,1
27179,0
31983,0
1578,0
2952,0
6196,0
16000,1
10699,0
22249,1
46908,0
28077,0
47560,0
1893,0
35373,0
8028,0
13181,1
8161,0
29711,0
25556,0
4477,0
10693,1
46320,0
36703,1
31440,0
30298,1
6414,0
35935,0
13085,0
30010,0
3266,0
34399,0
17982,0
43846,0
25496,0
22717,0
13622,1
40964,1
1326,1
26949,0
41334,0
5199,1
5284,0
31210,1
18934,0
21793,0
38220,0
42757,1
20214,0
14717,1
45321,0
46516,1
35,0
3084,0
26897,1
1998,0
48776,0
18092,1
4009,0
32477,0
34544,0
47033,0
22381,0
48268,0
48304,0
44590,0
44739,0
7394,0
35590,0
7033,0
10482,0
13433,0
9325,1
3556,0
12223,0
6538,1
27405,0
25310,1
10476,1
43599,0
9400,0
48034,0
36683,0
26391,0
5334,0
31793,0
16619,0
46246,1
9898,0
44437,0
48716,0
3856,0
46575,0
25051,0
34845,0
10940,0
16990,0
33291,0
43895,0
24129,1
7579,0
46712,0
40875,0
497,0
41361,0
15264,1
45799,0
23343,0
37477,0
28989,0
32627,0
3028,0
8694,0
1647,0
15098,0
8485,0
3101,0
7811,0
17205,0
7678,0
38264,1
41418,1
39222,0
34689,1
32688,1
634,0
30939,1
27988,0
23342,0
17266,0
17134,0
3047,1
47316,0
19235,0
12866,1
10927,0
7112,0
26021,0
38096,0
12198,1
24448,1
4587,0
19050,0
21049,1
44886,0
43762,0
34501,0
6185,0
46765,1
44383,0
17028,0
30071,0
4495,0
4046,0
47146,0
45251,1
42933,0
29633,1
13922,0
30028,0
33908,1
14451,0
38009,0
41202,0
141,0
39099,0
42154,0
45075,0
20393,1
5260,0
40759,0
43365,0
23754,0
16573,0
23828,0
14957,1
43308,0
8083,0
22603,0
15309,0
43169,0
21850,0
17263,0
4952,1
6276,0
20609,0
38438,0
7769,0
12283,0
15710,0
34200,0
7899,0
28480,0
41137,0
20723,0
11788,0
13625,0
12617,1
13940,0
24429,0
25322,1
27301,0
22008,1
8675,1
29009,0
24601,0
16763,0
12106,0
37046,0
42556,1
14694,0
18817,0
19320,1
27761,0
47225,0
18865,0
36281,0
973,0
3685,0
7655,0
31704,0
48594,0
35030,0
16169,0
12273,0
22952,0
31365,0
13720,0
341,0
41654,0
22006,0
2219,0
47472,0
12362,0
17415,0
37930,1
6747,0
4438,0
36647,1
24789,0
35489,1
19957,0
19181,1
41453,1
46183,0
41638,0
293,0
38387,0
25702,0
1135,0
33828,0
25049,1
47682,1
31963,0
26931,0
9731,0
2337,0
28028,1
47003,1
3219,0
15699,0
32508,1
24315,0
11894,0
24163,0
27005,0
30050,1
4951,0
26171,1
20703,0
18344,1
3614,0
26401,0
30891,0
644,0
16279,0
46147,0
9976,0
26012,1
28915,0
39214,1
35980,1
19198,1
9389,0
12443,0
21778,1
26742,1
12445,0
38175,1
30831,1
34236,0
7882,0
8705,1
36259,0
27756,0
12801,0
19796,1
10313,0
41927,1
45299,0
15201,0
36369,1
48738,1
48695,0
19093,0
25189,0
43063,0
12314,0
626,0
4933,0
19118,0
24005,0
26133,1
45361,0
35755,1
42659,0
29023,0
19038,0
7226,0
40743,0
39711,0
747,1
3801,0
38384,0
28241,0
44788,0
47518,0
25631,0
12789,0
28789,1
5543,0
40763,1
41535,0
32437,0
30771,0
32753,0
20916,0
40054,0
19265,0
20443,0
26739,1
36756,0
37484,1
3050,0
27909,0
9045,0
27278,0
3788,0
42569,0
29495,1
18106,1
1654,1
20919,0
28543,1
7781,0
26403,1
29706,0
46140,0
21776,0
26299,0
27430,1
37105,0
23145,0
15839,0
24371,0
12709,0
10488,1
871,0
13510,0
17956,0
37100,1
43366,0
16714,1
30578,0
39595,0
15330,0
17565,1
18163,1
23123,0
21304,0
4036,0
24860,0
46745,0
25074,0
38216,0
26025,0
10195,0
26682,0
41377,0
18113,0
18361,0
760,0
35818,0
35442,0
38236,0
48234,1
16510,0
12150,0
21423,0
43479,0
18250,1
33391,1
48230,0
27945,0
9877,1
18518,1
11517,1
34403,0
25633,1
38404,1
28174,0
19353,0
37086,0
21642,0
45560,0
34894,0
25141,0
26441,0
25096,0
26315,0
36938,0
6518,0
31381,1
42268,0
13898,0
31820,0
38012,0
23934,0
44544,0
7976,1
48517,1
127,0
2910,0
43853,0
12695,1
8413,0
12513,1
16633,1
35043,0
27093,0
37143,1
16905,0
44581,1
45959,0
13584,1
21868,0
40660,1
34592,1
36650,0
45203,0
47763,0
3321,0
29553,1
43806,1
29083,0
3449,0
48779,0
47326,0
44994,0
37244,0
29081,1
47542,0
10525,0
34605,0
25271,0
10039,0
28415,0
47075,0
21995,0
26204,0
27591,0
26778,0
2362,0
12951,0
35931,1
47637,0
26447,0
26130,0
30532,0
4959,0
21407,0
17835,1
25581,0
19726,1
10698,0
8143,0
38421,1
12366,1
7264,0
13110,0
10389,0
13675,1
48177,0
32178,0
13388,1
19932,1
4491,0
23958,0
17303,0
19964,0
43930,0
25926,0
30609,1
34589,0
14861,1
34716,0
27570,0
11010,0
7458,0
22788,0
31596,1
38137,0
7301,1
18041,1
24470,0
22506,1
41964,0
20339,1
19756,1
34406,0
42668,0
7278,0
27020,0
24293,0
16687,0
28260,1
27598,0
25827,0
10242,0
26917,0
39907,0
42642,0
27393,0
9588,0
37137,0
48333,1
32950,1
25559,0
47991,0
31552,1
20047,0
10038,1
20817,0
1598,0
3580,0
38391,0
31645,0
21450,1
43379,0
4583,1
39680,0
43840,0
5326,0
47913,0
27739,0
35628,1
17733,0
12179,0
44582,1
3491,1
46047,0
31791,0
12120,0
42529,0
46297,1
45737,0
23697,1
47199,1
12641,0
47951,1
20403,0
7203,0
12155,0
8817,1
4088,0
9218,0
7150,0
41265,0
44293,0
15352,0
1919,0
40155,1
12426,0
37031,0
40839,0
2825,1
1194,0
9478,0
22359,0
45685,0
6221,0
28178,1
4522,0
32521,0
14543,1
38787,1
24169,0
18232,0
30580,1
13717,1
31060,1
7437,1
22891,0
13827,1
3136,0
24090,0
47530,0
11391,0
29607,0
34358,0
37195,0
38300,0
21295,1
33613,0
12677,0
15508,0
2075,0
36599,0
22642,0
42399,1
48717,1
6916,1
30458,0
19138,0
2463,0
25376,0
10728,0
2800,0
42694,0
6950,0
35390,0
25156,0
40167,0
23199,0
10595,1
30448,0
40207,1
38123,0
21856,0
3748,1
24032,0
81,0
36073,0
47185,0
22617,0
30208,0
33619,0
17625,0
32824,1
26440,1
29432,0
4734,0
17238,0
29960,0
48774,0
35445,0
21527,0
20901,0
2202,1
26854,0
1824,1
2518,0
13453,0
43942,0
42709,0
32853,0
27565,1
45296,0
756,0
32955,0
29208,0
41731,0
48455,0
24801,0
3891,0
3862,0
19400,0
38171,0
44817,1
21712,1
27272,0
45927,0
18485,0
17468,0
4805,1
35114,0
36583,0
42910,0
23741,1
5970,0
40544,0
40218,0
28440,0
31422,1
18038,0
1031,1
44730,0
32711,1
31258,1
4337,0
12013,0
10650,0
1966,0
17867,0
27967,0
46748,0
24492,0
12845,0
17359,0
3192,0
45294,0
18792,0
4547,0
45594,1
30692,0
27969,0
2635,1
24047,0
1397,0
47104,0
27306,1
47021,1
16242,0
4809,1
20505,0
24719,0
20391,0
45416,0
21175,1
25455,0
43824,0
18091,0
19435,1
23768,0
138,0
19511,1
47274,0
48836,0
35080,0
42098,1
45120,0
11599,1
15234,0
34099,0
4729,0
24843,0
3024,1
27930,0
4880,0
46105,0
18692,0
30022,0
7093,0
1292,0
21296,0
22680,0
16737,0
22529,0
27533,0
3405,1
28470,0
32106,0
19604,0
40576,1
30979,0
366,0
32142,0
10532,1
11312,1
3444,0
43370,0
29134,0
26075,1
20804,0
17810,0
29530,1
6752,0
5305,0
32363,0
40983,0
666,0
16893,0
17564,0
14556,1
34014,1
39179,0
45553,0
19986,0
24034,0
6248,1
9836,0
36702,0
7982,1
38003,0
35643,0
37713,0
47916,0
21345,0
43926,1
11417,0
20207,1
42414,0
17122,0
10023,0
28646,0
41953,0
4199,0
45021,1
39677,0
47990,0
7983,0
17176,0
3675,0
22376,0
24806,1
1104,0
13781,0
8220,0
46210,0
8538,0
23331,0
44100,0
11273,0
44265,0
24177,1
21080,0
3830,0
35314,0
31567,0
10758,0
604,0
39492,0
9430,1
17655,0
789,0
14319,1
47635,1
14062,0
39561,1
31800,0
34450,0
21517,1
40511,1
229,0
41240,1
6034,1
19823,0
43651,0
1541,0
10550,0
37947,0
39247,0
22175,0
25117,1
11849,0
40144,0
1444,0
16059,0
29016,0
41755,0
45835,0
21717,1
5640,0
9093,1
24686,0
26256,0
41676,0
40441,1
35906,0
20772,1
44255,0
42934,0
26833,0
27174,0
40099,0
41205,0
23786,0
38189,1
48039,0
16942,0
20657,0
45600,1
41068,0
38103,0
48388,0
28583,0
27170,0
21678,1
10036,0
42538,1
22449,0
6924,0
39274,0
8679,1
45654,0
47801,0
27119,0
7696,0
17211,0
5683,0
6765,0
26017,1
3922,1
29384,0
41509,0
6403,0
10992,0
11315,0
33978,0
43036,0
17029,0
48641,0
17262,0
2176,0
33902,0
20041,1
17770,1
34415,0
47500,0
27787,0
24524,1
38927,0
21140,0
30789,0
44826,1
4016,1
38715,0
7053,0
47383,0
32550,1
11303,1
13840,1
16182,0
43222,0
26061,1
4504,0
14856,0
9104,0
24696,0
28353,0
43414,0
31750,0
37436,0
3939,1
15091,0
13098,0
1949,0
32118,0
27497,0
41864,0
3085,0
45794,0
33070,1
30634,1
18994,1
792,0
11881,0
3882,0
5475,0
4875,0
25493,0
13634,0
3509,0
6474,1
20854,0
26363,1
9376,0
30399,1
13291,0
34252,0
8610,1
313,1
13581,1
12265,0
21357,0
35531,1
28826,0
22143,0
48004,0
45790,0
6183,0
15575,0
7935,0
24339,0
27022,0
25113,0
29205,1
38799,1
7355,1
40126,1
11355,0
26240,1
15961,0
45853,0
6649,0
45403,0
23767,0
31712,1
35550,0
12698,0
19975,0
14205,0
47808,0
27937,0
19021,1
6975,1
33432,0
21983,1
35356,1
26467,1
17959,0
46637,0
40792,1
2205,0
29220,1
12154,1
37763,1
30062,1
32985,0
11190,0
36735,0
38977,1
47790,0
24561,0
4196,0
20643,0
39518,0
6446,1
33846,0
22493,1
35661,0
26016,0
40120,1
20152,0
40547,0
17519,0
9177,0
33313,0
26972,1
47354,0
13647,0
39874,0
13359,0
29806,0
40932,1
48037,0
39696,0
20043,0
41916,0
27418,0
4092,1
31797,0
22468,0
4049,0
36917,0
34448,1
37000,0
23206,1
16792,0
38630,0
4178,0
44290,0
4100,0
39149,1
3208,0
17995,0
47511,0
38521,0
40227,0
9321,0
35777,0
11641,0
14103,0
35507,0
30603,0
21657,0
23534,1
28986,0
4334,0
16316,0
2386,0
3323,0
43802,0
18684,1
25077,1
27239,1
29859,0
16007,0
27510,0
5780,0
3113,0
25008,0
21177,0
37498,0
34829,0
9092,0
44083,0
12498,1
14051,0
45346,0
30136,1
41002,0
48785,1
43564,0
1924,1
45942,0
19541,1
47443,1
34673,0
746,0
23632,1
19883,1
38686,0
29376,0
27778,0
41181,1
25995,0
31956,0
2954,0
5117,0
44850,0
43121,1
13858,0
43893,0
20798,0
47815,1
19841,0
28535,0
10168,0
22366,0
47769,0
41983,0
19230,0
25000,0
6416,0
37362,0
24019,0
35431,0
28568,0
8221,1
1829,1
5304,0
47220,0
40954,1
22362,0
27863,1
10544,0
23734,0
28310,0
7170,0
18732,0
35254,0
19835,0
47848,0
49,0
16544,0
37040,0
28279,0
40087,0
7531,0
26768,1
1232,0
9044,0
7720,1
4942,1
27862,0
25842,1
20787,0
3308,0
18718,0
732,1
13867,0
21207,0
46630,0
120,0
16986,1
2397,0
11553,0
15308,1
14731,0
22974,0
7022,0
20323,1
45898,0
21948,0
45707,1
9190,0
48734,1
30874,0
27736,0
494,0
32590,0
1408,0
32339,0
10355,0
13045,0
28542,1
22639,0
47507,1
35224,1
4466,1
32804,1
33517,0
45630,0
12943,0
22245,0
18743,1
32447,0
38725,0
39004,1
10139,0
1259,0
25265,0
35721,0
2746,0
35175,0
5017,0
7374,0
6699,0
29608,0
16051,0
44065,0
29415,0
173,0
30773,0
13244,0
11892,0
15609,0
46682,1
38690,0
35062,0
8677,0
38721,0
12097,0
2535,0
35653,0
31456,0
22134,0
47002,0
8188,0
39997,1
48383,1
30635,0
10311,0
8389,0
17760,0
14307,1
41581,0
40318,1
33043,0
10433,0
43312,0
10723,0
13681,0
41317,0
10581,0
42820,0
30725,0
3035,0
29512,0
11227,1
15536,0
8822,0
41125,0
3417,0
46417,0
43690,0
8333,1
20417,0
33069,1
47181,0
35020,1
18647,0
20004,1
46103,0
23539,1
36019,0
40974,0
3892,0
14964,0
8141,0
9037,0
44289,0
1420,0
31423,0
37801,0
30309,0
1661,0
27803,0
14662,1
48030,0
14557,0
38462,1
16377,1
12540,1
17990,1
42519,0
32610,0
7247,0
18878,1
46514,0
17895,0
21705,0
33640,0
24013,1
15223,0
20494,0
29295,0
39286,1
5627,1
25881,0
10320,1
48548,1
43112,0
13748,1
37644,0
31734,1
16130,0
41521,0
39848,1
46104,0
5200,0
31581,0
29554,0
34329,0
30866,0
33838,0
26181,1
39562,0
20820,1
21973,0
3883,0
32678,0
1786,0
38874,0
19140,1
15398,1
21536,0
21366,1
48267,1
46414,0
32320,1
44149,0
27177,1
5030,0
7727,0
42706,0
10714,1
22720,0
20464,0
34485,0
27334,0
14346,1
13213,1
47672,1
42911,0
14202,0
12691,0
15595,1
16155,1
41861,0
27202,0
31691,0
2810,0
25494,1
37314,1
11057,0
36160,0
24466,0
27508,0
27360,1
47398,0
29628,0
38306,0
32238,0
10145,1
9892,1
947,0
21610,1
33504,0
35418,0
7274,1
18102,0
31393,0
47987,0
21484,0
26596,0
39258,0
39787,0
11985,0
2849,0
34708,0
20302,0
18886,0
16683,1
21063,1
15662,0
15874,1
30914,0
26088,0
13470,0
45376,0
27159,0
15258,0
41621,0
6271,0
32806,0
16165,1
44302,0
2855,0
24998,0
13300,0
10914,0
18450,0
41303,1
18403,0
2791,0
32112,1
12732,0
12473,0
28419,0
6713,1
22879,1
19436,1
6382,1
4584,0
3140,0
44438,0
48352,0
45009,1
24292,0
17492,0
30813,0
6441,0
12824,1
18806,0
25136,0
2691,0
20096,0
20569,0
1488,1
1487,0
2184,0
29438,0
37701,0
15315,0
34003,0
37738,0
5067,0
46628,0
15033,0
45769,0
18901,1
13884,0
41108,0
43407,0
21862,1
41467,0
23235,1
35139,0
7913,0
6643,0
9549,0
16588,0
17520,0
32794,0
15175,0
5280,0
25453,0
1714,0
27488,0
29089,0
10743,0
10932,1
2212,0
23502,0
6782,0
21565,0
28160,0
9516,0
34668,1
43883,1
503,0
1044,0
48217,0
31617,0
19419,0
13758,0
28481,0
33789,1
1747,0
18259,1
41033,0
24985,0
34840,0
12114,0
47692,1
42748,1
5191,1
48035,0
31345,0
39243,0
33448,0
3150,0
35685,0
24959,0
20935,1
43751,1
37666,1
16428,0
23204,0
19173,0
10399,1
24654,1
12614,0
27129,1
21036,0
18655,0
16920,1
27968,1
21903,0
47358,1
46774,0
25280,0
8292,0
36336,1
11179,0
2766,1
9479,0
46225,1
13770,0
7126,1
41912,0
794,0
44483,1
9269,0
10025,0
31505,0
28190,1
22892,0
14767,0
30576,0
10781,0
14680,0
40153,1
30461,1
1479,0
22379,0
21960,0
2295,0
47260,1
11628,0
35921,0
8433,1
36420,0
20945,0
484,0
669,0
38793,0
4579,0
28907,0
24391,0
45569,0
42608,1
3418,0
43577,0
26549,1
22521,0
265,1
34493,0
7860,0
46934,0
43602,0
16086,0
42446,0
41451,0
42317,0
40324,0
11054,0
15334,0
29169,0
12629,1
29063,0
3248,0
30106,0
43444,0
26095,1
1979,0
27865,1
37561,1
14040,1
706,0
14801,1
11172,0
37049,1
30364,1
25853,0
36618,0
3726,0
12820,0
13938,0
39095,0
44400,0
18087,0
27832,0
11256,0
37176,0
25979,0
8346,0
39284,0
25190,1
29219,0
14089,0
42473,0
12100,0
34027,0
21878,0
8309,0
30697,0
27349,0
22777,0
31520,1
35654,0
17698,1
43458,0
28655,0
23142,0
276,0
34129,0
8640,0
35513,0
18913,0
41172,1
14587,1
37156,0
2321,0
41143,0
41551,0
30549,0
3439,0
25408,0
26432,0
34989,0
39541,1
14785,1
34571,0
6149,1
47831,0
6343,0
37142,0
7804,1
18940,0
29146,0
22693,0
7687,0
11886,0
28229,0
21496,0
8644,0
48269,0
35334,0
21873,0
36189,0
6938,0
15209,0
12130,0
41332,0
28872,1
27725,0
43917,0
16751,1
30411,0
44376,0
45690,1
40871,1
22287,0
42669,0
38294,0
516,0
19735,0
3823,0
47938,0
45765,0
9691,0
15266,0
22253,0
27567,0
26389,0
6927,1
4441,1
15819,0
9074,1
47806,0
38031,0
10288,0
12694,0
33437,1
41725,0
22012,0
39646,0
7519,0
20203,0
15735,0
1474,0
47499,0
44455,1
18263,0
10012,0
29304,0
27217,0
42509,0
31732,0
31516,0
26468,0
11112,0
22575,0
44760,0
43553,0
15244,0
7682,0
43906,0
24938,0
12248,0
16935,0
6032,0
44854,0
27972,0
14409,0
27457,1
28534,0
7055,0
27539,0
43896,0
15217,0
17723,1
39776,0
11732,0
41274,1
41425,0
14992,0
625,1
14757,1
715,0
10893,1
4368,0
45402,1
44076,0
47819,0
34436,1
41140,1
40852,1
32805,0
35520,0
26587,0
12894,0
4828,0
32373,1
28564,0
1790,0
47657,0
4272,0
20698,1
34162,0
24096,0
31637,0
35803,0
15211,0
31194,0
31946,0
18810,1
34869,1
27676,0
11595,0
35270,0
28925,0
47608,1
8711,1
36761,0
44710,0
47545,0
41428,1
28425,0
45290,1
33587,0
18020,0
39249,1
6480,0
2373,1
18808,0
44786,0
28966,1
6404,0
1985,0
36105,0
21100,0
40872,0
46857,0
31465,0
24616,0
16526,0
45054,0
47891,0
41694,0
42474,1
24811,0
14592,1
43859,0
22206,1
44262,0
143,1
19013,0
23550,1
29445,0
30001,0
6013,1
8827,1
8596,1
13816,0
31177,0
2266,1
39363,0
21730,0
41359,0
9967,0
25011,0
37005,0
35667,0
20430,0
10300,0
43977,0
43185,0
40376,0
20576,0
21569,0
828,1
687,0
7463,0
23001,0
8127,0
34990,1
19888,0
4444,0
378,0
17197,0
21478,0
24010,0
46543,0
32869,1
8313,0
12650,0
43342,0
40422,0
38649,0
4023,1
1962,0
8406,0
31672,0
47136,0
35141,1
21064,0
7999,0
1852,0
35188,0
18182,0
47684,0
22461,0
31802,0
39878,0
28092,0
13824,0
23624,1
2657,0
21050,0
15537,0
12401,1
21359,0
42756,0
24252,0
31031,1
39295,0
17717,0
22672,1
17018,0
18548,0
40397,0
35725,1
43952,0
45657,0
48711,0
8226,0
46871,1
28042,1
43921,1
38841,0
43994,0
39654,0
28737,0
28239,0
21703,0
29227,0
19,1
44094,1
26876,0
28362,0
16085,0
36358,0
33714,0
14602,0
48174,0
48063,0
45814,0
16240,1
7263,0
42267,0
38997,1
24145,0
44566,0
16079,1
36107,0
2418,0
23961,0
8559,0
16284,0
18304,0
41196,0
47035,0
31703,0
45692,1
25234,0
45176,1
7440,0
18175,0
42155,0
30708,1
45276,1
43421,1
25845,0
34123,1
23764,0
7547,0
43956,0
31571,1
4291,0
20952,0
19614,1
35994,0
3610,1
45976,0
21636,0
30568,0
32141,1
18474,0
38475,1
36234,0
45649,0
7973,0
47228,0
9991,0
28021,0
25878,0
16458,0
3618,0
21823,1
25526,1
20133,0
19599,0
38321,1
32957,0
28466,0
41783,0
30502,0
34361,1
45931,0
16956,0
29369,0
21988,0
16356,0
29989,0
9029,1
7910,1
37778,1
15818,1
28560,1
33257,0
18243,1
27650,0
46158,0
35693,0
21964,0
26908,1
18998,0
40586,0
38367,0
12071,0
32685,1
29479,0
26677,0
26307,0
35743,0
11443,1
10046,0
5693,0
21473,1
18376,1
6521,0
38280,0
33429,0
16798,0
15433,0
83,1
23682,0
16074,0
7461,0
6679,0
24211,0
37572,1
21627,0
22744,0
37234,0
2018,0
30081,0
40114,0
12705,0
38726,0
4879,0
45227,1
1670,0
25041,1
43160,0
25060,0
37131,1
11305,1
7229,0
42908,1
32234,0
41421,0
25324,0
13984,0
16451,0
45704,0
33478,1
12122,0
17433,0
20597,0
6052,0
40246,1
20453,1
14540,0
11242,1
1519,0
37138,0
21601,0
12264,0
47362,0
44971,1
28281,0
19281,0
44432,0
33746,0
38170,0
11785,0
30149,0
14732,0
38598,1
6425,0
31623,0
46068,1
14946,0
44320,0
36692,0
13130,0
1816,0
13519,0
13961,0
3660,0
5903,0
29393,1
30353,1
26118,1
4611,0
44123,0
12438,1
8147,1
1912,0
46955,0
25787,1
40479,0
35485,1
1090,1
32747,0
30167,0
38237,1
15887,0
11863,0
45238,0
42231,0
14240,0
45059,1
27889,0
46065,1
31172,0
44112,1
15711,0
16515,1
27818,1
8791,0
22875,0
31649,0
9577,1
25681,0
6484,0
21504,0
20721,1
36450,1
46566,0
13304,1
26451,0
48574,0
48760,0
34074,0
20308,0
33591,0
26020,0
13894,0
13360,1
48393,0
19680,0
13956,0
41379,0
6223,1
46496,1
12878,0
33848,1
29053,0
41586,0
13083,0
31767,0
904,0
41031,0
25327,0
13131,0
21342,0
26779,0
32068,1
40149,0
17162,1
2918,0
34373,0
24198,0
20792,0
15149,0
6231,1
13178,1
21241,0
15327,1
28246,0
6958,0
10982,1
21449,0
48402,0
44975,0
37327,0
9455,0
4233,0
32462,0
5784,0
18959,0
27946,0
18572,0
19014,0
7054,0
10223,0
37848,0
19454,0
14917,0
15677,0
15361,0
5668,0
7607,0
45991,0
9975,0
48129,1
31380,0
43057,0
37456,0
12654,0
42445,0
29296,1
31166,0
32130,0
7109,0
5459,0
32770,1
30705,0
1685,0
8967,0
36144,0
37452,0
3740,0
701,0
17893,1
41500,0
5379,0
2604,0
48802,0
11962,1
30467,0
19942,0
27312,0
47800,1
16123,0
25742,0
41066,0
35857,1
17343,0
17718,1
18594,0
14287,0
48512,0
27032,0
35656,0
38952,1
17052,0
21737,1
40215,1
37640,0
5390,0
22998,0
9706,0
25803,0
6907,0
3459,0
43441,1
8416,0
25508,1
33263,0
3399,0
13887,1
38202,0
31048,0
12287,0
7695,0
6376,0
39411,0
42687,0
13821,1
47090,0
5195,0
7779,0
18037,0
1846,1
30646,0
34299,0
15478,0
17878,0
9261,0
12111,1
40027,0
38806,0
43385,0
11592,0
5223,1
11271,0
14437,0
45902,0
34794,0
20587,1
18239,0
9247,0
27804,0
35091,0
33469,0
19067,0
32630,0
8799,1
32087,1
31453,1
16266,0
12736,1
12444,0
46920,1
19302,1
43727,0
45497,0
24480,0
11616,0
26824,1
41475,0
15280,0
10157,0
42059,0
5773,1
45334,1
36552,0
41458,0
18990,0
5723,0
48551,0
41625,0
4813,0
13562,0
39818,0
13957,1
41752,1
48088,1
42883,0
9709,0
43765,1
1733,0
41366,0
39220,0
10325,0
32570,0
24739,1
43378,0
4222,0
44719,0
47652,0
29021,0
35462,0
22080,0
10634,1
20930,0
10636,0
2491,1
40064,1
33210,0
48694,0
34966,0
42751,1
47704,0
11632,0
48811,1
20585,1
1038,0
24517,0
43425,0
44774,0
39403,0
38792,0
7013,0
1619,0
26442,0
45677,0
18993,0
21817,0
2873,0
40551,1
34112,0
11060,1
46462,0
20543,0
48094,0
38122,0
47619,1
32453,0
3353,0
47923,0
13639,0
15750,0
20024,0
35151,0
555,1
5542,0
22822,0
12661,0
43430,1
457,1
16634,0
33102,0
35243,1
29211,0
17589,0
38921,1
31559,1
45230,0
9661,1
14124,0
46694,0
46600,0
32473,0
17968,1
17608,1
36317,0
21980,0
36969,0
6089,1
11574,0
31778,1
29503,1
28875,0
32694,0
27604,0
44542,1
30648,1
16888,0
45121,0
2390,1
9080,0
28001,0
14958,1
22102,1
16426,0
46950,1
46906,0
1557,1
19122,0
46581,0
19917,0
12452,0
33533,0
45958,0
42000,0
16728,0
2027,0
26990,1
25880,1
42524,1
19332,0
26350,0
815,1
10846,0
24380,0
41655,0
16105,0
32971,1
18731,0
23398,1
26064,0
47097,0
18350,0
27453,0
3004,0
18107,1
8554,0
46463,1
42159,0
32841,0
9427,1
21647,0
7746,1
15812,0
40220,0
31535,0
4582,0
45477,0
41804,0
26817,0
6986,1
11374,0
23678,0
44635,1
44007,0
25413,0
48800,1
36833,1
12538,1
30333,0
12128,0
12339,0
20902,0
24425,1
4788,0
11682,0
14268,0
30818,0
3599,0
38150,0
950,0
40392,0
9333,1
6835,0
14179,1
17581,0
26948,1
18622,0
1691,0
7429,0
8537,0
44755,0
4102,0
16845,1
4377,1
24966,0
11716,0
883,0
15290,0
25150,1
17510,0
4487,0
580,1
29827,0
13656,0
28268,0
899,1
17849,0
13245,0
32182,0
43078,1
7577,0
30220,0
43922,1
39472,1
16297,0
41098,0
5517,1
36696,0
10135,0
21577,0
42588,0
28594,0
12505,0
20993,0
30389,0
23600,0
8029,0
27250,0
41278,0
34076,0
8688,0
48583,1
21968,0
17855,0
22948,0
45364,0
38600,0
21600,0
4986,0
4581,0
34439,0
17790,0
1043,0
18929,0
41236,0
3806,0
16317,0
34386,0
34879,1
32923,0
42546,0
33966,1
19051,0
36395,0
42634,1
1763,0
39860,0
10178,0
20103,0
46073,0
16161,1
29302,0
42616,0
26170,0
3542,0
38069,0
6151,0
13804,0
8963,0
35430,0
14495,0
2534,1
29662,0
40393,0
11406,0
1364,1
38063,0
8019,1
5854,1
25319,1
38843,0
32411,0
27374,1
23144,0
39069,0
6023,1
42223,0
35105,0
45426,1
29723,0
11737,0
6497,0
2917,0
23143,1
46994,0
38953,0
39908,1
16624,0
7954,0
42099,0
22829,1
33651,1
621,0
13222,0
11541,0
5184,1
29070,0
12440,0
6326,0
17477,0
15810,0
21165,0
27603,0
44602,0
20150,0
3345,0
41070,0
20222,0
31707,0
48727,0
37998,0
1068,0
38502,0
26354,0
8762,0
43576,0
10107,0
32164,0
5141,1
33270,1
29764,1
36203,0
8674,0
15389,0
26784,0
46322,0
38345,0
35420,0
20605,0
18365,0
21795,1
28131,1
46497,1
6626,1
45352,0
43794,0
46397,0
27550,0
2387,0
9653,0
18784,0
46294,0
11493,0
13772,1
28993,1
2545,0
44607,0
35796,0
31788,1
42012,0
42981,0
5769,0
31111,1
22882,0
10778,1
14271,0
36809,0
4578,0
42576,0
27237,0
40937,0
33012,0
45080,1
43937,0
43750,0
36817,0
334,1
12007,0
839,0
29464,0
3636,1
12687,1
22760,0
32022,1
44177,0
29214,1
29831,0
22873,0
10037,0
24997,0
4186,0
25969,1
43706,0
26927,0
41102,0
22628,0
22679,0
30515,1
16636,1
8427,0
24036,0
8053,0
43879,0
5319,1
25034,0
31403,0
48437,1
15487,0
23730,0
40493,0
3267,0
7672,0
35330,0
9716,1
8650,0
42457,0
9198,0
45613,0
35205,0
46565,1
34996,1
37547,0
16926,1
45585,0
29283,0
14141,1
39624,1
1417,0
6754,0
20508,0
14914,0
24002,1
44829,0
37213,0
1253,0
38848,0
25844,0
30544,1
27801,0
9568,1
33037,0
46300,0
29449,0
12610,0
38929,0
26023,0
33987,0
37099,0
15126,1
15639,0
35324,0
28715,0
26211,1
10365,1
29161,0
28880,1
44789,0
45356,0
21263,0
12416,1
12355,0
19104,0
34025,1
43910,0
20559,0
27531,0
37146,1
20256,0
29856,0
5827,0
44856,0
31139,0
13672,1
39134,1
38708,1
24298,0
766,0
47779,0
14236,1
42331,1
34084,0
19669,1
44187,1
27267,1
47866,0
22915,0
5638,1
39136,0
40296,1
33977,0
4091,0
17117,0
37112,0
43211,1
3821,0
48467,0
46332,0
15501,0
36427,0
46997,0
21013,0
26381,0
28424,1
42336,0
10720,1
37893,0
6457,0
44747,0
12219,0
45231,0
11192,1
17471,0
38573,0
48022,0
48603,0
32111,1
17821,0
47315,0
12183,0
35113,0
25078,0
15088,1
4366,0
8980,0
35995,0
47772,1
22054,0
15687,1
10839,0
23501,0
27754,0
24942,0
5044,0
6590,1
24835,1
47253,0
18414,0
2621,1
22004,0
34717,0
41492,1
27690,1
30595,1
25792,0
24119,0
22793,1
34897,0
19110,1
34734,0
35766,0
5273,0
12483,0
2671,0
18160,0
33191,1
40854,0
24260,1
6411,0
32338,0
42296,0
42779,1
150,0
12132,0
144,0
48662,0
23075,0
43358,1
22594,1
427,0
47361,1
18614,0
20283,0
1247,0
3160,1
42724,0
11866,0
39215,0
25904,0
25524,0
32388,0
13297,0
40173,0
39083,0
18853,0
39923,0
454,0
17584,0
19924,0
44359,0
36494,0
45034,0
48235,0
10733,0
18007,1
42622,0
30085,0
21972,0
46056,0
46508,1
1728,1
36354,0
4650,0
6903,0
43621,0
2345,0
22234,0
30937,1
7529,0
48071,0
29114,0
13707,0
19653,0
19142,0
6207,0
33811,0
19194,0
19440,1
45914,0
41281,0
32944,1
13489,0
8584,0
7865,1
28352,0
45144,0
19635,0
1701,0
29077,0
44940,0
40688,1
47420,1
32657,0
34303,0
34052,1
37927,0
28472,0
34171,0
14275,0
820,0
39958,0
46947,0
30354,0
15083,1
19101,0
37402,0
43100,0
36209,0
40222,0
23386,0
38786,1
25744,0
46816,0
41898,0
15911,0
7207,0
29580,1
6918,1
9122,0
32500,0
24846,0
10076,0
27224,0
28623,0
38666,1
18226,1
16202,0
38818,1
33857,0
33985,0
21950,1
21896,0
40842,0
11520,0
23642,0
20622,1
1599,0
28767,1
34795,0
46709,0
46057,0
26330,0
6776,1
11405,0
3662,0
43347,0
39583,0
7191,0
30412,0
30950,0
48380,0
24195,1
41193,0
11662,0
47459,1
42476,0
47795,0
36171,0
4674,0
11445,0
1419,0
48763,0
41633,0
292,0
43043,0
29212,1
24909,1
22896,0
34902,0
21827,0
38108,0
48527,1
27780,0
17221,0
1546,0
36791,1
16568,0
7085,0
11769,0
17993,0
4231,1
5607,0
11571,0
7322,1
9938,0
37261,1
38486,0
30438,0
19278,0
36374,1
19128,0
10126,0
29516,0
14525,0
11804,1
41388,0
31578,0
5052,0
13255,0
36178,0
25167,0
20636,0
44815,0
5000,1
29213,0
12885,0
19011,0
28313,0
5615,0
1006,0
10856,0
2279,0
48581,0
13315,0
28792,0
38537,0
35749,0
23745,1
17005,1
6605,0
17293,1
4973,1
4595,0
38702,1
4293,0
46163,0
21643,0
5694,0
2608,0
44074,0
36114,0
3511,0
105,0
12767,0
11924,0
4090,1
35187,1
22472,0
14701,0
30191,0
47088,1
21123,0
27867,0
32085,1
5005,0
12780,0
21037,0
29835,1
859,0
9946,0
8095,0
48148,0
36401,1
1696,0
25538,0
10947,1
16482,0
25849,0
4842,1
5039,0
24867,0
14918,1
37464,0
41,1
11563,0
29084,0
16886,0
30139,1
24216,0
3929,0
35855,1
23068,1
31988,0
31498,0
26744,0
46306,0
41085,0
19461,1
46245,0
12356,0
10282,0
10548,0
17834,0
44764,0
12246,0
40981,0
44161,0
5356,1
28579,0
34799,0
41249,1
5573,0
41729,0
16752,0
1317,0
17801,0
19215,0
13024,0
1186,0
11654,0
35982,1
37317,0
19773,0
25393,0
11385,0
46347,1
16019,0
38543,0
36984,0
670,0
15446,0
45453,0
25458,1
21822,0
10752,0
36180,0
35219,1
21076,0
30,1
13927,1
17281,0
5837,0
18946,1
29623,0
37784,0
37527,0
26241,0
34119,0
26422,0
18516,0
38720,1
18491,0
18171,0
40992,0
46821,0
13149,1
8334,0
35320,0
35840,1
9184,0
44836,0
7393,0
24132,1
40869,0
9,0
44155,0
10966,0
26688,0
15972,0
7426,0
39708,0
2743,0
25608,0
46805,0
23557,0
19826,0
4083,0
11414,0
41222,0
38204,0
13140,0
24214,0
43087,1
48696,1
20953,0
5687,0
16040,1
16707,0
39702,1
16419,0
47655,0
39504,0
16450,0
16849,0
35031,0
41806,0
6556,0
5580,0
31411,0
32210,0
39638,1
30985,0
13919,0
10415,1
21115,0
38884,0
40513,0
28971,0
20652,0
21464,0
34530,0
15578,0
5539,1
7139,0
14072,0
36376,0
28285,1
44575,1
47081,0
39621,0
10505,1
47881,0
34220,0
40104,0
45636,0
42892,0
17297,1
32249,1
14238,0
43220,0
6482,1
28755,0
14657,0
4985,0
26096,0
31720,0
9800,0
38360,0
15563,0
19325,0
42912,0
34209,0
46811,0
31903,0
39197,0
15861,0
4776,0
32399,0
2886,0
29229,1
29029,0
42863,0
11867,0
14690,0
38901,1
2900,0
47784,1
28085,0
283,0
17649,1
43326,0
9813,1
26195,0
25674,1
13239,0
40353,1
13329,1
17378,0
34890,0
44106,1
33801,0
1725,0
31774,0
13141,0
19328,0
7271,0
15998,0
40394,1
12037,0
26347,0
36743,0
29921,0
10263,0
4388,1
47811,0
35772,0
663,0
840,0
26907,1
10054,0
8086,0
19874,0
24166,0
16270,0
21507,0
3522,0
5701,0
46655,0
8710,0
32565,1
38259,1
38869,0
16056,0
5186,0
38611,0
45430,0
12621,1
10480,0
27534,0
18671,1
40615,1
48255,0
8213,0
35233,0
18348,0
27741,0
23241,1
36608,0
28609,0
12368,0
41917,1
45046,0
11439,0
26510,0
39262,0
29367,0
17456,1
18244,1
17411,0
13371,1
10451,0
26458,1
22469,0
7001,0
21383,0
17362,0
43945,0
21738,1
36873,1
20297,0
33585,0
44848,0
29721,0
32408,0
15463,0
19442,0
18307,1
16396,0
36978,0
19174,0
18339,0
22735,0
37098,1
1958,0
39026,0
32927,0
3280,0
9474,1
4185,0
41182,0
7442,0
48436,0
42932,0
22572,1
8526,1
47240,0
32868,0
45481,0
38635,0
26613,0
32789,0
42452,0
36193,0
21582,1
39248,0
39759,0
39154,0
32325,0
3749,0
21940,0
26973,1
24290,0
30014,1
40771,0
44562,0
31090,0
6557,0
26715,0
20304,0
21451,0
41395,0
34134,0
11413,0
4797,0
30569,1
23630,0
22227,0
20258,0
33408,0
1344,0
39579,0
20268,0
27326,0
21945,0
34051,0
4713,1
24140,0
2290,1
34567,1
5843,0
14774,1
13259,0
24099,1
10731,0
13910,0
6391,1
13687,0
23466,0
15102,0
5885,0
5169,0
42938,0
11746,1
30796,0
37568,0
20982,0
19241,0
30232,1
37400,0
5211,1
30437,0
9963,0
21246,0
34400,0
12146,0
4634,0
24172,0
32199,0
37585,0
2175,0
15448,1
29123,0
5303,0
29639,0
21799,1
36043,0
15254,0
6529,0
20675,0
32899,0
30401,1
10278,1
33524,0
24974,0
2980,0
33724,0
48505,0
30837,0
46732,1
35092,0
4663,0
44128,0
47243,0
48238,0
17188,0
593,0
17391,1
2869,0
46591,0
30778,0
45547,1
42227,0
28226,0
14138,1
20904,0
38392,1
17972,0
10979,1
31478,0
29155,1
31183,0
48537,1
28839,0
7662,0
22800,1
22162,0
37632,1
33608,1
42956,1
3578,0
26852,0
37435,0
16538,0
1447,1
476,0
4254,0
28554,0
37617,0
25668,0
15670,0
28071,0
12643,0
3982,0
15142,0
6435,1
6481,0
47812,1
26472,0
790,0
30923,0
45242,0
12803,0
34413,1
48110,0
10931,0
5980,1
31357,0
6576,0
9254,0
10067,0
47955,1
33884,0
9448,0
44957,0
33729,0
47627,1
47399,0
5783,0
12228,0
2275,1
30345,0
35927,0
34253,0
41175,1
41526,0
5118,1
26327,0
37182,0
21558,0
7505,0
14806,0
46731,0
36940,1
30691,1
39012,0
20261,1
20761,0
4677,0
42946,0
11803,0
21984,1
9019,0
35159,1
28324,0
13839,1
1883,0
25670,0
26278,0
13973,0
44938,0
30597,0
29863,0
13119,0
13400,0
16815,1
13860,0
38076,0
18206,1
46235,1
26831,1
12990,0
13775,0
13343,0
36290,0
37343,0
12178,0
28852,0
25299,0
23872,1
1993,0
12561,0
7088,1
43467,0
40047,0
1334,0
20565,0
5505,0
17348,0
37267,0
4179,0
428,0
27816,0
11991,0
45259,1
46168,0
27245,1
31627,0
29048,0
9453,0
1163,0
16686,1
15190,1
10207,1
28097,0
30021,0
9759,0
44517,0
28620,0
19368,0
23062,0
8803,0
21967,0
42897,0
20311,0
9189,1
14414,1
39554,1
27579,0
2169,1
35459,0
9443,0
30112,0
14473,0
47950,1
27039,0
19068,0
46677,0
885,0
3967,0
39959,1
3061,1
16631,1
2537,0
22425,0
16433,0
34764,0
19600,0
16524,0
34705,0
21445,1
29136,0
44700,1
38772,1
26449,0
8835,0
6101,0
6759,0
39590,0
14172,0
7627,0
23382,0
17463,0
48134,0
8719,1
34686,1
48637,0
3729,1
3080,0
48575,0
2674,1
6511,1
35160,1
30243,0
24103,0
34132,0
6639,0
12208,0
16033,0
42128,1
21318,0
16750,1
14290,1
10162,0
16193,0
3894,0
27435,0
2159,0
9410,0
23464,0
41609,0
2586,0
8272,1
41993,0
24026,1
14953,0
8507,1
4937,1
7181,0
34609,1
33532,0
38661,0
5643,0
45556,0
24606,1
18127,0
39603,0
32605,0
8103,0
1441,0
25975,0
5706,0
15449,1
35145,0
21838,0
48209,0
33349,0
4871,0
22121,0
43682,0
5232,0
44565,0
39531,0
21060,0
33490,1
15589,0
29042,0
5132,0
18578,0
45158,1
22609,0
18832,0
44958,0
38599,0
11559,0
24630,0
17474,0
44205,0
16024,0
18846,0
6537,0
30729,0
26747,0
30726,0
13456,0
16480,0
30120,0
3608,1
14554,0
36460,0
3099,1
2596,0
33882,0
20077,0
46837,1
29990,0
33228,0
40280,1
24633,0
39897,0
39317,0
16457,0
30166,0
46359,1
1720,1
29215,0
22270,0
34837,0
19683,0
45772,0
15182,0
24154,0
42987,0
23733,0
391,0
14464,0
631,0
43673,0
35827,0
5869,0
30542,0
38814,0
2559,0
27247,0
8821,0
37011,0
15475,0
25846,0
47432,1
316,0
27953,0
3855,0
42327,0
45602,0
15003,0
1614,0
34453,0
44322,0
14750,0
7201,0
22665,1
21422,0
45282,0
5834,0
35359,1
17385,1
16931,0
4138,1
22784,0
9100,0
38149,1
14308,0
18392,0
29339,0
6394,0
30512,0
415,1
32183,0
45900,1
36507,1
28675,1
6039,0
3422,0
25861,0
17313,0
43296,0
32148,0
7094,0
38187,0
30682,1
15272,0
41538,0
8906,0
17207,0
3683,0
2233,1
960,0
17086,1
37,0
3838,0
15826,0
16816,0
47517,0
47363,1
22624,0
20378,1
2951,1
15104,0
20477,0
32936,1
18838,0
25764,0
35972,1
42266,0
6304,1
4382,1
9257,0
30057,0
17941,0
48325,0
30013,0
21946,0
33609,0
10709,0
17248,0
48025,1
632,0
44527,1
23883,0
20838,0
31089,0
11301,1
43495,1
42370,1
1394,0
8229,0
18762,1
27309,0
20951,1
13427,0
33217,1
43541,0
3913,0
5646,0
16252,1
42704,0
20868,0
24776,0
19260,0
24446,0
10101,1
14273,0
38040,0
23611,0
33601,0
48021,0
22688,0
17597,1
34922,0
41483,0
36907,0
13762,0
23372,0
39454,0
46639,0
43773,0
36727,0
1631,1
7024,1
64,0
2566,0
25918,0
30341,0
33048,0
2590,0
11029,0
481,0
46827,1
36825,0
39956,0
685,0
47630,0
29275,0
26704,0
19589,0
26929,0
43630,0
37751,0
3959,0
1548,0
7367,0
6147,0
22960,0
45163,0
32227,0
20236,0
3684,0
6696,1
28179,0
23158,0
27828,0
2349,0
39291,1
43184,1
8025,0
32019,1
4769,0
26153,0
6862,1
30192,0
40176,1
24295,0
13236,0
47978,1
2901,1
16809,0
14711,0
8186,0
15451,0
26797,0
20227,0
46804,0
47633,0
34266,0
18581,0
29207,0
13050,1
37776,0
18363,0
19088,0
25177,0
14156,0
27175,0
6514,0
9703,0
10122,1
31045,0
9471,0
48491,0
36822,0
28478,0
30932,0
3190,0
34370,0
5871,0
33162,0
37183,0
47695,0
11101,0
26721,0
11295,1
2005,0
24503,0
34627,0
15751,0
3793,0
9966,0
4197,0
21221,1
24202,0
4676,0
12962,0
19651,0
48424,0
19472,0
32114,0
44633,0
25197,0
4962,0
4174,0
34377,0
33564,0
32717,0
4606,0
21392,0
38449,0
2019,0
27847,0
32636,0
29651,1
318,1
14615,0
13889,0
21361,0
43419,0
40893,0
8097,0
17847,0
45086,1
14931,0
14417,1
39712,0
4352,0
21028,1
13314,0
26867,0
15888,0
38802,1
37520,0
24058,1
4536,0
23566,1
44927,0
41080,0
41556,1
12158,0
12942,0
21166,1
46622,0
2603,0
26801,0
14374,1
38930,0
35360,0
44391,0
5564,0
15423,1
978,1
27663,0
14766,0
4573,0
32498,1
22193,0
11830,0
22606,1
39164,0
23022,0
42252,0
47161,1
25691,0
10772,0
27564,0
33939,0
40011,0
10370,1
21640,0
35350,1
44725,0
23536,0
27961,1
10528,1
47408,0
30855,0
43073,0
41237,0
47464,0
34891,0
21508,1
38382,0
44361,0
5612,1
40552,1
31007,1
38607,0
25479,1
12615,0
32291,0
29059,0
42702,0
25712,0
25172,0
28270,0
16159,0
21163,0
3404,1
14644,0
18256,1
39944,0
16998,0
26818,0
1667,1
47670,0
8617,0
18141,0
3575,0
9366,0
44801,0
47091,0
351,0
4853,0
6502,1
30410,0
3397,0
17437,1
1083,0
2346,0
38960,0
36065,0
19371,0
37530,1
36539,1
35605,0
16402,0
33793,0
2802,0
35134,1
16214,0
38689,0
27662,0
44019,1
3717,1
47948,0
35536,0
6072,1
7305,0
9191,0
25436,0
458,0
8195,1
22448,0
30808,0
26323,1
21127,0
19791,0
13434,0
23197,0
42428,0
25313,0
46044,1
3078,0
5102,0
24274,0
21457,1
42282,0
22453,0
4598,0
47820,0
14196,0
12238,0
28738,0
27413,0
31862,1
40231,0
10827,1
2643,0
9232,0
30328,0
37113,0
47509,0
17811,0
15430,0
48542,0
34849,0
28052,0
18804,0
28873,0
19466,1
7107,0
23975,1
26083,0
43345,0
31853,0
39067,0
2807,1
38209,0
31014,1
16548,1
28549,0
15659,1
35407,0
33612,1
13740,1
7840,0
2669,1
32248,0
23268,0
29588,0
5329,0
7285,0
6099,0
8242,0
38179,0
48815,0
21654,0
15259,0
41485,0
33732,0
30269,0
17298,0
41203,0
11083,0
13794,0
34467,0
13850,0
32536,0
47393,0
32270,0
34269,0
40857,1
28978,0
40161,0
27637,0
20983,0
43145,0
39132,0
30230,1
6723,0
2445,0
35547,0
895,0
22928,0
30322,0
14687,0
38923,0
7162,0
27207,0
36288,0
29900,0
28340,0
41564,1
5153,0
12213,0
41030,1
8315,0
9367,0
6984,0
43286,0
45535,0
10192,0
6708,0
37804,1
40850,1
47857,1
9314,0
36806,0
43837,0
6427,0
32835,0
48335,0
12743,0
3083,0
30262,0
37986,1
39625,1
14376,0
23620,1
46177,0
48014,1
7187,1
25665,0
8375,0
22592,0
26193,0
42143,1
2748,0
841,0
12286,0
9586,0
28710,1
16799,0
8199,0
41972,0
562,1
13332,0
1134,0
41044,0
22967,1
23994,0
863,0
37393,0
40589,0
38999,1
8908,0
12466,1
46067,1
19762,0
22530,0
43875,0
44014,0
14623,0
21269,1
19536,0
9466,0
16702,0
5495,0
3022,0
40877,0
19153,0
43855,0
33967,0
2262,0
45542,1
37145,1
6011,0
27442,0
13932,0
18828,0
18336,0
40390,0
26280,0
1005,1
35206,0
5281,1
1888,0
41616,1
46448,0
46946,1
38114,1
30032,0
28079,1
16586,0
48307,0
9911,0
41152,0
14621,0
330,0
18142,0
22843,0
3336,0
32186,0
40915,0
35672,0
30716,0
43604,0
5337,0
23514,0
4580,0
2421,0
48839,0
7734,0
12431,0
30444,0
29209,0
15644,0
7534,0
9875,0
39823,0
48184,1
37615,0
46180,1
19188,0
48439,0
24465,1
31283,0
7772,0
26173,0
40433,0
11003,0
5369,0
42543,0
16151,0
453,0
21468,0
19209,0
5962,0
30187,0
24895,1
26794,0
2132,0
5920,0
22041,0
42289,0
32225,1
47191,1
26474,0
47555,1
7789,0
45982,0
20156,0
7658,0
9300,0
19695,0
12406,0
43232,0
5163,0
21404,0
18180,0
28125,0
4151,0
8881,0
23137,0
455,0
43418,0
36900,0
21174,0
27225,0
36664,0
21205,0
27436,1
148,1
27025,0
28713,0
24143,0
37844,0
24639,0
17730,1
47197,0
10239,0
23054,0
8844,0
16198,0
28304,0
28980,0
12453,1
6632,1
22371,0
4422,0
37827,0
3504,0
20649,1
5821,0
39205,1
26136,1
7645,0
20759,1
37385,1
18782,0
4878,0
22700,1
23497,0
43045,0
46494,0
7503,0
10680,0
42166,1
59,0
44729,0
15878,0
10983,0
15930,0
11216,1
9397,0
15051,1
33765,0
47158,0
14045,0
23037,0
9900,1
45362,0
34971,0
38032,0
411,1
39960,0
36592,1
20223,0
35136,0
29769,0
21829,0
2721,0
47152,0
25317,0
37348,1
36653,0
27771,0
12971,0
40555,1
38402,0
5251,0
2546,0
14693,1
16084,0
234,0
36755,1
17040,0
13670,0
7874,1
42109,1
4771,0
27181,0
45875,0
23061,0
43592,0
21917,0
8739,0
17059,1
44395,0
33851,0
15664,0
27318,0
12112,0
6591,0
26511,1
41221,1
39599,1
20344,0
33912,0
28161,0
37368,0
2382,0
16388,0
20058,0
1271,0
32772,0
34519,0
13103,0
34463,0
19781,0
45579,0
43890,0
22404,0
33761,0
29942,1
46418,0
43443,0
3172,0
37038,0
1854,0
40849,0
9906,0
47068,1
26662,0
46052,1
7102,0
6257,0
5669,0
3625,1
4296,0
44960,0
32243,0
44743,0
20773,1
1744,0
9882,0
46554,1
23027,1
36307,0
33766,1
44392,1
7215,0
34758,0
28106,0
43392,0
5078,0
48725,0
15928,1
14200,0
20676,0
36977,0
47523,0
45660,0
23728,0
28575,0
38519,0
9926,0
44920,0
1182,1
10088,0
13079,0
34722,0
16962,1
1758,1
26056,0
10028,0
7869,0
19170,0
10703,0
132,0
993,0
34761,0
41383,0
45834,1
39441,0
28651,0
915,0
47008,0
6942,0
31716,1
9562,0
47839,0
28486,1
31328,0
12726,0
11379,0
33863,0
3650,0
8401,0
28660,0
35362,0
25253,1
1255,0
1679,1
7560,0
38496,0
28768,0
45031,0
34175,0
26561,0
1205,0
40612,0
13212,0
24640,1
32506,1
44021,0
21652,0
30186,1
2757,1
22664,1
29941,1
8492,0
29675,1
43976,0
13469,0
35474,1
47777,1
488,0
7824,0
1850,0
33576,0
8935,0
8031,1
12297,0
19714,0
32690,1
35936,1
21889,0
36169,0
46789,0
8096,0
39781,0
20964,0
25519,0
46028,0
30638,0
14219,0
36983,1
11933,1
27789,0
21801,0
8400,0
29678,0
12848,0
27856,0
40522,0
36047,0
33,0
14095,0
12919,0
47648,1
23644,0
13159,0
29811,0
36476,0
39013,1
10230,0
8372,1
25019,0
1498,0
16994,0
33175,0
2799,0
5696,0
37414,0
12627,0
9076,0
27530,0
43005,0
16972,0
20852,1
20402,1
32297,0
40600,1
45593,0
5041,1
40366,0
1626,0
7277,0
5317,0
45336,1
40912,1
28745,0
8973,0
46011,0
6883,1
25883,0
27797,0
6994,0
2477,0
5233,0
28511,0
39341,0
9395,1
15792,1
15192,0
32224,0
7827,0
11128,0
35210,0
23007,0
40984,0
31806,0
31413,1
1692,1
38248,0
43060,0
28758,1
31270,0
38045,0
21987,0
48463,0
39107,0
45401,0
7768,0
10478,1
22676,0
6964,1
18735,0
15056,0
38281,1
1171,0
44589,1
33699,0
7571,0
44170,0
6872,0
34077,1
37238,0
45981,0
27082,1
26066,1
32859,0
2738,1
43954,0
8342,1
41651,0
24684,0
653,0
17265,1
41906,1
7495,0
36858,0
42339,0
33964,0
12532,0
26663,0
29482,1
13157,1
33351,0
3102,0
11878,0
17137,0
39368,1
33557,0
12008,1
29243,1
22751,0
22,0
9996,0
41382,0
37461,1
21692,0
24906,0
41406,0
13393,0
25601,0
4562,0
33660,0
12312,0
31917,1
31342,0
32854,0
11110,0
25584,0
3630,1
33563,0
23231,0
6235,0
6659,1
31229,1
39825,0
42258,0
39390,0
13232,0
27729,0
46923,0
17220,1
26627,0
38680,1
42577,0
1144,0
21434,0
21540,0
42781,0
6260,0
40980,0
30381,0
30886,0
8343,0
10640,0
4701,1
12323,0
25930,1
7004,1
41252,0
11899,1
28695,0
2380,0
42134,0
22926,0
26411,0
24964,0
36563,0
5502,0
15404,0
668,0
39081,1
2355,1
8620,0
30002,0
29091,0
27480,0
46910,0
41039,0
44944,0
21670,0
12831,1
40291,1
45056,0
13398,0
37088,0
22127,0
48840,0
17826,0
38616,1
4027,0
23585,0
12912,1
6788,1
22768,1
12274,1
6960,0
14952,1
30199,0
19356,0
22259,0
24513,0
31116,1
47841,0
45708,0
35708,0
24477,0
8972,0
36333,1
8748,0
38524,0
38760,0
43451,0
11722,0
25023,1
29638,1
37935,0
38766,0
31051,0
21701,0
43382,0
24858,1
39837,0
36807,0
10822,0
17084,0
2527,0
21114,1
46211,0
22142,0
8539,0
48628,1
31997,0
7726,0
27377,0
12009,1
21560,0
31410,0
43898,0
32522,1
17125,1
44775,0
47920,1
40056,0
44480,0
48306,1
41671,0
28185,1
27653,0
48660,0
29286,1
7861,1
9885,0
33138,0
42074,0
14176,0
8608,0
21075,0
17245,0
34612,0
40459,0
41440,0
40574,0
421,0
41092,0
9398,0
42263,1
39546,0
26560,0
46666,0
48736,1
9132,0
14434,0
45681,0
11412,0
6880,0
27793,0
35758,0
45742,1
35532,0
41220,0
3953,0
19471,1
4239,1
6780,0
5228,1
4924,0
26063,0
24664,0
20071,0
45691,0
2130,0
47884,0
11491,0
7273,0
32401,0
2973,0
15332,1
36238,0
9730,1
1922,0
45405,1
2166,0
38126,0
17946,0
48270,0
16018,0
11768,0
5957,0
7052,0
3031,0
30618,1
40582,0
14947,0
30622,0
27701,0
25897,0
11619,0
38672,0
41219,0
30454,0
7639,0
1091,0
4473,0
9144,0
13837,0
19539,0
5492,0
44199,0
46736,0
22813,0
31762,1
19134,0
42842,0
1185,0
29738,1
27638,0
44541,0
40934,0
28002,0
8806,0
45197,0
34032,0
4556,0
3763,1
12512,0
140,0
37358,1
6197,1
26098,1
25108,1
6386,0
17450,0
8085,0
15747,0
22426,0
33778,0
26238,0
2375,0
22058,0
31560,1
12669,1
44475,0
22273,0
28870,0
16127,0
29461,0
11518,1
48224,0
28102,0
325,0
33901,1
43658,0
9159,0
1528,0
45287,1
36815,0
39988,0
12507,0
45591,0
27773,0
180,0
5447,1
10960,0
36611,0
15955,1
24006,0
14689,0
20230,0
18641,0
18296,0
2557,0
2516,0
20907,0
41130,0
34920,0
18117,0
3249,0
26046,0
48657,0
603,0
25522,1
11984,0
48105,0
40573,0
32969,0
25809,0
25583,0
32266,1
41089,0
43931,0
48254,0
17102,0
36275,0
26935,0
41122,0
9865,0
9537,0
19089,0
27233,0
40776,0
3694,0
35006,0
20007,1
33596,1
12379,0
20421,0
35444,0
38555,0
11244,0
117,0
26697,0
6415,0
37302,0
28056,0
43487,0
2224,0
108,0
26342,1
42187,1
4999,1
3311,0
18137,0
20145,1
13369,1
43383,0
7596,1
12285,0
8761,0
42379,1
29045,0
9937,0
48332,0
48584,0
2182,0
6135,0
12981,1
24943,0
32336,0
40685,0
41627,0
4857,1
6690,0
38452,1
27762,0
801,0
9285,0
31346,0
26971,0
34360,0
12499,0
18973,0
3246,1
39118,0
32633,1
45222,0
21381,0
46730,0
37167,0
21721,0
17836,0
46305,0
23326,0
2195,0
27493,0
14130,0
3995,0
41248,0
24483,0
35265,0
46721,0
26864,1
11738,0
445,1
8324,0
35567,0
4000,0
37320,0
26546,0
38229,0
45912,0
43196,0
32313,1
38357,0
3774,0
30604,0
9779,0
13994,0
17570,0
111,0
23792,0
5400,1
37443,0
11381,0
33196,0
35293,0
27460,0
6352,0
32404,0
9761,0
22570,1
45563,0
39202,0
40088,0
23673,0
14728,0
26142,0
18673,0
6568,0
19716,1
47686,1
36542,0
2839,0
36529,1
48460,1
15100,0
6931,0
33889,0
47349,0
24976,0
40274,0
6772,0
41021,0
31180,0
45711,1
27723,0
27412,0
45522,1
7671,0
605,0
30968,1
6091,1
40156,0
8041,0
39153,0
48440,0
21314,1
27464,1
32113,1
35101,0
37227,1
13727,0
15388,0
44011,0
33915,0
42015,0
43474,0
13526,0
6387,0
3184,0
11529,0
34923,0
9283,0
2617,0
30668,0
38287,0
40548,1
8480,1
26992,0
22802,0
23894,1
29993,0
11456,0
12300,0
10423,1
27987,1
11997,0
16535,0
15378,1
22385,0
2002,0
14264,0
9024,0
25464,0
6816,1
21843,0
30276,0
3682,0
22922,0
18637,0
38479,0
33880,0
28533,0
29110,0
23324,1
32223,0
46024,0
1954,0
43041,0
48443,0
32376,0
46017,0
24278,0
19786,0
14643,0
6084,0
40991,0
40519,0
11942,1
45175,0
19996,0
33285,0
48677,0
48588,1
4510,0
44609,0
566,1
3495,1
38181,1
11064,0
14204,1
23718,0
36154,0
28946,1
18717,0
31611,0
24781,1
45007,0
39633,0
22491,0
21427,0
36063,0
36211,0
42953,0
15789,1
25704,0
37375,0
14019,0
28599,0
33832,1
4381,0
8728,0
14759,0
47895,0
25307,1
28251,0
10369,1
41726,0
10696,0
5633,0
6177,1
18373,0
511,0
21157,0
47317,0
5235,1
44872,0
4391,0
39513,0
39760,0
41644,0
33776,0
16618,0
21285,0
4950,1
43654,0
36375,0
31246,0
28729,1
24104,0
10735,1
34546,1
44714,1
36895,0
38214,0
41511,0
47175,0
34892,0
8698,1
23469,0
24449,0
11204,0
5061,0
16626,0
31984,0
46495,0
10051,0
22905,0
25737,0
386,0
21039,1
48642,0
48381,0
40874,0
6452,0
1509,0
26611,0
34172,0
26633,0
27283,0
11499,0
28392,0
42259,0
32405,0
6779,0
42240,0
33690,1
39570,0
36301,0
1319,0
7158,0
16321,0
9640,0
21358,0
29873,0
39743,0
33567,1
17967,0
28299,1
12255,0
12593,0
4017,0
28644,1
25030,0
4286,0
37082,0
11366,0
48749,0
10806,1
35028,0
43972,0
35910,0
41266,0
28719,0
35573,1
8473,0
45140,0
46096,0
35228,1
23385,1
39775,0
12299,1
22342,0
33205,1
26619,0
40137,0
10619,0
38423,1
30453,1
31163,1
42978,0
2911,0
2045,1
11982,0
12836,0
47997,0
2478,0
19459,0
2740,0
33390,0
48770,0
40735,1
35526,0
12031,0
44631,0
32459,0
45743,0
22427,0
47585,0
5712,0
38879,0
3014,0
13424,0
23916,0
32629,0
738,0
6987,0
7378,0
26413,0
16190,0
27160,1
33815,0
4170,0
28445,0
39108,1
11679,0
32421,0
47299,0
16116,0
15663,0
8553,0
14318,0
35691,1
41965,0
46998,0
5218,0
38732,1
26418,1
28941,0
22158,0
35732,1
14869,1
307,0
18898,0
12343,0
629,0
9008,0
13991,1
31515,0
23146,0
30154,0
8168,1
32207,0
23805,0
43914,1
3365,0
35798,0
7762,0
42603,0
15429,0
8148,0
24021,0
45575,0
6787,0
28794,0
15396,0
374,0
45519,0
22840,0
43691,0
25777,0
42540,0
46996,0
6531,0
8180,0
42030,1
43698,0
43629,0
33082,0
20560,0
44357,1
42717,0
31174,0
23467,0
39190,0
23159,0
46421,0
45002,0
28613,0
6920,0
19928,0
20276,0
40163,0
28990,1
7056,0
20900,0
29163,1
27472,1
32896,0
47760,0
23594,0
46299,0
40530,0
33991,0
42008,0
29019,0
43719,0
13129,0
282,0
388,0
2761,0
34461,0
1802,0
29551,1
3465,0
17275,0
6548,0
11880,0
33678,1
35186,0
10575,1
46603,0
38534,0
43607,0
1741,0
22719,0
44168,0
31882,1
48608,0
23453,0
19386,1
25951,0
41926,0
29755,0
38815,0
11898,0
38569,1
21910,0
39020,0
34936,0
22732,0
13544,0
3918,0
4529,0
6505,0
35637,1
21309,0
16277,0
21494,0
45644,1
22209,0
31733,0
7718,0
43843,0
40966,0
45852,0
20382,0
33306,0
796,0
38941,0
4476,0
43752,1
15260,0
20498,0
32220,0
2708,1
30728,0
42378,0
12529,0
25016,0
46760,0
27234,1
13900,0
44762,0
35706,0
27154,0
38113,0
48076,1
34906,0
38217,0
39017,0
41487,0
40036,0
16220,0
6819,0
31075,0
40804,1
43933,0
37199,1
22210,1
3479,1
11130,0
474,0
15872,0
38064,0
47120,1
9751,1
3159,0
44704,0
29253,0
4430,0
24934,1
18076,1
22669,0
27004,0
24840,0
27314,1
1797,0
16607,0
34836,0
31948,0
43784,0
21543,0
22953,0
27157,0
48214,0
515,0
31312,0
18542,0
19412,0
2143,0
4724,0
33218,0
45112,0
10171,0
20762,0
22295,0
1513,1
47869,1
24031,0
48053,0
34026,1
34904,1
27266,0
15721,0
42692,0
22415,0
15686,0
35723,0
39002,0
18902,0
39863,1
45695,0
40168,0
41363,1
32607,1
33741,0
5844,0
43142,0
11331,0
1723,0
26911,0
40182,0
4335,0
25847,0
40424,0
29494,0
39165,0
16732,1
31978,0
21789,0
6255,0
4589,1
28091,0
12321,0
43209,0
31418,0
26522,1
6615,0
24599,0
9786,0
20690,0
20456,0
20738,0
39895,0
33385,0
1486,1
26268,0
3613,1
25204,0
16817,0
22877,0
29062,0
30281,1
43628,1
9213,0
43460,0
45415,0
15079,1
4384,1
29282,0
5350,0
15684,0
24088,1
30876,0
44552,0
9780,1
40452,1
42682,0
39114,0
33018,0
31600,0
46232,0
13195,0
41842,0
47215,0
11457,0
29151,0
2820,0
45816,1
40276,1
24572,0
1004,0
23209,0
8743,0
41263,0
32038,1
8604,1
24859,0
46422,0
24693,0
27104,0
4784,1
25430,0
17815,0
35751,1
24508,1
21554,0
37873,0
23913,0
24534,0
14576,0
15844,0
41053,0
6673,0
36891,1
27669,0
30271,0
32465,0
13040,0
1414,0
12089,0
4639,0
37169,1
22687,1
9641,1
9386,0
9544,1
41923,0
27140,0
8077,0
12930,1
13906,0
8003,0
33665,0
672,0
32059,0
41936,0
33763,1
25499,1
33128,1
38050,0
38178,0
39484,0
33395,0
24932,0
47862,1
41706,1
6558,0
5688,0
10256,0
24778,1
20744,0
13648,1
20469,0
25912,0
9908,0
9860,0
20829,0
16993,0
3739,0
19856,1
45967,0
25820,0
21182,0
17913,1
9127,0
1183,0
581,1
21284,0
11834,0
31666,0
13761,0
47481,1
12394,1
11888,1
12907,0
32533,1
32003,0
33049,0
7838,1
23711,0
23615,0
33553,0
6682,0
24738,0
8542,0
31557,0
608,0
46427,0
41327,0
26488,0
2361,0
27006,1
39989,1
37377,0
48075,1
37152,0
31657,0
28259,0
48354,0
18066,1
24754,0
38313,0
1069,1
33058,0
25220,1
9708,0
15539,1
33691,0
37510,0
1637,0
26676,0
6188,0
19594,0
27369,0
33965,0
44867,0
13507,0
38788,0
37413,1
41975,1
44763,0
23925,0
37511,0
24063,0
48652,1
7292,0
22590,0
24271,0
17264,0
42526,0
22220,0
30317,1
29262,0
36551,0
23582,0
9931,0
44310,0
10964,0
8332,1
27990,0
48697,1
26306,0
46222,1
34640,0
13198,0
10717,0
5259,1
20612,0
6067,0
16974,0
27693,0
46795,0
7300,0
8113,0
48441,0
47103,0
48593,0
40075,0
3088,0
36091,1
21516,0
14291,1
43839,0
4646,0
31148,1
26787,0
10010,0
21330,1
7470,0
29255,0
45999,1
41657,0
26669,0
48116,0
16431,0
12514,0
44766,0
21728,0
7830,0
35110,0
36345,0
21315,0
24787,1
40767,0
5759,0
38343,0
43288,1
23094,0
11684,0
12781,0
14041,0
13879,0
137,0
27897,1
4686,0
44152,0
35313,0
34853,0
30257,0
4379,1
8121,0
36296,0
12428,0
24578,0
35860,0
15369,0
12792,0
10075,0
32269,0
19922,0
34735,0
15570,0
13137,0
8138,0
12491,0
23430,0
32821,0
3702,0
47118,0
24931,0
14789,1
44271,0
31264,0
22801,0
37499,0
13166,0
42958,1
17034,0
11673,0
39349,0
46008,0
21541,0
19421,1
11150,0
12027,0
45544,0
38230,1
36945,0
29792,0
20444,0
38335,0
41769,0
5114,1
8735,0
20389,0
29660,0
12873,0
5446,0
29368,0
14408,0
12506,0
29828,1
13071,0
7605,1
37089,0
7117,1
41246,0
31685,0
182,1
29280,0
34315,0
33707,1
27932,0
24595,0
31105,0
45065,0
45887,0
2144,1
9512,0
23422,0
43600,0
19379,0
19017,1
30168,0
24487,0
2210,0
4237,0
14454,1
15740,1
39972,0
29248,0
10882,0
6388,0
18489,0
11634,0
47653,0
18082,0
42300,0
45923,1
24323,0
36051,0
24911,0
40791,1
23849,0
28197,1
18109,0
12319,0
27876,0
15784,1
20242,0
11335,1
25961,0
29808,1
1992,0
28116,0
20002,1
14962,0
44538,0
46092,0
26626,0
39043,1
2939,0
32709,1
2228,0
33003,0
46263,0
44084,0
48609,0
29446,0
20215,0
39622,1
10524,0
2814,0
25386,1
26236,1
46157,0
43666,0
25804,1
36268,0
33852,0
13493,0
41162,0
3443,0
35158,0
26873,0
47268,0
40897,1
9168,0
25720,1
33799,1
19494,0
11851,0
3606,0
25752,0
32544,0
35429,0
14868,0
34976,1
36248,0
48324,0
46125,0
44249,0
38840,0
44906,0
24727,0
16929,0
7844,0
3104,0
44070,1
28976,0
45077,1
42311,0
15680,0
18492,0
25318,0
17063,1
13094,0
38969,0
42071,0
5833,0
32800,0
5746,0
8828,0
35807,0
25582,0
45502,0
6857,0
17036,0
7211,1
26707,0
5519,0
220,0
5845,0
13386,1
27921,0
11703,0
17759,0
21523,0
37595,1
31681,0
47724,0
23170,0
35523,0
41235,0
25734,1
23658,1
16658,0
23029,0
37291,0
24668,0
6280,0
37654,0
19196,0
31513,1
47529,0
16335,0
8126,0
970,0
9039,0
29830,0
25848,1
39591,1
30509,1
12595,0
10757,0
5408,0
31992,0
6786,0
32040,0
37823,0
43224,1
47323,1
24929,0
29589,1
27050,1
27501,0
6016,0
24255,1
4519,0
8896,0
32838,1
35867,0
4073,0
40704,0
17469,0
4956,0
17219,0
14341,0
45455,0
37023,0
45922,0
16048,0
12566,0
28688,0
33919,1
8459,0
46954,0
41449,0
48362,1
1240,1
46429,0
11365,0
21384,0
33574,0
46549,0
42146,0
20603,1
46060,0
22598,0
19044,0
9762,0
46528,0
10833,0
17164,1
460,0
730,0
23351,0
40470,0
20971,0
16485,0
4542,0
25320,0
15830,0
24120,0
22866,0
41946,0
25505,0
17980,0
30089,0
12535,1
17210,0
46273,0
43413,1
18768,0
47665,0
39006,0
6450,0
42479,0
7620,0
33993,0
544,1
4507,0
23240,0
44638,0
20651,0
34919,0
18625,1
36746,1
39251,1
21603,0
872,1
5355,0
3043,0
33630,0
29462,0
12796,0
3060,0
16912,0
34312,0
22694,0
27661,0
12633,1
7585,0
8858,0
44999,1
43982,0
867,0
45532,1
30816,0
42161,0
25676,0
37725,0
29143,0
1166,0
3841,0
14799,0
29882,0
8768,1
24825,0
10176,0
10590,0
27540,0
17719,0
44877,1
71,0
24307,1
31890,0
45143,0
19366,0
45411,0
19429,0
17183,0
32084,0
27470,1
2533,0
39558,0
18174,1
12332,0
29556,0
5739,0
43632,0
5779,0
10941,0
15199,0
23897,0
43080,1
16045,0
11848,0
4541,0
46144,0
11006,1
7676,0
6437,0
25495,0
39940,0
520,0
39351,0
30860,1
22707,1
34306,0
42839,1
37307,0
40706,0
35533,1
29075,0
5059,0
44037,0
31697,0
46351,0
21767,0
22010,0
31141,0
42667,0
33990,1
22477,1
10330,0
4775,0
27521,1
14629,0
39842,0
27523,0
327,0
30667,0
37597,1
38223,0
40678,0
42016,0
9124,0
45437,0
12504,0
1301,0
6852,0
45025,0
36860,1
20220,0
31140,0
38233,0
42112,1
1404,0
4811,0
38757,0
30787,0
16828,0
44851,1
37341,0
28338,0
34393,1
29057,0
35594,0
46124,1
19246,1
45349,0
15402,1
26495,0
34509,0
29440,0
39265,1
29902,0
24440,0
23136,0
34793,0
28977,0
41339,0
13815,1
5444,0
35329,0
14173,0
30861,0
22254,0
34249,1
23859,0
4408,0
31755,0
11440,0
29095,1
6157,0
24210,0
48351,0
13498,0
37659,0
23258,0
11607,0
27281,0
6861,1
33253,0
11359,1
29003,0
44751,1
19195,0
4596,0
22183,0
45006,0
159,0
11201,0
42067,0
44930,0
38415,0
10439,0
9441,0
40142,0
13820,1
19834,0
28026,0
21563,1
17150,0
4003,0
2863,0
18469,0
43015,0
40523,0
19590,0
35912,1
18125,0
44360,0
43848,1
30258,0
25416,0
3087,0
30301,0
35213,1
41027,1
27654,1
17871,0
21882,1
8574,0
38275,0
45917,1
31546,0
19439,0
41046,0
24653,0
40836,0
6722,0
8012,0
40454,0
16030,1
11631,0
41925,0
7079,1
34359,0
15591,0
37217,0
10800,0
26404,0
22864,0
15112,0
25180,0
7755,0
12524,1
34905,1
45064,0
43362,0
26033,1
14723,0
38990,0
33232,0
34037,1
37399,0
19533,1
35082,0
42381,1
14385,0
13810,1
36671,1
19192,0
1390,0
47137,0
41670,0
22640,1
44073,0
30890,1
47989,0
41709,0
24563,0
20670,1
2695,0
2599,1
41399,0
22616,0
4123,0
26080,1
5488,0
35652,0
4864,0
11765,1
22824,0
33156,0
13001,0
13128,0
47949,0
39241,0
15162,1
21971,0
4482,1
31759,0
42902,0
29858,1
4832,0
23669,0
4052,0
42875,0
46109,0
9858,0
4834,1
22018,0
18014,0
41728,0
34907,0
8056,0
3620,0
44031,1
47564,0
16984,0
39845,0
19126,1
20291,0
223,1
10099,0
3075,0
37491,1
8629,0
30424,1
43399,1
23226,0
20428,0
8243,0
39779,1
8066,1
30555,0
19946,1
22435,0
25806,0
30249,0
11807,0
7578,1
2305,1
45005,1
21410,0
31475,0
43509,0
20957,0
47151,1
31308,0
18633,1
21963,1
11077,0
11350,0
36543,1
25985,0
32425,0
14325,0
12125,1
48728,0
23812,1
48401,0
10275,0
10586,0
2032,0
21382,1
5520,0
30408,0
8531,0
36872,0
12182,0
36524,1
57,1
43117,0
4525,0
46625,0
1843,0
11709,0
18807,0
44463,0
22286,1
11035,0
47908,0
23583,0
29038,0
24496,0
18276,0
8824,1
33943,0
7455,1
7712,0
1304,0
6487,0
5248,1
32739,0
29747,1
10727,0
24784,0
33858,1
37472,1
24659,0
29526,0
31914,1
20246,0
45702,1
39294,0
7535,0
42521,0
36847,0
11199,1
18052,1
13339,0
25235,1
13632,0
34096,0
46438,0
28923,0
48822,0
30643,0
47314,0
36910,1
14129,1
9667,0
20424,1
17149,1
17405,0
12305,0
26547,0
2632,0
44415,1
36042,0
33074,0
39191,1
14983,0
2215,0
22354,0
18827,1
2575,0
19168,0
20782,0
1783,0
20519,1
22958,1
44423,0
42828,0
44742,0
2288,0
3300,1
7298,1
10024,0
10536,0
37236,0
33711,0
26557,0
3945,1
21962,0
18600,1
42200,0
8872,0
5883,0
14304,0
15089,1
21628,1
44591,1
22022,0
37366,0
28306,0
22113,0
18686,0
42450,0
5101,0
33281,1
15173,0
20716,0
32815,0
25562,0
17727,0
19297,0
34733,1
8399,1
35919,0
3576,0
7431,0
21806,0
38775,0
43761,1
21905,1
10214,0
4449,0
45620,0
25120,0
20521,0
48621,0
2254,0
30688,0
23253,0
12812,0
42536,0
696,0
22904,0
46681,0
30999,0
4971,0
7361,0
35518,0
26851,0
26639,0
11686,0
11470,0
19055,1
44008,1
39354,0
1666,0
3586,0
41767,0
17879,0
44122,1
39487,0
11943,0
31318,1
15867,1
16401,0
22520,0
12357,0
18407,0
45273,0
39963,1
42727,0
32975,1
11434,0
6945,0
47731,1
17480,0
6381,0
19703,0
20632,1
7525,0
28454,1
12773,0
14896,0
5766,1
12348,0
8936,0
7731,0
23551,0
22078,0
46692,0
24365,1
43770,0
27775,1
44970,0
8247,0
11420,0
31293,0
46054,1
29522,1
41594,1
47741,0
30442,0
32236,1
28482,1
40679,0
15752,0
22051,0
1313,0
26436,1
29649,0
3667,0
6152,0
47044,0
13486,0
9889,0
40940,1
23341,1
37575,0
45224,0
39309,1
1910,1
32682,0
30457,0
18271,0
3107,0
45972,0
861,0
1170,1
39189,0
18557,0
15034,0
31441,1
21444,0
5103,0
20369,1
13461,0
28570,0
23948,0
14143,1
43572,0
32144,0
22591,1
42147,0
44784,0
16916,0
33506,0
29931,1
43371,0
16575,0
8910,0
46604,0
41114,0
14522,0
31366,1
15481,0
4874,0
29231,0
33805,0
26685,0
37816,0
36871,0
29117,0
15549,0
45627,0
20073,0
6346,0
48808,0
9679,0
35864,0
37522,1
23915,0
26189,1
36443,1
13161,1
18820,0
28487,0
24264,1
33347,0
14780,0
26099,0
44661,0
23416,0
31842,1
12733,1
24703,0
31040,0
15973,1
31953,0
40316,0
14798,0
42765,0
28940,1
36699,0
7989,0
30951,0
13589,1
407,0
47365,1
43198,0
23939,0
8643,0
21853,0
34363,0
33806,0
47533,1
13409,1
25908,0
23476,0
42466,0
38291,1
11987,0
38309,0
37387,0
35641,0
27331,0
36575,0
29861,0
19970,0
10334,1
42532,0
46108,0
1374,0
40082,0
30768,1
27007,0
25009,0
40592,0
41299,0
16877,0
31590,0
1454,0
21192,0
41544,0
47845,1
22363,1
37215,0
40313,0
4394,0
26213,0
44493,0
42975,0
22534,0
38436,0
25126,0
12844,0
4885,0
12260,0
27834,0
18412,0
38109,1
42203,0
34024,1
20921,0
20972,0
40520,0
8048,1
5491,0
39379,0
24310,1
41348,0
47087,0
11598,1
40835,1
32931,0
46852,1
10843,0
46944,0
984,1
29037,1
29690,0
23625,0
5079,0
28863,0
29014,0
19451,0
18698,0
3852,0
32863,0
34753,0
37115,1
23779,1
40487,0
37756,1
8751,0
17782,0
45732,0
46553,0
24204,0
34226,1
7057,0
14709,0
6368,0
45674,0
14783,0
10862,1
24636,0
34145,0
16170,0
46724,0
30536,0
26865,0
47453,0
23606,0
30343,0
24952,0
22716,0
22860,0
33742,0
45777,0
32402,0
5289,0
932,0
42867,0
13278,0
25552,0
24007,0
38853,0
4183,0
20992,0
35548,0
30700,0
41673,0
28297,1
10774,0
9924,0
32652,0
29728,0
45731,0
35658,0
30356,0
22348,0
28460,1
18811,0
13082,0
37734,1
42193,0
11714,0
4329,1
26845,0
33899,0
2701,0
22239,0
36294,0
7968,0
20711,0
42760,0
6784,0
12196,1
21041,0
16288,1
7036,0
19256,0
6060,0
35093,1
5100,0
41762,1
29936,1
4423,1
33378,0
38763,0
32037,0
17707,1
48766,0
33140,0
36029,0
45491,0
47233,0
39280,0
23716,0
32356,0
39264,0
35841,0
18130,1
28670,0
18497,0
35481,0
9009,1
5296,0
7825,0
38931,0
39771,0
21194,0
27249,0
35488,0
41777,0
29346,1
45716,1
28181,0
47519,0
33331,0
44893,0
1994,0
24269,0
44049,0
41370,0
40290,0
29017,0
43172,1
42032,1
12997,0
36232,0
5171,0
25381,0
18375,0
1151,1
9816,0
25056,0
6664,0
218,0
36488,0
27551,0
33510,0
20312,1
10007,0
25046,0
21173,0
48701,0
14836,0
36078,1
15969,0
3295,1
7847,1
1207,0
11758,0
30290,0
35677,0
45901,0
28604,0
698,1
32731,0
47912,0
21323,0
23179,0
33239,0
19270,0
14738,0
30689,0
2623,0
30051,0
27525,0
15769,0
39395,0
12973,0
21624,0
13982,1
28475,1
27776,0
44295,0
21029,0
45123,0
18657,0
36620,0
11187,0
22638,0
29891,1
19094,0
2788,0
42575,0
8919,0
37422,0
11482,1
32417,0
14297,0
47852,0
2096,0
6891,0
7327,0
25509,1
47415,0
35733,0
38243,0
26524,0
15823,0
13941,0
14782,0
35285,0
45174,0
9407,1
154,1
27688,0
34727,0
21146,1
48601,0
25347,1
17273,0
37573,0
27658,0
10570,0
10120,0
12838,0
37868,1
10381,0
27995,0
18242,1
2308,0
616,0
623,0
21784,0
21043,0
15172,0
1680,1
2055,0
5370,0
11826,1
44140,1
13490,1
11946,0
39161,0
24978,0
4229,0
9506,0
7101,0
13046,1
8299,0
46491,0
12700,0
27730,0
28323,0
29126,0
26318,0
36127,0
3690,0
13225,0
24766,0
17613,0
40541,1
13897,0
18379,1
30288,0
4555,0
3213,0
21638,0
22318,0
3041,0
12862,1
48179,1
8434,1
31267,0
43612,1
8684,0
14335,0
15025,1
42949,0
25725,0
21904,0
9840,0
38670,1
31019,1
14009,0
21969,1
34736,1
32305,0
7963,1
20791,0
15042,0
6728,0
19517,0
20914,0
16291,1
38426,1
42179,0
14365,0
42180,0
13383,0
22743,0
37862,0
34631,1
14594,0
36036,0
17195,0
18062,0
31947,1
10128,1
30995,1
34179,0
7225,1
22753,0
31367,0
37887,1
37606,1
21631,0
13960,0
21588,0
28887,1
11795,0
46384,1
10070,0
32308,0
3203,0
6935,0
5020,0
15992,0
3468,0
20247,1
6988,0
18679,0
38633,0
15358,0
38821,0
1463,0
7129,0
39900,1
22274,0
17549,0
33042,0
43219,1
2196,0
30811,0
23298,0
11589,1
14755,1
8074,0
42284,1
11724,0
32007,1
38699,1
39630,0
23031,0
34828,0
15096,1
7744,0
33344,1
22046,0
3703,0
21373,0
28062,1
31941,1
45562,0
10442,0
35953,0
29742,0
10834,0
30744,0
4439,1
14669,0
17427,0
816,0
27027,0
35336,0
1093,0
1080,0
37842,0
3210,0
45904,0
11090,0
15178,1
4872,1
10826,0
12,0
48079,0
12671,0
14303,1
10795,0
14871,0
47964,0
24420,1
41075,0
25093,0
33318,0
15808,1
16094,0
21268,0
27651,0
10404,1
29096,0
18930,0
19346,0
32719,1
3448,0
45606,0
41462,0
42745,0
30514,0
45785,1
1385,0
28692,0
40952,0
2227,0
27076,0
29242,1
40320,0
290,1
18124,0
4795,0
30759,0
22885,0
28882,0
40079,0
35614,1
11995,0
3191,1
45870,0
10814,0
1660,0
41103,0
29513,0
20877,0
12600,1
41110,0
44727,1
10354,1
33973,1
48454,1
18897,0
14904,0
22888,0
36417,1
17691,0
5385,0
9112,1
44734,1
19819,1
35476,0
35711,0
11649,0
45479,0
36377,1
35428,0
25360,1
30632,1
13492,0
40381,1
41566,0
32934,0
44701,0
678,0
9014,0
23558,0
31297,0
9245,1
47933,1
15900,1
14402,0
31796,1
9500,0
11605,0
30529,0
43438,0
12880,1
41753,0
21153,1
2526,0
10363,0
5810,1
116,0
48222,0
35713,0
6419,0
41422,1
24819,1
21091,1
37004,1
30207,0
46568,0
20282,0
42997,1
47664,0
19830,0
36083,0
36856,0
46086,0
47213,1
39782,1
21521,0
44135,0
46271,0
29919,0
5855,1
46588,0
45797,0
34526,0
45670,0
33343,0
15019,1
22343,0
33935,1
22241,0
11968,0
24923,0
47042,0
11012,0
14068,1
5342,0
28144,0
767,0
27363,1
16114,0
1085,0
26250,0
28252,0
31462,0
7877,0
27925,0
14082,1
12432,1
43437,1
30234,0
40187,0
8836,0
15156,0
12022,0
25981,0
3451,0
27345,0
14504,0
11681,1
11259,0
18120,0
46311,0
42089,1
20386,0
16412,0
35539,0
9915,1
48216,0
33565,0
33770,1
14699,1
3964,1
2113,0
23601,0
24717,0
7023,1
13104,0
28805,0
30941,0
2100,0
3289,0
29331,0
35351,0
15480,0
8275,0
48812,0
17214,0
36603,0
22861,1
24619,0
47892,0
30924,0
10048,0
48816,0
40662,1
13417,0
46752,0
47447,0
16194,1
30430,0
8287,0
15387,0
17356,0
31404,0
9872,0
32394,1
6790,0
6740,0
29316,0
34241,0
8690,0
2659,0
29206,0
22600,0
7884,0
25164,1
25195,1
26879,0
769,1
26725,1
1053,0
36565,0
37569,0
43010,1
20337,1
17431,0
3371,0
11114,0
44852,0
19080,0
14400,0
43192,0
27717,0
19878,0
4787,1
43788,0
9611,0
7080,0
39263,0
31298,0
37268,1
11821,1
19443,0
3183,0
9678,0
36474,1
29905,0
42374,1
25272,0
28526,0
34063,0
17177,0
19125,1
3059,1
46288,0
23374,1
47947,0
31157,1
48545,0
21347,0
46698,0
10349,0
30456,0
36056,0
22418,1
9925,1
1864,0
9117,1
36734,0
29584,1
38218,0
39672,1
47445,1
8982,0
12739,0
36489,0
2765,1
3185,0
1358,0
20330,0
19085,0
35774,0
15866,0
13832,0
13404,1
5374,1
25138,1
7030,0
30008,0
46363,0
46970,0
3340,1
10854,0
11890,0
23261,0
40930,0
25890,0
48186,0
46879,0
4169,0
1372,0
15078,1
47833,0
7342,1
6840,1
37042,1
15816,0
27096,1
37277,1
10307,0
42628,1
44153,1
2890,1
15657,0
3968,1
16138,0
19656,0
21111,0
38798,0
12968,1
43327,0
47890,1
48252,0
40697,0
20109,0
11526,0
18751,1
31185,0
29044,0
5777,0
44896,0
7338,0
37972,0
30841,1
40682,1
38557,1
45512,0
12917,1
5394,0
15641,0
358,0
39448,0
10494,0
6071,0
48832,0
32726,0
5324,0
6824,0
27449,1
23555,0
32074,0
41056,0
22413,0
30943,0
13614,1
34056,0
44060,0
39774,0
981,0
44956,1
34778,1
46457,0
39565,0
43501,1
34183,0
11397,0
10468,0
14545,0
34012,0
46819,0
8007,0
5497,0
42711,0
19963,0
7409,0
35386,1
41273,0
25321,0
32961,0
40999,0
14580,1
14436,1
25555,1
27452,1
20944,0
1107,0
4474,0
43838,0
1649,0
23198,0
44987,1
34113,0
23169,0
27931,0
9519,1
6022,0
28674,0
73,0
39993,0
10017,0
23804,0
46006,0
13277,0
7986,0
14838,1
3032,1
46258,1
6306,0
39563,0
46521,0
3226,0
8614,1
31460,0
857,0
1256,0
23846,0
30611,1
2903,1
19160,0
19788,0
4110,0
4998,1
19925,0
5299,0
38697,0
33543,0
31378,0
41675,1
21505,1
2819,0
17721,0
167,0
3764,0
31101,0
8495,0
10655,0
13799,0
6054,0
45730,0
14175,1
18088,0
104,0
35795,0
40691,0
15761,0
45652,0
8140,0
47134,0
1972,1
18067,1
35185,0
28681,0
39830,1
48227,1
1395,0
12574,0
13923,0
6676,0
7886,0
10813,1
32511,0
22560,0
17648,0
44183,0
16178,0
37871,1
11911,0
3370,0
26974,1
16807,1
32275,0
47753,0
10072,0
45378,0
3298,1
48428,0
17558,1
30898,1
33807,0
40278,0
20044,1
42382,1
18562,0
47370,0
36944,0
36954,0
13871,1
48626,0
6895,0
2634,0
18157,1
28686,0
27606,1
4955,1
28939,0
41434,0
26616,0
9070,0
4709,0
10348,0
8461,1
35775,1
40823,0
43311,0
2450,0
35790,0
1841,0
31277,0
16283,0
32670,0
39846,0
447,0
34127,1
26718,0
22460,1
33607,0
15492,1
22304,0
21389,1
23004,0
1901,0
16875,0
12061,0
30256,1
30832,0
39738,0
16129,0
29888,0
1948,0
4215,0
35217,0
27466,1
25814,0
25421,1
23291,0
1495,0
12233,0
16641,0
45220,0
10470,0
13063,1
3569,0
4706,0
39868,1
18796,0
14863,0
8325,0
14106,1
15931,0
47872,1
10056,0
20514,0
43104,0
42935,1
31968,0
28981,0
11464,0
11243,0
38180,0
6888,0
16054,0
5540,0
20039,1
22596,0
34490,0
17514,0
10485,0
30503,0
13318,0
31823,0
14663,0
702,1
31921,0
33654,0
20927,0
25916,0
25873,0
21847,1
36199,0
7829,0
42806,0
23267,1
22332,0
13958,0
42516,0
1149,0
23410,0
36903,0
12063,0
26607,0
6944,0
32654,0
39394,0
23943,0
21215,0
40059,0
36480,1
4145,0
18666,1
1106,0
32798,0
46867,0
37684,0
43059,0
25434,0
22280,0
31477,0
32278,0
32123,0
45831,0
45935,1
44440,1
4240,0
20680,0
6764,0
10219,0
16754,0
47176,0
37601,1
17229,0
46563,0
14779,0
31286,0
27884,0
11822,0
24670,0
5676,0
14585,0
31966,0
23848,0
35905,0
31668,1
11713,0
21576,0
30707,0
45338,1
36672,1
6220,0
15241,0
23519,0
2174,0
22076,0
11045,0
47501,0
26178,0
30975,0
543,0
10904,1
39313,0
10583,0
27396,0
29593,0
28999,0
1456,1
41287,1
1342,0
45062,0
38626,0
31275,0
19413,0
3814,1
16837,0
2947,1
45097,0
5456,1
23224,0
11228,0
33909,0
6081,0
40859,0
8546,0
32318,0
36665,0
18760,0
8829,0
4682,0
42968,0
40423,1
22471,0
33198,0
2135,0
4074,0
39557,0
1206,1
22991,0
785,1
19229,1
6337,0
21409,0
23751,0
29705,0
6828,0
32692,0
15607,0
24061,0
34001,1
41397,0
18644,0
31760,0
41647,0
39761,0
38710,0
37214,0
28766,0
41634,0
21919,0
46762,1
24742,0
18879,1
29768,0
22835,0
16623,1
18499,0
14515,0
8344,1
4996,0
5245,0
37940,0
6633,1
35306,1
33903,1
22989,1
47927,1
34978,0
368,0
45880,0
6426,0
25364,0
28256,1
7268,0
27858,1
41238,0
16542,0
30105,0
27016,0
6333,1
7186,0
44276,0
36768,0
13464,1
15908,0
43626,0
773,0
4806,0
41191,0
41028,0
43699,1
36678,0
47729,1
39509,0
21831,0
47886,0
1618,0
3064,0
7812,1
6966,0
31694,0
42330,0
42467,1
5210,0
42197,0
39090,0
33106,0
21489,0
19921,0
34552,0
46101,0
9383,0
41749,0
9067,0
4609,0
41429,0
31452,0
28902,0
24565,0
4980,1
15311,0
29871,1
24951,0
33960,0
17916,1
40370,1
19697,0
37752,0
3584,0
15251,0
20969,0
227,0
16765,0
45911,0
13194,1
25398,0
6749,0
28069,0
47092,0
45992,0
18372,0
15090,0
22773,1
17557,1
10552,0
2705,0
26071,0
1160,0
34506,0
44640,1
43574,0
5373,0
14371,0
21021,1
18903,0
1155,0
34390,0
21561,0
7667,0
32523,0
9533,0
28189,0
13443,0
17068,0
10215,0
32513,0
6551,0
3632,0
8271,0
8593,0
41970,0
1061,0
40259,0
7389,0
20249,0
23871,1
5151,0
17053,0
46129,0
25161,1
9212,0
29644,0
31215,0
38337,0
43557,0
14467,0
42220,0
32484,0
29712,0
34103,0
20053,0
17112,1
20432,0
18603,0
30479,0
43325,1
19704,0
45313,1
44176,0
24168,0
19033,1
923,0
1750,0
44530,0
4840,0
6339,1
21497,0
41801,0
24160,1
25882,0
23983,0
42174,1
5346,0
46756,0
19801,0
23563,0
18353,0
27353,0
37988,0
11015,0
43907,0
10477,0
48502,1
7354,0
36075,1
25394,1
31317,0
19028,0
27158,0
16136,0
2668,0
26659,0
20254,0
24455,1
33139,0
9326,0
25724,0
4483,0
2495,0
18192,0
38139,0
34838,0
44188,0
16473,0
26039,0
26187,1
31930,0
7507,0
16819,0
17777,1
4015,1
42453,1
19958,1
17850,0
29026,1
43062,0
17561,0
3351,1
28970,1
13452,0
29196,0
1914,0
26180,0
41730,1
34895,0
33412,0
47470,1
18513,0
45805,0
45192,0
21131,1
23843,0
43862,0
16268,0
2213,0
20405,0
25829,0
41886,0
26210,0
28580,1
48350,0
48510,0
43086,0
20996,0
15486,0
22248,0
41160,0
4314,0
25888,0
33488,1
26101,1
22410,0
37225,0
41966,0
20961,1
34098,0
23612,0
7984,1
37373,0
45409,0
18431,0
24064,0
3301,0
43322,1
41297,0
30079,0
47372,0
2943,1
24691,0
7357,0
20482,0
46597,0
32302,0
46003,1
8979,0
42955,0
40939,0
38302,0
11875,1
39575,0
1296,1
37772,0
11222,0
35960,0
36615,0
23008,1
26110,0
45950,0
1357,0
15482,1
10212,0
802,1
854,0
9760,0
18360,0
33071,1
7451,0
6967,1
37628,1
46822,0
7961,0
42747,0
26597,0
15189,0
40300,0
29064,0
33321,0
31061,0
10903,1
45680,0
48137,0
43282,0
21879,0
11215,0
26107,1
28126,0
13722,1
27694,0
34698,0
26976,0
10360,0
15518,0
19359,0
17712,0
42492,0
24126,0
29985,0
44018,0
14445,1
8915,1
2309,0
40830,1
11797,1
19030,0
38936,1
39299,1
29298,0
18734,0
43685,0
17335,0
26275,0
17678,0
1572,0
31476,0
17989,0
20409,0
11129,0
36045,0
13637,0
27126,0
24814,0
10701,0
2384,0
44908,0
3460,0
27959,0
39537,1
991,0
14676,0
15385,0
27535,1
12723,0
28829,0
39082,0
17919,1
10938,0
13780,1
2440,0
46464,0
24647,1
25615,0
8262,0
25825,0
45399,0
41189,0
21378,0
35630,0
21768,1
9674,0
5234,0
5361,0
25805,0
9098,1
7593,1
31334,0
8196,0
12722,1
19131,0
48705,0
21432,0
16118,0
6464,0
38258,0
7912,0
11965,0
32576,1
43229,0
43343,0
41660,0
29442,0
31931,0
33522,1
25694,0
46969,1
6663,1
21062,0
6449,0
5518,0
12794,0
9420,0
26730,0
27060,0
40766,1
35070,0
20493,0
11947,0
7202,0
29591,1
6522,0
15846,0
39970,1
1643,0
13412,0
40076,0
25372,1
24300,0
47404,0
21363,0
4210,1
22473,1
25214,0
29490,1
45888,0
3700,0
48106,1
45543,0
36637,0
12204,0
2480,1
4209,0
45462,0
16192,0
8552,0
34846,0
35184,0
33179,0
17382,1
24262,0
29106,0
24285,0
24761,1
31973,1
23855,0
2400,0
8717,0
34742,0
32057,0
47992,0
19940,1
11332,0
47226,1
16247,0
23428,1
41805,0
14372,0
38278,0
31095,1
42018,0
21924,1
35584,0
11380,0
17693,1
21659,0
46346,0
2147,0
10364,1
46165,0
47095,0
39870,1
10690,0
4796,0
1681,0
6341,0
8215,1
42106,1
36541,0
42198,1
6704,1
40086,0
44489,1
24992,0
30344,0
36812,0
7142,0
20732,0
47727,0
18493,0
13623,0
41452,0
19432,0
8645,0
10506,0
1096,0
38025,1
28913,0
34757,0
35710,0
24687,0
6008,1
7872,0
22715,0
17838,0
1277,1
48573,1
12302,0
35863,0
34995,0
45359,0
34438,0
33743,0
31876,1
10886,0
5653,0
35392,0
38271,0
40244,0
30084,1
28663,0
35274,0
10700,0
38164,1
43480,0
6912,1
31815,0
26334,0
6283,0
24699,0
45246,0
47272,0
15401,0
45058,0
42291,1
40772,0
24302,1
31473,0
48456,0
16859,0
34428,0
47265,0
4881,1
45893,0
8290,0
13579,1
43787,0
6550,0
37382,0
23518,0
28673,0
33222,0
3461,0
5174,0
34808,1
1428,1
41892,1
45132,1
30228,1
2589,0
20314,0
18608,0
14618,0
20269,1
40023,0
22081,0
6735,0
12330,0
3272,0
45162,1
33717,1
6298,0
43394,0
28128,1
40464,0
39115,0
47813,0
26196,0
28733,1
39694,0
33556,0
44653,0
33275,0
4662,0
40890,0
41955,1
24312,1
2925,0
14213,0
14354,0
10353,0
12851,0
26792,0
37983,0
30994,0
27578,0
31094,0
5258,1
7471,1
44046,0
17902,1
42870,0
9187,1
13361,0
20300,0
29509,1
2244,0
9764,0
38515,0
32949,1
8373,0
24882,0
36388,0
9564,1
48322,0
26498,0
10116,0
37574,0
28983,0
1103,0
37505,1
15291,1
16576,0
39060,0
31967,0
31395,0
16376,0
43111,0
23367,0
45673,1
43960,0
32024,0
12159,1
19243,1
1198,0
4072,1
48017,0
33541,0
10087,0
37625,1
37275,0
46240,0
18920,0
5606,0
14745,0
11791,1
20198,0
44914,0
14577,0
11467,0
43763,0
29531,0
48089,0
38669,1
46474,0
5503,1
40721,1
29971,0
23758,0
14775,0
27924,0
3971,0
35865,0
43505,0
40233,1
44023,0
24178,0
48684,0
6756,0
4336,0
14846,0
34184,0
13056,0
5454,0
41701,0
30992,0
46849,0
45024,0
6833,0
17249,1
15027,0
27599,0
8101,0
21553,0
21466,0
44644,1
33195,1
22668,0
39631,0
40074,0
22117,1
7833,0
15962,0
19981,1
48272,0
46451,0
33868,0
6462,1
10853,0
23596,0
46396,1
15225,0
18357,0
4122,0
22164,0
14368,1
16100,0
45669,0
3408,0
14345,1
1177,0
43746,0
35281,0
35199,1
42831,0
30086,0
37455,0
18864,1
24141,0
10115,0
11494,0
20274,0
48674,0
45757,0
3138,0
28457,0
31969,0
601,0
40243,1
5626,0
27871,0
44718,0
14645,0
42178,0
39945,1
16400,0
10705,0
43095,0
4544,0
24237,0
20100,0
5403,0
38896,0
46376,0
28186,0
11620,0
8984,0
30178,0
18448,1
30645,0
5096,0
1946,1
35194,1
26559,0
22166,0
15691,0
27483,0
29617,0
17296,0
726,1
40944,0
22797,0
466,1
10673,0
22313,1
14279,0
12070,0
19226,0
48564,0
8322,0
43709,1
37537,0
24242,0
47279,0
2419,0
8233,1
48732,0
10849,0
3936,0
29474,0
31239,1
14364,0
32819,0
26517,0
12688,0
36356,0
22614,0
295,0
36793,1
22217,1
20646,1
15849,0
37731,0
38195,0
3481,0
6496,0
40015,0
24641,1
9502,0
12881,0
6553,0
46784,0
42860,0
29944,0
9949,1
4559,1
8022,1
20751,1
29759,1
6589,0
45756,0
3046,0
22749,1
36161,0
47734,1
26509,0
37656,1
47878,0
15203,0
27649,0
17138,1
46410,1
36562,0
40488,0
20601,0
10446,1
22857,1
6913,0
8404,0
47639,0
37185,0
33134,0
3238,0
37009,0
4060,0
14358,0
21364,0
2431,0
12747,1
10860,0
15459,1
24364,0
22196,0
34924,1
39386,0
3500,0
33938,0
45717,0
17500,1
27213,0
34702,0
12928,1
35311,0
22859,0
518,0
26122,0
23122,0
3944,0
4063,0
28777,0
30055,0
32541,0
5522,1
43547,0
12294,0
29328,1
5955,0
15731,0
7467,0
30465,1
29478,1
10665,1
37103,0
41824,0
43821,0
14973,0
42028,0
2468,0
33328,0
9781,1
48781,0
47818,0
34517,0
2627,0
13487,0
8190,0
2405,0
12875,1
9629,0
17734,1
2930,1
33080,0
46605,0
29957,0
32494,0
40417,1
45567,0
38531,0
9402,1
21078,1
5166,0
34861,0
4029,1
8646,0
48090,1
5154,1
47598,0
18737,0
25432,0
7448,0
41907,0
1636,0
44860,0
17368,0
11306,0
28289,0
31285,1
1795,1
18729,0
14439,0
10509,0
11823,1
6689,0
2048,0
41577,0
25254,1
17533,0
28961,1
25602,1
19907,0
24521,0
42928,1
31584,0
10187,1
31658,0
15407,0
30518,1
21290,0
32871,0
14253,0
29799,0
6186,0
38928,0
5467,1
22858,0
13349,0
22942,1
38441,0
16476,0
28996,1
32423,0
8921,0
36763,0
43434,0
33894,0
6705,0
47401,0
34867,1
17306,0
45438,1
13881,0
43694,1
16379,0
12967,0
13685,0
17984,0
35619,0
33518,0
45306,0
15771,1
1712,0
48062,0
34816,1
23652,1
13598,1
47115,0
31769,0
17618,1
1318,0
14793,0
10501,0
16295,1
34208,0
22035,1
15092,0
27554,0
39539,0
39673,0
24404,0
15498,0
39951,0
14609,1
36371,0
14031,0
8263,0
36010,1
34217,1
26906,1
8261,0
11336,0
20527,1
32667,0
16703,1
26645,0
36852,0
22182,0
10805,0
33402,1
27794,1
35939,0
40782,0
24153,0
36267,0
29344,0
15055,0
37996,1
10310,0
12850,0
45936,1
29605,0
14737,0
10022,1
11550,1
30936,1
39350,0
48444,0
12549,0
4720,0
35413,0
13350,0
24317,1
23458,1
38505,0
39713,0
23650,0
22033,0
40690,1
18985,0
43029,1
43026,0
34089,0
29776,0
36360,1
4554,0
5994,0
11423,1
1588,0
6742,0
43452,0
39854,0
31358,1
33786,0
26608,1
48165,1
28831,0
28790,0
12841,1
35127,0
13605,0
5252,0
11028,0
3655,0
9436,1
45952,0
46009,0
30052,0
29074,1
47603,1
10197,0
1611,0
14822,1
5614,0
19003,0
11480,0
46361,0
7757,0
28182,0
24183,1
47132,0
45315,0
40322,0
37965,0
17626,0
48748,0
29352,0
22756,1
11573,1
45781,0
15629,1
23440,0
24549,1
36458,0
25703,1
18914,1
39015,0
37437,1
10100,0
23986,0
37915,0
34274,0
20515,0
46307,0
25085,0
7509,1
10303,0
3813,0
12957,0
34300,0
36261,0
3002,0
20682,1
30579,0
38370,0
44370,0
27545,0
22463,0
14840,0
39852,1
20171,0
45661,0
33667,0
8886,0
17349,0
12567,0
29383,0
20216,0
22422,0
14989,0
14677,0
24672,0
32204,1
39855,0
11855,1
429,0
24989,0
23077,0
42573,0
21416,0
1753,0
40486,0
2666,0
16880,0
3217,0
40942,0
29164,0
45486,0
13527,1
8443,0
43276,0
20026,0
44806,0
6363,0
23219,0
842,0
28138,1
33598,0
27802,1
29357,0
37270,0
5002,1
21688,1
20136,0
16796,0
16721,0
39381,0
18700,0
6001,1
27107,0
30439,0
18612,0
12978,0
20379,0
48262,0
22155,0
19722,0
17942,1
26528,0
48710,1
36731,0
103,0
44724,0
13331,0
33316,0
31379,0
7543,1
48669,0
10131,0
31326,0
43065,0
33466,0
35011,0
14226,0
28799,0
29756,0
14511,0
47711,1
46988,0
13700,1
10660,0
48435,0
44464,0
22423,0
20188,0
17672,1
14186,1
34050,1
41197,0
7523,1
35404,0
2845,0
8470,0
42026,0
3245,0
47792,0
36870,0
15298,1
29923,0
27397,1
15269,0
10859,1
44016,1
42225,0
11514,0
22634,0
36824,1
7800,0
16271,0
30171,0
14751,0
18370,1
30235,1
37923,0
38677,0
27469,0
39639,1
19401,0
40882,1
17865,0
12904,0
15945,0
26581,0
25512,0
8966,0
2868,0
27944,0
23666,1
27556,1
9933,0
37534,0
39415,0
42889,0
39447,0
27610,1
43642,0
1583,0
35602,0
21684,0
40084,0
3633,0
11453,0
17129,0
34982,0
12257,0
17636,1
31843,1
17009,0
17872,0
39455,0
21702,0
8119,0
2558,0
16716,1
44458,0
36166,0
14381,1
32897,0
1179,0
17191,0
12895,1
10474,1
21116,0
36754,0
755,1
48658,0
37990,0
10661,0
41466,0
34666,1
13112,0
3593,0
40851,0
17688,1
25036,1
32300,0
34245,0
23006,0
7314,1
27581,0
40788,0
3927,0
13948,1
8323,0
5327,0
18649,0
31827,1
5686,0
10645,1
5397,0
19100,0
15667,0
34520,0
28756,0
36469,0
12947,1
39719,0
1254,1
21677,0
20484,1
19317,0
46323,0
18654,0
2500,0
18253,1
34554,0
44337,0
13432,0
23030,0
75,0
41050,0
31615,1
48703,0
36645,0
19595,0
5338,0
24890,0
46237,1
38594,0
45541,0
47674,0
44433,0
33847,1
36096,0
46535,1
18123,0
24649,0
38856,0
39996,1
20448,0
34888,0
8545,0
36518,0
11648,0
47070,0
122,0
9365,0
38632,0
11761,0
894,1
34790,0
37999,0
32601,1
33111,0
30434,0
37379,0
23574,0
21914,0
41942,1
9812,0
22108,0
48018,0
45250,1
1604,0
38809,0
30213,0
1471,0
48190,0
40006,1
27492,1
36382,0
45953,0
44450,0
2709,0
25959,0
21079,0
47025,0
33570,0
40557,0
44506,0
20175,1
7532,0
25414,0
11061,0
3663,1
34706,0
41822,0
16692,0
7121,0
38847,0
414,0
29661,0
35315,0
19377,0
13260,0
29788,0
36179,1
39122,0
13039,1
16884,0
9970,1
26694,0
1112,1
7775,0
2446,0
9480,0
5010,0
45377,0
31813,0
30242,1
46799,0
12821,1
22067,0
22544,0
17227,0
37932,0
33361,0
3961,1
44945,0
47174,0
10633,1
24309,0
14136,0
42387,0
25900,0
38168,1
35402,1
14249,1
35610,0
47752,0
41548,0
20411,0
13231,1
18488,0
5710,0
46590,0
4994,1
44034,1
8854,0
42011,0
24715,0
46033,0
6657,0
47490,0
9748,0
1651,0
40623,0
36497,1
24342,0
21726,0
3754,1
23362,0
29144,0
35937,0
21522,0
35182,0
48131,0
38011,0
37405,1
16078,0
41463,0
24854,1
31050,0
13109,0
22517,1
30020,0
3019,0
21783,0
46406,0
18080,0
43364,0
4038,0
10823,0
42915,0
47513,1
14920,0
42852,0
21792,0
16109,0
2050,0
13642,0
2815,1
38205,0
4921,1
31840,0
32763,1
37878,1
34550,0
33661,0
3572,1
47089,0
31386,1
44529,0
24246,0
3049,0
17478,0
34430,1
15231,0
29732,1
48790,0
13561,1
11721,0
35722,0
26041,1
29750,0
29726,0
17258,1
34724,1
19418,1
29028,0
8946,1
44216,0
40266,0
39491,0
28359,0
27795,1
43776,1
8391,0
15781,0
11429,0
17243,0
8326,0
47783,1
27215,0
16848,0
9078,0
34043,0
10961,0
39835,1
38570,1
21591,0
6236,0
14457,0
18209,0
15719,1
41393,0
35023,0
22323,1
44055,0
15980,0
32347,0
5246,0
32764,0
36987,0
15139,0
48040,0
43594,0
1960,1
3026,0
42929,0
42657,0
23303,0
45465,0
1264,0
14449,0
24203,0
42793,0
40349,0
38065,0
6058,1
32812,0
6970,0
6389,0
20452,0
15471,0
11966,0
8209,0
693,0
21344,0
27600,0
24363,0
45288,0
27184,0
17314,0
7743,0
10111,1
36280,1
10934,1
19409,0
14642,0
8510,1
16447,0
41323,0
11347,0
27502,0
27544,0
16528,0
25939,0
36913,0
48515,1
444,0
32107,0
38285,0
22479,0
30095,0
46166,0
21533,0
14943,0
37334,0
45980,1
5474,1
30553,0
10166,0
45996,0
16348,1
47416,0
23752,0
46004,1
33426,0
47406,1
47333,0
27986,0
31980,0
37805,0
16422,0
39125,0
17701,0
29118,1
25216,0
23977,1
1415,0
5752,0
25655,0
10740,1
11219,0
17071,1
1798,1
3728,0
28837,1
32337,0
32146,0
22406,0
31818,0
37260,0
20081,0
42283,0
37094,0
8911,0
21666,1
4601,0
17260,0
32169,0
40790,0
24791,1
37474,1
23544,0
8925,0
6898,0
7371,0
24493,0
19274,0
17204,0
27769,0
31245,0
36549,1
33802,0
30040,0
38483,0
47861,1
19913,0
4845,0
29043,1
43987,0
28499,0
136,1
22978,1
25099,0
42036,0
31938,0
18178,0
48057,1
30793,0
9266,0
19166,0
43608,0
40350,0
43778,0
4704,0
17326,0
39159,0
32167,0
34348,0
12338,1
4019,1
36582,0
39926,0
7565,1
29111,0
1270,1
33625,0
24941,0
26094,0
40219,1
5083,1
47219,0
2374,0
4313,1
7955,1
1760,0
37202,0
23074,0
16452,0
34075,0
36328,1
25924,0
11564,0
11328,0
19640,1
40169,0
42072,0
39272,1
37069,0
47374,1
43944,1
4941,0
20934,0
5125,0
29815,1
1781,0
48028,1
24713,0
32440,0
15619,0
21125,0
5902,0
22112,1
48452,0
32600,0
2959,0
39467,0
39167,0
9426,0
556,0
21479,1
16230,0
24432,1
15336,0
23250,0
11262,0
19052,0
15593,0
18766,0
45183,0
37674,0
22069,0
6596,0
29378,0
8387,0
19993,0
11025,0
31078,0
41093,0
3333,1
28184,0
31662,1
14406,0
36865,0
8666,1
19473,0
29724,0
8639,0
26298,0
12192,1
14743,1
45225,1
36980,1
5599,1
39816,1
28266,1
24229,0
26618,0
8266,0
29609,0
5072,0
1534,0
27162,0
33892,0
24372,1
12372,0
38575,0
23590,1
35617,0
14101,1
35765,0
9673,0
35782,1
7950,1
9710,0
37211,0
44237,0
29329,0
1070,0
42919,0
26456,1
7319,1
2114,1
11173,0
18374,1
3871,0
7454,0
5578,0
16680,1
5972,0
23335,0
43760,0
48558,0
8023,0
6571,0
10600,0
24918,0
9238,0
17805,0
34215,0
17789,0
2389,0
25258,1
38743,1
8018,0
12039,1
39522,0
5204,0
219,0
40183,0
5062,0
25889,0
8965,1
19983,0
12232,1
23406,0
24564,1
39753,0
29766,0
25909,0
32289,0
35388,0
13005,0
8388,0
11832,0
24016,0
29266,0
35969,0
11322,0
30143,1
16547,0
22633,1
29324,0
21470,0
22830,0
47190,0
42740,0
1400,1
41781,0
25871,0
18855,1
24251,0
36828,0
34952,0
20857,0
20832,0
37618,0
30942,1
44296,0
24397,0
704,0
42087,0
27846,0
37508,0
45467,0
5438,0
37006,1
34987,0
32094,1
29813,0
48206,0
35277,0
24241,0
9497,0
1484,0
17114,0
28303,1
28581,1
8521,0
28354,0
8203,0
28584,1
5302,0
6115,0
44536,1
48334,0
24533,1
42855,0
30359,0
22778,0
2932,0
17216,1
35683,0
38851,1
47458,0
23908,0
44932,1
4351,0
13784,1
34678,0
44744,0
588,0
5104,0
12596,0
12619,0
35922,0
31120,1
4708,0
17578,0
1825,0
24406,1
38898,0
15488,0
9958,0
47069,1
41190,0
4567,0
26667,0
18311,1
28192,0
25695,0
1570,0
9197,0
44797,0
43316,0
45883,0
36113,0
46696,0
4260,0
31107,0
38207,0
2426,0
6120,0
42304,1
34649,0
4332,0
4873,1
42181,0
14613,0
274,1
46973,0
45749,0
9855,0
15186,0
8482,0
12184,0
29453,0
47512,1
3673,0
35564,0
39092,1
6213,0
41848,0
11615,0
11622,0
46992,0
24149,1
30236,1
29901,0
29441,0
22619,0
48688,0
9483,1
13630,0
48649,0
29179,1
7034,1
40188,0
15800,0
47183,0
30054,0
29637,0
9529,0
7487,0
28237,0
34974,0
21538,0
5087,0
14821,0
45598,0
39339,0
11047,0
6212,0
3110,1
27529,0
37866,0
12984,0
521,1
28458,0
34023,0
47202,1
13156,0
34313,0
8752,0
38593,0
47946,0
16503,0
32192,0
38358,0
14981,0
28389,0
7940,0
48196,0
14216,0
12326,0
42544,0
27368,0
2991,0
26333,0
27092,1
8009,0
26567,1
7014,0
21368,0
39937,0
35588,0
16305,0
16639,0
6028,1
23507,0
43565,0
42160,0
37140,0
30418,0
47527,0
15840,1
17484,1
19721,0
23731,1
8986,1
15412,1
8145,0
43946,0
37447,0
42974,0
28509,0
43323,0
42471,1
25612,1
8486,0
47015,1
10291,0
29006,1
34877,0
1448,1
15376,0
33507,1
7646,0
19369,0
34983,1
32181,0
48052,0
41802,0
11876,0
24450,0
31377,0
5727,0
14855,0
9901,0
27824,0
34847,1
28962,0
19261,1
38627,0
37168,0
21498,0
301,0
4638,0
47086,1
28066,1
27211,0
24512,0
47446,0
13363,0
10789,0
33132,0
5452,0
4364,0
23103,0
15306,0
42063,1
45247,1
35784,0
18241,0
8479,0
43249,0
37557,0
36020,0
48534,0
32575,0
34401,0
14776,0
44378,0
43799,1
10952,0
34956,1
28838,0
33092,1
31006,1
41915,1
43536,0
25457,0
4165,0
26922,0
21512,1
23584,0
4524,1
40978,0
28429,1
10784,1
26032,1
25743,0
44617,0
43713,1
16556,0
25630,0
8757,1
35992,0
19649,1
35646,0
16440,0
23127,0
48425,0
47996,0
35271,1
36413,1
47144,0
19130,0
39530,1
36875,0
12626,0
44087,0
42583,0
19782,0
43692,1
36836,1
22025,0
29258,0
25490,0
44338,0
31136,1
31272,1
33278,0
40066,0
45969,1
24254,0
12853,1
44716,0
8638,1
20003,1
25443,0
15676,0
10580,0
25228,0
2133,0
32259,0
9233,0
30091,1
43668,0
40427,0
30961,0
12659,0
26543,0
24527,0
23065,0
17154,1
11835,0
15516,0
36214,0
39084,0
44757,0
47249,0
22302,0
34223,0
32155,0
1300,0
12714,0
35346,0
30078,0
46704,0
10539,0
47451,0
31859,0
29373,1
3571,0
7466,0
5115,0
1539,0
42772,0
35627,1
45872,1
6808,0
4492,1
7007,1
9363,0
9665,0
5146,0
21830,0
15778,0
5866,1
5295,1
28813,0
45889,1
47010,0
22765,1
5239,1
17888,0
1147,0
34479,0
4355,0
28557,0
30859,0
3339,0
48585,0
43146,1
19425,1
48712,0
41741,1
3388,1
45979,0
4418,1
34939,0
32843,0
43884,1
29051,1
7363,0
10943,1
37245,1
6738,0
37433,0
24520,0
24569,0
30349,0
42108,0
8204,0
41435,0
35549,0
48138,0
7740,0
26102,0
17056,0
30179,0
47809,0
20231,0
6685,1
39840,0
48791,1
37470,1
26713,0
25382,1
3358,0
7204,0
33643,0
20673,0
28762,0
635,1
23721,0
28730,0
24201,0
7561,0
28736,0
3204,0
8182,1
39055,0
42639,0
3315,0
3946,0
28421,0
10663,0
31044,0
37636,0
3519,1
38834,0
8900,0
27315,0
14059,0
33380,0
14090,1
9682,0
3214,0
37120,0
6665,0
6131,1
26575,0
34700,0
12807,0
24830,0
16773,0
7221,0
23749,0
48686,0
5525,0
17931,0
39480,0
36472,0
28151,1
38251,0
36150,0
21126,0
18320,1
23938,1
19059,0
8295,1
31427,1
272,1
7583,0
33334,1
43024,0
10158,0
8134,0
18391,1
26539,0
12887,0
26233,0
44878,0
22011,0
36030,0
22796,0
29943,0
1231,0
48792,0
15364,0
24722,0
31129,0
17844,0
45930,0
48567,0
34285,1
25110,1
28162,0
20018,0
16496,1
22674,0
47717,0
46886,0
22710,1
38631,0
31211,0
25183,0
25933,1
32250,0
9655,0
44102,1
9456,0
13228,0
11829,0
32554,0
35545,1
42877,1
26202,1
28748,1
44229,1
8621,0
736,1
43064,0
45767,0
30263,1
20534,0
46570,0
6513,0
26905,1
7227,0
3810,0
17970,1
21135,0
16106,0
42214,1
22128,0
45825,1
15642,0
40540,0
42771,1
28735,0
1646,0
45232,0
12050,0
47210,0
8727,0
10630,0
21759,1
45813,0
4826,0
6936,1
30871,0
23783,0
3917,0
11289,0
7242,0
48244,0
4926,1
9663,0
34451,0
45248,0
31982,0
43338,0
13006,0
36298,0
12813,0
35940,0
38859,1
46559,0
17628,0
2942,0
29927,0
43069,0
19266,0
9589,1
43983,0
21085,0
45775,0
16484,0
29173,0
43423,1
48612,0
36953,0
42469,1
14667,0
2806,0
12985,1
1197,0
11908,0
23088,0
44571,0
6995,0
44231,1
10724,0
5264,1
15824,1
22382,1
3985,1
31132,0
28280,1
12989,0
10534,0
31252,0
6583,0
39402,0
36700,0
21616,0
40465,0
40384,0
13735,0
30669,0
45734,0
40294,0
23665,0
23712,0
36533,1
35073,0
12259,0
19828,0
46411,0
48751,0
29618,0
24541,0
36667,1
1718,0
13139,1
43753,0
48133,0
47610,0
26934,0
37563,1
44758,0
40710,0
22910,0
25383,0
15103,0
4808,0
41507,1
26157,0
31146,0
24790,0
46520,1
9930,0
29655,0
36455,0
28314,0
12225,1
29489,1
19822,0
25565,0
15543,0
20571,0
20381,0
38694,0
45948,0
17103,0
17352,1
3314,0
18685,0
3239,1
35977,0
37543,0
37328,0
240,0
4135,0
418,1
36499,0
12893,0
36136,0
3201,0
40745,0
23621,0
20822,0
40049,0
29293,0
12256,0
45758,0
9293,0
14710,0
14726,0
23026,0
18777,0
4002,0
29154,0
18104,0
8707,0
48541,1
12119,1
41340,0
33187,1
45460,0
34070,1
9055,0
37874,0
5690,0
42449,1
17674,0
258,0
10196,0
39196,0
26705,1
10096,1
583,0
37532,0
44680,0
41311,0
741,0
24430,0
25160,1
27346,0
253,0
31299,1
16611,0
45257,0
7216,0
9598,0
17045,1
37970,0
31897,0
7265,0
37771,0
23875,0
20874,1
24661,0
7545,1
31746,0
1879,0
25898,0
5178,1
40406,1
29310,0
40583,0
35472,0
23945,0
28696,0
15707,1
1202,1
43148,0
35946,0
654,1
13365,0
24167,1
30931,1
39977,0
6530,1
32211,0
11667,0
33137,1
37332,0
2897,0
42986,0
22486,1
3915,0
38974,0
31993,1
40338,0
29626,1
4679,1
2432,0
32591,1
42728,0
22993,0
18605,1
26513,0
17097,0
48259,1
41022,1
4991,1
40585,0
26563,0
17854,0
2809,1
30524,0
46281,0
5019,0
12496,0
10648,0
707,0
17710,1
10923,0
10867,0
42061,0
27440,0
25953,1
38,0
26981,1
10500,1
16945,0
31913,1
5013,1
33768,0
42780,0
16218,1
21288,1
9867,1
31995,0
19811,1
2909,0
35959,0
37587,0
30133,0
20351,0
34561,0
29332,0
1724,0
20340,0
42848,1
7325,0
918,1
24326,0
41307,0
33119,0
36162,0
40331,0
22085,0
21970,0
26828,0
4833,1
26874,0
15743,0
26885,0
14940,0
22825,0
36204,1
15926,1
43997,0
13532,0
10374,1
30369,0
48706,0
46642,0
37411,0
11319,0
6877,1
33235,0
3378,1
611,1
42841,1
48316,0
12563,0
43948,0
37493,0
387,0
32744,0
32925,0
16313,0
33825,1
15443,0
37262,0
13793,0
8348,1
18428,0
35297,0
34087,0
37602,0
8282,0
47580,0
9726,0
18774,0
22811,1
5256,0
21394,0
5831,1
5285,0
24284,0
18283,0
14982,0
29653,0
322,0
3513,0
3069,0
27766,1
22459,0
6795,0
40816,0
30802,0
41157,0
34796,0
16063,0
31544,0
2151,1
34346,0
19876,1
1332,0
14288,0
24136,0
44652,1
44215,0
16879,0
620,0
13274,1
14541,0
43037,1
43002,0
31500,0
43221,0
29615,0
40310,0
45048,0
7476,0
24813,0
16748,0
1113,1
27388,1
27938,1
23756,0
20208,1
22965,0
1297,0
17015,0
33021,1
12115,0
31313,1
31029,0
40201,0
23134,0
40768,0
38349,0
3768,0
1267,0
41718,1
33590,0
42718,1
46541,0
39221,0
6021,0
11208,0
48429,0
20705,0
31046,0
19901,0
210,0
33463,0
41679,0
36668,1
5033,0
597,0
16367,1
40533,0
6124,0
42228,1
15110,0
46367,0
26206,0
19074,0
6458,0
39641,0
38007,0
16603,0
1959,0
31382,1
1984,0
36612,0
32254,0
34768,0
47236,0
26000,0
48047,0
5556,0
12489,0
2255,0
32573,0
25851,0
4315,1
19437,1
22963,0
9646,0
11100,0
11847,1
32006,0
13019,0
27823,0
12209,1
34740,1
48023,1
48411,1
46013,0
14387,0
46213,0
14816,0
32908,1
36922,1
22031,1
8468,0
15117,0
19660,0
17278,1
27428,1
24484,0
17442,0
8797,0
35007,0
13394,0
27874,1
17291,0
26262,0
39899,1
41707,1
44622,0
23378,0
4572,0
3751,0
11392,0
17961,0
41018,0
18533,1
44145,0
34440,1
12218,0
21934,0
1291,0
19776,0
10880,0
36236,0
21417,0
33294,1
21413,0
24611,0
39568,0
4825,0
8060,0
24555,0
884,1
48414,1
9281,0
42194,1
2569,0
37196,0
8327,0
45940,0
29090,1
31653,0
39589,1
38420,0
48024,1
22094,1
17799,0
26027,0
9854,1
36340,0
21068,0
31595,0
19183,0
26322,1
39831,1
18932,0
19725,0
45468,1
23429,0
16410,0
294,0
18616,0
29033,0
278,1
25333,0
43979,0
35129,0
28135,0
30652,1
3659,0
17379,1
11811,0
6167,0
24716,0
7551,1
5734,0
25714,0
24222,0
41506,0
9021,0
15817,0
1982,0
8633,1
8894,1
32309,0
18870,1
43582,0
16238,0
13705,1
29308,0
16459,0
3093,0
9090,0
26889,0
33423,0
45876,0
39796,0
2862,0
2430,0
23106,0
17669,0
43173,0
32272,0
38333,0
109,0
19087,0
35824,1
11093,0
43284,1
36457,0
23802,0
19772,0
29421,0
43269,1
34711,1
8576,0
25168,0
30451,0
20724,1
1836,0
11274,0
45269,0
26755,0
2117,0
13305,1
34522,1
46416,0
48342,0
16282,0
32839,0
23211,0
7944,0
41264,1
16652,0
11479,0
3648,0
7659,0
16786,0
22499,0
20780,0
43968,1
14814,0
28731,1
36324,0
8467,0
361,0
41754,0
20335,0
9707,0
20451,0
18483,0
6512,0
24383,1
44401,0
17739,0
23516,0
13591,0
6264,0
13553,1
3173,1
10112,0
5977,0
36795,0
1021,0
31826,0
19392,1
35819,0
46519,0
32883,0
39297,1
9188,0
40889,0
19606,0
10350,0
28539,1
34760,1
38933,0
3849,0
16395,0
18190,0
45612,0
41590,0
40489,0
34444,0
12124,1
26689,1
8046,0
35499,0
25919,0
16188,0
39131,1
42923,0
28888,0
26848,1
28879,0
33052,0
35218,0
29380,0
29431,0
6443,1
41960,0
9071,0
18617,0
25599,0
29604,0
20575,0
29853,0
42531,0
22567,0
48394,0
48718,0
3534,0
15814,0
4665,0
37367,1
13737,0
5091,0
46883,0
23667,0
2371,0
27527,1
23844,0
31360,0
26377,0
35892,0
16394,0
44363,1
28337,0
41724,0
850,0
9553,0
12570,1
271,1
33497,0
48263,0
5853,0
33116,0
11133,1
3319,1
47885,1
16589,1
33656,0
18262,1
26473,1
31445,0
1025,1
590,0
1325,0
47663,0
29071,1
47986,0
5760,0
25936,0
37677,0
38791,0
29436,0
21152,0
18724,0
27401,0
32375,1
19821,1
23090,0
28426,0
40249,1
23174,0
44263,0
31524,0
41945,0
18423,0
40044,1
3831,0
1248,0
6741,1
48616,0
25780,0
8258,0
657,0
18905,1
4545,0
14126,0
18083,0
42176,0
16749,1
43738,0
29577,0
42447,0
31118,0
44723,0
5372,0
12738,0
2811,0
42049,0
43306,0
21650,0
23909,0
14831,0
31934,0
901,1
24773,0
9105,0
22061,0
38913,0
15452,0
35930,0
22887,1
28791,0
38812,0
25285,1
8393,0
26443,1
13533,1
40770,0
19486,0
46257,1
6110,0
30362,0
48767,0
15097,0
3349,1
2194,0
7296,1
19793,0
40181,0
43250,0
34228,0
43730,0
34934,1
22064,0
30969,0
23045,1
24832,0
22568,0
41009,0
17981,0
46466,0
43620,0
40886,1
34707,0
22446,0
46358,1
12607,0
12673,0
44549,0
1370,0
41258,0
2329,1
6592,0
37449,0
22747,0
17936,1
15864,0
29186,0
3017,1
18298,0
19361,1
47337,1
26629,0
47689,0
31787,0
18057,0
4667,0
29408,0
45686,0
39217,0
10861,0
13061,1
30630,0
20701,0
19719,1
48084,0
18923,0
41596,1
27386,0
37748,1
9978,0
14639,0
41512,0
37712,0
42401,0
11189,0
45605,0
36141,0
30380,0
35012,0
8597,0
19749,1
19396,0
9052,0
33398,0
28520,0
17244,0
23856,0
42898,0
23858,0
48692,0
310,1
32096,0
16231,1
261,0
996,0
45445,0
8284,0
25482,0
34960,0
43143,0
17572,0
28712,0
4312,0
29182,0
47694,0
36012,0
38456,0
32139,0
47887,0
26205,1
24097,0
46705,1
45699,0
26978,0
5582,0
48801,0
18328,0
45997,0
7853,0
35577,0
32701,0
36313,0
27685,1
39399,0
18683,0
12021,0
8744,0
40371,0
17466,0
18405,0
8073,1
23043,0
9635,0
44020,0
8656,0
1088,0
8603,1
29388,1
39884,0
17272,0
16424,1
16499,0
20625,1
31698,0
16385,0
15889,0
2656,0
463,0
36292,0
10326,0
4119,0
38756,1
12320,0
24387,0
1756,0
48226,0
27748,1
43936,1
38620,0
27860,0
45292,1
21752,0
37891,1
23330,0
15883,0
48560,0
12706,0
5933,1
23931,0
469,0
8952,0
6582,0
9826,0
24982,0
45684,0
33279,1
16469,0
34872,0
34354,0
44879,0
23835,0
12488,0
8058,0
21362,0
4605,0
8826,0
33238,0
40821,0
12583,0
33019,0
1003,0
27670,0
11231,0
1591,0
6408,0
32381,0
17414,0
47180,0
22168,0
13719,0
32115,0
31923,1
9833,1
582,1
42017,0
31534,1
4107,0
33379,0
16392,1
2736,1
44969,0
44267,0
15122,0
12891,0
2347,0
5862,0
26508,0
41131,1
13792,0
16917,0
42464,0
5203,0
13773,0
19076,0
32503,0
11182,1
31497,0
27036,0
3106,0
1577,0
44348,0
48500,0
7249,0
44402,0
4755,0
2020,0
13230,0
30161,0
31134,0
41825,0
24077,0
110,0
3195,0
11964,0
18191,0
10231,0
17424,0
24690,1
26461,0
42478,0
31104,0
35167,0
21632,1
12647,0
27643,1
3950,0
15739,0
30525,0
10073,1
6734,0
6743,0
47205,0
15815,1
21187,1
25968,0
29267,1
5761,0
13913,1
3376,1
34155,0
41255,0
23035,0
14919,0
38334,0
46872,0
23608,1
7171,0
42845,0
18667,1
4526,0
4829,1
48370,0
36485,0
11329,1
26375,0
6698,0
46041,0
3912,0
34803,0
29797,1
19563,0
3531,1
2014,0
7807,0
33009,0
7388,0
942,0
11983,1
32799,1
2768,1
10211,0
47167,0
38538,1
37802,0
39155,0
41836,0
34316,0
8466,0
36999,0
4365,0
7343,0
6245,0
17630,0
4910,0
15114,0
15354,0
40116,1
10098,0
24652,0
33948,0
29477,0
44032,0
37481,0
19688,1
17371,1
15405,0
39671,0
12586,0
22129,1
43596,0
15462,0
26783,1
46082,0
41720,1
25227,0
28515,0
12915,0
38429,0
13496,0
1418,0
34378,0
27052,1
41888,0
13312,0
4571,0
7261,1
42708,1
15181,0
11224,1
12537,0
31904,0
43270,0
10109,0
2542,0
21756,0
10055,0
9140,0
33127,0
31266,0
30704,0
41014,0
15497,0
20608,1
13838,0
46208,0
39323,0
48189,0
5391,0
44783,0
7747,1
14852,0
39752,1
12699,1
36165,0
31660,0
18565,0
23735,0
33918,0
18079,1
43262,1
24434,0
20615,0
2496,0
23118,0
40307,1
27880,0
20516,0
46205,0
3477,0
46264,1
20837,0
35355,0
47702,0
46777,1
21893,1
3446,0
4621,0
33367,0
18915,0
30053,0
31587,0
19456,1
30445,0
28933,0
22883,0
24720,0
28113,0
12423,1
17133,0
39765,0
18138,0
24999,0
24905,0
1396,0
32033,0
39813,0
47894,1
20404,0
43319,0
6345,0
28474,0
24892,0
26081,0
40567,0
26301,0
39316,1
23139,0
36040,0
23023,0
23641,0
29973,0
46282,0
11844,0
5121,0
42129,0
13657,0
11745,0
4420,0
10071,0
34696,0
23057,0
29674,0
18016,1
47105,1
30806,0
18430,0
16543,0
30651,0
23660,0
16726,0
44981,1
41830,0
24504,1
48516,0
35393,0
12956,0
11106,0
42184,0
21863,1
3382,0
48163,0
24265,1
5134,0
43597,1
10430,0
41497,0
2587,0
14018,0
21816,0
24297,0
6634,0
16403,0
721,0
29099,1
23435,0
36479,0
42972,0
33105,0
38592,0
36537,0
14420,0
29133,0
47437,0
5069,0
28117,1
4416,0
18942,0
26492,1
23581,0
8484,0
4419,0
34281,0
21414,0
9902,0
15386,0
43140,0
37251,0
46200,1
4001,0
807,1
36794,1
16041,0
10317,0
4370,0
2150,1
30264,1
12903,1
23257,0
37204,1
33999,0
2341,1
3605,0
28044,0
8786,0
25539,0
43281,0
18498,1
30717,0
14584,1
21251,1
28574,0
48550,0
32196,1
18627,0
40391,0
17764,0
13179,0
30801,0
18842,0
35321,0
2990,0
1676,1
15021,1
36321,0
26757,1
34459,0
11810,0
938,0
25002,1
23847,0
18845,0
17837,0
15240,0
10830,0
14070,0
47162,0
29578,0
46399,1
28110,1
11377,1
33546,1
43641,0
5912,0
14708,1
13638,1
42434,0
33267,0
37807,0
32771,0
22553,0
43687,1
6278,0
44274,0
37705,1
29353,0
34604,1
26336,0
25481,1
11696,0
36260,0
9155,0
29975,0
359,0
27379,1
47649,1
38892,1
46137,0
46801,0
28383,0
24799,0
23691,0
42824,0
7213,0
48503,1
46482,0
8305,1
8054,0
45744,0
10001,0
20679,0
39754,0
20532,0
18829,0
33193,0
40193,0
38780,0
13234,0
25331,1
13763,0
30817,0
3297,0
10252,0
38996,0
20462,0
14471,1
22275,0
45545,1
16199,0
28531,0
33803,0
23793,0
12772,0
42363,0
26,0
15026,0
9107,0
37287,0
15917,1
36125,0
776,1
14823,0
7699,0
39829,1
28490,0
44625,0
21723,0
5290,0
31394,0
21203,0
7642,0
34852,1
39957,0
29899,0
24887,0
36577,0
18877,0
7557,0
37432,0
18665,0
46915,0
13876,0
16329,0
46431,0
44816,0
12998,0
25783,1
17692,0
15630,0
5529,0
28386,0
19936,1
7866,0
40959,0
13933,0
36343,0
32624,0
5967,0
3966,1
11954,0
45862,0
8436,1
42189,1
32344,0
14073,0
35616,1
43777,0
33685,1
13736,1
18436,0
45235,1
31748,1
19227,0
10608,0
40892,0
27103,1
9181,0
30183,0
31684,0
38365,0
2921,0
42733,0
13540,1
19211,0
29412,0
17752,0
6078,0
47121,1
37058,0
22475,0
28824,0
27481,1
42680,0
2258,0
14348,1
24079,0
19512,0
45463,1
47607,0
26641,0
28645,0
17508,0
41494,0
15835,0
3570,1
4631,0
31176,0
44334,0
43046,1
19682,1
46308,1
7972,0
46924,0
38042,0
2907,1
13552,0
25226,0
22827,1
28211,1
25467,0
16037,1
44189,1
31159,0
40369,0
42170,0
26138,1
16887,1
43959,1
5075,0
12754,1
45840,0
505,1
13372,0
36251,0
46616,0
27873,0
11449,0
25006,1
24726,0
47587,1
37020,0
7978,0
16002,0
9573,0
42328,1
27426,0
43268,1
32330,0
31960,1
3058,0
35349,1
2136,0
46877,1
25449,1
44456,0
1265,0
786,0
23155,0
43605,1
19364,0
40528,1
2499,0
33110,1
1168,0
9303,0
40440,0
48149,0
27722,0
332,1
19516,0
22870,0
42261,0
44461,0
14875,0
39697,1
30737,0
41976,0
26493,1
45722,0
23670,0
2280,1
26903,0
37750,0
8171,0
40619,0
11753,0
383,0
11285,0
47780,0
46615,0
2461,0
29534,0
42281,0
15633,1
43915,0
1305,0
33468,0
36950,0
33936,0
48605,0
29717,0
14654,1
15882,0
46493,1
28504,0
7651,0
25685,0
13385,1
42549,1
16184,1
46643,0
7906,0
12940,0
28342,0
45073,0
43292,0
32301,0
32145,0
32647,0
36347,0
19161,0
34044,0
17120,0
20012,0
29834,0
15365,1
21825,0
38704,0
39340,0
45394,1
47985,0
30270,0
9194,0
40799,0
2637,0
25603,0
46699,0
5442,0
18961,0
48499,0
39376,0
21557,1
39705,0
18234,0
30216,0
44790,0
42126,0
7815,0
44645,0
18596,0
15392,0
2555,0
27030,0
31340,0
14114,0
40512,0
44190,0
21180,0
14616,0
45595,0
30735,0
39261,0
30781,0
8191,0
40001,0
29254,1
43465,0
38375,0
3716,0
11072,0
25445,0
5813,0
22386,1
40779,0
35257,0
44245,0
18424,0
15613,0
48659,0
19847,0
14102,0
43619,0
24481,0
41684,0
19441,0
1087,0
32044,0
30947,0
47743,0
17199,0
25896,0
28406,0
16753,0
10236,0
1504,1
3230,0
39685,1
25653,1
31022,1
19039,0
48453,0
22176,0
11895,0
37398,0
4505,1
39056,0
19056,1
44870,0
45148,0
5965,0
26712,1
30459,0
48532,0
25491,1
10679,1
36596,0
742,0
41368,1
29269,0
44694,0
5311,1
12870,0
27829,0
23984,0
12481,1
31364,0
27419,0
18746,1
13073,0
44995,0
8423,0
20359,0
10771,0
24542,0
7656,0
7690,0
2396,1
21395,0
1778,0
8256,1
14589,1
35083,0
40895,1
33906,0
1991,0
36378,0
20388,0
27810,0
23311,0
31927,0
45243,0
32728,0
33545,1
34255,1
27759,0
28576,0
4593,0
17683,0
0,0
36655,0
45858,0
2928,0
17639,0
8237,0
30058,1
37667,0
46690,0
19240,0
43310,0
12446,0
5601,0
9489,0
37380,0
29239,0
20091,0
18443,0
19608,0
44615,0
40820,0
33695,0
18919,1
2084,1
44127,0
22243,0
4428,1
2292,0
16415,0
32856,0
47056,0
4627,0
40666,0
25374,1
22367,0
22850,1
16285,0
11748,1
2327,0
14074,1
381,0
46650,0
31279,0
12859,0
45018,0
11180,0
29624,1
36666,0
2892,1
17771,0
14011,1
39163,1
24623,0
31219,1
47616,1
29458,0
45000,0
1774,0
47442,1
21875,0
33094,0
43631,0
6392,0
39914,0
36192,0
811,0
11191,0
42376,0
31449,0
41700,0
21989,1
45832,0
28545,0
26254,0
17404,0
13037,1
37948,0
24403,0
9543,0
43175,0
1173,0
24698,0
33131,0
4528,0
6783,0
36601,0
30163,0
20195,0
42900,0
7742,0
33339,1
7149,0
25375,0
23926,1
13822,0
29102,0
40078,0
6364,0
7736,0
28221,0
45845,0
6619,0
26460,1
45989,1
24316,0
31528,0
23668,0
15542,0
1129,0
5678,0
36246,0
32267,0
36389,0
26040,0
46194,0
11705,0
11932,0
3020,0
4617,0
37650,0
43932,1
47713,0
24244,0
28103,0
35060,1
33873,0
14401,0
31929,0
43072,0
42712,0
44428,0
47241,1
32443,0
7092,0
27976,0
36853,1
11327,0
15438,0
12668,0
217,0
2729,1
7956,1
35832,0
40480,1
8151,0
32342,0
39566,1
27276,0
31545,0
38413,1
25907,0
26215,0
38055,0
2726,0
31677,0
35599,0
37027,0
29570,1
48103,0
13954,0
16021,1
4457,0
11446,0
42807,1
24039,0
39714,0
35891,0
6262,0
15991,0
8874,0
8953,0
39873,1
2070,0
45513,0
35805,0
4810,0
4367,0
13474,0
27734,1
41863,0
34487,1
11554,0
7497,0
25571,0
16719,0
29665,1
8236,1
27258,0
46525,1
48253,1
21761,1
14907,1
47421,0
31757,0
10264,1
12727,0
15904,0
37548,0
39325,0
13757,0
4468,0
38276,0
9041,1
43473,1
38231,1
44613,0
21419,0
32507,0
42496,0
843,1
32994,0
44514,1
26941,0
4130,1
24734,0
31940,0
6175,0
26364,0
24514,0
17006,1
3123,0
19524,0
19551,0
19553,0
927,0
39308,0
4970,0
7887,0
22445,0
30351,0
37403,0
2550,0
47321,0
41552,1
10753,0
28582,1
15013,0
45503,0
42242,0
36133,0
14390,0
11635,0
10031,0
15535,0
35578,0
9658,0
26477,0
23842,1
1772,0
37747,0
16134,1
42941,0
16947,0
32290,0
13330,1
14588,0
32042,0
26588,0
13307,0
46791,0
28198,0
11074,0
15047,0
33552,1
21991,1
43195,0
41126,0
5274,0
9412,1
419,0
6369,0
5367,1
32281,1
18467,0
14164,0
16191,0
22083,0
34492,0
10063,0
14311,0
30654,0
35752,0
11141,0
33456,0
5238,0
36135,1
11498,0
4501,0
2012,0
45826,0
5945,0
3647,0
20475,0
16318,0
8269,1
43613,1
45277,1
23547,1
33535,1
5555,0
48243,0
3119,0
36155,0
10529,0
24256,1
9972,0
20767,1
48192,1
47163,0
21613,0
41314,0
28456,0
27071,1
40870,0
15625,0
29629,1
20017,0
48211,0
13335,0
8055,0
40180,0
13755,0
34832,0
32138,1
13952,0
17007,0
20072,0
1684,0
5032,0
20909,0
6562,0
26868,0
7011,0
13272,1
16939,0
43097,1
12137,0
1558,1
38563,1
44446,0
13972,0
43638,0
6956,1
4965,0
39334,0
46048,0
28088,1
6746,1
29869,0
16069,1
12550,0
42558,1
45433,0
27642,0
19315,0
32658,0
39976,0
674,0
46952,0
42620,1
45229,0
10801,0
25660,0
3089,0
19152,1
12211,1
21136,0
3758,1
8622,0
42672,0
42796,0
41350,1
48099,0
42977,0
13971,1
34357,1
5402,0
45116,0
42619,0
47646,1
3306,1
33303,1
28225,0
45837,0
24581,0
305,0
7303,0
12589,0
14963,0
33353,0
32672,0
29916,0
19919,0
18640,0
41687,0
39382,1
7473,0
41798,0
17744,1
42862,1
28703,0
3723,0
35600,0
22814,1
6370,0
17670,0
12206,0
29666,1
2945,1
47344,0
24772,0
48494,0
13517,1
26647,1
9151,0
7015,0
46971,1
45253,0
39588,0
21534,0
23740,0
33444,1
47771,0
10321,0
26309,1
31773,0
11793,1
25629,1
5011,0
17047,0
38578,0
3879,1
13949,0
2141,0
25251,0
23217,0
18687,1
39814,0
3851,1
5818,1
11534,0
3543,1
37139,0
30432,0
16955,1
33840,0
30205,1
24351,0
35698,1
32446,1
27061,0
41433,0
37186,0
21227,0
30754,0
13646,0
5099,0
20277,0
36167,0
24894,1
35453,0
242,0
30621,0
38895,0
30863,0
42493,0
47023,0
13422,0
21467,0
18093,1
15453,1
778,0
17364,1
35122,0
18871,0
8251,0
39439,0
23283,0
12786,0
43653,0
37179,0
20938,1
5825,0
34163,0
27130,1
4908,1
48369,0
37130,0
46723,0
2333,0
28312,1
13797,0
43647,0
20447,0
4261,1
2369,0
15194,0
6869,1
44129,0
41188,1
22072,1
44808,0
13334,0
5128,0
10235,1
2592,1
15983,0
39269,0
23829,0
45779,0
32353,0
10395,0
15854,1
36519,0
46023,0
4220,0
43768,0
31758,1
23084,1
2356,0
13667,1
47907,0
46037,0
43007,1
18547,0
28522,1
21844,0
47036,0
17650,0
42598,1
45603,1
48001,0
37981,0
11427,0
7952,1
14558,0
8945,1
13557,0
1977,0
9820,0
37879,0
10622,0
24983,0
9951,0
41034,0
17413,0
39661,1
18761,0
28636,1
10951,1
45211,0
26858,0
4514,0
9990,0
30471,0
10926,0
20617,0
8602,0
40834,0
22138,1
31424,1
19477,0
45555,1
25199,1
16204,0
39206,1
38794,1
42661,0
16371,0
25380,0
21197,0
42190,1
48810,0
37425,0
4344,0
47581,0
38718,0
44795,0
41957,0
21614,0
46608,0
4670,1
6760,1
23826,0
16080,0
21646,0
20570,0
25819,0
29466,1
7352,0
25774,1
38075,0
38673,0
2037,0
41531,1
10425,0
29645,0
2665,0
21725,0
20383,0
18911,0
47045,0
38121,0
40410,0
26087,0
17175,1
35552,0
35148,0
26621,0
20301,0
43707,0
17664,0
34637,0
34301,0
18740,0
29471,0
7027,1
18438,1
3038,0
8681,0
29434,0
20715,0
44150,0
16662,0
40415,1
45320,1
27566,0
23120,0
39050,0
39722,1
45326,0
21925,0
35040,0
38097,1
20066,0
8458,0
42303,0
36142,1
24108,0
38888,0
2718,0
3755,0
30997,0
26479,1
1109,0
16172,0
33311,0
2894,1
15573,0
11674,0
16353,1
37939,1
7163,0
28391,1
44223,1
14529,0
26830,0
15592,0
25937,0
14220,0
48293,1
46965,1
44916,0
46612,0
26956,0
15554,0
12262,1
14027,0
31519,0
24678,1
31282,1
36773,0
46606,1
6949,1
15325,1
5351,0
38405,0
724,0
12327,0
1019,0
2654,0
47493,0
35375,0
11195,1
24632,1
29157,1
5028,0
43469,1
28227,0
38561,1
4748,0
31737,0
33926,0
32035,1
1143,0
33114,1
23491,0
21201,0
2087,1
16940,1
19326,0
20075,0
46974,0
13172,0
37766,0
43291,1
5047,0
22447,0
3098,0
27680,0
14762,0
2078,1
28706,0
20553,0
40211,0
40578,1
46224,0
548,0
19780,0
12557,0
42782,0
30099,0
12014,0
22852,0
23723,0
45809,0
4020,0
9853,0
37235,0
48668,0
10857,0
9131,1
33767,0
6140,1
45139,0
18892,0
8724,0
37538,0
5051,1
7416,0
43183,0
12717,0
36927,0
20981,0
29317,0
389,1
36512,0
42610,0
42323,0
30693,1
43873,1
32,0
21839,0
15400,0
21189,1
24714,0
47067,0
46388,0
886,0
37061,1
2867,0
9878,0
4539,1
47791,1
41234,0
32564,1
47467,0
24299,0
22416,1
25102,0
3642,0
2103,0
42589,0
27340,0
3665,0
4935,0
21951,0
3601,0
35003,0
1359,1
6939,1
34376,0
16461,1
36600,0
11578,1
14424,0
45635,0
44097,1
45236,0
3562,1
42944,0
42542,1
25147,0
43618,0
5490,0
42943,0
29959,0
22165,0
32579,0
48204,0
13718,0
5038,0
36581,0
7591,0
32049,1
16358,0
19337,1
10380,1
31037,0
48562,0
16164,0
38836,1
13603,0
43381,1
41250,0
10836,1
27691,1
9439,1
19616,0
42105,0
37310,1
37093,0
24475,0
1266,1
16742,0
37404,0
28104,0
29826,0
39213,0
20819,0
16533,0
7708,0
19854,0
41905,0
45577,1
9711,0
4056,1
20529,0
17555,0
36859,1
27169,0
33839,0
34332,0
41827,0
13559,1
14997,0
38994,1
20558,0
47020,0
38106,0
28905,1
41877,0
22396,1
25991,0
22939,1
28589,0
4270,1
47981,0
29579,0
44650,0
18337,1
30190,0
15457,1
13136,0
19464,0
38279,1
9357,0
46531,0
19438,0
38727,0
13268,1
32176,0
8089,1
45161,1
21564,0
20740,0
8441,1
26937,0
19814,0
28137,1
43092,0
30128,0
36947,0
10134,0
11950,0
5396,0
14506,0
20101,0
29992,1
20336,1
23743,0
30974,0
39242,0
38550,0
25617,0
46244,0
14293,0
18931,0
12502,0
33562,0
33298,1
34645,1
17666,0
11,0
9495,0
1457,0
35166,0
28694,0
25832,0
14077,1
30068,1
17270,0
245,0
23081,0
25769,0
30613,0
34602,1
10697,0
1020,0
27966,1
36892,0
32675,0
5741,0
14270,0
7891,1
33810,0
19335,0
30036,0
27813,0
2946,0
30508,0
10338,0
4133,0
33254,0
5547,0
392,0
47218,0
21763,0
29715,1
6350,1
9327,0
2556,0
33829,1
8990,0
22197,0
7116,1
24557,0
10888,0
35076,0
18070,0
40463,0
28823,0
32501,1
48012,0
4964,0
21854,0
1927,1
16862,1
37480,0
30857,0
45335,0
30820,1
31996,0
18916,0
48615,0
18561,0
35242,1
34159,0
27387,0
21273,0
8511,0
18146,0
47785,0
33782,1
45422,0
26578,0
44054,0
33330,1
2007,0
38019,0
31501,0
2197,1
27161,0
13414,0
13968,1
7521,0
4615,1
33860,0
38013,1
13787,1
43277,0
25988,0
29314,1
12236,1
15576,0
38115,1
38362,0
18321,0
11317,0
35247,0
24091,0
41550,0
22095,0
22211,0
24893,0
41073,0
24763,0
28552,0
21253,1
16374,0
231,0
23401,1
24263,0
10626,0
31839,1
34514,0
38111,0
24655,0
10083,1
22099,0
1804,1
38899,0
33024,0
14844,0
16137,0
4268,0
44038,1
41477,0
4184,1
32942,0
22306,1
28447,0
39503,1
23732,0
45147,1
18696,1
36602,1
612,0
7499,0
39551,0
13684,0
1812,0
1600,1
27123,1
45092,0
21708,0
9687,0
14259,1
41944,0
48819,1
33787,0
16380,0
42505,0
3498,0
19282,0
13036,0
40628,0
34875,0
879,1
824,0
24304,1
21748,0
28317,0
2572,0
32364,0
36069,0
28477,0
19867,0
37683,0
22297,1
7787,0
2439,1
43384,0
26999,0
32552,0
24511,0
46187,0
44907,1
26655,0
19715,0
45645,0
10582,0
35899,0
13834,0
11325,0
41195,0
44556,0
28621,0
27134,0
24828,0
11650,0
16899,0
32260,0
23399,0
45885,0
42430,0
17079,1
19916,0
36390,0
33112,0
26955,0
12745,0
17235,0
11046,0
35744,0
46680,0
11729,0
5986,0
37727,0
41831,0
23773,1
26407,0
10041,0
46480,0
7753,0
25644,0
13324,1
43723,1
41232,0
35384,0
32239,0
5824,0
1828,0
11903,0
41376,0
13739,0
21245,0
46689,0
47245,1
34667,0
44228,0
37531,1
47126,0
18364,0
38810,0
40546,0
26003,0
29395,1
31641,0
18551,0
43363,0
21531,0
6573,0
20161,1
30494,0
9406,1
28928,0
9056,0
35072,0
24017,0
33867,0
24697,0
5207,1
39066,0
14017,1
32268,0
15113,0
6801,0
16832,0
24069,0
40166,0
31749,0
47171,1
20348,0
22509,0
21729,0
25105,1
16061,1
35394,0
13341,0
16595,0
39357,0
45379,1
23132,0
19250,0
19642,0
47324,0
39718,0
3231,0
18928,0
44804,1
31621,0
23060,0
31735,0
4861,0
41929,0
25357,0
37716,1
31701,1
5698,0
27861,0
7542,0
18121,0
5598,0
35505,0
1688,0
38922,0
2783,1
26089,0
46780,0
33881,0
39296,1
14252,1
8240,0
30425,0
13495,0
6169,0
13899,1
6380,0
41378,0
35190,0
18628,0
48771,0
6968,0
8163,0
39809,1
13150,0
29945,0
33606,0
16694,1
9268,0
5660,0
45752,1
21271,0
18246,0
12579,1
2732,1
46398,0
37610,0
39331,0
41069,0
9350,0
28942,0
11901,1
39320,0
40845,0
19382,0
13164,0
16414,0
10688,0
32198,0
26656,0
7996,0
6973,1
17859,0
42829,0
41601,1
47078,0
28170,0
36879,1
44412,0
24775,0
25029,0
45398,1
47483,0
14462,0
28960,1
12662,0
41051,1
10160,0
17716,0
40361,0
1482,0
6244,1
16449,0
14938,0
26644,0
2742,1
28287,0
26201,1
19127,0
15020,0
4168,0
18536,0
29397,1
37357,0
43656,0
36272,0
21918,0
21155,1
44164,0
33735,1
23079,0
30469,0
40138,1
21433,0
45396,0
7099,0
29775,0
39735,0
30080,0
7339,0
44210,0
38495,1
46578,1
18525,0
45822,1
46439,0
48650,0
11447,1
47929,1
17115,0
29127,0
32122,0
34573,0
21539,0
28012,0
15688,0
27195,0
14405,1
5749,0
28806,1
38825,1
13169,0
31856,0
19951,0
28653,0
24257,1
4659,1
29279,1
11410,0
12006,0
26295,0
41262,0
15282,0
32017,0
16143,0
34191,0
31117,1
27073,1
14081,0
7665,0
47384,0
20062,0
2618,1
44543,0
11842,0
28979,0
1425,1
19352,1
45664,0
11310,1
21224,1
4636,0
32655,0
44040,0
4897,0
20604,0
3765,0
11450,0
44592,0
33095,0
12066,0
27746,1
39237,0
23164,0
35736,0
24273,0
39540,0
30732,0
30750,0
16382,1
37746,0
9846,0
9048,0
19362,0
5328,1
11095,0
34949,0
48157,0
40720,0
37309,0
41292,0
47747,0
5283,0
7666,0
47329,0
21398,0
10414,1
17037,1
3592,1
43301,0
9201,0
11217,0
9810,0
38855,1
20463,1
21773,0
5624,0
48382,0
45720,0
47698,1
18208,0
10538,1
1303,0
4104,1
15910,0
22246,1
32860,0
10346,1
47426,0
13062,0
2343,0
35026,0
29987,0
13237,0
30251,0
23012,0
43938,0
12642,0
8842,0
10424,0
31385,1
36207,0
30854,1
11640,0
47062,0
11840,1
48661,0
14948,0
1114,0
14177,0
23920,0
16311,0
21121,0
46118,0
48614,1
44393,0
42985,1
17060,0
4021,0
23873,0
29549,0
32704,0
35715,1
2935,0
39627,0
33192,0
35746,0
14254,0
46711,1
6999,1
31592,1
36797,0
33958,0
31543,0
23911,0
30034,0
21635,0
36200,1
37337,0
44397,1
14583,0
6677,1
5969,0
37743,0
12200,0
41259,0
26940,0
6761,1
27859,1
44654,0
44064,0
47360,0
21220,0
21673,0
23259,0
13835,1
10377,0
19099,0
2106,0
42513,0
37351,0
17074,0
9842,1
15202,1
35369,1
36215,0
28247,0
31926,0
48769,0
34720,0
35410,0
16664,0
26274,0
27447,0
42869,0
21244,0
32104,0
1964,0
5358,1
12437,1
20699,0
7863,0
11290,1
18272,0
17192,0
5835,0
473,1
44915,0
11122,0
43482,0
41298,0
4907,0
6384,0
33066,1
47522,0
45272,0
11536,1
19257,0
8536,0
19313,1
16653,1
26335,0
16525,0
10163,0
27499,0
21334,1
39123,0
30853,0
4867,0
21779,0
26551,0
3539,0
44408,0
33738,0
14901,0
30598,0
17862,0
41169,1
9319,0
32133,1
28366,0
44573,0
23545,0
28257,1
25379,0
45792,0
33649,1
19448,1
18981,0
43809,0
43939,0
6158,0
13069,0
31414,1
13096,0
43650,0
16609,0
13494,1
9525,1
19839,0
22612,1
22601,0
32247,1
2821,0
43579,0
19845,0
40694,0
4696,1
28562,0
41242,1
29153,1
28319,0
47411,1
14720,0
44096,0
8873,0
37063,0
6291,0
33781,1
19675,0
46199,1
8040,0
6117,0
43514,0
2808,0
24109,0
3494,0
13842,1
27323,0
10069,1
42371,0
36729,0
40485,0
32826,0
44532,0
36319,0
26312,0
37325,1
25163,0
25233,1
47355,0
12047,0
15239,0
45846,0
15728,0
32836,0
6954,0
41426,0
15782,0
44849,0
28842,0
12741,0
40275,1
31376,1
24152,0
2972,1
3421,0
39642,1
20933,0
40902,0
43303,1
5343,1
19519,0
43126,0
32433,1
33809,0
34156,0
34260,0
2504,0
19727,0
28167,0
33736,0
5282,0
32620,0
12565,0
34441,0
4034,1
43028,0
26900,0
19049,0
28156,0
37431,1
15276,0
23018,0
46733,0
36863,0
11236,0
39795,0
29135,0
21491,0
37856,0
31064,0
13175,1
48361,0
47632,0
743,0
24747,0
32847,0
34079,0
31808,0
42899,0
18434,1
3597,0
18733,0
2056,0
23405,0
30917,0
12085,1
39072,1
35794,0
32886,0
14746,0
7346,1
29450,0
19994,0
43882,0
25942,0
3628,0
4467,0
35021,0
23814,0
20546,1
39789,0
35033,0
46866,1
100,0
21612,0
24900,0
4789,0
19739,0
40325,1
6837,0
18049,0
6139,1
36001,0
21858,0
13710,0
25983,0
2645,0
34204,0
32371,0
4984,0
93,0
24881,0
15694,0
7147,0
17631,1
37822,0
38687,0
24029,0
26928,1
6969,0
38556,1
29817,0
45518,0
44418,0
397,0
47479,1
38322,1
33845,0
27231,0
14222,0
41744,0
5915,0
43481,0
26484,1
34981,0
20374,0
36151,0
41984,0
33352,0
26770,0
31779,0
14550,0
9583,0
43212,0
18609,0
24131,0
48552,1
43759,0
8794,0
40982,1
1594,0
12101,0
25373,0
22740,0
41476,1
43468,0
47441,0
13058,0
39889,0
41409,0
9542,1
12427,1
37237,0
37577,0
41207,0
983,1
26227,1
23471,0
18447,0
28417,0
41705,1
3688,0
3666,0
47346,1
35085,0
42441,0
40453,0
33274,0
7332,1
7185,1
22769,0
32116,0
8851,1
48539,1
35452,0
32343,1
11614,0
19939,0
15074,0
22111,0
34575,0
25978,0
18504,0
19568,0
3175,0
12313,1
23375,0
3131,1
22918,1
27139,1
1975,0
32797,1
25339,0
37593,0
34833,0
22372,0
36866,0
46515,1
3441,0
47371,0
26293,0
129,1
48152,0
44666,0
22608,0
1579,0
14428,0
19169,0
14463,0
21938,1
25682,0
2433,0
6227,0
38867,1
11544,1
10340,1
36988,0
14747,0
10372,1
30419,1
48239,1
26834,0
38274,1
29350,0
1475,0
2336,1
1913,0
35728,0
2652,1
44832,1
12053,0
7858,0
20324,0
12393,1
48546,1
4530,0
32758,0
4399,0
2564,0
47758,0
6311,1
2494,0
44292,0
21749,0
25590,0
5383,0
18906,0
20157,0
5754,0
9248,1
6661,1
21765,0
35662,0
23510,0
3108,0
34910,0
33362,0
36893,0
43905,0
17899,0
24626,0
11610,0
41135,0
2186,1
11775,1
47715,1
29555,1
4538,0
33560,1
18345,0
17742,0
46066,0
1708,1
34898,0
21700,0
7558,0
35146,0
15762,0
8785,0
43113,1
25746,1
25641,0
17438,1
44121,1
46373,0
13783,0
40200,1
11665,1
16432,0
6504,1
9150,0
46593,0
10638,1
29517,1
28051,0
11270,1
30097,0
25463,1
10437,0
2493,0
46209,0
7450,0
26162,0
16720,0
13872,0
44181,0
11637,0
46058,0
38830,0
35503,0
19180,0
7251,0
25531,0
2059,0
39054,0
39372,0
6957,0
15048,1
35872,0
3990,0
13153,0
41305,0
35246,0
26220,1
36764,0
16812,0
10130,0
28073,0
43742,0
30177,1
8528,0
39430,0
6073,0
26331,0
32110,1
3890,0
47497,1
43314,0
21626,0
39433,0
34943,1
13202,0
1340,1
12272,0
9871,1
4464,0
5548,0
42310,0
30960,0
3512,0
12057,0
26148,1
12798,0
44460,0
22283,1
29630,0
28082,0
20060,1
15668,0
25824,0
19945,1
20866,0
809,1
35024,0
23252,1
31280,1
3054,0
1648,0
12284,0
27390,0
7192,0
3474,1
797,0
22482,0
3629,0
15581,0
16468,0
42279,0
45763,0
20489,1
8252,1
45214,0
25262,1
37173,0
44398,0
38157,1
27246,1
14237,0
42854,0
38785,0
2781,0
45974,0
24414,0
12220,0
18089,0
22714,0
1653,0
814,0
8944,1
15395,0
34046,0
31792,0
1957,0
21872,0
14829,0
45521,0
43263,1
598,0
20200,0
1532,0
32872,0
17594,0
37257,0
16327,0
30840,0
29757,0
31683,0
42080,1
47428,0
10598,1
21128,1
42746,1
11683,0
19730,0
31647,0
7777,0
27289,0
5913,0
42034,0
44535,0
19376,1
6226,0
35676,1
17933,0
34349,1
35636,1
48032,0
3532,1
6642,0
33338,0
16772,0
7933,1
40446,0
20535,0
33410,0
19857,0
43397,1
30895,0
28705,0
7911,0
47251,1
38653,0
6981,1
43603,1
43110,0
10229,0
43772,0
30572,0
38906,0
87,1
40646,0
15538,0
40903,0
11766,0
34196,0
20055,1
30893,0
12203,0
18168,1
37717,0
46719,1
2031,1
1036,1
461,0
2780,0
37374,0
44364,0
16465,1
15753,0
14546,0
17908,1
47847,0
8503,1
27038,1
30626,1
36406,0
6753,0
24442,0
20259,0
28358,0
4166,1
35446,0
13802,0
26454,1
33982,1
20036,0
6909,0
16801,1
28141,0
22705,0
39172,0
25397,0
1406,0
36898,0
37448,0
23157,1
41642,0
36225,1
1476,0
37963,0
4870,0
46176,0
25448,0
41256,1
40909,0
31323,0
16738,0
15873,1
37306,0
47726,0
33670,0
14865,1
31893,1
23512,0
12352,1
9160,0
18081,0
23463,0
39003,1
33578,0
1780,0
46470,0
23494,0
61,0
23980,1
4673,0
13154,0
13967,0
41082,0
9981,1
14044,0
25332,0
20607,0
16581,1
46036,1
30990,0
36587,0
34423,1
5395,0
20502,0
4496,0
45089,0
20238,0
37346,1
42904,0
34588,0
5262,0
33780,0
13382,0
30562,0
40684,0
36556,0
33492,0
14619,0
42846,0
43881,1
8970,0
13219,0
43001,0
5198,0
12938,0
3216,0
48481,0
13791,0
37742,0
22970,1
7927,0
41672,0
38092,0
25984,0
33160,0
4759,0
32205,0
10620,0
17330,1
7359,0
27201,1
46091,0
27728,0
27906,0
45928,0
20473,0
9804,0
32232,0
37917,0
10455,0
21927,0
15885,0
30009,0
13568,0
20064,0
23886,0
3579,0
34669,0
29986,0
12730,1
15760,0
36995,0
31114,0
43493,1
40022,1
1273,1
19383,0
43874,1
5073,0
36920,1
11386,0
36850,1
44881,0
10560,0
1650,0
17403,0
28139,0
14942,0
9903,0
44452,0
46377,0
4294,0
25001,0
12024,0
38298,1
9050,0
37517,0
23877,0
6401,1
12103,1
30275,0
29824,1
11294,0
46315,1
47307,0
16498,0
21388,0
20217,0
47232,1
39405,0
35833,0
43810,0
11527,0
4079,0
34709,0
29097,0
9941,0
14421,0
15727,0
10436,0
26287,0
8164,0
15943,0
14034,0
46214,0
17823,0
14830,1
21630,1
19638,0
4230,0
13196,0
44434,1
12648,0
4460,0
16541,0
18195,0
35133,1
6454,1
5545,0
11323,1
33872,1
6495,0
35750,0
9778,0
5205,1
10515,0
46212,0
19718,0
38474,1
7654,0
42494,0
27088,0
39496,0
13111,0
1930,0
37162,0
19284,0
47958,0
34596,1
38219,1
45859,1
33307,0
11535,0
1299,0
44382,0
32262,0
2126,0
23559,0
18035,1
33435,1
17372,1
42939,0
4838,1
42411,1
27838,0
10144,0
46444,0
14158,0
6887,1
6406,0
19598,1
32261,0
15922,0
44090,0
34608,0
15896,0
23515,0
40926,0
11825,0
47258,0
39919,0
1449,1
1732,0
32429,0
34925,0
12173,0
431,0
41622,0
43125,0
38995,0
7592,0
40689,0
9255,0
34684,1
5194,0
11411,0
16013,0
36103,1
7038,0
14475,0
15939,1
3859,0
5220,0
2498,0
29952,0
18659,0
33673,0
47306,0
13747,1
48173,0
7516,1
38378,0
34234,0
37518,0
9894,0
3161,0
1779,0
23900,0
26964,0
30592,0
45903,1
24695,0
41632,0
15838,0
2199,1
15477,0
37209,1
21764,0
27500,0
28853,0
1382,0
47150,1
1221,1
22212,1
38094,0
36652,0
37015,0
37250,0
32755,1
45425,1
36074,1
28067,0
37840,0
26186,1
37396,0
29263,1
16239,0
23173,0
19710,0
8753,0
501,0
5426,1
13106,0
6508,0
25667,1
28023,0
23867,0
34265,0
12043,0
19066,0
12161,0
1943,0
3237,0
47392,1
21272,0
34704,0
41186,0
4479,0
19367,0
42221,1
38606,0
46378,0
45874,1
34529,1
15220,0
46584,1
19287,0
8177,0
13466,0
718,1
26470,1
21103,0
24324,0
45178,0
27983,0
23366,1
37013,0
45895,0
2827,0
38615,1
22523,0
5040,0
44010,0
29946,0
3403,0
1187,1
9428,0
423,0
19514,0
33103,0
27482,1
1867,0
10596,1
48676,0
11333,0
18816,0
33602,0
28387,0
29141,0
14331,0
7635,0
39596,0
45049,0
10678,0
1095,0
45279,0
29072,0
17566,0
8956,0
12010,0
46582,0
47640,0
38354,0
4297,0
8122,0
23131,1
48317,0
13752,0
46896,0
46182,1
27024,0
42927,1
28143,0
13677,0
8585,0
40014,1
26291,1
4155,0
18690,0
46355,0
24803,0
26640,0
30446,0
3776,0
38764,0
7091,1
22303,0
4804,1
31776,1
44953,0
16913,1
29780,1
13261,1
72,0
25611,0
225,0
41394,0
33225,1
21061,1
45472,0
241,0
28742,1
22483,0
42484,0
21791,0
33320,0
11200,0
7396,0
4532,0
20368,1
3055,1
20164,0
17426,1
3207,0
2876,1
2004,1
2872,0
25772,1
553,1
14416,1
47080,1
24936,0
29374,1
18369,1
11604,0
19124,1
11533,0
43703,0
6998,0
19624,0
42856,0
4358,1
27310,0
43928,0
30588,0
38937,0
16434,0
36131,1
10495,1
9955,0
28725,0
17051,0
35639,0
18674,0
1111,1
3804,0
18490,0
13250,1
5655,0
43870,0
38095,0
29460,0
14579,0
43380,0
7068,0
17274,1
41738,0
43081,0
2267,1
14691,0
27892,0
27292,0
717,0
45694,0
26838,1
24834,0
29596,0
15447,0
14903,0
21547,0
48358,1
28171,1
5905,1
1775,0
35875,0
8504,1
42721,1
26552,0
5341,0
19711,1
15547,0
31296,1
22809,1
24158,0
13076,0
30780,0
43489,0
44986,1
22123,0
12525,0
46609,0
28626,0
11214,0
21375,0
36062,0
34297,1
44050,1
27065,0
41118,0
41968,0
27677,0
28998,0
22569,0
44422,0
18167,0
22369,0
11579,0
18563,1
20962,0
27687,0
22712,0
16978,1
23483,1
13713,1
35952,0
36262,0
22927,0
42940,0
5719,1
21337,0
16540,0
31824,1
27392,1
12591,0
17447,1
47514,0
48559,0
12854,0
10224,0
30516,0
37702,1
27494,0
21864,0
21179,1
24395,0
37605,0
39828,0
18688,0
42248,1
16723,0
30964,0
4712,0
27993,1
23153,0
16681,0
36484,0
32510,0
32684,1
42901,1
2889,1
46674,1
21959,0
204,1
29301,0
39428,0
24939,0
35615,0
18302,0
28606,0
28118,0
21942,0
22047,0
11321,0
10140,0
32131,0
27977,0
30405,0
15853,0
46250,0
1446,0
6228,0
7692,0
47836,0
47111,0
34848,0
16855,0
44136,1
200,1
559,0
24540,0
2857,0
2510,0
18986,0
39865,0
28525,0
2522,0
33705,0
41043,0
45090,0
24133,0
43266,1
31869,0
3733,1
32528,0
23819,0
23365,1
48102,0
26154,1
33677,0
11885,0
32400,0
37074,0
6379,0
21707,0
35013,0
16637,0
22377,0
8355,0
26993,0
11363,0
46298,0
18843,0
38304,0
12995,1
13513,0
28639,0
23654,0
4518,0
16949,0
6059,1
20753,0
38717,0
33079,0
9329,0
9084,0
3770,0
46741,0
37885,0
13969,0
45291,0
40687,0
45962,1
12618,1
18466,0
34950,1
28935,0
29761,1
32801,0
39329,0
36949,0
47568,0
4619,0
45873,1
41973,0
45500,0
48265,0
32256,0
877,0
27485,1
312,0
27955,1
46717,0
19661,0
47147,0
8020,0
8678,0
944,0
24745,0
47822,0
40467,1
48698,0
31602,0
37609,1
32893,0
22997,1
46392,1
4822,0
11523,1
28864,0
44022,0
5807,1
14060,0
44001,0
6607,0
42405,1
46304,0
45892,0
26146,1
32953,0
3825,0
42250,0
45014,0
36391,0
1923,0
28473,1
38038,0
37908,0
46813,0
31486,0
29086,0
17231,1
12181,0
5510,1
19225,0
6670,0
35644,1
35779,0
16122,0
40811,0
9498,0
34246,1
1538,1
5006,0
5375,1
25007,0
36503,0
19982,0
15337,0
15588,1
2187,0
4502,0
39270,0
44134,0
30102,0
10866,0
26815,1
42906,0
13965,1
35963,0
36605,0
23760,0
41937,0
45735,1
28860,0
45117,0
15627,0
19389,1
21855,1
29950,1
25716,0
47254,1
8496,0
32428,0
29504,0
41206,1
48817,1
1367,1
34585,1
46713,1
27711,0
14379,0
574,1
20165,1
15268,1
17999,1
24235,0
30845,0
11026,0
37321,1
34456,0
36315,0
10925,0
41100,0
42375,0
44380,1
41928,0
4780,0
16673,0
4247,0
19404,0
28553,0
29004,1
4008,0
33737,0
34887,0
7785,1
23039,1
8392,1
36087,0
7096,1
25867,0
18824,0
26410,0
44863,0
28699,0
26005,0
5294,0
534,0
27850,0
40420,0
10297,0
19207,0
5771,1
19022,0
18689,0
43573,0
7349,1
31447,0
48097,1
35524,0
35917,1
9425,0
20778,0
18147,0
8157,1
12325,0
12707,0
12974,0
32539,0
2506,0
25401,0
24030,0
259,0
13962,0
44966,0
1621,0
2415,0
24374,0
24956,0
4031,0
14092,0
37034,0
9806,0
19137,0
29656,0
25638,0
31835,0
26961,0
46619,0
46502,0
25541,0
8974,0
27916,0
22181,0
18965,0
26332,0
9318,1
32372,0
30862,0
33594,0
35822,0
4011,1
47683,0
13924,0
43498,1
31551,0
37676,0
12267,1
6418,0
32080,0
21424,0
45188,0
38255,0
20,1
32876,0
6358,0
28734,0
47562,0
16133,0
23281,1
31928,1
13878,1
17237,1
17829,1
6820,0
45348,0
16180,1
42096,1
29457,1
20602,0
4610,1
