display_name,scenario,false_positive_rate,true_positive_rate,threshold
Random 1%,s1_random_1_percent,0.0,0.0,inf
Random 1%,s1_random_1_percent,0.0,0.022818026240730177,1.0
Random 1%,s1_random_1_percent,0.0,0.11237877923559612,0.9456930160522461
Random 1%,s1_random_1_percent,0.0001794043774668102,0.11237877923559612,0.94552081823349
Random 1%,s1_random_1_percent,0.0001794043774668102,0.12321734169994296,0.9365044236183167
Random 1%,s1_random_1_percent,0.0001794043774668102,0.12435824301197947,0.9364233613014221
Random 1%,s1_random_1_percent,0.0001794043774668102,0.12721049629207073,0.9339170455932617
Random 1%,s1_random_1_percent,0.0003588087549336204,0.12721049629207073,0.9337615966796875
Random 1%,s1_random_1_percent,0.0003588087549336204,0.13861950941243584,0.9244710803031921
Random 1%,s1_random_1_percent,0.0005382131324004305,0.13861950941243584,0.9244089126586914
Random 1%,s1_random_1_percent,0.0005382131324004305,0.14546491728465488,0.9176927208900452
Random 1%,s1_random_1_percent,0.0007176175098672408,0.14546491728465488,0.9173204898834229
Random 1%,s1_random_1_percent,0.0007176175098672408,0.1528807758128922,0.9096236824989319
Random 1%,s1_random_1_percent,0.000897021887334051,0.1528807758128922,0.9094473719596863
Random 1%,s1_random_1_percent,0.000897021887334051,0.15345122646891043,0.909317135810852
Random 1%,s1_random_1_percent,0.001076426264800861,0.15345122646891043,0.9091131687164307
Random 1%,s1_random_1_percent,0.001076426264800861,0.15915573302909297,0.9013510346412659
Random 1%,s1_random_1_percent,0.0012558306422676714,0.15915573302909297,0.9010329842567444
Random 1%,s1_random_1_percent,0.0012558306422676714,0.16257843696520252,0.8962118029594421
Random 1%,s1_random_1_percent,0.0014352350197344816,0.16257843696520252,0.8956677913665771
Random 1%,s1_random_1_percent,0.0014352350197344816,0.16543069024529378,0.8936735391616821
Random 1%,s1_random_1_percent,0.0016146393972012918,0.16543069024529378,0.8925942778587341
Random 1%,s1_random_1_percent,0.0016146393972012918,0.16600114090131204,0.8924028277397156
Random 1%,s1_random_1_percent,0.001794043774668102,0.16600114090131204,0.892234742641449
Random 1%,s1_random_1_percent,0.001794043774668102,0.1677124928693668,0.8893870711326599
Random 1%,s1_random_1_percent,0.002152852529601722,0.1677124928693668,0.8891069889068604
Random 1%,s1_random_1_percent,0.002152852529601722,0.16828294352538506,0.8890519738197327
Random 1%,s1_random_1_percent,0.0023322569070685323,0.16828294352538506,0.8887068629264832
Random 1%,s1_random_1_percent,0.0023322569070685323,0.17170564746149458,0.8858685493469238
Random 1%,s1_random_1_percent,0.002511661284535343,0.17170564746149458,0.8856300115585327
Random 1%,s1_random_1_percent,0.002511661284535343,0.17569880205362237,0.8821129202842712
Random 1%,s1_random_1_percent,0.002691065662002153,0.17569880205362237,0.8820466995239258
Random 1%,s1_random_1_percent,0.002691065662002153,0.18311466058185966,0.8749914765357971
Random 1%,s1_random_1_percent,0.0028704700394689632,0.18311466058185966,0.874152421951294
Random 1%,s1_random_1_percent,0.0028704700394689632,0.1865373645179692,0.8701751828193665
Random 1%,s1_random_1_percent,0.0030498744169357734,0.1865373645179692,0.8700914978981018
Random 1%,s1_random_1_percent,0.0030498744169357734,0.18824871648602395,0.8685569167137146
Random 1%,s1_random_1_percent,0.0032292787944025836,0.18824871648602395,0.8685483932495117
Random 1%,s1_random_1_percent,0.0032292787944025836,0.18996006845407873,0.8670502305030823
Random 1%,s1_random_1_percent,0.0034086831718693937,0.18996006845407873,0.8661611676216125
Random 1%,s1_random_1_percent,0.0034086831718693937,0.19053051911009697,0.8660805225372314
Random 1%,s1_random_1_percent,0.003588087549336204,0.19053051911009697,0.8655452728271484
Random 1%,s1_random_1_percent,0.003588087549336204,0.19566457501426127,0.859974205493927
Random 1%,s1_random_1_percent,0.003767491926803014,0.19566457501426127,0.8596326112747192
Random 1%,s1_random_1_percent,0.003767491926803014,0.19737592698231604,0.8582171201705933
Random 1%,s1_random_1_percent,0.003946896304269824,0.19737592698231604,0.8578808903694153
Random 1%,s1_random_1_percent,0.003946896304269824,0.1990872789503708,0.856183648109436
Random 1%,s1_random_1_percent,0.0041263006817366344,0.1990872789503708,0.8554496169090271
Random 1%,s1_random_1_percent,0.0041263006817366344,0.20365088419851682,0.8504191040992737
Random 1%,s1_random_1_percent,0.004305705059203444,0.20365088419851682,0.8488919734954834
Random 1%,s1_random_1_percent,0.004305705059203444,0.2127780946948089,0.8430038094520569
Random 1%,s1_random_1_percent,0.0046645138141370645,0.2127780946948089,0.8427053093910217
Random 1%,s1_random_1_percent,0.0046645138141370645,0.21791215059897318,0.8385659456253052
Random 1%,s1_random_1_percent,0.004843918191603875,0.21791215059897318,0.837703287601471
Random 1%,s1_random_1_percent,0.004843918191603875,0.22190530519110097,0.8363361358642578
Random 1%,s1_random_1_percent,0.005023322569070686,0.22190530519110097,0.8362103700637817
Random 1%,s1_random_1_percent,0.005023322569070686,0.22247575584711923,0.8357232213020325
Random 1%,s1_random_1_percent,0.005023322569070686,0.22361665715915574,0.8355279564857483
Random 1%,s1_random_1_percent,0.0052027269465374955,0.22361665715915574,0.8350136280059814
Random 1%,s1_random_1_percent,0.0052027269465374955,0.22475755847119225,0.8346449136734009
Random 1%,s1_random_1_percent,0.005382131324004306,0.22475755847119225,0.8335290551185608
Random 1%,s1_random_1_percent,0.005382131324004306,0.22589845978322876,0.8332148790359497
Random 1%,s1_random_1_percent,0.005561535701471116,0.22589845978322876,0.8330968618392944
Random 1%,s1_random_1_percent,0.005561535701471116,0.2338847689674843,0.8293942809104919
Random 1%,s1_random_1_percent,0.0057409400789379264,0.2338847689674843,0.8291833996772766
Random 1%,s1_random_1_percent,0.0057409400789379264,0.23730747290359383,0.8276355266571045
Random 1%,s1_random_1_percent,0.005920344456404736,0.23730747290359383,0.8266306519508362
Random 1%,s1_random_1_percent,0.005920344456404736,0.23844837421563034,0.825441300868988
Random 1%,s1_random_1_percent,0.006099748833871547,0.23844837421563034,0.8242658376693726
Random 1%,s1_random_1_percent,0.006099748833871547,0.24130062749572162,0.822960615158081
Random 1%,s1_random_1_percent,0.0062791532113383565,0.24130062749572162,0.8228922486305237
Random 1%,s1_random_1_percent,0.0062791532113383565,0.24586423274386765,0.8195071816444397
Random 1%,s1_random_1_percent,0.006458557588805167,0.24586423274386765,0.8193855881690979
Random 1%,s1_random_1_percent,0.006458557588805167,0.24700513405590416,0.8184059858322144
Random 1%,s1_random_1_percent,0.0068173663437387875,0.24700513405590416,0.8178572654724121
Random 1%,s1_random_1_percent,0.0068173663437387875,0.24814603536794066,0.817594051361084
Random 1%,s1_random_1_percent,0.0068173663437387875,0.2504278379920137,0.8162633776664734
Random 1%,s1_random_1_percent,0.006996770721205597,0.2504278379920137,0.8162367343902588
Random 1%,s1_random_1_percent,0.006996770721205597,0.253280091272105,0.8152572512626648
Random 1%,s1_random_1_percent,0.007176175098672408,0.253280091272105,0.8149248361587524
Random 1%,s1_random_1_percent,0.007176175098672408,0.25385054192812323,0.8148466348648071
Random 1%,s1_random_1_percent,0.007355579476139218,0.25385054192812323,0.8148461580276489
Random 1%,s1_random_1_percent,0.007355579476139218,0.2572732458642327,0.8143401145935059
Random 1%,s1_random_1_percent,0.007714388231072838,0.2572732458642327,0.8140997886657715
Random 1%,s1_random_1_percent,0.007714388231072838,0.25841414717626926,0.8135238289833069
Random 1%,s1_random_1_percent,0.007893792608539648,0.25841414717626926,0.8134174942970276
Random 1%,s1_random_1_percent,0.007893792608539648,0.25955504848830574,0.8131141066551208
Random 1%,s1_random_1_percent,0.008252601363473269,0.25955504848830574,0.8126304149627686
Random 1%,s1_random_1_percent,0.008252601363473269,0.26012549914432403,0.812518298625946
Random 1%,s1_random_1_percent,0.008611410118406888,0.26012549914432403,0.8116114139556885
Random 1%,s1_random_1_percent,0.008611410118406888,0.26240730176839705,0.8102182149887085
Random 1%,s1_random_1_percent,0.008790814495873699,0.26240730176839705,0.8102174401283264
Random 1%,s1_random_1_percent,0.008790814495873699,0.26354820308043353,0.8098957538604736
Random 1%,s1_random_1_percent,0.00897021887334051,0.26354820308043353,0.8097344636917114
Random 1%,s1_random_1_percent,0.00897021887334051,0.26811180832857956,0.8070889115333557
Random 1%,s1_random_1_percent,0.00914962325080732,0.26811180832857956,0.8070816993713379
Random 1%,s1_random_1_percent,0.00914962325080732,0.2738163148887621,0.8041597604751587
Random 1%,s1_random_1_percent,0.009329027628274129,0.2738163148887621,0.8041483163833618
Random 1%,s1_random_1_percent,0.009329027628274129,0.2749572162007986,0.8031166195869446
Random 1%,s1_random_1_percent,0.00968783638320775,0.2749572162007986,0.8024600744247437
Random 1%,s1_random_1_percent,0.00968783638320775,0.2772390188248717,0.8012635111808777
Random 1%,s1_random_1_percent,0.009867240760674561,0.2772390188248717,0.8009743690490723
Random 1%,s1_random_1_percent,0.009867240760674561,0.28237307472903594,0.7990131378173828
Random 1%,s1_random_1_percent,0.010046645138141371,0.28237307472903594,0.7988784313201904
Random 1%,s1_random_1_percent,0.010046645138141371,0.2852253280091272,0.7970074415206909
Random 1%,s1_random_1_percent,0.01022604951560818,0.2852253280091272,0.7969158291816711
Random 1%,s1_random_1_percent,0.01022604951560818,0.29092983456930976,0.7934648990631104
Random 1%,s1_random_1_percent,0.010584858270541802,0.29092983456930976,0.7928610444068909
Random 1%,s1_random_1_percent,0.010764262648008612,0.29092983456930976,0.7927944660186768
Random 1%,s1_random_1_percent,0.010764262648008612,0.29207073588134624,0.7908943295478821
Random 1%,s1_random_1_percent,0.010943667025475421,0.29264118653736454,0.7908901572227478
Random 1%,s1_random_1_percent,0.010943667025475421,0.3029092983456931,0.7821760177612305
Random 1%,s1_random_1_percent,0.010943667025475421,0.3040501996577296,0.7816100716590881
Random 1%,s1_random_1_percent,0.010943667025475421,0.3057615516257844,0.7809332013130188
Random 1%,s1_random_1_percent,0.011123071402942232,0.30633200228180263,0.7808718681335449
Random 1%,s1_random_1_percent,0.011481880157875853,0.30633200228180263,0.7806349396705627
Random 1%,s1_random_1_percent,0.011481880157875853,0.30690245293782087,0.7802897691726685
Random 1%,s1_random_1_percent,0.011840688912809472,0.30690245293782087,0.7798618078231812
Random 1%,s1_random_1_percent,0.011840688912809472,0.3074729035938391,0.7797289490699768
Random 1%,s1_random_1_percent,0.012020093290276283,0.3074729035938391,0.7789655327796936
Random 1%,s1_random_1_percent,0.012020093290276283,0.30861380490587564,0.7772137522697449
Random 1%,s1_random_1_percent,0.012199497667743094,0.30861380490587564,0.7765061259269714
Random 1%,s1_random_1_percent,0.012199497667743094,0.3091842555618939,0.7754660844802856
Random 1%,s1_random_1_percent,0.012378902045209902,0.3091842555618939,0.7753379344940186
Random 1%,s1_random_1_percent,0.012378902045209902,0.3097547062179121,0.7753136157989502
Random 1%,s1_random_1_percent,0.013096519555077143,0.3097547062179121,0.7732658982276917
Random 1%,s1_random_1_percent,0.013096519555077143,0.31717056474614946,0.7693494558334351
Random 1%,s1_random_1_percent,0.013275923932543954,0.31717056474614946,0.7693406939506531
Random 1%,s1_random_1_percent,0.013275923932543954,0.31831146605818594,0.7685267925262451
Random 1%,s1_random_1_percent,0.013455328310010764,0.31888191671420424,0.7683892250061035
Random 1%,s1_random_1_percent,0.013634732687477575,0.31888191671420424,0.76832115650177
Random 1%,s1_random_1_percent,0.013634732687477575,0.32116371933827725,0.7669761180877686
Random 1%,s1_random_1_percent,0.013634732687477575,0.32230462065031373,0.7669227123260498
Random 1%,s1_random_1_percent,0.013634732687477575,0.32857957786651454,0.7619221210479736
Random 1%,s1_random_1_percent,0.013814137064944384,0.32857957786651454,0.7614707946777344
Random 1%,s1_random_1_percent,0.013814137064944384,0.3302909298345693,0.7612327933311462
Random 1%,s1_random_1_percent,0.013814137064944384,0.3314318311466058,0.7611082792282104
Random 1%,s1_random_1_percent,0.013814137064944384,0.33485453508271534,0.7590697407722473
Random 1%,s1_random_1_percent,0.013993541442411194,0.33485453508271534,0.758495032787323
Random 1%,s1_random_1_percent,0.013993541442411194,0.3354249857387336,0.7582622170448303
Random 1%,s1_random_1_percent,0.014352350197344816,0.3354249857387336,0.757759690284729
Random 1%,s1_random_1_percent,0.014352350197344816,0.3382772390188249,0.756454348564148
Random 1%,s1_random_1_percent,0.014531754574811625,0.3382772390188249,0.7563262581825256
Random 1%,s1_random_1_percent,0.014531754574811625,0.33884768967484313,0.7561585307121277
Random 1%,s1_random_1_percent,0.014711158952278435,0.33884768967484313,0.7554752230644226
Random 1%,s1_random_1_percent,0.014711158952278435,0.3399885909868796,0.7547966837882996
Random 1%,s1_random_1_percent,0.015069967707212056,0.3399885909868796,0.7535656690597534
Random 1%,s1_random_1_percent,0.015069967707212056,0.34112949229891615,0.7530936002731323
Random 1%,s1_random_1_percent,0.015428776462145676,0.34112949229891615,0.7526679635047913
Random 1%,s1_random_1_percent,0.015428776462145676,0.34227039361095263,0.7517320513725281
Random 1%,s1_random_1_percent,0.015787585217079295,0.34227039361095263,0.7504323720932007
Random 1%,s1_random_1_percent,0.015787585217079295,0.3439817455790074,0.7487304210662842
Random 1%,s1_random_1_percent,0.016505202726946538,0.3439817455790074,0.7463902235031128
Random 1%,s1_random_1_percent,0.016505202726946538,0.3456930975470622,0.7451797723770142
Random 1%,s1_random_1_percent,0.016684607104413347,0.3456930975470622,0.7443639039993286
Random 1%,s1_random_1_percent,0.016684607104413347,0.3468339988590987,0.743374228477478
Random 1%,s1_random_1_percent,0.01686401148188016,0.3468339988590987,0.7424601912498474
Random 1%,s1_random_1_percent,0.01686401148188016,0.3525385054192812,0.7373074889183044
Random 1%,s1_random_1_percent,0.017043415859346968,0.3525385054192812,0.7371384501457214
Random 1%,s1_random_1_percent,0.017043415859346968,0.3553907586993725,0.7359987497329712
Random 1%,s1_random_1_percent,0.017222820236813777,0.3553907586993725,0.7359321117401123
Random 1%,s1_random_1_percent,0.017222820236813777,0.3559612093553908,0.7357021570205688
Random 1%,s1_random_1_percent,0.01740222461428059,0.3559612093553908,0.7356866002082825
Random 1%,s1_random_1_percent,0.01740222461428059,0.36337706788362806,0.7293171882629395
Random 1%,s1_random_1_percent,0.017581628991747398,0.36337706788362806,0.7285619974136353
Random 1%,s1_random_1_percent,0.017581628991747398,0.3645179691956646,0.7281894087791443
Random 1%,s1_random_1_percent,0.01776103336921421,0.3645179691956646,0.728105902671814
Random 1%,s1_random_1_percent,0.01776103336921421,0.36508841985168283,0.7279654741287231
Random 1%,s1_random_1_percent,0.01794043774668102,0.36508841985168283,0.7279055118560791
Random 1%,s1_random_1_percent,0.01794043774668102,0.3662293211637193,0.7277352809906006
Random 1%,s1_random_1_percent,0.018119842124147828,0.3662293211637193,0.7275000810623169
Random 1%,s1_random_1_percent,0.018119842124147828,0.3667997718197376,0.7274940609931946
Random 1%,s1_random_1_percent,0.01847865087908145,0.3667997718197376,0.7270764708518982
Random 1%,s1_random_1_percent,0.01847865087908145,0.36737022247575585,0.7266021370887756
Random 1%,s1_random_1_percent,0.018658055256548258,0.36737022247575585,0.7261633276939392
Random 1%,s1_random_1_percent,0.018658055256548258,0.3685111237877924,0.7254913449287415
Random 1%,s1_random_1_percent,0.01883745963401507,0.3685111237877924,0.725067675113678
Random 1%,s1_random_1_percent,0.01883745963401507,0.36965202509982886,0.724165141582489
Random 1%,s1_random_1_percent,0.01919626838894869,0.36965202509982886,0.7238935828208923
Random 1%,s1_random_1_percent,0.01919626838894869,0.3702224757558471,0.7236760258674622
Random 1%,s1_random_1_percent,0.0193756727664155,0.3702224757558471,0.7230499386787415
Random 1%,s1_random_1_percent,0.0193756727664155,0.3719338277239019,0.7219157814979553
Random 1%,s1_random_1_percent,0.01955507714388231,0.3719338277239019,0.7216746211051941
Random 1%,s1_random_1_percent,0.01955507714388231,0.3725042783799201,0.7212996482849121
Random 1%,s1_random_1_percent,0.01991388589881593,0.3725042783799201,0.7211458086967468
Random 1%,s1_random_1_percent,0.01991388589881593,0.37592698231602967,0.7199698686599731
Random 1%,s1_random_1_percent,0.020093290276282743,0.37592698231602967,0.7194598913192749
Random 1%,s1_random_1_percent,0.020093290276282743,0.3764974329720479,0.7192614674568176
Random 1%,s1_random_1_percent,0.020272694653749552,0.3764974329720479,0.719196081161499
Random 1%,s1_random_1_percent,0.020272694653749552,0.3793496862521392,0.7182812094688416
Random 1%,s1_random_1_percent,0.02099031216361679,0.3793496862521392,0.7167884111404419
Random 1%,s1_random_1_percent,0.02099031216361679,0.3804905875641757,0.7166485786437988
Random 1%,s1_random_1_percent,0.021169716541083603,0.3804905875641757,0.716264009475708
Random 1%,s1_random_1_percent,0.021169716541083603,0.3822019395322305,0.7144179940223694
Random 1%,s1_random_1_percent,0.021349120918550412,0.3822019395322305,0.7143459916114807
Random 1%,s1_random_1_percent,0.021349120918550412,0.3827723901882487,0.7142513394355774
Random 1%,s1_random_1_percent,0.021528525296017224,0.3827723901882487,0.7140775918960571
Random 1%,s1_random_1_percent,0.021528525296017224,0.38619509412435826,0.7129406332969666
Random 1%,s1_random_1_percent,0.022066738428417654,0.38619509412435826,0.7124730944633484
Random 1%,s1_random_1_percent,0.022066738428417654,0.3884768967484313,0.7104971408843994
Random 1%,s1_random_1_percent,0.022246142805884463,0.3884768967484313,0.7095733880996704
Random 1%,s1_random_1_percent,0.022246142805884463,0.390188248716486,0.7094529271125793
Random 1%,s1_random_1_percent,0.022246142805884463,0.3907586993725043,0.7093920707702637
Random 1%,s1_random_1_percent,0.022425547183351272,0.3907586993725043,0.7093502283096313
Random 1%,s1_random_1_percent,0.022425547183351272,0.39361095265259555,0.7085166573524475
Random 1%,s1_random_1_percent,0.022604951560818085,0.39361095265259555,0.7078456282615662
Random 1%,s1_random_1_percent,0.022604951560818085,0.3941814033086138,0.7076721787452698
Random 1%,s1_random_1_percent,0.022784355938284893,0.3941814033086138,0.7075172662734985
Random 1%,s1_random_1_percent,0.022784355938284893,0.3987450085567598,0.7059134244918823
Random 1%,s1_random_1_percent,0.023143164693218515,0.3987450085567598,0.7055664658546448
Random 1%,s1_random_1_percent,0.023143164693218515,0.40216771249286937,0.7042421102523804
Random 1%,s1_random_1_percent,0.023322569070685324,0.40216771249286937,0.7037180662155151
Random 1%,s1_random_1_percent,0.023322569070685324,0.4044495151169424,0.7033030986785889
Random 1%,s1_random_1_percent,0.023501973448152136,0.4044495151169424,0.7032641768455505
Random 1%,s1_random_1_percent,0.023501973448152136,0.40616086708499716,0.7028042078018188
Random 1%,s1_random_1_percent,0.023681377825618945,0.40616086708499716,0.7024403810501099
Random 1%,s1_random_1_percent,0.023681377825618945,0.41015402167712495,0.6999892592430115
Random 1%,s1_random_1_percent,0.023860782203085754,0.41015402167712495,0.6994764804840088
Random 1%,s1_random_1_percent,0.023860782203085754,0.41243582430119796,0.6986865401268005
Random 1%,s1_random_1_percent,0.024040186580552566,0.41243582430119796,0.6982970237731934
Random 1%,s1_random_1_percent,0.024040186580552566,0.414717626925271,0.6971564888954163
Random 1%,s1_random_1_percent,0.024219590958019375,0.4152880775812892,0.6970393657684326
Random 1%,s1_random_1_percent,0.024219590958019375,0.41871078151739877,0.6951189637184143
Random 1%,s1_random_1_percent,0.024398995335486187,0.41871078151739877,0.695068359375
Random 1%,s1_random_1_percent,0.024398995335486187,0.4204221334854535,0.6942244172096252
Random 1%,s1_random_1_percent,0.024578399712952996,0.4204221334854535,0.6939824223518372
Random 1%,s1_random_1_percent,0.024578399712952996,0.42156303479749,0.6932140588760376
Random 1%,s1_random_1_percent,0.024937208467886617,0.42156303479749,0.6931225061416626
Random 1%,s1_random_1_percent,0.024937208467886617,0.4232743867655448,0.6922459006309509
Random 1%,s1_random_1_percent,0.02529601722282024,0.4232743867655448,0.6920078992843628
Random 1%,s1_random_1_percent,0.02529601722282024,0.42384483742156304,0.6918084621429443
Random 1%,s1_random_1_percent,0.02529601722282024,0.4249857387335995,0.6917514801025391
Random 1%,s1_random_1_percent,0.02529601722282024,0.4255561893896178,0.6912200450897217
Random 1%,s1_random_1_percent,0.02529601722282024,0.4266970907016543,0.6911873817443848
Random 1%,s1_random_1_percent,0.02529601722282024,0.4278379920136908,0.6903843879699707
Random 1%,s1_random_1_percent,0.025475421600287047,0.4278379920136908,0.6893543601036072
Random 1%,s1_random_1_percent,0.025475421600287047,0.42840844266970907,0.6893478631973267
Random 1%,s1_random_1_percent,0.02583423035522067,0.42840844266970907,0.6881558895111084
Random 1%,s1_random_1_percent,0.02583423035522067,0.4289788933257273,0.6878905892372131
Random 1%,s1_random_1_percent,0.026013634732687477,0.4289788933257273,0.6869663596153259
Random 1%,s1_random_1_percent,0.026013634732687477,0.43240159726183686,0.6858232617378235
Random 1%,s1_random_1_percent,0.026013634732687477,0.43354249857387334,0.6857477426528931
Random 1%,s1_random_1_percent,0.026013634732687477,0.4381061038220194,0.6828641295433044
Random 1%,s1_random_1_percent,0.0263724434876211,0.4381061038220194,0.6818085312843323
Random 1%,s1_random_1_percent,0.026551847865087908,0.4392470051340559,0.6813399195671082
Random 1%,s1_random_1_percent,0.026551847865087908,0.43981745579007414,0.6811644434928894
Random 1%,s1_random_1_percent,0.02673125224255472,0.43981745579007414,0.6808527708053589
Random 1%,s1_random_1_percent,0.02673125224255472,0.44038790644609244,0.6799103021621704
Random 1%,s1_random_1_percent,0.027090060997488338,0.44038790644609244,0.6790761947631836
Random 1%,s1_random_1_percent,0.027090060997488338,0.44266970907016545,0.677834689617157
Random 1%,s1_random_1_percent,0.02726946537495515,0.4432401597261837,0.6775248050689697
Random 1%,s1_random_1_percent,0.02726946537495515,0.44381061038220193,0.6774448156356812
Random 1%,s1_random_1_percent,0.02726946537495515,0.44495151169423847,0.6774423718452454
Random 1%,s1_random_1_percent,0.02726946537495515,0.4466628636622932,0.6767089366912842
Random 1%,s1_random_1_percent,0.02744886975242196,0.4466628636622932,0.6762654185295105
Random 1%,s1_random_1_percent,0.02744886975242196,0.4472333143183115,0.6762080192565918
Random 1%,s1_random_1_percent,0.027628274129888768,0.4472333143183115,0.6760711669921875
Random 1%,s1_random_1_percent,0.027628274129888768,0.4478037649743297,0.6758031249046326
Random 1%,s1_random_1_percent,0.02780767850735558,0.4478037649743297,0.6756769418716431
Random 1%,s1_random_1_percent,0.02780767850735558,0.45008556759840274,0.6745298504829407
Random 1%,s1_random_1_percent,0.02798708288482239,0.45008556759840274,0.6741007566452026
Random 1%,s1_random_1_percent,0.02798708288482239,0.4517969195664575,0.6736403107643127
Random 1%,s1_random_1_percent,0.0281664872622892,0.4517969195664575,0.6730130910873413
Random 1%,s1_random_1_percent,0.0281664872622892,0.45464917284654877,0.6718530654907227
Random 1%,s1_random_1_percent,0.02834589163975601,0.45464917284654877,0.6717042326927185
Random 1%,s1_random_1_percent,0.02834589163975601,0.455219623502567,0.6716778874397278
Random 1%,s1_random_1_percent,0.02870470039468963,0.455219623502567,0.6716313362121582
Random 1%,s1_random_1_percent,0.02870470039468963,0.4557900741585853,0.6714242696762085
Random 1%,s1_random_1_percent,0.02906350914962325,0.4557900741585853,0.6708390712738037
Random 1%,s1_random_1_percent,0.02906350914962325,0.45636052481460354,0.6703830361366272
Random 1%,s1_random_1_percent,0.02924291352709006,0.45636052481460354,0.6687816977500916
Random 1%,s1_random_1_percent,0.02924291352709006,0.4580718767826583,0.6684636473655701
Random 1%,s1_random_1_percent,0.02942231790455687,0.4580718767826583,0.6673215627670288
Random 1%,s1_random_1_percent,0.02942231790455687,0.4592127780946948,0.665959894657135
Random 1%,s1_random_1_percent,0.0299605310369573,0.4592127780946948,0.6652833223342896
Random 1%,s1_random_1_percent,0.0299605310369573,0.4597832287507131,0.6652123928070068
Random 1%,s1_random_1_percent,0.030139935414424113,0.4597832287507131,0.6650410294532776
Random 1%,s1_random_1_percent,0.030139935414424113,0.46092413006274957,0.6638608574867249
Random 1%,s1_random_1_percent,0.03031933979189092,0.46092413006274957,0.6638041138648987
Random 1%,s1_random_1_percent,0.03031933979189092,0.4620650313747861,0.6626628041267395
Random 1%,s1_random_1_percent,0.030678148546824543,0.4620650313747861,0.6626339554786682
Random 1%,s1_random_1_percent,0.030678148546824543,0.4671990872789504,0.6576181650161743
Random 1%,s1_random_1_percent,0.03085755292429135,0.4671990872789504,0.6574566960334778
Random 1%,s1_random_1_percent,0.03085755292429135,0.46833998859098686,0.6570447683334351
Random 1%,s1_random_1_percent,0.031036957301758164,0.46833998859098686,0.6568137407302856
Random 1%,s1_random_1_percent,0.031036957301758164,0.4694808899030234,0.6560555100440979
Random 1%,s1_random_1_percent,0.031216361679224973,0.4694808899030234,0.6558114886283875
Random 1%,s1_random_1_percent,0.031216361679224973,0.47005134055904163,0.654622495174408
Random 1%,s1_random_1_percent,0.03157517043415859,0.47005134055904163,0.6542487740516663
Random 1%,s1_random_1_percent,0.03157517043415859,0.47119224187107817,0.6540988087654114
Random 1%,s1_random_1_percent,0.031754574811625406,0.47119224187107817,0.6532515287399292
Random 1%,s1_random_1_percent,0.031754574811625406,0.4740444951511694,0.652088463306427
Random 1%,s1_random_1_percent,0.031933979189092215,0.4740444951511694,0.6520645618438721
Random 1%,s1_random_1_percent,0.031933979189092215,0.47461494580718766,0.6520459651947021
Random 1%,s1_random_1_percent,0.032113383566559024,0.47461494580718766,0.6516566872596741
Random 1%,s1_random_1_percent,0.032113383566559024,0.4780376497432972,0.6497672200202942
Random 1%,s1_random_1_percent,0.03229278794402583,0.4780376497432972,0.6496639847755432
Random 1%,s1_random_1_percent,0.03229278794402583,0.479749001711352,0.6486915946006775
Random 1%,s1_random_1_percent,0.03247219232149264,0.479749001711352,0.6484421491622925
Random 1%,s1_random_1_percent,0.03247219232149264,0.4803194523673702,0.6482965350151062
Random 1%,s1_random_1_percent,0.03265159669895946,0.48088990302338847,0.6481583714485168
Random 1%,s1_random_1_percent,0.03265159669895946,0.4814603536794067,0.6475996375083923
Random 1%,s1_random_1_percent,0.033189809831359884,0.4814603536794067,0.6466584205627441
Random 1%,s1_random_1_percent,0.033189809831359884,0.482030804335425,0.646424412727356
Random 1%,s1_random_1_percent,0.0335486185862935,0.482030804335425,0.6459065675735474
Random 1%,s1_random_1_percent,0.0335486185862935,0.4837421563034798,0.6439991593360901
Random 1%,s1_random_1_percent,0.034086831718693936,0.4837421563034798,0.6427009105682373
Random 1%,s1_random_1_percent,0.034086831718693936,0.48488305761551626,0.6426727771759033
Random 1%,s1_random_1_percent,0.03444564047362755,0.48488305761551626,0.6424067616462708
Random 1%,s1_random_1_percent,0.03444564047362755,0.48659440958357103,0.641629695892334
Random 1%,s1_random_1_percent,0.03462504485109437,0.48659440958357103,0.6402708888053894
Random 1%,s1_random_1_percent,0.03462504485109437,0.4900171135196805,0.6375128030776978
Random 1%,s1_random_1_percent,0.035342662360961605,0.4900171135196805,0.6360131502151489
Random 1%,s1_random_1_percent,0.035342662360961605,0.4905875641756988,0.6358668208122253
Random 1%,s1_random_1_percent,0.03552206673842842,0.4905875641756988,0.6357959508895874
Random 1%,s1_random_1_percent,0.03552206673842842,0.4917284654877353,0.6354079842567444
Random 1%,s1_random_1_percent,0.03570147111589523,0.4917284654877353,0.6353943347930908
Random 1%,s1_random_1_percent,0.03588087549336204,0.49229891614375354,0.635355532169342
Random 1%,s1_random_1_percent,0.03588087549336204,0.4945807187678266,0.6336380243301392
Random 1%,s1_random_1_percent,0.03606027987082885,0.4945807187678266,0.633182942867279
Random 1%,s1_random_1_percent,0.03606027987082885,0.49515116942384485,0.632644772529602
Random 1%,s1_random_1_percent,0.036239684248295656,0.49515116942384485,0.6312596201896667
Random 1%,s1_random_1_percent,0.03641908862576247,0.4968625213918996,0.631184458732605
Random 1%,s1_random_1_percent,0.03659849300322928,0.4968625213918996,0.6311014294624329
Random 1%,s1_random_1_percent,0.03659849300322928,0.4997147746719909,0.6290860176086426
Random 1%,s1_random_1_percent,0.03677789738069609,0.4997147746719909,0.6286001205444336
Random 1%,s1_random_1_percent,0.03677789738069609,0.5008556759840274,0.6274688839912415
Random 1%,s1_random_1_percent,0.0369573017581629,0.5008556759840274,0.6271699070930481
Random 1%,s1_random_1_percent,0.0369573017581629,0.5025670279520822,0.6249426007270813
Random 1%,s1_random_1_percent,0.03713670613562971,0.5025670279520822,0.6247593760490417
Random 1%,s1_random_1_percent,0.03713670613562971,0.5037079292641187,0.6234429478645325
Random 1%,s1_random_1_percent,0.037316110513096516,0.5037079292641187,0.6225215792655945
Random 1%,s1_random_1_percent,0.037316110513096516,0.5042783799201369,0.6222312450408936
Random 1%,s1_random_1_percent,0.037316110513096516,0.5054192812321734,0.6210410594940186
Random 1%,s1_random_1_percent,0.03803372802296376,0.5054192812321734,0.6192415952682495
Random 1%,s1_random_1_percent,0.03803372802296376,0.50656018254421,0.618229866027832
Random 1%,s1_random_1_percent,0.03821313240043057,0.50656018254421,0.6181996464729309
Random 1%,s1_random_1_percent,0.03821313240043057,0.5077010838562465,0.618065357208252
Random 1%,s1_random_1_percent,0.03839253677789738,0.5077010838562465,0.6177946329116821
Random 1%,s1_random_1_percent,0.03839253677789738,0.5105533371363377,0.6157617568969727
Random 1%,s1_random_1_percent,0.038751345532831,0.5105533371363377,0.6154812574386597
Random 1%,s1_random_1_percent,0.038751345532831,0.5116942384483743,0.6152920126914978
Random 1%,s1_random_1_percent,0.03911015428776462,0.5116942384483743,0.6146751046180725
Random 1%,s1_random_1_percent,0.03911015428776462,0.5128351397604107,0.6138259172439575
Random 1%,s1_random_1_percent,0.039289558665231435,0.5128351397604107,0.6122658848762512
Random 1%,s1_random_1_percent,0.039289558665231435,0.5139760410724472,0.61116623878479
Random 1%,s1_random_1_percent,0.039468963042698244,0.5139760410724472,0.611010730266571
Random 1%,s1_random_1_percent,0.039468963042698244,0.5168282943525385,0.609752893447876
Random 1%,s1_random_1_percent,0.03964836742016505,0.5168282943525385,0.6092687845230103
Random 1%,s1_random_1_percent,0.03982777179763186,0.5173987450085568,0.609245777130127
Random 1%,s1_random_1_percent,0.04000717617509867,0.5173987450085568,0.6092024445533752
Random 1%,s1_random_1_percent,0.04000717617509867,0.517969195664575,0.6091623902320862
Random 1%,s1_random_1_percent,0.040186580552565486,0.517969195664575,0.6090434789657593
Random 1%,s1_random_1_percent,0.040186580552565486,0.5185396463205932,0.6088958382606506
Random 1%,s1_random_1_percent,0.04072479368496591,0.5185396463205932,0.6082451343536377
Random 1%,s1_random_1_percent,0.04072479368496591,0.5191100969766115,0.6077399849891663
Random 1%,s1_random_1_percent,0.04090419806243272,0.5191100969766115,0.6076896786689758
Random 1%,s1_random_1_percent,0.04090419806243272,0.5236737022247575,0.6038227677345276
Random 1%,s1_random_1_percent,0.041263006817366346,0.5236737022247575,0.6033918857574463
Random 1%,s1_random_1_percent,0.041263006817366346,0.5259555048488306,0.6013262271881104
Random 1%,s1_random_1_percent,0.041442411194833155,0.5259555048488306,0.6008383631706238
Random 1%,s1_random_1_percent,0.041442411194833155,0.5288077581289219,0.5979543924331665
Random 1%,s1_random_1_percent,0.04180121994976677,0.5288077581289219,0.5959999561309814
Random 1%,s1_random_1_percent,0.04180121994976677,0.5293782087849401,0.5959417819976807
Random 1%,s1_random_1_percent,0.04198062432723358,0.5293782087849401,0.595720648765564
Random 1%,s1_random_1_percent,0.04198062432723358,0.5299486594409584,0.5955683588981628
Random 1%,s1_random_1_percent,0.0421600287047004,0.5299486594409584,0.5954115390777588
Random 1%,s1_random_1_percent,0.0421600287047004,0.5316600114090131,0.5944547057151794
Random 1%,s1_random_1_percent,0.042339433082167206,0.5316600114090131,0.5944535732269287
Random 1%,s1_random_1_percent,0.042339433082167206,0.5333713633770679,0.5941288471221924
Random 1%,s1_random_1_percent,0.04305705059203445,0.5333713633770679,0.5928592085838318
Random 1%,s1_random_1_percent,0.04305705059203445,0.5356531660011409,0.5914612412452698
Random 1%,s1_random_1_percent,0.04323645496950126,0.5356531660011409,0.5913998484611511
Random 1%,s1_random_1_percent,0.04323645496950126,0.5362236166571591,0.5913695693016052
Random 1%,s1_random_1_percent,0.043415859346968066,0.5362236166571591,0.5910558104515076
Random 1%,s1_random_1_percent,0.043415859346968066,0.5367940673131774,0.5910422205924988
Random 1%,s1_random_1_percent,0.043595263724434875,0.5367940673131774,0.5896894335746765
Random 1%,s1_random_1_percent,0.043595263724434875,0.537934968625214,0.5881564021110535
Random 1%,s1_random_1_percent,0.0439540724793685,0.537934968625214,0.5878315567970276
Random 1%,s1_random_1_percent,0.0439540724793685,0.5390758699372504,0.5868080854415894
Random 1%,s1_random_1_percent,0.04431288123430212,0.5390758699372504,0.5866153836250305
Random 1%,s1_random_1_percent,0.04431288123430212,0.5396463205932687,0.5864236950874329
Random 1%,s1_random_1_percent,0.04449228561176893,0.5396463205932687,0.5862725973129272
Random 1%,s1_random_1_percent,0.04449228561176893,0.5402167712492869,0.5857243537902832
Random 1%,s1_random_1_percent,0.044671689989235736,0.5402167712492869,0.5855101943016052
Random 1%,s1_random_1_percent,0.044671689989235736,0.54249857387336,0.5842520594596863
Random 1%,s1_random_1_percent,0.044851094366702544,0.54249857387336,0.583881139755249
Random 1%,s1_random_1_percent,0.044851094366702544,0.5453508271534512,0.5812702775001526
Random 1%,s1_random_1_percent,0.04503049874416936,0.5453508271534512,0.5808145999908447
Random 1%,s1_random_1_percent,0.04503049874416936,0.5464917284654878,0.5785760283470154
Random 1%,s1_random_1_percent,0.04556871187656979,0.5464917284654878,0.5781031250953674
Random 1%,s1_random_1_percent,0.04556871187656979,0.5476326297775242,0.5766705274581909
Random 1%,s1_random_1_percent,0.04628632938643703,0.5476326297775242,0.5759184956550598
Random 1%,s1_random_1_percent,0.04628632938643703,0.5487735310895607,0.5747530460357666
Random 1%,s1_random_1_percent,0.04646573376390384,0.5487735310895607,0.5747227072715759
Random 1%,s1_random_1_percent,0.04646573376390384,0.549343981745579,0.5746458768844604
Random 1%,s1_random_1_percent,0.04736275565123789,0.549343981745579,0.5738180875778198
Random 1%,s1_random_1_percent,0.04736275565123789,0.551625784369652,0.5731689929962158
Random 1%,s1_random_1_percent,0.0475421600287047,0.551625784369652,0.5727792978286743
Random 1%,s1_random_1_percent,0.0475421600287047,0.5521962350256703,0.5725167989730835
Random 1%,s1_random_1_percent,0.04790096878363832,0.5521962350256703,0.5722514986991882
Random 1%,s1_random_1_percent,0.04790096878363832,0.5527666856816885,0.5714329481124878
Random 1%,s1_random_1_percent,0.04808037316110513,0.5527666856816885,0.5712109208106995
Random 1%,s1_random_1_percent,0.04808037316110513,0.553907586993725,0.5707916617393494
Random 1%,s1_random_1_percent,0.04825977753857194,0.553907586993725,0.5697430372238159
Random 1%,s1_random_1_percent,0.04825977753857194,0.5561893896177981,0.568530261516571
Random 1%,s1_random_1_percent,0.04843918191603875,0.5561893896177981,0.5684928297996521
Random 1%,s1_random_1_percent,0.04843918191603875,0.5590416428978894,0.5665397047996521
Random 1%,s1_random_1_percent,0.048797990670972374,0.5590416428978894,0.565380334854126
Random 1%,s1_random_1_percent,0.048797990670972374,0.5601825442099259,0.5648741126060486
Random 1%,s1_random_1_percent,0.04915679942590599,0.5601825442099259,0.564411461353302
Random 1%,s1_random_1_percent,0.04915679942590599,0.5613234455219623,0.5632961988449097
Random 1%,s1_random_1_percent,0.0493362038033728,0.5613234455219623,0.5624189376831055
Random 1%,s1_random_1_percent,0.0493362038033728,0.5647461494580719,0.5585134029388428
Random 1%,s1_random_1_percent,0.049695012558306426,0.5647461494580719,0.5580631494522095
Random 1%,s1_random_1_percent,0.049695012558306426,0.5653166001140901,0.5577847361564636
Random 1%,s1_random_1_percent,0.05005382131324004,0.5653166001140901,0.5560958385467529
Random 1%,s1_random_1_percent,0.05005382131324004,0.5658870507701084,0.5558099746704102
Random 1%,s1_random_1_percent,0.05023322569070685,0.5658870507701084,0.5553085207939148
Random 1%,s1_random_1_percent,0.05023322569070685,0.5664575014261266,0.5552328824996948
Random 1%,s1_random_1_percent,0.05041263006817366,0.5664575014261266,0.5548186302185059
Random 1%,s1_random_1_percent,0.05041263006817366,0.5670279520821448,0.5547311902046204
Random 1%,s1_random_1_percent,0.05059203444564048,0.5670279520821448,0.5541970729827881
Random 1%,s1_random_1_percent,0.05059203444564048,0.5675984027381632,0.5537827610969543
Random 1%,s1_random_1_percent,0.050950843200574095,0.5675984027381632,0.5536888837814331
Random 1%,s1_random_1_percent,0.051130247578040904,0.5681688533941814,0.5535649657249451
Random 1%,s1_random_1_percent,0.05148905633297452,0.5681688533941814,0.5525403618812561
Random 1%,s1_random_1_percent,0.05148905633297452,0.5698802053622362,0.550925076007843
Random 1%,s1_random_1_percent,0.05166846071044134,0.5698802053622362,0.5507980585098267
Random 1%,s1_random_1_percent,0.05166846071044134,0.5715915573302909,0.5498326420783997
Random 1%,s1_random_1_percent,0.052206673842841764,0.5715915573302909,0.5487255454063416
Random 1%,s1_random_1_percent,0.052206673842841764,0.5727324586423275,0.5475393533706665
Random 1%,s1_random_1_percent,0.052924291352709006,0.5727324586423275,0.5463666319847107
Random 1%,s1_random_1_percent,0.052924291352709006,0.5744438106103822,0.5456980466842651
Random 1%,s1_random_1_percent,0.053283100107642624,0.5744438106103822,0.5438840985298157
Random 1%,s1_random_1_percent,0.053283100107642624,0.576155162578437,0.5428623557090759
Random 1%,s1_random_1_percent,0.05346250448510944,0.576155162578437,0.5424269437789917
Random 1%,s1_random_1_percent,0.05346250448510944,0.5767256132344553,0.542310357093811
Random 1%,s1_random_1_percent,0.05346250448510944,0.5778665145464917,0.5419918298721313
Random 1%,s1_random_1_percent,0.054000717617509866,0.5778665145464917,0.5417692065238953
Random 1%,s1_random_1_percent,0.054000717617509866,0.5795778665145465,0.5411234498023987
Random 1%,s1_random_1_percent,0.05435952637244349,0.5795778665145465,0.5405053496360779
Random 1%,s1_random_1_percent,0.05435952637244349,0.5801483171705647,0.5400561690330505
Random 1%,s1_random_1_percent,0.0545389307499103,0.5801483171705647,0.5393742918968201
Random 1%,s1_random_1_percent,0.0545389307499103,0.580718767826583,0.5393382906913757
Random 1%,s1_random_1_percent,0.05489773950484392,0.580718767826583,0.5388818383216858
Random 1%,s1_random_1_percent,0.05489773950484392,0.5818596691386195,0.5385012626647949
Random 1%,s1_random_1_percent,0.05543595263724435,0.5818596691386195,0.5381101965904236
Random 1%,s1_random_1_percent,0.05543595263724435,0.5847119224187107,0.5373253226280212
Random 1%,s1_random_1_percent,0.05579476139217797,0.5847119224187107,0.5365469455718994
Random 1%,s1_random_1_percent,0.05579476139217797,0.5852823730747291,0.5364087820053101
Random 1%,s1_random_1_percent,0.05651237890204521,0.5852823730747291,0.5354916453361511
Random 1%,s1_random_1_percent,0.05651237890204521,0.5869937250427838,0.5336501002311707
Random 1%,s1_random_1_percent,0.057229996411912454,0.5869937250427838,0.53305584192276
Random 1%,s1_random_1_percent,0.057229996411912454,0.5887050770108385,0.5322993993759155
Random 1%,s1_random_1_percent,0.05776820954431288,0.5887050770108385,0.5313072204589844
Random 1%,s1_random_1_percent,0.05776820954431288,0.5892755276668569,0.5306429266929626
Random 1%,s1_random_1_percent,0.0581270182992465,0.5892755276668569,0.5301061868667603
Random 1%,s1_random_1_percent,0.0581270182992465,0.5904164289788933,0.5298557877540588
Random 1%,s1_random_1_percent,0.05884463580911374,0.5904164289788933,0.5285958051681519
Random 1%,s1_random_1_percent,0.05884463580911374,0.5915573302909298,0.5283040404319763
Random 1%,s1_random_1_percent,0.05902404018658055,0.5915573302909298,0.5276617407798767
Random 1%,s1_random_1_percent,0.05902404018658055,0.5926982316029663,0.5273322463035583
Random 1%,s1_random_1_percent,0.059203444564047365,0.5938391329150029,0.5271124243736267
Random 1%,s1_random_1_percent,0.05956225331898098,0.5938391329150029,0.5266125202178955
Random 1%,s1_random_1_percent,0.05956225331898098,0.5944095835710211,0.5264186263084412
Random 1%,s1_random_1_percent,0.05974165769644779,0.5944095835710211,0.5263448357582092
Random 1%,s1_random_1_percent,0.05974165769644779,0.5966913861950941,0.5257593393325806
Random 1%,s1_random_1_percent,0.05974165769644779,0.5978322875071307,0.5254307985305786
Random 1%,s1_random_1_percent,0.05974165769644779,0.6001140901312036,0.525020182132721
Random 1%,s1_random_1_percent,0.0599210620739146,0.6001140901312036,0.5248557329177856
Random 1%,s1_random_1_percent,0.0599210620739146,0.6006845407872219,0.5246739387512207
Random 1%,s1_random_1_percent,0.060459275206315034,0.6006845407872219,0.5235676765441895
Random 1%,s1_random_1_percent,0.060459275206315034,0.6012549914432401,0.5227300524711609
Random 1%,s1_random_1_percent,0.06063867958378184,0.6012549914432401,0.5226288437843323
Random 1%,s1_random_1_percent,0.06063867958378184,0.6041072447233314,0.5202170610427856
Random 1%,s1_random_1_percent,0.06189451022604951,0.6041072447233314,0.5193891525268555
Random 1%,s1_random_1_percent,0.06189451022604951,0.6052481460353679,0.5183520317077637
Random 1%,s1_random_1_percent,0.06207391460351633,0.6052481460353679,0.5183411836624146
Random 1%,s1_random_1_percent,0.06207391460351633,0.6063890473474044,0.5181431174278259
Random 1%,s1_random_1_percent,0.06261212773591676,0.6063890473474044,0.5176605582237244
Random 1%,s1_random_1_percent,0.06261212773591676,0.607529948659441,0.5168216228485107
Random 1%,s1_random_1_percent,0.06279153211338356,0.607529948659441,0.5163770914077759
Random 1%,s1_random_1_percent,0.06279153211338356,0.6081003993154592,0.5160821080207825
Random 1%,s1_random_1_percent,0.06297093649085038,0.6086708499714775,0.5154806971549988
Random 1%,s1_random_1_percent,0.06350914962325081,0.6086708499714775,0.5144001841545105
Random 1%,s1_random_1_percent,0.06350914962325081,0.6103822019395322,0.5120223164558411
Random 1%,s1_random_1_percent,0.06368855400071761,0.6103822019395322,0.5118294954299927
Random 1%,s1_random_1_percent,0.06368855400071761,0.6109526525955505,0.511117160320282
Random 1%,s1_random_1_percent,0.06404736275565123,0.6109526525955505,0.5100411772727966
Random 1%,s1_random_1_percent,0.06404736275565123,0.612093553907587,0.5099074244499207
Random 1%,s1_random_1_percent,0.06440617151058486,0.612093553907587,0.5096425414085388
Random 1%,s1_random_1_percent,0.06440617151058486,0.6132344552196235,0.5094848275184631
Random 1%,s1_random_1_percent,0.06476498026551848,0.6132344552196235,0.5087330341339111
Random 1%,s1_random_1_percent,0.06476498026551848,0.6138049058756417,0.5086538791656494
Random 1%,s1_random_1_percent,0.0651237890204521,0.6138049058756417,0.5085141062736511
Random 1%,s1_random_1_percent,0.0651237890204521,0.61437535653166,0.5083456039428711
Random 1%,s1_random_1_percent,0.06530319339791892,0.6149458071876782,0.5082932710647583
Random 1%,s1_random_1_percent,0.06566200215285253,0.6149458071876782,0.5075526237487793
Random 1%,s1_random_1_percent,0.06566200215285253,0.616657159155733,0.507025957107544
Random 1%,s1_random_1_percent,0.06584140653031934,0.616657159155733,0.5066425800323486
Random 1%,s1_random_1_percent,0.06584140653031934,0.6183685111237878,0.5063610076904297
Random 1%,s1_random_1_percent,0.06602081090778615,0.6183685111237878,0.5059998631477356
Random 1%,s1_random_1_percent,0.06602081090778615,0.618938961779806,0.5058532953262329
Random 1%,s1_random_1_percent,0.06655902404018658,0.618938961779806,0.5049195885658264
Random 1%,s1_random_1_percent,0.06655902404018658,0.6195094124358242,0.5036450028419495
Random 1%,s1_random_1_percent,0.06745604592752064,0.6195094124358242,0.5017251968383789
Random 1%,s1_random_1_percent,0.06745604592752064,0.6200798630918426,0.5013108253479004
Random 1%,s1_random_1_percent,0.06763545030498744,0.6200798630918426,0.5009893178939819
Random 1%,s1_random_1_percent,0.06763545030498744,0.6206503137478608,0.500925600528717
Random 1%,s1_random_1_percent,0.06781485468245425,0.6206503137478608,0.50074303150177
Random 1%,s1_random_1_percent,0.06781485468245425,0.6212207644038791,0.5005013346672058
Random 1%,s1_random_1_percent,0.06799425905992106,0.6212207644038791,0.5001877546310425
Random 1%,s1_random_1_percent,0.06799425905992106,0.6223616657159156,0.49980705976486206
Random 1%,s1_random_1_percent,0.06978830283458916,0.6223616657159156,0.49740836024284363
Random 1%,s1_random_1_percent,0.06978830283458916,0.6229321163719338,0.49611979722976685
Random 1%,s1_random_1_percent,0.06996770721205597,0.6229321163719338,0.4958856403827667
Random 1%,s1_random_1_percent,0.06996770721205597,0.623502567027952,0.49556881189346313
Random 1%,s1_random_1_percent,0.07032651596698959,0.623502567027952,0.49507567286491394
Random 1%,s1_random_1_percent,0.07032651596698959,0.6240730176839704,0.494659960269928
Random 1%,s1_random_1_percent,0.07050592034445641,0.6240730176839704,0.4940602779388428
Random 1%,s1_random_1_percent,0.07050592034445641,0.6252139189960069,0.4934510588645935
Random 1%,s1_random_1_percent,0.07086472909939003,0.6252139189960069,0.4931079149246216
Random 1%,s1_random_1_percent,0.07086472909939003,0.6257843696520251,0.493079274892807
Random 1%,s1_random_1_percent,0.07104413347685684,0.6257843696520251,0.4925580322742462
Random 1%,s1_random_1_percent,0.07104413347685684,0.6263548203080433,0.4925447702407837
Random 1%,s1_random_1_percent,0.07140294223179046,0.6263548203080433,0.49082690477371216
Random 1%,s1_random_1_percent,0.07140294223179046,0.6292070735881347,0.48892924189567566
Random 1%,s1_random_1_percent,0.07176175098672408,0.6292070735881347,0.48820751905441284
Random 1%,s1_random_1_percent,0.07176175098672408,0.6297775242441529,0.48758140206336975
Random 1%,s1_random_1_percent,0.07194115536419089,0.6297775242441529,0.48724496364593506
Random 1%,s1_random_1_percent,0.0721205597416577,0.6303479749001711,0.48703068494796753
Random 1%,s1_random_1_percent,0.07229996411912451,0.6314888762122076,0.4870178699493408
Random 1%,s1_random_1_percent,0.07229996411912451,0.6320593268682259,0.48687663674354553
Random 1%,s1_random_1_percent,0.07265877287405813,0.6320593268682259,0.4867354929447174
Random 1%,s1_random_1_percent,0.07265877287405813,0.6332002281802624,0.4862559735774994
Random 1%,s1_random_1_percent,0.07319698600645856,0.6332002281802624,0.48564913868904114
Random 1%,s1_random_1_percent,0.07319698600645856,0.6337706788362807,0.4855593144893646
Random 1%,s1_random_1_percent,0.07355579476139218,0.6337706788362807,0.4849616289138794
Random 1%,s1_random_1_percent,0.07355579476139218,0.6343411294922989,0.48443010449409485
Random 1%,s1_random_1_percent,0.0739146035163258,0.6343411294922989,0.4844013750553131
Random 1%,s1_random_1_percent,0.07409400789379261,0.6343411294922989,0.4842388927936554
Random 1%,s1_random_1_percent,0.07409400789379261,0.6360524814603536,0.4823192358016968
Random 1%,s1_random_1_percent,0.07427341227125941,0.6360524814603536,0.48222994804382324
Random 1%,s1_random_1_percent,0.07427341227125941,0.6366229321163719,0.4820863902568817
Random 1%,s1_random_1_percent,0.07463222102619303,0.6366229321163719,0.4811268448829651
Random 1%,s1_random_1_percent,0.07463222102619303,0.6377638334284085,0.4802200198173523
Random 1%,s1_random_1_percent,0.07481162540365985,0.6377638334284085,0.4797561466693878
Random 1%,s1_random_1_percent,0.07481162540365985,0.6383342840844267,0.47961586713790894
Random 1%,s1_random_1_percent,0.07499102978112666,0.6383342840844267,0.47930213809013367
Random 1%,s1_random_1_percent,0.07499102978112666,0.6394751853964632,0.47912681102752686
Random 1%,s1_random_1_percent,0.07606745604592752,0.6394751853964632,0.4766314625740051
Random 1%,s1_random_1_percent,0.07606745604592752,0.6400456360524814,0.4764096140861511
Random 1%,s1_random_1_percent,0.07624686042339433,0.6400456360524814,0.4762915074825287
Random 1%,s1_random_1_percent,0.07642626480086114,0.6406160867084997,0.47571349143981934
Random 1%,s1_random_1_percent,0.07642626480086114,0.6417569880205363,0.4749945104122162
Random 1%,s1_random_1_percent,0.07678507355579477,0.6417569880205363,0.4747313857078552
Random 1%,s1_random_1_percent,0.07678507355579477,0.6428978893325727,0.47461163997650146
Random 1%,s1_random_1_percent,0.077502691065662,0.6428978893325727,0.47213247418403625
Random 1%,s1_random_1_percent,0.077502691065662,0.643468339988591,0.4720621109008789
Random 1%,s1_random_1_percent,0.07804090419806244,0.643468339988591,0.47113236784935
Random 1%,s1_random_1_percent,0.07804090419806244,0.6440387906446092,0.47086015343666077
Random 1%,s1_random_1_percent,0.07857911733046287,0.6440387906446092,0.46907514333724976
Random 1%,s1_random_1_percent,0.07857911733046287,0.6451796919566457,0.4688261151313782
Random 1%,s1_random_1_percent,0.07875852170792967,0.6451796919566457,0.4685351252555847
Random 1%,s1_random_1_percent,0.07875852170792967,0.6457501426126641,0.46833789348602295
Random 1%,s1_random_1_percent,0.07911733046286329,0.6457501426126641,0.46799832582473755
Random 1%,s1_random_1_percent,0.07911733046286329,0.6468910439247005,0.4676397144794464
Random 1%,s1_random_1_percent,0.07965554359526372,0.6468910439247005,0.4670206308364868
Random 1%,s1_random_1_percent,0.07965554359526372,0.6474614945807188,0.46696168184280396
Random 1%,s1_random_1_percent,0.08001435235019734,0.6474614945807188,0.4663287103176117
Random 1%,s1_random_1_percent,0.08001435235019734,0.648031945236737,0.4655799865722656
Random 1%,s1_random_1_percent,0.08055256548259777,0.648031945236737,0.464715838432312
Random 1%,s1_random_1_percent,0.08055256548259777,0.6486023958927553,0.4645184278488159
Random 1%,s1_random_1_percent,0.08073196986006459,0.6486023958927553,0.4644060730934143
Random 1%,s1_random_1_percent,0.08073196986006459,0.6497432972047917,0.4638483226299286
Random 1%,s1_random_1_percent,0.08091137423753139,0.6497432972047917,0.4638088345527649
Random 1%,s1_random_1_percent,0.08091137423753139,0.6508841985168283,0.4629378616809845
Random 1%,s1_random_1_percent,0.08144958736993183,0.6508841985168283,0.46245622634887695
Random 1%,s1_random_1_percent,0.08144958736993183,0.6520250998288648,0.4613608121871948
Random 1%,s1_random_1_percent,0.08180839612486544,0.6520250998288648,0.46055442094802856
Random 1%,s1_random_1_percent,0.08180839612486544,0.6531660011409013,0.46038708090782166
Random 1%,s1_random_1_percent,0.08216720487979906,0.6531660011409013,0.4593198895454407
Random 1%,s1_random_1_percent,0.08216720487979906,0.6548773531089561,0.45875003933906555
Random 1%,s1_random_1_percent,0.08306422676713311,0.6548773531089561,0.4576700031757355
Random 1%,s1_random_1_percent,0.08306422676713311,0.6554478037649744,0.45760589838027954
Random 1%,s1_random_1_percent,0.08342303552206674,0.6554478037649744,0.4573379158973694
Random 1%,s1_random_1_percent,0.08342303552206674,0.6571591557330291,0.4567805230617523
Random 1%,s1_random_1_percent,0.08360243989953355,0.6571591557330291,0.4566958248615265
Random 1%,s1_random_1_percent,0.08360243989953355,0.6577296063890473,0.4566669166088104
Random 1%,s1_random_1_percent,0.08378184427700036,0.6577296063890473,0.4564342200756073
Random 1%,s1_random_1_percent,0.08378184427700036,0.6583000570450656,0.4564087390899658
Random 1%,s1_random_1_percent,0.08396124865446716,0.6583000570450656,0.45623353123664856
Random 1%,s1_random_1_percent,0.08396124865446716,0.6594409583571021,0.4557977318763733
Random 1%,s1_random_1_percent,0.0844994617868676,0.6594409583571021,0.4552382528781891
Random 1%,s1_random_1_percent,0.0844994617868676,0.6611523103251569,0.4548119604587555
Random 1%,s1_random_1_percent,0.08521707929673485,0.6611523103251569,0.45209363102912903
Random 1%,s1_random_1_percent,0.08521707929673485,0.6617227609811751,0.4519372582435608
Random 1%,s1_random_1_percent,0.08539648367420165,0.6617227609811751,0.4518493711948395
Random 1%,s1_random_1_percent,0.08539648367420165,0.6622932116371933,0.45177125930786133
Random 1%,s1_random_1_percent,0.08557588805166846,0.6622932116371933,0.4515863358974457
Random 1%,s1_random_1_percent,0.08557588805166846,0.6628636622932116,0.451301246881485
Random 1%,s1_random_1_percent,0.08575529242913527,0.6628636622932116,0.4511316120624542
Random 1%,s1_random_1_percent,0.08575529242913527,0.6640045636052482,0.4505406320095062
Random 1%,s1_random_1_percent,0.08593469680660208,0.6640045636052482,0.4505311846733093
Random 1%,s1_random_1_percent,0.08593469680660208,0.6662863662293211,0.4500190019607544
Random 1%,s1_random_1_percent,0.0861141011840689,0.6662863662293211,0.44991329312324524
Random 1%,s1_random_1_percent,0.0862935055615357,0.6668568168853394,0.4494014382362366
Random 1%,s1_random_1_percent,0.08647290993900252,0.6668568168853394,0.44933873414993286
Random 1%,s1_random_1_percent,0.08665231431646932,0.6674272675413577,0.4491569995880127
Random 1%,s1_random_1_percent,0.08701112307140295,0.6674272675413577,0.4487115144729614
Random 1%,s1_random_1_percent,0.08701112307140295,0.6685681688533942,0.44834527373313904
Random 1%,s1_random_1_percent,0.08719052744886975,0.6685681688533942,0.44826915860176086
Random 1%,s1_random_1_percent,0.08719052744886975,0.6697090701654307,0.44732409715652466
Random 1%,s1_random_1_percent,0.08772874058127018,0.6697090701654307,0.4467695653438568
Random 1%,s1_random_1_percent,0.08772874058127018,0.6719908727895038,0.4462331235408783
Random 1%,s1_random_1_percent,0.08826695371367062,0.6719908727895038,0.44601327180862427
Random 1%,s1_random_1_percent,0.08844635809113742,0.672561323445522,0.4453359544277191
Random 1%,s1_random_1_percent,0.08880516684607104,0.672561323445522,0.4449943006038666
Random 1%,s1_random_1_percent,0.08880516684607104,0.6737022247575585,0.44492363929748535
Random 1%,s1_random_1_percent,0.08880516684607104,0.674843126069595,0.44461679458618164
Random 1%,s1_random_1_percent,0.08934337997847147,0.674843126069595,0.44408783316612244
Random 1%,s1_random_1_percent,0.08934337997847147,0.6754135767256132,0.44402626156806946
Random 1%,s1_random_1_percent,0.0898815931108719,0.6754135767256132,0.4435112774372101
Random 1%,s1_random_1_percent,0.0898815931108719,0.677124928693668,0.44265294075012207
Random 1%,s1_random_1_percent,0.09041980624327234,0.677124928693668,0.4411642551422119
Random 1%,s1_random_1_percent,0.09041980624327234,0.6776953793496863,0.44100135564804077
Random 1%,s1_random_1_percent,0.09059921062073914,0.6782658300057045,0.4409582316875458
Random 1%,s1_random_1_percent,0.09095801937567277,0.6782658300057045,0.4402979612350464
Random 1%,s1_random_1_percent,0.09095801937567277,0.679406731317741,0.4397829473018646
Random 1%,s1_random_1_percent,0.09131682813060639,0.679406731317741,0.4395291805267334
Random 1%,s1_random_1_percent,0.09131682813060639,0.6799771819737592,0.439358651638031
Random 1%,s1_random_1_percent,0.09149623250807319,0.6799771819737592,0.4386984705924988
Random 1%,s1_random_1_percent,0.09149623250807319,0.6805476326297776,0.438597172498703
Random 1%,s1_random_1_percent,0.09221385001794044,0.6805476326297776,0.43807896971702576
Random 1%,s1_random_1_percent,0.09221385001794044,0.6811180832857958,0.4376924932003021
Random 1%,s1_random_1_percent,0.09239325439540724,0.6811180832857958,0.4372972249984741
Random 1%,s1_random_1_percent,0.09239325439540724,0.6828294352538505,0.43694084882736206
Random 1%,s1_random_1_percent,0.09257265877287406,0.6828294352538505,0.4369257688522339
Random 1%,s1_random_1_percent,0.09257265877287406,0.6833998859098688,0.43671223521232605
Random 1%,s1_random_1_percent,0.0932902762827413,0.6833998859098688,0.43587446212768555
Random 1%,s1_random_1_percent,0.0932902762827413,0.6845407872219053,0.4357050359249115
Random 1%,s1_random_1_percent,0.09364908503767493,0.6845407872219053,0.4346717298030853
Random 1%,s1_random_1_percent,0.09364908503767493,0.6851112378779236,0.43416836857795715
Random 1%,s1_random_1_percent,0.09436670254754216,0.6851112378779236,0.43340107798576355
Random 1%,s1_random_1_percent,0.09436670254754216,0.6856816885339418,0.43322908878326416
Random 1%,s1_random_1_percent,0.09454610692500898,0.6856816885339418,0.4324820637702942
Random 1%,s1_random_1_percent,0.09454610692500898,0.6862521391899601,0.4324377775192261
Random 1%,s1_random_1_percent,0.09472551130247578,0.6862521391899601,0.43214914202690125
Random 1%,s1_random_1_percent,0.09472551130247578,0.6868225898459783,0.43154579401016235
Random 1%,s1_random_1_percent,0.0949049156799426,0.6868225898459783,0.4312550723552704
Random 1%,s1_random_1_percent,0.0949049156799426,0.6873930405019966,0.43094170093536377
Random 1%,s1_random_1_percent,0.09562253318980983,0.6873930405019966,0.42992478609085083
Random 1%,s1_random_1_percent,0.09562253318980983,0.6879634911580148,0.42983511090278625
Random 1%,s1_random_1_percent,0.09598134194474345,0.6879634911580148,0.42935308814048767
Random 1%,s1_random_1_percent,0.09598134194474345,0.6891043924700513,0.4285487234592438
Random 1%,s1_random_1_percent,0.09741657696447793,0.6891043924700513,0.427051305770874
Random 1%,s1_random_1_percent,0.09741657696447793,0.6896748431260696,0.4269699156284332
Random 1%,s1_random_1_percent,0.09795479009687837,0.6896748431260696,0.4266835153102875
Random 1%,s1_random_1_percent,0.09795479009687837,0.6902452937820879,0.4263328015804291
Random 1%,s1_random_1_percent,0.09813419447434517,0.6902452937820879,0.42630136013031006
Random 1%,s1_random_1_percent,0.09813419447434517,0.6908157444381061,0.42615702748298645
Random 1%,s1_random_1_percent,0.09831359885181198,0.6908157444381061,0.42613643407821655
Random 1%,s1_random_1_percent,0.09831359885181198,0.6913861950941244,0.4260511100292206
Random 1%,s1_random_1_percent,0.0984930032292788,0.6913861950941244,0.425942987203598
Random 1%,s1_random_1_percent,0.09885181198421242,0.6913861950941244,0.42585882544517517
Random 1%,s1_random_1_percent,0.09939002511661285,0.6913861950941244,0.42560604214668274
Random 1%,s1_random_1_percent,0.09939002511661285,0.6919566457501426,0.4248991906642914
Random 1%,s1_random_1_percent,0.09974883387154647,0.6919566457501426,0.4244280457496643
Random 1%,s1_random_1_percent,0.09974883387154647,0.6930975470621791,0.42429524660110474
Random 1%,s1_random_1_percent,0.10082526013634732,0.6930975470621791,0.4223777651786804
Random 1%,s1_random_1_percent,0.10082526013634732,0.6936679977181974,0.4221583306789398
Random 1%,s1_random_1_percent,0.10100466451381414,0.6936679977181974,0.4219762682914734
Random 1%,s1_random_1_percent,0.10100466451381414,0.6948088990302339,0.42119139432907104
Random 1%,s1_random_1_percent,0.10136347326874776,0.6948088990302339,0.4205697178840637
Random 1%,s1_random_1_percent,0.10136347326874776,0.6953793496862521,0.42049548029899597
Random 1%,s1_random_1_percent,0.10154287764621457,0.6953793496862521,0.420133113861084
Random 1%,s1_random_1_percent,0.10154287764621457,0.6976611523103251,0.419087290763855
Random 1%,s1_random_1_percent,0.10190168640114819,0.6976611523103251,0.4189090132713318
Random 1%,s1_random_1_percent,0.10190168640114819,0.6982316029663435,0.418264776468277
Random 1%,s1_random_1_percent,0.102081090778615,0.6982316029663435,0.4180307388305664
Random 1%,s1_random_1_percent,0.102081090778615,0.7005134055904164,0.4175527095794678
Random 1%,s1_random_1_percent,0.10226049515608181,0.7005134055904164,0.41716262698173523
Random 1%,s1_random_1_percent,0.10226049515608181,0.7016543069024529,0.41702041029930115
Random 1%,s1_random_1_percent,0.10243989953354862,0.7016543069024529,0.41695937514305115
Random 1%,s1_random_1_percent,0.10243989953354862,0.7027952082144895,0.41663292050361633
Random 1%,s1_random_1_percent,0.10297811266594904,0.7027952082144895,0.41619205474853516
Random 1%,s1_random_1_percent,0.10297811266594904,0.7033656588705077,0.4160962700843811
Random 1%,s1_random_1_percent,0.10315751704341586,0.7033656588705077,0.41592612862586975
Random 1%,s1_random_1_percent,0.10351632579834948,0.7033656588705077,0.41578149795532227
Random 1%,s1_random_1_percent,0.10351632579834948,0.7050770108385624,0.4147146940231323
Random 1%,s1_random_1_percent,0.10369573017581629,0.7056474614945807,0.4144325852394104
Random 1%,s1_random_1_percent,0.10405453893074991,0.7056474614945807,0.4133742153644562
Random 1%,s1_random_1_percent,0.10405453893074991,0.7067883628066173,0.413198858499527
Random 1%,s1_random_1_percent,0.10459275206315034,0.7067883628066173,0.412582129240036
Random 1%,s1_random_1_percent,0.10459275206315034,0.7073588134626355,0.4125705361366272
Random 1%,s1_random_1_percent,0.10477215644061715,0.7073588134626355,0.4122616648674011
Random 1%,s1_random_1_percent,0.10477215644061715,0.7079292641186538,0.4122118651866913
Random 1%,s1_random_1_percent,0.10531036957301758,0.7079292641186538,0.4112645089626312
Random 1%,s1_random_1_percent,0.10531036957301758,0.7096406160867085,0.4104991555213928
Random 1%,s1_random_1_percent,0.1056691783279512,0.7096406160867085,0.40957584977149963
Random 1%,s1_random_1_percent,0.1056691783279512,0.7102110667427267,0.4094458222389221
Random 1%,s1_random_1_percent,0.10620739146035163,0.7102110667427267,0.4086221754550934
Random 1%,s1_random_1_percent,0.10656620021528525,0.7102110667427267,0.4084418714046478
Random 1%,s1_random_1_percent,0.1074632221026193,0.7102110667427267,0.4074346423149109
Random 1%,s1_random_1_percent,0.1074632221026193,0.710781517398745,0.4069350063800812
Random 1%,s1_random_1_percent,0.10782203085755293,0.710781517398745,0.4064732491970062
Random 1%,s1_random_1_percent,0.10782203085755293,0.7113519680547633,0.4063365161418915
Random 1%,s1_random_1_percent,0.10800143523501973,0.7113519680547633,0.40584489703178406
Random 1%,s1_random_1_percent,0.10800143523501973,0.713063320022818,0.4045388400554657
Random 1%,s1_random_1_percent,0.10853964836742017,0.713063320022818,0.4041534662246704
Random 1%,s1_random_1_percent,0.10853964836742017,0.7136337706788363,0.4039621949195862
Random 1%,s1_random_1_percent,0.10871905274488698,0.7136337706788363,0.403922975063324
Random 1%,s1_random_1_percent,0.10871905274488698,0.7142042213348545,0.4036872386932373
Random 1%,s1_random_1_percent,0.10889845712235378,0.7142042213348545,0.40358129143714905
Random 1%,s1_random_1_percent,0.10889845712235378,0.7153451226468911,0.4029846787452698
Random 1%,s1_random_1_percent,0.1090778614998206,0.7153451226468911,0.4027293026447296
Random 1%,s1_random_1_percent,0.1092572658772874,0.7159155733029093,0.40256568789482117
Random 1%,s1_random_1_percent,0.10961607463222102,0.7159155733029093,0.4017210900783539
Random 1%,s1_random_1_percent,0.10961607463222102,0.7164860239589276,0.4005162715911865
Random 1%,s1_random_1_percent,0.10997488338715465,0.7164860239589276,0.399732768535614
Random 1%,s1_random_1_percent,0.10997488338715465,0.7176269252709641,0.3982296884059906
Random 1%,s1_random_1_percent,0.11069250089702189,0.7176269252709641,0.3966844379901886
Random 1%,s1_random_1_percent,0.11069250089702189,0.7181973759269823,0.39641666412353516
Random 1%,s1_random_1_percent,0.1108719052744887,0.7181973759269823,0.3959544897079468
Random 1%,s1_random_1_percent,0.1108719052744887,0.7187678265830005,0.3955276310443878
Random 1%,s1_random_1_percent,0.1110513096519555,0.7187678265830005,0.3953240215778351
Random 1%,s1_random_1_percent,0.1110513096519555,0.7204791785510554,0.3941825032234192
Random 1%,s1_random_1_percent,0.11141011840688912,0.7204791785510554,0.39333927631378174
Random 1%,s1_random_1_percent,0.11141011840688912,0.7216200798630918,0.3926074504852295
Random 1%,s1_random_1_percent,0.11194833153928956,0.7216200798630918,0.392208456993103
Random 1%,s1_random_1_percent,0.11194833153928956,0.7227609811751283,0.3917989134788513
Random 1%,s1_random_1_percent,0.11230714029422317,0.7227609811751283,0.3917108178138733
Random 1%,s1_random_1_percent,0.11230714029422317,0.7250427837992014,0.39026200771331787
Random 1%,s1_random_1_percent,0.11248654467168999,0.7250427837992014,0.38973283767700195
Random 1%,s1_random_1_percent,0.11302475780409042,0.7250427837992014,0.3893263638019562
Random 1%,s1_random_1_percent,0.11320416218155722,0.7250427837992014,0.3892633616924286
Random 1%,s1_random_1_percent,0.11338356655902404,0.7256132344552196,0.38925936818122864
Random 1%,s1_random_1_percent,0.11356297093649086,0.7256132344552196,0.38921716809272766
Random 1%,s1_random_1_percent,0.11374237531395766,0.7267541357672561,0.3889769911766052
Random 1%,s1_random_1_percent,0.11392177969142447,0.7273245864232744,0.38894733786582947
Random 1%,s1_random_1_percent,0.11428058844635809,0.7273245864232744,0.38822847604751587
Random 1%,s1_random_1_percent,0.11445999282382491,0.728465487735311,0.3882228434085846
Random 1%,s1_random_1_percent,0.11481880157875853,0.728465487735311,0.3876654803752899
Random 1%,s1_random_1_percent,0.11481880157875853,0.7290359383913292,0.38751155138015747
Random 1%,s1_random_1_percent,0.11499820595622533,0.7296063890473474,0.38682591915130615
Random 1%,s1_random_1_percent,0.11535701471115896,0.7313177410154021,0.38677555322647095
Random 1%,s1_random_1_percent,0.11553641908862576,0.7313177410154021,0.38672107458114624
Random 1%,s1_random_1_percent,0.11553641908862576,0.7318881916714204,0.3866187036037445
Random 1%,s1_random_1_percent,0.11733046286329386,0.7318881916714204,0.38433486223220825
Random 1%,s1_random_1_percent,0.11733046286329386,0.733029092983457,0.3840266168117523
Random 1%,s1_random_1_percent,0.11733046286329386,0.7335995436394752,0.38376837968826294
Random 1%,s1_random_1_percent,0.11768927161822748,0.7335995436394752,0.38288217782974243
Random 1%,s1_random_1_percent,0.11768927161822748,0.7341699942954935,0.3824588656425476
Random 1%,s1_random_1_percent,0.1178686759956943,0.7341699942954935,0.3821297883987427
Random 1%,s1_random_1_percent,0.1178686759956943,0.7353108956075299,0.3818167746067047
Random 1%,s1_random_1_percent,0.11876569788302835,0.7353108956075299,0.38053300976753235
Random 1%,s1_random_1_percent,0.11876569788302835,0.7358813462635482,0.3802095651626587
Random 1%,s1_random_1_percent,0.11894510226049515,0.7358813462635482,0.38018539547920227
Random 1%,s1_random_1_percent,0.11912450663796197,0.7364517969195664,0.3800619840621948
Random 1%,s1_random_1_percent,0.11912450663796197,0.737592698231603,0.37951529026031494
Random 1%,s1_random_1_percent,0.11930391101542878,0.737592698231603,0.3795051872730255
Random 1%,s1_random_1_percent,0.1196627197703624,0.737592698231603,0.3793919086456299
Random 1%,s1_random_1_percent,0.1198421241478292,0.737592698231603,0.37888243794441223
Random 1%,s1_random_1_percent,0.1198421241478292,0.7387335995436395,0.3782517910003662
Random 1%,s1_random_1_percent,0.12038033728022964,0.7387335995436395,0.37808236479759216
Random 1%,s1_random_1_percent,0.12038033728022964,0.7415858528237308,0.3758905529975891
Random 1%,s1_random_1_percent,0.12073914603516325,0.7415858528237308,0.3755475878715515
Random 1%,s1_random_1_percent,0.12235378543236455,0.7415858528237308,0.3741128742694855
Random 1%,s1_random_1_percent,0.12235378543236455,0.7427267541357673,0.37326765060424805
Random 1%,s1_random_1_percent,0.12271259418729817,0.7427267541357673,0.3726752698421478
Random 1%,s1_random_1_percent,0.12271259418729817,0.7438676554478038,0.372638463973999
Random 1%,s1_random_1_percent,0.12360961607463222,0.7438676554478038,0.37230098247528076
Random 1%,s1_random_1_percent,0.12378902045209902,0.744438106103822,0.37214550375938416
Random 1%,s1_random_1_percent,0.12414782920703266,0.744438106103822,0.3720068335533142
Random 1%,s1_random_1_percent,0.12414782920703266,0.7450085567598402,0.3716595768928528
Random 1%,s1_random_1_percent,0.12432723358449946,0.7450085567598402,0.371177613735199
Random 1%,s1_random_1_percent,0.12432723358449946,0.7455790074158585,0.37108972668647766
Random 1%,s1_random_1_percent,0.12486544671689989,0.7455790074158585,0.3702687919139862
Random 1%,s1_random_1_percent,0.12486544671689989,0.7461494580718768,0.3701763153076172
Random 1%,s1_random_1_percent,0.12522425547183352,0.7461494580718768,0.369671106338501
Random 1%,s1_random_1_percent,0.12558306422676713,0.7461494580718768,0.3696451187133789
Random 1%,s1_random_1_percent,0.12612127735916756,0.7461494580718768,0.36879783868789673
Random 1%,s1_random_1_percent,0.12612127735916756,0.7467199087278951,0.3687655031681061
Random 1%,s1_random_1_percent,0.126659490491568,0.7467199087278951,0.36681538820266724
Random 1%,s1_random_1_percent,0.126659490491568,0.7478608100399315,0.3662271201610565
Random 1%,s1_random_1_percent,0.1268388948690348,0.7478608100399315,0.3658598065376282
Random 1%,s1_random_1_percent,0.1268388948690348,0.7484312606959498,0.36585259437561035
Random 1%,s1_random_1_percent,0.12773591675636886,0.7484312606959498,0.36522623896598816
Random 1%,s1_random_1_percent,0.12773591675636886,0.749001711351968,0.3650738596916199
Random 1%,s1_random_1_percent,0.12791532113383566,0.749001711351968,0.36453062295913696
Random 1%,s1_random_1_percent,0.12791532113383566,0.7495721620079863,0.36430326104164124
Random 1%,s1_random_1_percent,0.1284535342662361,0.7501426126640046,0.36391884088516235
Random 1%,s1_random_1_percent,0.12899174739863653,0.7501426126640046,0.3635457158088684
Random 1%,s1_random_1_percent,0.12899174739863653,0.7507130633200229,0.3632503151893616
Random 1%,s1_random_1_percent,0.12917115177610333,0.7507130633200229,0.3630999028682709
Random 1%,s1_random_1_percent,0.12917115177610333,0.7512835139760411,0.36307841539382935
Random 1%,s1_random_1_percent,0.12935055615357013,0.7512835139760411,0.3628806471824646
Random 1%,s1_random_1_percent,0.12935055615357013,0.7518539646320593,0.361907958984375
Random 1%,s1_random_1_percent,0.12970936490850377,0.7518539646320593,0.3616979718208313
Random 1%,s1_random_1_percent,0.12970936490850377,0.7524244152880776,0.36109083890914917
Random 1%,s1_random_1_percent,0.1302475780409042,0.7524244152880776,0.360318124294281
Random 1%,s1_random_1_percent,0.13060638679583783,0.7524244152880776,0.36014580726623535
Random 1%,s1_random_1_percent,0.13060638679583783,0.7529948659440958,0.35997337102890015
Random 1%,s1_random_1_percent,0.13078579117330463,0.7529948659440958,0.3598729968070984
Random 1%,s1_random_1_percent,0.13096519555077143,0.753565316600114,0.3597118854522705
Random 1%,s1_random_1_percent,0.13096519555077143,0.7541357672561323,0.35963404178619385
Random 1%,s1_random_1_percent,0.13132400430570507,0.7541357672561323,0.3591810166835785
Random 1%,s1_random_1_percent,0.13132400430570507,0.7558471192241871,0.35882943868637085
Random 1%,s1_random_1_percent,0.1318622174381055,0.7558471192241871,0.3580454885959625
Random 1%,s1_random_1_percent,0.1318622174381055,0.7564175698802054,0.3580361008644104
Random 1%,s1_random_1_percent,0.1320416218155723,0.7564175698802054,0.3578811287879944
Random 1%,s1_random_1_percent,0.1322210261930391,0.7569880205362236,0.3577876687049866
Random 1%,s1_random_1_percent,0.13275923932543954,0.7569880205362236,0.3562101423740387
Random 1%,s1_random_1_percent,0.13275923932543954,0.7581289218482601,0.35542213916778564
Random 1%,s1_random_1_percent,0.13311804808037317,0.7586993725042784,0.35505256056785583
Random 1%,s1_random_1_percent,0.13329745245783997,0.7586993725042784,0.3541922867298126
Random 1%,s1_random_1_percent,0.13329745245783997,0.7592698231602967,0.3528846204280853
Random 1%,s1_random_1_percent,0.1340150699677072,0.7592698231602967,0.3517668545246124
Random 1%,s1_random_1_percent,0.1340150699677072,0.7598402738163149,0.3513915240764618
Random 1%,s1_random_1_percent,0.134194474345174,0.7598402738163149,0.3510567545890808
Random 1%,s1_random_1_percent,0.134194474345174,0.7604107244723332,0.35069915652275085
Random 1%,s1_random_1_percent,0.13473268747757444,0.7604107244723332,0.3500107526779175
Random 1%,s1_random_1_percent,0.13473268747757444,0.7609811751283514,0.3499889075756073
Random 1%,s1_random_1_percent,0.13491209185504127,0.7609811751283514,0.34972769021987915
Random 1%,s1_random_1_percent,0.13491209185504127,0.7621220764403879,0.3493669629096985
Random 1%,s1_random_1_percent,0.13527090060997488,0.7621220764403879,0.3492521643638611
Random 1%,s1_random_1_percent,0.13527090060997488,0.7626925270964061,0.348970890045166
Random 1%,s1_random_1_percent,0.1359885181198421,0.7626925270964061,0.3487696647644043
Random 1%,s1_random_1_percent,0.1359885181198421,0.764403879064461,0.34668758511543274
Random 1%,s1_random_1_percent,0.13616792249730894,0.764403879064461,0.3466684818267822
Random 1%,s1_random_1_percent,0.13616792249730894,0.7649743297204792,0.34649530053138733
Random 1%,s1_random_1_percent,0.13670613562970937,0.7649743297204792,0.34620603919029236
Random 1%,s1_random_1_percent,0.13670613562970937,0.7655447803764974,0.34584981203079224
Random 1%,s1_random_1_percent,0.13814137064944385,0.7655447803764974,0.34481239318847656
Random 1%,s1_random_1_percent,0.13814137064944385,0.7661152310325157,0.34468212723731995
Random 1%,s1_random_1_percent,0.13814137064944385,0.7672561323445521,0.34467917680740356
Random 1%,s1_random_1_percent,0.13850017940437748,0.7672561323445521,0.34401407837867737
Random 1%,s1_random_1_percent,0.13850017940437748,0.7683970336565887,0.34379151463508606
Random 1%,s1_random_1_percent,0.1390383925367779,0.7683970336565887,0.3431442379951477
Random 1%,s1_random_1_percent,0.1390383925367779,0.768967484312607,0.3427429795265198
Random 1%,s1_random_1_percent,0.1392177969142447,0.768967484312607,0.34255507588386536
Random 1%,s1_random_1_percent,0.1392177969142447,0.7706788362806617,0.3421264588832855
Random 1%,s1_random_1_percent,0.13939720129171151,0.7706788362806617,0.341968834400177
Random 1%,s1_random_1_percent,0.14011481880157875,0.7706788362806617,0.3419349491596222
Random 1%,s1_random_1_percent,0.14029422317904558,0.7706788362806617,0.3412254750728607
Random 1%,s1_random_1_percent,0.14029422317904558,0.7712492869366799,0.33987534046173096
Random 1%,s1_random_1_percent,0.14047362755651238,0.7712492869366799,0.33964279294013977
Random 1%,s1_random_1_percent,0.14047362755651238,0.7718197375926983,0.33932730555534363
Random 1%,s1_random_1_percent,0.14190886257624685,0.7718197375926983,0.337223082780838
Random 1%,s1_random_1_percent,0.14190886257624685,0.7729606389047348,0.3367682695388794
Random 1%,s1_random_1_percent,0.14208826695371368,0.7729606389047348,0.3366556763648987
Random 1%,s1_random_1_percent,0.14208826695371368,0.7746719908727895,0.33630338311195374
Random 1%,s1_random_1_percent,0.14244707570864729,0.7746719908727895,0.33525508642196655
Random 1%,s1_random_1_percent,0.14244707570864729,0.775812892184826,0.33506906032562256
Random 1%,s1_random_1_percent,0.1426264800861141,0.7763833428408443,0.3344516456127167
Random 1%,s1_random_1_percent,0.14316469321851452,0.7763833428408443,0.3340425193309784
Random 1%,s1_random_1_percent,0.14316469321851452,0.7775242441528808,0.3336407244205475
Random 1%,s1_random_1_percent,0.14334409759598135,0.7775242441528808,0.33334478735923767
Random 1%,s1_random_1_percent,0.14334409759598135,0.778094694808899,0.33275076746940613
Random 1%,s1_random_1_percent,0.14388231072838178,0.778094694808899,0.33187738060951233
Random 1%,s1_random_1_percent,0.14388231072838178,0.7792355961209355,0.3313165307044983
Random 1%,s1_random_1_percent,0.14513814137064945,0.7792355961209355,0.3282197415828705
Random 1%,s1_random_1_percent,0.1460351632579835,0.7798060467769538,0.3282056450843811
Random 1%,s1_random_1_percent,0.14639397201291712,0.7798060467769538,0.32816678285598755
Random 1%,s1_random_1_percent,0.14693218514531756,0.7798060467769538,0.3278939425945282
Random 1%,s1_random_1_percent,0.14711158952278436,0.7798060467769538,0.32771483063697815
Random 1%,s1_random_1_percent,0.14711158952278436,0.780376497432972,0.3276389539241791
Random 1%,s1_random_1_percent,0.147470398277718,0.780376497432972,0.3274347186088562
Random 1%,s1_random_1_percent,0.147470398277718,0.7809469480889903,0.32708361744880676
Random 1%,s1_random_1_percent,0.1476498026551848,0.7809469480889903,0.32672083377838135
Random 1%,s1_random_1_percent,0.1476498026551848,0.7826583000570451,0.3264597952365875
Random 1%,s1_random_1_percent,0.1478292070326516,0.7826583000570451,0.325411856174469
Random 1%,s1_random_1_percent,0.1480086114101184,0.7832287507130633,0.32533273100852966
Random 1%,s1_random_1_percent,0.14836742016505203,0.7832287507130633,0.3247716426849365
Random 1%,s1_random_1_percent,0.14836742016505203,0.7843696520250998,0.3243647515773773
Random 1%,s1_random_1_percent,0.14854682454251883,0.7843696520250998,0.32377973198890686
Random 1%,s1_random_1_percent,0.14854682454251883,0.7849401026811181,0.3237326741218567
Random 1%,s1_random_1_percent,0.14908503767491926,0.7849401026811181,0.3231968283653259
Random 1%,s1_random_1_percent,0.14908503767491926,0.7855105533371364,0.3229992389678955
Random 1%,s1_random_1_percent,0.1496232508073197,0.7855105533371364,0.32257404923439026
Random 1%,s1_random_1_percent,0.1496232508073197,0.7860810039931546,0.3221088647842407
Random 1%,s1_random_1_percent,0.14998205956225333,0.7872219053051911,0.32189425826072693
Random 1%,s1_random_1_percent,0.151237890204521,0.7872219053051911,0.32075560092926025
Random 1%,s1_random_1_percent,0.1514172945819878,0.7877923559612093,0.3206503391265869
Random 1%,s1_random_1_percent,0.15285252960172227,0.7877923559612093,0.3190242648124695
Random 1%,s1_random_1_percent,0.1530319339791891,0.7883628066172276,0.3188092112541199
Random 1%,s1_random_1_percent,0.1532113383566559,0.7883628066172276,0.3187737464904785
Random 1%,s1_random_1_percent,0.1532113383566559,0.7889332572732458,0.3187106251716614
Random 1%,s1_random_1_percent,0.15374955148905634,0.7889332572732458,0.31736838817596436
Random 1%,s1_random_1_percent,0.15374955148905634,0.7895037079292642,0.3172207474708557
Random 1%,s1_random_1_percent,0.15446716899892357,0.7895037079292642,0.31677675247192383
Random 1%,s1_random_1_percent,0.1548259777538572,0.7895037079292642,0.3166738450527191
Random 1%,s1_random_1_percent,0.1548259777538572,0.7906446092413006,0.316261887550354
Random 1%,s1_random_1_percent,0.1551847865087908,0.7906446092413006,0.3159373104572296
Random 1%,s1_random_1_percent,0.1551847865087908,0.7917855105533371,0.3152877390384674
Random 1%,s1_random_1_percent,0.15536419088625764,0.7917855105533371,0.315266489982605
Random 1%,s1_random_1_percent,0.15536419088625764,0.7923559612093554,0.31479358673095703
Random 1%,s1_random_1_percent,0.15554359526372444,0.7923559612093554,0.31467393040657043
Random 1%,s1_random_1_percent,0.15554359526372444,0.793496862521392,0.3142538070678711
Random 1%,s1_random_1_percent,0.15572299964119124,0.793496862521392,0.3141632676124573
Random 1%,s1_random_1_percent,0.15572299964119124,0.7940673131774102,0.3140532672405243
Random 1%,s1_random_1_percent,0.15644061715105848,0.7940673131774102,0.31376177072525024
Random 1%,s1_random_1_percent,0.15644061715105848,0.7946377638334284,0.31350457668304443
Random 1%,s1_random_1_percent,0.1567994259059921,0.7946377638334284,0.312457799911499
Random 1%,s1_random_1_percent,0.1567994259059921,0.7963491158014832,0.3118396997451782
Random 1%,s1_random_1_percent,0.15715823466092574,0.7963491158014832,0.311109334230423
Random 1%,s1_random_1_percent,0.15733763903839254,0.7969195664575014,0.3110786974430084
Random 1%,s1_random_1_percent,0.15751704341585934,0.7969195664575014,0.3109535276889801
Random 1%,s1_random_1_percent,0.15751704341585934,0.7974900171135196,0.31082120537757874
Random 1%,s1_random_1_percent,0.15787585217079297,0.7974900171135196,0.3106611669063568
Random 1%,s1_random_1_percent,0.15787585217079297,0.798060467769538,0.31043505668640137
Random 1%,s1_random_1_percent,0.15805525654825978,0.7986309184255562,0.3101833164691925
Random 1%,s1_random_1_percent,0.15805525654825978,0.7992013690815745,0.31002476811408997
Random 1%,s1_random_1_percent,0.1585934696806602,0.7992013690815745,0.30911785364151
Random 1%,s1_random_1_percent,0.1585934696806602,0.7997718197375927,0.30785804986953735
Random 1%,s1_random_1_percent,0.15895227843559384,0.7997718197375927,0.3077522814273834
Random 1%,s1_random_1_percent,0.15895227843559384,0.8003422703936109,0.3076688349246979
Random 1%,s1_random_1_percent,0.15913168281306064,0.8003422703936109,0.30752623081207275
Random 1%,s1_random_1_percent,0.15966989594546108,0.8003422703936109,0.3072676658630371
Random 1%,s1_random_1_percent,0.16002870470039468,0.8009127210496292,0.30714109539985657
Random 1%,s1_random_1_percent,0.1603875134553283,0.8009127210496292,0.30669546127319336
Random 1%,s1_random_1_percent,0.16074632221026194,0.8009127210496292,0.30666017532348633
Random 1%,s1_random_1_percent,0.16074632221026194,0.8014831717056474,0.3066166937351227
Random 1%,s1_random_1_percent,0.16110513096519555,0.8014831717056474,0.3057039678096771
Random 1%,s1_random_1_percent,0.16110513096519555,0.8020536223616657,0.305696040391922
Random 1%,s1_random_1_percent,0.16146393972012918,0.8020536223616657,0.305488258600235
Random 1%,s1_random_1_percent,0.16146393972012918,0.8031945236737023,0.3053281009197235
Random 1%,s1_random_1_percent,0.16164334409759598,0.8031945236737023,0.30494943261146545
Random 1%,s1_random_1_percent,0.16164334409759598,0.8037649743297205,0.3048135042190552
Random 1%,s1_random_1_percent,0.1620021528525296,0.8037649743297205,0.3042549192905426
Random 1%,s1_random_1_percent,0.16289917473986365,0.8043354249857387,0.30416151881217957
Random 1%,s1_random_1_percent,0.16289917473986365,0.804905875641757,0.3039981424808502
Random 1%,s1_random_1_percent,0.16325798349479728,0.804905875641757,0.3038783669471741
Random 1%,s1_random_1_percent,0.16325798349479728,0.8060467769537935,0.30370017886161804
Random 1%,s1_random_1_percent,0.16451381413706495,0.8060467769537935,0.3023672103881836
Random 1%,s1_random_1_percent,0.16451381413706495,0.80718767826583,0.30199146270751953
Random 1%,s1_random_1_percent,0.16469321851453175,0.80718767826583,0.30179741978645325
Random 1%,s1_random_1_percent,0.16505202726946538,0.80718767826583,0.301746129989624
Random 1%,s1_random_1_percent,0.1652314316469322,0.80718767826583,0.301624059677124
Random 1%,s1_random_1_percent,0.1652314316469322,0.8077581289218483,0.30153682827949524
Random 1%,s1_random_1_percent,0.16559024040186582,0.8077581289218483,0.3013571500778198
Random 1%,s1_random_1_percent,0.16559024040186582,0.8083285795778665,0.30082130432128906
Random 1%,s1_random_1_percent,0.16594904915679942,0.8083285795778665,0.30027687549591064
Random 1%,s1_random_1_percent,0.16594904915679942,0.8088990302338848,0.30020561814308167
Random 1%,s1_random_1_percent,0.16648726228919986,0.8088990302338848,0.2992905080318451
Random 1%,s1_random_1_percent,0.16648726228919986,0.809469480889903,0.2991398572921753
Random 1%,s1_random_1_percent,0.16666666666666666,0.809469480889903,0.29903456568717957
Random 1%,s1_random_1_percent,0.16666666666666666,0.8100399315459212,0.2988799512386322
Random 1%,s1_random_1_percent,0.1672048797990671,0.8100399315459212,0.29794538021087646
Random 1%,s1_random_1_percent,0.1672048797990671,0.8106103822019395,0.2978819012641907
Random 1%,s1_random_1_percent,0.16756368855400072,0.8106103822019395,0.2977324426174164
Random 1%,s1_random_1_percent,0.16756368855400072,0.8111808328579578,0.29754433035850525
Random 1%,s1_random_1_percent,0.16810190168640116,0.8111808328579578,0.296236127614975
Random 1%,s1_random_1_percent,0.16810190168640116,0.8123217341699943,0.29611024260520935
Random 1%,s1_random_1_percent,0.1686401148188016,0.8123217341699943,0.2958533763885498
Random 1%,s1_random_1_percent,0.1686401148188016,0.8128921848260126,0.2957291901111603
Random 1%,s1_random_1_percent,0.16935773232866883,0.8128921848260126,0.2947726845741272
Random 1%,s1_random_1_percent,0.16935773232866883,0.8134626354820308,0.29454705119132996
Random 1%,s1_random_1_percent,0.16971654108360243,0.8134626354820308,0.29427796602249146
Random 1%,s1_random_1_percent,0.16971654108360243,0.814033086138049,0.2942768335342407
Random 1%,s1_random_1_percent,0.17115177610333693,0.814033086138049,0.2930859327316284
Random 1%,s1_random_1_percent,0.17115177610333693,0.8146035367940673,0.2929237484931946
Random 1%,s1_random_1_percent,0.17151058485827053,0.8146035367940673,0.2927309274673462
Random 1%,s1_random_1_percent,0.17168998923573736,0.8151739874500855,0.29258421063423157
Random 1%,s1_random_1_percent,0.17186939361320416,0.8151739874500855,0.2923339605331421
Random 1%,s1_random_1_percent,0.17186939361320416,0.8157444381061039,0.29224690794944763
Random 1%,s1_random_1_percent,0.1725870111230714,0.8157444381061039,0.29089412093162537
Random 1%,s1_random_1_percent,0.1725870111230714,0.8163148887621221,0.29041212797164917
Random 1%,s1_random_1_percent,0.17366343738787227,0.8163148887621221,0.28881511092185974
Random 1%,s1_random_1_percent,0.17366343738787227,0.8168853394181403,0.2886701226234436
Random 1%,s1_random_1_percent,0.1740222461428059,0.8168853394181403,0.2881903648376465
Random 1%,s1_random_1_percent,0.1743810548977395,0.8168853394181403,0.28787535429000854
Random 1%,s1_random_1_percent,0.17563688554000717,0.8168853394181403,0.28619998693466187
Random 1%,s1_random_1_percent,0.17563688554000717,0.8174557900741586,0.2857217490673065
Random 1%,s1_random_1_percent,0.1759956942949408,0.8174557900741586,0.28543412685394287
Random 1%,s1_random_1_percent,0.1759956942949408,0.8185966913861951,0.2851387858390808
Random 1%,s1_random_1_percent,0.17653390742734124,0.8185966913861951,0.2844662666320801
Random 1%,s1_random_1_percent,0.17653390742734124,0.8191671420422133,0.2844275236129761
Random 1%,s1_random_1_percent,0.17671331180480804,0.8191671420422133,0.2843998670578003
Random 1%,s1_random_1_percent,0.17671331180480804,0.8197375926982317,0.2843276858329773
Random 1%,s1_random_1_percent,0.17689271618227484,0.8197375926982317,0.28381508588790894
Random 1%,s1_random_1_percent,0.17689271618227484,0.8203080433542499,0.28365254402160645
Random 1%,s1_random_1_percent,0.17832795120200934,0.8203080433542499,0.2821665406227112
Random 1%,s1_random_1_percent,0.17832795120200934,0.8208784940102681,0.2820791006088257
Random 1%,s1_random_1_percent,0.17868675995694294,0.8208784940102681,0.2819949984550476
Random 1%,s1_random_1_percent,0.17868675995694294,0.8214489446662864,0.28194066882133484
Random 1%,s1_random_1_percent,0.1797631862217438,0.8214489446662864,0.2804715633392334
Random 1%,s1_random_1_percent,0.1797631862217438,0.8225898459783229,0.27978160977363586
Random 1%,s1_random_1_percent,0.18030139935414424,0.8225898459783229,0.2793075442314148
Random 1%,s1_random_1_percent,0.18030139935414424,0.8231602966343411,0.27922388911247253
Random 1%,s1_random_1_percent,0.18083961248654468,0.8231602966343411,0.27894994616508484
Random 1%,s1_random_1_percent,0.18083961248654468,0.8237307472903593,0.27835768461227417
Random 1%,s1_random_1_percent,0.18119842124147828,0.8237307472903593,0.2780483365058899
Random 1%,s1_random_1_percent,0.18119842124147828,0.8265830005704506,0.27693459391593933
Random 1%,s1_random_1_percent,0.18263365626121278,0.8265830005704506,0.27573829889297485
Random 1%,s1_random_1_percent,0.18263365626121278,0.8271534512264689,0.27571165561676025
Random 1%,s1_random_1_percent,0.18281306063867958,0.8271534512264689,0.2755073308944702
Random 1%,s1_random_1_percent,0.18281306063867958,0.8277239018824871,0.2750932276248932
Random 1%,s1_random_1_percent,0.18371008252601365,0.8277239018824871,0.2742675840854645
Random 1%,s1_random_1_percent,0.18371008252601365,0.8282943525385055,0.2742580473423004
Random 1%,s1_random_1_percent,0.18514531754574812,0.8282943525385055,0.27204543352127075
Random 1%,s1_random_1_percent,0.18550412630068175,0.8282943525385055,0.27178052067756653
Random 1%,s1_random_1_percent,0.18586293505561535,0.8282943525385055,0.27158108353614807
Random 1%,s1_random_1_percent,0.18586293505561535,0.8288648031945237,0.2715722322463989
Random 1%,s1_random_1_percent,0.18622174381054898,0.8288648031945237,0.2711738646030426
Random 1%,s1_random_1_percent,0.1865805525654826,0.8288648031945237,0.26986491680145264
Random 1%,s1_random_1_percent,0.1865805525654826,0.8300057045065602,0.26971322298049927
Random 1%,s1_random_1_percent,0.18693936132041622,0.8300057045065602,0.26953133940696716
Random 1%,s1_random_1_percent,0.18693936132041622,0.8311466058185967,0.2694043815135956
Random 1%,s1_random_1_percent,0.18711876569788302,0.8311466058185967,0.26939210295677185
Random 1%,s1_random_1_percent,0.18783638320775026,0.8334284084426697,0.2692660391330719
Random 1%,s1_random_1_percent,0.18855400071761752,0.8334284084426697,0.26801228523254395
Random 1%,s1_random_1_percent,0.18873340509508432,0.833998859098688,0.2677111327648163
Random 1%,s1_random_1_percent,0.18873340509508432,0.8345693097547062,0.26738664507865906
Random 1%,s1_random_1_percent,0.18945102260495156,0.8345693097547062,0.2665276825428009
Random 1%,s1_random_1_percent,0.1898098313598852,0.8345693097547062,0.26641955971717834
Random 1%,s1_random_1_percent,0.1898098313598852,0.8351397604107245,0.26641586422920227
Random 1%,s1_random_1_percent,0.19034804449228562,0.8351397604107245,0.26620587706565857
Random 1%,s1_random_1_percent,0.19034804449228562,0.8362806617227609,0.26600441336631775
Random 1%,s1_random_1_percent,0.19052744886975242,0.8362806617227609,0.2657613158226013
Random 1%,s1_random_1_percent,0.19088625762468603,0.8362806617227609,0.26499518752098083
Random 1%,s1_random_1_percent,0.19142447075708646,0.8362806617227609,0.2633134424686432
Random 1%,s1_random_1_percent,0.19142447075708646,0.8368511123787792,0.26330748200416565
Random 1%,s1_random_1_percent,0.19214208826695373,0.8368511123787792,0.26305413246154785
Random 1%,s1_random_1_percent,0.19214208826695373,0.8374215630347975,0.26265832781791687
Random 1%,s1_random_1_percent,0.19250089702188733,0.8374215630347975,0.2613367736339569
Random 1%,s1_random_1_percent,0.19250089702188733,0.8379920136908158,0.2611708641052246
Random 1%,s1_random_1_percent,0.19268030139935413,0.8379920136908158,0.260861873626709
Random 1%,s1_random_1_percent,0.19268030139935413,0.838562464346834,0.2606850266456604
Random 1%,s1_random_1_percent,0.1933979189092214,0.838562464346834,0.2595617175102234
Random 1%,s1_random_1_percent,0.1933979189092214,0.8391329150028523,0.25953081250190735
Random 1%,s1_random_1_percent,0.193756727664155,0.8391329150028523,0.2591904401779175
Random 1%,s1_random_1_percent,0.193756727664155,0.8397033656588705,0.259077787399292
Random 1%,s1_random_1_percent,0.19429494079655543,0.8397033656588705,0.2586277723312378
Random 1%,s1_random_1_percent,0.19429494079655543,0.8419851682829436,0.25769567489624023
Random 1%,s1_random_1_percent,0.19465374955148906,0.8419851682829436,0.25742343068122864
Random 1%,s1_random_1_percent,0.19465374955148906,0.8425556189389618,0.25741076469421387
Random 1%,s1_random_1_percent,0.19608898457122353,0.8425556189389618,0.25522270798683167
Random 1%,s1_random_1_percent,0.19608898457122353,0.8436965202509983,0.25519779324531555
Random 1%,s1_random_1_percent,0.19680660208109077,0.8436965202509983,0.2539942264556885
Random 1%,s1_random_1_percent,0.19680660208109077,0.8442669709070165,0.2539558708667755
Random 1%,s1_random_1_percent,0.19788302834589164,0.8442669709070165,0.2529885172843933
Random 1%,s1_random_1_percent,0.19788302834589164,0.8448374215630348,0.2527991831302643
Random 1%,s1_random_1_percent,0.19806243272335844,0.8448374215630348,0.25279831886291504
Random 1%,s1_random_1_percent,0.19806243272335844,0.845407872219053,0.2527479827404022
Random 1%,s1_random_1_percent,0.1987800502332257,0.845407872219053,0.25128597021102905
Random 1%,s1_random_1_percent,0.1991388589881593,0.845407872219053,0.2512092888355255
Random 1%,s1_random_1_percent,0.19949766774309294,0.845407872219053,0.25118616223335266
Random 1%,s1_random_1_percent,0.19985647649802654,0.845407872219053,0.2511124312877655
Random 1%,s1_random_1_percent,0.20165052027269464,0.845407872219053,0.2492087036371231
Random 1%,s1_random_1_percent,0.20165052027269464,0.8459783228750714,0.2491568773984909
Random 1%,s1_random_1_percent,0.20200932902762828,0.8459783228750714,0.24905279278755188
Random 1%,s1_random_1_percent,0.20344456404736275,0.8459783228750714,0.24687834084033966
Random 1%,s1_random_1_percent,0.20344456404736275,0.8465487735310896,0.24654383957386017
Random 1%,s1_random_1_percent,0.20362396842482958,0.8465487735310896,0.2462441325187683
Random 1%,s1_random_1_percent,0.20380337280229638,0.8471192241871078,0.24618346989154816
Random 1%,s1_random_1_percent,0.20416218155723,0.8471192241871078,0.2459469735622406
Random 1%,s1_random_1_percent,0.20416218155723,0.8476896748431261,0.2456027716398239
Random 1%,s1_random_1_percent,0.20470039468963042,0.8476896748431261,0.24536967277526855
Random 1%,s1_random_1_percent,0.20470039468963042,0.8494010268111808,0.24457190930843353
Random 1%,s1_random_1_percent,0.20487979906709725,0.8494010268111808,0.24441607296466827
Random 1%,s1_random_1_percent,0.20487979906709725,0.849971477467199,0.24394474923610687
Random 1%,s1_random_1_percent,0.20523860782203085,0.849971477467199,0.24385273456573486
Random 1%,s1_random_1_percent,0.20523860782203085,0.8505419281232174,0.24360822141170502
Random 1%,s1_random_1_percent,0.20577682095443128,0.8505419281232174,0.24332426488399506
Random 1%,s1_random_1_percent,0.20577682095443128,0.8511123787792356,0.24322578310966492
Random 1%,s1_random_1_percent,0.20721205597416578,0.8511123787792356,0.24114347994327545
Random 1%,s1_random_1_percent,0.20721205597416578,0.8516828294352539,0.24106259644031525
Random 1%,s1_random_1_percent,0.2091855041263007,0.8516828294352539,0.23984836041927338
Random 1%,s1_random_1_percent,0.2091855041263007,0.8522532800912721,0.23936517536640167
Random 1%,s1_random_1_percent,0.2095443128812343,0.8522532800912721,0.2385285347700119
Random 1%,s1_random_1_percent,0.2095443128812343,0.8533941814033086,0.237280935049057
Random 1%,s1_random_1_percent,0.20972371725870112,0.8533941814033086,0.23720777034759521
Random 1%,s1_random_1_percent,0.20972371725870112,0.8539646320593268,0.23703567683696747
Random 1%,s1_random_1_percent,0.21008252601363472,0.8539646320593268,0.2366180270910263
Random 1%,s1_random_1_percent,0.21044133476856836,0.8539646320593268,0.23637261986732483
Random 1%,s1_random_1_percent,0.21044133476856836,0.8545350827153452,0.23626892268657684
Random 1%,s1_random_1_percent,0.21187656978830283,0.8545350827153452,0.2349497228860855
Random 1%,s1_random_1_percent,0.21187656978830283,0.8556759840273817,0.2347637414932251
Random 1%,s1_random_1_percent,0.21259418729817006,0.8556759840273817,0.23394857347011566
Random 1%,s1_random_1_percent,0.21259418729817006,0.8562464346833999,0.23363326489925385
Random 1%,s1_random_1_percent,0.2129529960531037,0.8562464346833999,0.2334553450345993
Random 1%,s1_random_1_percent,0.21349120918550413,0.8568168853394181,0.23342075943946838
Random 1%,s1_random_1_percent,0.21367061356297093,0.8568168853394181,0.2333817481994629
Random 1%,s1_random_1_percent,0.21367061356297093,0.8579577866514546,0.23331202566623688
Random 1%,s1_random_1_percent,0.21385001794043776,0.8579577866514546,0.2331560105085373
Random 1%,s1_random_1_percent,0.21420882669537136,0.8579577866514546,0.2330724596977234
Random 1%,s1_random_1_percent,0.21420882669537136,0.8585282373074729,0.23277203738689423
Random 1%,s1_random_1_percent,0.214567635450305,0.8585282373074729,0.23181800544261932
Random 1%,s1_random_1_percent,0.214567635450305,0.8596691386195094,0.23049354553222656
Random 1%,s1_random_1_percent,0.2149264442052386,0.8596691386195094,0.2302374690771103
Random 1%,s1_random_1_percent,0.2149264442052386,0.8602395892755277,0.2299707531929016
Random 1%,s1_random_1_percent,0.21528525296017223,0.8602395892755277,0.22940509021282196
Random 1%,s1_random_1_percent,0.21528525296017223,0.8608100399315459,0.22933030128479004
Random 1%,s1_random_1_percent,0.21546465733763903,0.8608100399315459,0.22915558516979218
Random 1%,s1_random_1_percent,0.21546465733763903,0.8613804905875642,0.22914662957191467
Random 1%,s1_random_1_percent,0.21689989235737353,0.8613804905875642,0.22753706574440002
Random 1%,s1_random_1_percent,0.21689989235737353,0.8619509412435824,0.22752726078033447
Random 1%,s1_random_1_percent,0.21725870111230713,0.8619509412435824,0.22702112793922424
Random 1%,s1_random_1_percent,0.21725870111230713,0.863091842555619,0.22665496170520782
Random 1%,s1_random_1_percent,0.21779691424470757,0.863091842555619,0.22572803497314453
Random 1%,s1_random_1_percent,0.21779691424470757,0.8636622932116372,0.22559593617916107
Random 1%,s1_random_1_percent,0.218335127377108,0.8636622932116372,0.22532621026039124
Random 1%,s1_random_1_percent,0.218335127377108,0.8642327438676555,0.22515840828418732
Random 1%,s1_random_1_percent,0.21887334050950844,0.8642327438676555,0.2236746996641159
Random 1%,s1_random_1_percent,0.21887334050950844,0.8648031945236737,0.22360023856163025
Random 1%,s1_random_1_percent,0.21905274488697524,0.8648031945236737,0.22312088310718536
Random 1%,s1_random_1_percent,0.21905274488697524,0.865373645179692,0.22301842272281647
Random 1%,s1_random_1_percent,0.21977036239684247,0.865373645179692,0.2219334840774536
Random 1%,s1_random_1_percent,0.21977036239684247,0.8659440958357102,0.22190620005130768
Random 1%,s1_random_1_percent,0.2199497667743093,0.8659440958357102,0.22161602973937988
Random 1%,s1_random_1_percent,0.2201291711517761,0.8665145464917284,0.22130843997001648
Random 1%,s1_random_1_percent,0.22138500179404377,0.8665145464917284,0.22027842700481415
Random 1%,s1_random_1_percent,0.22138500179404377,0.8670849971477467,0.22026795148849487
Random 1%,s1_random_1_percent,0.2219232149264442,0.8670849971477467,0.22003938257694244
Random 1%,s1_random_1_percent,0.2219232149264442,0.8682258984597833,0.21954722702503204
Random 1%,s1_random_1_percent,0.222102619303911,0.8682258984597833,0.21929001808166504
Random 1%,s1_random_1_percent,0.22246142805884464,0.8682258984597833,0.21926572918891907
Random 1%,s1_random_1_percent,0.22264083243631144,0.8687963491158015,0.219172865152359
Random 1%,s1_random_1_percent,0.22282023681377824,0.8687963491158015,0.21887098252773285
Random 1%,s1_random_1_percent,0.22282023681377824,0.8693667997718197,0.21884854137897491
Random 1%,s1_random_1_percent,0.2235378543236455,0.8693667997718197,0.21854913234710693
Random 1%,s1_random_1_percent,0.2235378543236455,0.8705077010838562,0.21804867684841156
Random 1%,s1_random_1_percent,0.2238966630785791,0.8705077010838562,0.21747425198554993
Random 1%,s1_random_1_percent,0.22461428058844635,0.8705077010838562,0.21650056540966034
Random 1%,s1_random_1_percent,0.22748475062791532,0.8705077010838562,0.21378342807292938
Random 1%,s1_random_1_percent,0.22748475062791532,0.8716486023958927,0.21354641020298004
Random 1%,s1_random_1_percent,0.22766415500538212,0.872219053051911,0.2134706676006317
Random 1%,s1_random_1_percent,0.22766415500538212,0.8727895037079293,0.21308128535747528
Random 1%,s1_random_1_percent,0.22802296376031575,0.8733599543639475,0.21294809877872467
Random 1%,s1_random_1_percent,0.22909939002511662,0.8733599543639475,0.21156688034534454
Random 1%,s1_random_1_percent,0.22909939002511662,0.8739304050199658,0.21143360435962677
Random 1%,s1_random_1_percent,0.23017581628991748,0.8739304050199658,0.21034137904644012
Random 1%,s1_random_1_percent,0.2305346250448511,0.8739304050199658,0.21030861139297485
Random 1%,s1_random_1_percent,0.2305346250448511,0.874500855675984,0.2102874368429184
Random 1%,s1_random_1_percent,0.23107283817725152,0.874500855675984,0.2098306119441986
Random 1%,s1_random_1_percent,0.23107283817725152,0.8750713063320023,0.20982234179973602
Random 1%,s1_random_1_percent,0.23161105130965196,0.8750713063320023,0.20909707248210907
Random 1%,s1_random_1_percent,0.23161105130965196,0.8756417569880205,0.20898783206939697
Random 1%,s1_random_1_percent,0.2323286688195192,0.8756417569880205,0.20784249901771545
Random 1%,s1_random_1_percent,0.2323286688195192,0.8762122076440388,0.20757748186588287
Random 1%,s1_random_1_percent,0.2323286688195192,0.8773531089560753,0.20755641162395477
Random 1%,s1_random_1_percent,0.23268747757445282,0.8773531089560753,0.20750164985656738
Random 1%,s1_random_1_percent,0.23322569070685326,0.8773531089560753,0.2073969542980194
Random 1%,s1_random_1_percent,0.2337639038392537,0.8773531089560753,0.20686399936676025
Random 1%,s1_random_1_percent,0.2337639038392537,0.8784940102681118,0.20652863383293152
Random 1%,s1_random_1_percent,0.2341227125941873,0.8784940102681118,0.20596511662006378
Random 1%,s1_random_1_percent,0.2341227125941873,0.8802053622361665,0.20566903054714203
Random 1%,s1_random_1_percent,0.2343021169716541,0.8802053622361665,0.20553472638130188
Random 1%,s1_random_1_percent,0.23448152134912092,0.8807758128921849,0.20547012984752655
Random 1%,s1_random_1_percent,0.23537854323645496,0.8807758128921849,0.20512130856513977
Random 1%,s1_random_1_percent,0.23537854323645496,0.8813462635482031,0.20507733523845673
Random 1%,s1_random_1_percent,0.2357373519913886,0.8813462635482031,0.20481708645820618
Random 1%,s1_random_1_percent,0.2360961607463222,0.8813462635482031,0.2047615647315979
Random 1%,s1_random_1_percent,0.2377108001435235,0.8813462635482031,0.2039448320865631
Random 1%,s1_random_1_percent,0.2377108001435235,0.8819167142042214,0.20343227684497833
Random 1%,s1_random_1_percent,0.23878722640832437,0.8819167142042214,0.20241877436637878
Random 1%,s1_random_1_percent,0.23878722640832437,0.8824871648602396,0.20214690268039703
Random 1%,s1_random_1_percent,0.24022246142805884,0.8830576155162578,0.20211352407932281
Random 1%,s1_random_1_percent,0.24022246142805884,0.8841985168282943,0.20198428630828857
Random 1%,s1_random_1_percent,0.24094007893792607,0.8841985168282943,0.20116330683231354
Random 1%,s1_random_1_percent,0.24094007893792607,0.8847689674843126,0.2007271647453308
Random 1%,s1_random_1_percent,0.2412988876928597,0.8847689674843126,0.20041996240615845
Random 1%,s1_random_1_percent,0.2412988876928597,0.8853394181403309,0.20039410889148712
Random 1%,s1_random_1_percent,0.24255471833512737,0.8853394181403309,0.1994677186012268
Random 1%,s1_random_1_percent,0.24255471833512737,0.8859098687963491,0.19935470819473267
Random 1%,s1_random_1_percent,0.242913527090061,0.8859098687963491,0.19876593351364136
Random 1%,s1_random_1_percent,0.242913527090061,0.8864803194523674,0.19869060814380646
Random 1%,s1_random_1_percent,0.2430929314675278,0.8864803194523674,0.1985819786787033
Random 1%,s1_random_1_percent,0.2430929314675278,0.8876212207644039,0.19841666519641876
Random 1%,s1_random_1_percent,0.24434876210979548,0.8876212207644039,0.19762581586837769
Random 1%,s1_random_1_percent,0.24434876210979548,0.8887621220764403,0.19731676578521729
Random 1%,s1_random_1_percent,0.24703982777179764,0.8887621220764403,0.19423948228359222
Random 1%,s1_random_1_percent,0.24703982777179764,0.8899030233884769,0.19398142397403717
Random 1%,s1_random_1_percent,0.24811625403659848,0.8899030233884769,0.19279338419437408
Random 1%,s1_random_1_percent,0.24811625403659848,0.8904734740444952,0.19266042113304138
Random 1%,s1_random_1_percent,0.2482956584140653,0.8904734740444952,0.19263075292110443
Random 1%,s1_random_1_percent,0.24865446716899892,0.8904734740444952,0.19240829348564148
Random 1%,s1_random_1_percent,0.24865446716899892,0.8910439247005134,0.19239918887615204
Random 1%,s1_random_1_percent,0.24883387154646575,0.8910439247005134,0.1923500895500183
Random 1%,s1_random_1_percent,0.24883387154646575,0.8916143753565317,0.1923021674156189
Random 1%,s1_random_1_percent,0.24919268030139935,0.8916143753565317,0.19137956202030182
Random 1%,s1_random_1_percent,0.24919268030139935,0.8921848260125499,0.19134467840194702
Random 1%,s1_random_1_percent,0.24955148905633298,0.8921848260125499,0.19076362252235413
Random 1%,s1_random_1_percent,0.24955148905633298,0.8927552766685681,0.19064472615718842
Random 1%,s1_random_1_percent,0.24973089343379978,0.8927552766685681,0.1906050443649292
Random 1%,s1_random_1_percent,0.24991029781126659,0.8933257273245864,0.1902635544538498
Random 1%,s1_random_1_percent,0.2509867240760675,0.8933257273245864,0.18924887478351593
Random 1%,s1_random_1_percent,0.2509867240760675,0.8938961779806047,0.18896731734275818
Random 1%,s1_random_1_percent,0.2515249372084679,0.8938961779806047,0.18844759464263916
Random 1%,s1_random_1_percent,0.2517043415859347,0.894466628636623,0.1883774697780609
Random 1%,s1_random_1_percent,0.2518837459634015,0.894466628636623,0.1878095418214798
Random 1%,s1_random_1_percent,0.2518837459634015,0.8950370792926412,0.18771006166934967
Random 1%,s1_random_1_percent,0.2522425547183351,0.8950370792926412,0.18734663724899292
Random 1%,s1_random_1_percent,0.2522425547183351,0.8956075299486594,0.18709641695022583
Random 1%,s1_random_1_percent,0.2529601722282024,0.8956075299486594,0.1867510974407196
Random 1%,s1_random_1_percent,0.2529601722282024,0.8961779806046777,0.18661373853683472
Random 1%,s1_random_1_percent,0.25313957660566916,0.8961779806046777,0.18653284013271332
Random 1%,s1_random_1_percent,0.25313957660566916,0.8967484312606959,0.18616145849227905
Random 1%,s1_random_1_percent,0.2534983853606028,0.8967484312606959,0.1857757866382599
Random 1%,s1_random_1_percent,0.2534983853606028,0.8973188819167142,0.1856278032064438
Random 1%,s1_random_1_percent,0.25439540724793686,0.8973188819167142,0.18504031002521515
Random 1%,s1_random_1_percent,0.25439540724793686,0.8978893325727325,0.1849711835384369
Random 1%,s1_random_1_percent,0.25618945102260493,0.8978893325727325,0.1840989738702774
Random 1%,s1_random_1_percent,0.2565482597775386,0.8978893325727325,0.18392346799373627
Random 1%,s1_random_1_percent,0.2565482597775386,0.8984597832287508,0.18386533856391907
Random 1%,s1_random_1_percent,0.2574452816648726,0.8984597832287508,0.1827431619167328
Random 1%,s1_random_1_percent,0.25780409041980623,0.8984597832287508,0.18258070945739746
Random 1%,s1_random_1_percent,0.25834230355220666,0.8984597832287508,0.18204236030578613
Random 1%,s1_random_1_percent,0.25834230355220666,0.899030233884769,0.181868776679039
Random 1%,s1_random_1_percent,0.25995694294940797,0.899030233884769,0.1811070740222931
Random 1%,s1_random_1_percent,0.25995694294940797,0.9001711351968055,0.1809788942337036
Random 1%,s1_random_1_percent,0.2601363473268748,0.9001711351968055,0.1808721125125885
Random 1%,s1_random_1_percent,0.2601363473268748,0.9007415858528237,0.1806613802909851
Random 1%,s1_random_1_percent,0.2621097954790097,0.9007415858528237,0.17886747419834137
Random 1%,s1_random_1_percent,0.2624686042339433,0.9007415858528237,0.17847175896167755
Random 1%,s1_random_1_percent,0.2624686042339433,0.9018824871648602,0.17806324362754822
Random 1%,s1_random_1_percent,0.2628274129888769,0.9018824871648602,0.17769674956798553
Random 1%,s1_random_1_percent,0.2628274129888769,0.903593839132915,0.1774447113275528
Random 1%,s1_random_1_percent,0.26336562612127734,0.903593839132915,0.17727163434028625
Random 1%,s1_random_1_percent,0.26336562612127734,0.9041642897889333,0.17719009518623352
Random 1%,s1_random_1_percent,0.263724434876211,0.9041642897889333,0.17697010934352875
Random 1%,s1_random_1_percent,0.263724434876211,0.9053051911009697,0.17670893669128418
Random 1%,s1_random_1_percent,0.2640832436311446,0.9053051911009697,0.17613238096237183
Random 1%,s1_random_1_percent,0.2644420523860782,0.9053051911009697,0.1761188507080078
Random 1%,s1_random_1_percent,0.2644420523860782,0.905875641756988,0.17589092254638672
Random 1%,s1_random_1_percent,0.26480086114101187,0.905875641756988,0.17564064264297485
Random 1%,s1_random_1_percent,0.2655184786508791,0.905875641756988,0.1755899339914322
Random 1%,s1_random_1_percent,0.2656978830283459,0.905875641756988,0.17543894052505493
Random 1%,s1_random_1_percent,0.2656978830283459,0.9064460924130062,0.17535336315631866
Random 1%,s1_random_1_percent,0.26677430929314677,0.9064460924130062,0.17472310364246368
Random 1%,s1_random_1_percent,0.26677430929314677,0.9070165430690246,0.17443032562732697
Random 1%,s1_random_1_percent,0.2676713311804808,0.9070165430690246,0.17317815124988556
Random 1%,s1_random_1_percent,0.2676713311804808,0.9075869937250428,0.17307791113853455
Random 1%,s1_random_1_percent,0.2696447793326157,0.9075869937250428,0.17085270583629608
Random 1%,s1_random_1_percent,0.2696447793326157,0.908157444381061,0.17060786485671997
Random 1%,s1_random_1_percent,0.2707212055974166,0.908157444381061,0.17012423276901245
Random 1%,s1_random_1_percent,0.2707212055974166,0.9087278950370793,0.17001430690288544
Random 1%,s1_random_1_percent,0.27179763186221745,0.9087278950370793,0.1690976619720459
Random 1%,s1_random_1_percent,0.27215644061715105,0.9087278950370793,0.16904418170452118
Random 1%,s1_random_1_percent,0.27377108001435235,0.9087278950370793,0.1673296093940735
Random 1%,s1_random_1_percent,0.27412988876928596,0.9087278950370793,0.16717445850372314
Random 1%,s1_random_1_percent,0.27412988876928596,0.9092983456930975,0.16677388548851013
Random 1%,s1_random_1_percent,0.2746681019016864,0.9092983456930975,0.16593047976493835
Random 1%,s1_random_1_percent,0.27502691065662,0.9092983456930975,0.16583099961280823
Random 1%,s1_random_1_percent,0.27502691065662,0.9098687963491158,0.16569219529628754
Random 1%,s1_random_1_percent,0.27538571941155365,0.9098687963491158,0.16550791263580322
Random 1%,s1_random_1_percent,0.27538571941155365,0.910439247005134,0.16539524495601654
Random 1%,s1_random_1_percent,0.2755651237890204,0.910439247005134,0.16537033021450043
Random 1%,s1_random_1_percent,0.2755651237890204,0.9110096976611524,0.16512401401996613
Random 1%,s1_random_1_percent,0.2762827412988877,0.9110096976611524,0.16447749733924866
Random 1%,s1_random_1_percent,0.2762827412988877,0.9115801483171706,0.1644645780324936
Random 1%,s1_random_1_percent,0.277897380696089,0.9115801483171706,0.16293954849243164
Random 1%,s1_random_1_percent,0.277897380696089,0.9121505989731888,0.1628032922744751
Random 1%,s1_random_1_percent,0.2784355938284894,0.9121505989731888,0.16253754496574402
Random 1%,s1_random_1_percent,0.27915321133835663,0.9121505989731888,0.1623685657978058
Random 1%,s1_random_1_percent,0.2795120200932903,0.9121505989731888,0.16217422485351562
Random 1%,s1_random_1_percent,0.2795120200932903,0.9127210496292071,0.1621190905570984
Random 1%,s1_random_1_percent,0.28256189451022606,0.9127210496292071,0.15919972956180573
Random 1%,s1_random_1_percent,0.28256189451022606,0.9138619509412436,0.15915846824645996
Random 1%,s1_random_1_percent,0.28292070326515967,0.9138619509412436,0.15853963792324066
Random 1%,s1_random_1_percent,0.28327951202009327,0.9138619509412436,0.15770798921585083
Random 1%,s1_random_1_percent,0.28363832077502693,0.9138619509412436,0.15751923620700836
Random 1%,s1_random_1_percent,0.28363832077502693,0.91500285225328,0.15716880559921265
Random 1%,s1_random_1_percent,0.28399712952996053,0.91500285225328,0.15677033364772797
Random 1%,s1_random_1_percent,0.28399712952996053,0.9155733029092984,0.15667188167572021
Random 1%,s1_random_1_percent,0.28435593828489414,0.9155733029092984,0.15641820430755615
Random 1%,s1_random_1_percent,0.28435593828489414,0.9161437535653166,0.15639689564704895
Random 1%,s1_random_1_percent,0.28614998205956227,0.9161437535653166,0.15445466339588165
Random 1%,s1_random_1_percent,0.28614998205956227,0.9172846548773531,0.1543038934469223
Random 1%,s1_random_1_percent,0.28991747398636525,0.9172846548773531,0.15146760642528534
Random 1%,s1_random_1_percent,0.28991747398636525,0.9178551055333714,0.1513213813304901
Random 1%,s1_random_1_percent,0.2909939002511661,0.9178551055333714,0.15055140852928162
Random 1%,s1_random_1_percent,0.2909939002511661,0.9184255561893896,0.1505298614501953
Random 1%,s1_random_1_percent,0.29117330462863295,0.9184255561893896,0.15050464868545532
Random 1%,s1_random_1_percent,0.29117330462863295,0.9195664575014262,0.15029074251651764
Random 1%,s1_random_1_percent,0.29314675278076785,0.9195664575014262,0.1486799567937851
Random 1%,s1_random_1_percent,0.29314675278076785,0.9201369081574444,0.14852862060070038
Random 1%,s1_random_1_percent,0.2933261571582347,0.9201369081574444,0.148513525724411
Random 1%,s1_random_1_percent,0.2938643702906351,0.9201369081574444,0.14848387241363525
Random 1%,s1_random_1_percent,0.2956584140653032,0.9201369081574444,0.14766648411750793
Random 1%,s1_random_1_percent,0.2956584140653032,0.9207073588134627,0.14763417840003967
Random 1%,s1_random_1_percent,0.29637603157517045,0.9207073588134627,0.14689229428768158
Random 1%,s1_random_1_percent,0.29637603157517045,0.9212778094694809,0.14688588678836823
Random 1%,s1_random_1_percent,0.29799067097237175,0.9212778094694809,0.1461353451013565
Random 1%,s1_random_1_percent,0.29799067097237175,0.9218482601254991,0.14600695669651031
Random 1%,s1_random_1_percent,0.2994259059921062,0.9218482601254991,0.14491936564445496
Random 1%,s1_random_1_percent,0.2994259059921062,0.9224187107815174,0.14469553530216217
Random 1%,s1_random_1_percent,0.2997847147470398,0.9224187107815174,0.14432694017887115
Random 1%,s1_random_1_percent,0.2997847147470398,0.9229891614375356,0.1442454755306244
Random 1%,s1_random_1_percent,0.29996411912450666,0.9229891614375356,0.14381863176822662
Random 1%,s1_random_1_percent,0.29996411912450666,0.9235596120935539,0.1429913341999054
Random 1%,s1_random_1_percent,0.3012199497667743,0.9235596120935539,0.14214776456356049
Random 1%,s1_random_1_percent,0.30157875852170796,0.9235596120935539,0.14206372201442719
Random 1%,s1_random_1_percent,0.30157875852170796,0.9252709640616087,0.14165683090686798
Random 1%,s1_random_1_percent,0.30175816289917473,0.9252709640616087,0.14128650724887848
Random 1%,s1_random_1_percent,0.30175816289917473,0.9258414147176269,0.14124561846256256
Random 1%,s1_random_1_percent,0.3040904198062433,0.9258414147176269,0.13923652470111847
Random 1%,s1_random_1_percent,0.3040904198062433,0.9264118653736452,0.1391221582889557
Random 1%,s1_random_1_percent,0.3044492285611769,0.9264118653736452,0.13889949023723602
Random 1%,s1_random_1_percent,0.3044492285611769,0.9269823160296634,0.13888615369796753
Random 1%,s1_random_1_percent,0.3048080373161105,0.9269823160296634,0.13857050240039825
Random 1%,s1_random_1_percent,0.3048080373161105,0.9275527666856817,0.13837674260139465
Random 1%,s1_random_1_percent,0.30498744169357733,0.9275527666856817,0.13821928203105927
Random 1%,s1_random_1_percent,0.30498744169357733,0.9298345693097547,0.13791857659816742
Random 1%,s1_random_1_percent,0.30570505920344454,0.9298345693097547,0.13731686770915985
Random 1%,s1_random_1_percent,0.30570505920344454,0.930405019965773,0.13698811829090118
Random 1%,s1_random_1_percent,0.306243272335845,0.930405019965773,0.13671287894248962
Random 1%,s1_random_1_percent,0.306243272335845,0.9315459212778094,0.13665346801280975
Random 1%,s1_random_1_percent,0.30857552924291354,0.9315459212778094,0.1338566690683365
Random 1%,s1_random_1_percent,0.30857552924291354,0.932686822589846,0.13379982113838196
Random 1%,s1_random_1_percent,0.30893433799784714,0.932686822589846,0.133709117770195
Random 1%,s1_random_1_percent,0.30893433799784714,0.9332572732458643,0.13356396555900574
Random 1%,s1_random_1_percent,0.31054897739504844,0.9332572732458643,0.13236336410045624
Random 1%,s1_random_1_percent,0.31054897739504844,0.9338277239018825,0.13213983178138733
Random 1%,s1_random_1_percent,0.31072838177251527,0.9338277239018825,0.13182732462882996
Random 1%,s1_random_1_percent,0.3110871905274489,0.9338277239018825,0.13177825510501862
Random 1%,s1_random_1_percent,0.3119842124147829,0.9338277239018825,0.13094931840896606
Random 1%,s1_random_1_percent,0.3119842124147829,0.9343981745579008,0.1308663785457611
Random 1%,s1_random_1_percent,0.31288123430211695,0.9343981745579008,0.1302100121974945
Random 1%,s1_random_1_percent,0.31288123430211695,0.9355390758699372,0.12989652156829834
Random 1%,s1_random_1_percent,0.3139576605669178,0.9355390758699372,0.12903274595737457
Random 1%,s1_random_1_percent,0.3139576605669178,0.9361095265259555,0.12898096442222595
Random 1%,s1_random_1_percent,0.31413706494438465,0.9361095265259555,0.12893913686275482
Random 1%,s1_random_1_percent,0.31413706494438465,0.9366799771819737,0.12893906235694885
Random 1%,s1_random_1_percent,0.31575170434158595,0.9366799771819737,0.1268458068370819
Random 1%,s1_random_1_percent,0.31575170434158595,0.9372504278379921,0.1267721801996231
Random 1%,s1_random_1_percent,0.31664872622892,0.9372504278379921,0.12595511972904205
Random 1%,s1_random_1_percent,0.31664872622892,0.9378208784940103,0.12555789947509766
Random 1%,s1_random_1_percent,0.3171869393613204,0.9378208784940103,0.12518462538719177
Random 1%,s1_random_1_percent,0.3171869393613204,0.9383913291500285,0.12517808377742767
Random 1%,s1_random_1_percent,0.31736634373878725,0.9383913291500285,0.12502029538154602
Random 1%,s1_random_1_percent,0.31736634373878725,0.9389617798060468,0.1249772235751152
Random 1%,s1_random_1_percent,0.3189809831359885,0.9389617798060468,0.12456725537776947
Random 1%,s1_random_1_percent,0.3189809831359885,0.939532230462065,0.12441299855709076
Random 1%,s1_random_1_percent,0.31969860064585576,0.939532230462065,0.12363370507955551
Random 1%,s1_random_1_percent,0.31969860064585576,0.9401026811180833,0.12314274907112122
Random 1%,s1_random_1_percent,0.32203085755292427,0.9401026811180833,0.12142345309257507
Random 1%,s1_random_1_percent,0.32203085755292427,0.9406731317741015,0.1214074119925499
Random 1%,s1_random_1_percent,0.3222102619303911,0.9406731317741015,0.12134823203086853
Random 1%,s1_random_1_percent,0.3223896663078579,0.9412435824301197,0.12115512043237686
Random 1%,s1_random_1_percent,0.3240043057050592,0.9412435824301197,0.12008120864629745
Random 1%,s1_random_1_percent,0.3240043057050592,0.9418140330861381,0.11992645263671875
Random 1%,s1_random_1_percent,0.32436311445999283,0.9418140330861381,0.11986838281154633
Random 1%,s1_random_1_percent,0.32508073196986004,0.9418140330861381,0.11923665553331375
Random 1%,s1_random_1_percent,0.32508073196986004,0.9423844837421563,0.1192331612110138
Random 1%,s1_random_1_percent,0.32956584140653034,0.9423844837421563,0.11582310497760773
Random 1%,s1_random_1_percent,0.32992465016146394,0.9423844837421563,0.11568816751241684
Random 1%,s1_random_1_percent,0.331718693936132,0.9423844837421563,0.11455262452363968
Random 1%,s1_random_1_percent,0.331718693936132,0.9429549343981746,0.1145404577255249
Random 1%,s1_random_1_percent,0.33189809831359884,0.9429549343981746,0.1145220473408699
Random 1%,s1_random_1_percent,0.33189809831359884,0.9435253850541928,0.11447412520647049
Random 1%,s1_random_1_percent,0.3327951202009329,0.9435253850541928,0.11422951519489288
Random 1%,s1_random_1_percent,0.3327951202009329,0.944095835710211,0.11414279788732529
Random 1%,s1_random_1_percent,0.33351273771080014,0.944095835710211,0.1139477863907814
Random 1%,s1_random_1_percent,0.33387154646573375,0.944095835710211,0.11389181762933731
Random 1%,s1_random_1_percent,0.33512737710800145,0.944095835710211,0.11348488181829453
Random 1%,s1_random_1_percent,0.33512737710800145,0.9452367370222475,0.11341739445924759
Random 1%,s1_random_1_percent,0.338356655902404,0.9452367370222475,0.11077416688203812
Random 1%,s1_random_1_percent,0.338356655902404,0.9458071876782659,0.110750712454319
Random 1%,s1_random_1_percent,0.33907427341227125,0.9458071876782659,0.10994986444711685
Random 1%,s1_random_1_percent,0.33907427341227125,0.9463776383342841,0.10962031781673431
Random 1%,s1_random_1_percent,0.3392536777897381,0.9463776383342841,0.10958772152662277
Random 1%,s1_random_1_percent,0.3392536777897381,0.9469480889903024,0.10947788506746292
Random 1%,s1_random_1_percent,0.33943308216720486,0.9469480889903024,0.10944841057062149
Random 1%,s1_random_1_percent,0.3397918909221385,0.9475185396463206,0.10920167714357376
Random 1%,s1_random_1_percent,0.3397918909221385,0.9486594409583571,0.10904081910848618
Random 1%,s1_random_1_percent,0.3399712952996053,0.9486594409583571,0.1088566780090332
Random 1%,s1_random_1_percent,0.3399712952996053,0.9492298916143753,0.10882114619016647
Random 1%,s1_random_1_percent,0.34965913168281304,0.9492298916143753,0.10206285119056702
Random 1%,s1_random_1_percent,0.34965913168281304,0.9503707929264119,0.10185234248638153
Random 1%,s1_random_1_percent,0.3500179404377467,0.9503707929264119,0.10138892382383347
Random 1%,s1_random_1_percent,0.3500179404377467,0.9509412435824302,0.10126306861639023
Random 1%,s1_random_1_percent,0.35145317545748117,0.9509412435824302,0.10000694543123245
Random 1%,s1_random_1_percent,0.35145317545748117,0.9515116942384484,0.09995411336421967
Random 1%,s1_random_1_percent,0.35252960172228204,0.9515116942384484,0.09959626197814941
Random 1%,s1_random_1_percent,0.35252960172228204,0.9520821448944666,0.09943854063749313
Random 1%,s1_random_1_percent,0.3559382848941514,0.9520821448944666,0.09776272624731064
Random 1%,s1_random_1_percent,0.35647649802655185,0.9520821448944666,0.09763015061616898
Random 1%,s1_random_1_percent,0.3589881593110872,0.9520821448944666,0.09559985250234604
Random 1%,s1_random_1_percent,0.3589881593110872,0.9532230462065031,0.09525512903928757
Random 1%,s1_random_1_percent,0.3598851811984212,0.9532230462065031,0.09421897679567337
Random 1%,s1_random_1_percent,0.3598851811984212,0.9537934968625214,0.09415926784276962
Random 1%,s1_random_1_percent,0.3607822030857553,0.9537934968625214,0.09324932098388672
Random 1%,s1_random_1_percent,0.3607822030857553,0.9543639475185397,0.09322622418403625
Random 1%,s1_random_1_percent,0.36203803372802296,0.9543639475185397,0.09261303395032883
Random 1%,s1_random_1_percent,0.36203803372802296,0.9549343981745579,0.09255708754062653
Random 1%,s1_random_1_percent,0.36239684248295656,0.9549343981745579,0.09248114377260208
Random 1%,s1_random_1_percent,0.36239684248295656,0.9566457501426127,0.092316173017025
Random 1%,s1_random_1_percent,0.3634732687477574,0.9566457501426127,0.09205435961484909
Random 1%,s1_random_1_percent,0.3634732687477574,0.9577866514546491,0.09190145134925842
Random 1%,s1_random_1_percent,0.36508790814495873,0.9577866514546491,0.09128144383430481
Random 1%,s1_random_1_percent,0.36508790814495873,0.9583571021106674,0.09115037322044373
Random 1%,s1_random_1_percent,0.36544671689989233,0.9583571021106674,0.09077949821949005
Random 1%,s1_random_1_percent,0.36544671689989233,0.9589275527666857,0.09051231294870377
Random 1%,s1_random_1_percent,0.36670254754216003,0.9589275527666857,0.09013506025075912
Random 1%,s1_random_1_percent,0.36670254754216003,0.9600684540787222,0.09008687734603882
Random 1%,s1_random_1_percent,0.36831718693936133,0.9600684540787222,0.08954442292451859
Random 1%,s1_random_1_percent,0.36831718693936133,0.9606389047347405,0.08944578468799591
Random 1%,s1_random_1_percent,0.36921420882669537,0.9606389047347405,0.08890180289745331
Random 1%,s1_random_1_percent,0.36921420882669537,0.9612093553907587,0.08883447200059891
Random 1%,s1_random_1_percent,0.3693936132041622,0.9612093553907587,0.0888163149356842
Random 1%,s1_random_1_percent,0.3693936132041622,0.9617798060467769,0.08868598937988281
Random 1%,s1_random_1_percent,0.36993182633656263,0.9617798060467769,0.08848440647125244
Random 1%,s1_random_1_percent,0.37029063509149623,0.9617798060467769,0.08847077935934067
Random 1%,s1_random_1_percent,0.3717258701112307,0.9617798060467769,0.0876341387629509
Random 1%,s1_random_1_percent,0.3717258701112307,0.9623502567027952,0.0875849574804306
Random 1%,s1_random_1_percent,0.37190527448869753,0.9623502567027952,0.08731735497713089
Random 1%,s1_random_1_percent,0.37244348762109797,0.9623502567027952,0.08716649562120438
Random 1%,s1_random_1_percent,0.37585217079296734,0.9623502567027952,0.08537418395280838
Random 1%,s1_random_1_percent,0.37585217079296734,0.9629207073588134,0.08535663038492203
Random 1%,s1_random_1_percent,0.3767491926803014,0.9629207073588134,0.08499928563833237
Random 1%,s1_random_1_percent,0.3767491926803014,0.9634911580148318,0.08495891839265823
Random 1%,s1_random_1_percent,0.37746681019016864,0.9634911580148318,0.08440690487623215
Random 1%,s1_random_1_percent,0.37746681019016864,0.96406160867085,0.08431439846754074
Random 1%,s1_random_1_percent,0.38177251524937206,0.96406160867085,0.08169510215520859
Random 1%,s1_random_1_percent,0.38177251524937206,0.9646320593268682,0.08165135979652405
Random 1%,s1_random_1_percent,0.3823107283817725,0.9646320593268682,0.08109819144010544
Random 1%,s1_random_1_percent,0.3823107283817725,0.9652025099828865,0.08102721720933914
Random 1%,s1_random_1_percent,0.3839253677789738,0.9652025099828865,0.08033338189125061
Random 1%,s1_random_1_percent,0.3839253677789738,0.9657729606389047,0.0801951140165329
Random 1%,s1_random_1_percent,0.3873340509508432,0.9657729606389047,0.07838073372840881
Random 1%,s1_random_1_percent,0.3873340509508432,0.966343411294923,0.07832377403974533
Random 1%,s1_random_1_percent,0.38858988159311086,0.966343411294923,0.07802235335111618
Random 1%,s1_random_1_percent,0.38894869034804447,0.966343411294923,0.0779542624950409
Random 1%,s1_random_1_percent,0.39146035163257986,0.966343411294923,0.0763971284031868
Random 1%,s1_random_1_percent,0.39146035163257986,0.9669138619509412,0.07633420079946518
Random 1%,s1_random_1_percent,0.395048439181916,0.9669138619509412,0.07452704012393951
Random 1%,s1_random_1_percent,0.395048439181916,0.9674843126069596,0.07447611540555954
Random 1%,s1_random_1_percent,0.39522784355938284,0.9674843126069596,0.07442606985569
Random 1%,s1_random_1_percent,0.39522784355938284,0.9680547632629778,0.0741296038031578
Random 1%,s1_random_1_percent,0.39684248295658414,0.9680547632629778,0.07332615554332733
Random 1%,s1_random_1_percent,0.39684248295658414,0.968625213918996,0.07330997288227081
Random 1%,s1_random_1_percent,0.4006099748833872,0.968625213918996,0.0711754709482193
Random 1%,s1_random_1_percent,0.4006099748833872,0.9691956645750143,0.07107339799404144
Random 1%,s1_random_1_percent,0.4018658055256548,0.9691956645750143,0.0706305205821991
Random 1%,s1_random_1_percent,0.4018658055256548,0.9697661152310325,0.07028014957904816
Random 1%,s1_random_1_percent,0.40204520990312165,0.9697661152310325,0.0701456069946289
Random 1%,s1_random_1_percent,0.40204520990312165,0.9703365658870508,0.07007502764463425
Random 1%,s1_random_1_percent,0.4047362755651238,0.9703365658870508,0.06840815395116806
Random 1%,s1_random_1_percent,0.4049156799425906,0.970907016543069,0.06826167553663254
Random 1%,s1_random_1_percent,0.4067097237172587,0.970907016543069,0.06679973751306534
Random 1%,s1_random_1_percent,0.4067097237172587,0.9714774671990872,0.06679481267929077
Random 1%,s1_random_1_percent,0.40724793684965915,0.9714774671990872,0.06667262315750122
Random 1%,s1_random_1_percent,0.40724793684965915,0.9720479178551056,0.06655071675777435
Random 1%,s1_random_1_percent,0.40760674560459276,0.9720479178551056,0.06621382385492325
Random 1%,s1_random_1_percent,0.40796555435952636,0.9720479178551056,0.06612876057624817
Random 1%,s1_random_1_percent,0.4088625762468604,0.9720479178551056,0.06548592448234558
Random 1%,s1_random_1_percent,0.4088625762468604,0.9726183685111238,0.06518678367137909
Random 1%,s1_random_1_percent,0.40904198062432723,0.9726183685111238,0.0651862770318985
Random 1%,s1_random_1_percent,0.40904198062432723,0.9731888191671421,0.06517620384693146
Random 1%,s1_random_1_percent,0.40922138500179406,0.9731888191671421,0.06512660533189774
Random 1%,s1_random_1_percent,0.40922138500179406,0.9737592698231603,0.06506158411502838
Random 1%,s1_random_1_percent,0.40940078937926083,0.9737592698231603,0.06504365056753159
Random 1%,s1_random_1_percent,0.40940078937926083,0.9743297204791785,0.06499341130256653
Random 1%,s1_random_1_percent,0.41747398636526734,0.9743297204791785,0.0620744489133358
Random 1%,s1_random_1_percent,0.41747398636526734,0.9749001711351968,0.062069423496723175
Random 1%,s1_random_1_percent,0.4190886257624686,0.9749001711351968,0.06133466586470604
Random 1%,s1_random_1_percent,0.4190886257624686,0.975470621791215,0.06114095076918602
Random 1%,s1_random_1_percent,0.4223179045568712,0.975470621791215,0.05908435583114624
Random 1%,s1_random_1_percent,0.4223179045568712,0.9760410724472333,0.05908137559890747
Random 1%,s1_random_1_percent,0.42339433082167205,0.9760410724472333,0.05855889245867729
Random 1%,s1_random_1_percent,0.42339433082167205,0.9771819737592699,0.058539021760225296
Random 1%,s1_random_1_percent,0.4264442052386078,0.9771819737592699,0.057450950145721436
Random 1%,s1_random_1_percent,0.4264442052386078,0.9777524244152881,0.05715039372444153
Random 1%,s1_random_1_percent,0.436670254754216,0.9777524244152881,0.05311506241559982
Random 1%,s1_random_1_percent,0.436670254754216,0.9783228750713063,0.05310284346342087
Random 1%,s1_random_1_percent,0.4370290635091496,0.9783228750713063,0.05300770327448845
Random 1%,s1_random_1_percent,0.4370290635091496,0.9788933257273246,0.05298066884279251
Random 1%,s1_random_1_percent,0.4406171510584858,0.9788933257273246,0.0517723485827446
Random 1%,s1_random_1_percent,0.44097595981341947,0.9788933257273246,0.051651500165462494
Random 1%,s1_random_1_percent,0.4415141729458199,0.9788933257273246,0.05138033255934715
Random 1%,s1_random_1_percent,0.4415141729458199,0.9794637763833428,0.051378440111875534
Random 1%,s1_random_1_percent,0.4420523860782203,0.9794637763833428,0.051224805414676666
Random 1%,s1_random_1_percent,0.4420523860782203,0.980034227039361,0.0511881560087204
Random 1%,s1_random_1_percent,0.4425905992106207,0.980034227039361,0.0510324202477932
Random 1%,s1_random_1_percent,0.4425905992106207,0.9806046776953794,0.050973158329725266
Random 1%,s1_random_1_percent,0.44438464298528885,0.9806046776953794,0.05044359341263771
Random 1%,s1_random_1_percent,0.44438464298528885,0.9811751283513976,0.05042533576488495
Random 1%,s1_random_1_percent,0.44761392177969145,0.9811751283513976,0.04968133196234703
Random 1%,s1_random_1_percent,0.44761392177969145,0.9817455790074159,0.0496014840900898
Random 1%,s1_random_1_percent,0.4488697524219591,0.9817455790074159,0.04909341782331467
Random 1%,s1_random_1_percent,0.4492285611768927,0.9817455790074159,0.04908197000622749
Random 1%,s1_random_1_percent,0.45855758880516684,0.9817455790074159,0.045173633843660355
Random 1%,s1_random_1_percent,0.45891639756010044,0.9817455790074159,0.045099887996912
Random 1%,s1_random_1_percent,0.4682454251883746,0.9817455790074159,0.0423806868493557
Random 1%,s1_random_1_percent,0.4682454251883746,0.9823160296634341,0.0423429049551487
Random 1%,s1_random_1_percent,0.4698600645855759,0.9823160296634341,0.0420224703848362
Random 1%,s1_random_1_percent,0.4698600645855759,0.9828864803194524,0.04199747368693352
Random 1%,s1_random_1_percent,0.4721923214926444,0.9828864803194524,0.0413321889936924
Random 1%,s1_random_1_percent,0.47255113024757806,0.9828864803194524,0.04131775721907616
Random 1%,s1_random_1_percent,0.47524219590958017,0.9828864803194524,0.04016709700226784
Random 1%,s1_random_1_percent,0.4756010046645138,0.9828864803194524,0.04008173197507858
Random 1%,s1_random_1_percent,0.4773950484391819,0.9828864803194524,0.03951455280184746
Random 1%,s1_random_1_percent,0.4773950484391819,0.9834569309754706,0.03948453813791275
Random 1%,s1_random_1_percent,0.4786508790814496,0.9834569309754706,0.039263978600502014
Random 1%,s1_random_1_percent,0.4786508790814496,0.9840273816314888,0.03922039642930031
Random 1%,s1_random_1_percent,0.4790096878363832,0.9840273816314888,0.0391678549349308
Random 1%,s1_random_1_percent,0.4790096878363832,0.9845978322875071,0.039140570908784866
Random 1%,s1_random_1_percent,0.48708288482238965,0.9845978322875071,0.036720242351293564
Random 1%,s1_random_1_percent,0.48708288482238965,0.9851682829435254,0.03670791536569595
Random 1%,s1_random_1_percent,0.4876210979547901,0.9851682829435254,0.036612480878829956
Random 1%,s1_random_1_percent,0.4881593110871905,0.9851682829435254,0.03659749776124954
Random 1%,s1_random_1_percent,0.489594546106925,0.9851682829435254,0.03640076518058777
Random 1%,s1_random_1_percent,0.489594546106925,0.9857387335995437,0.03631225973367691
Random 1%,s1_random_1_percent,0.4913885898815931,0.9857387335995437,0.03586501255631447
Random 1%,s1_random_1_percent,0.4913885898815931,0.9863091842555619,0.03586016967892647
Random 1%,s1_random_1_percent,0.5093290276282741,0.9863091842555619,0.031049590557813644
Random 1%,s1_random_1_percent,0.5096878363832078,0.9863091842555619,0.031048377975821495
Random 1%,s1_random_1_percent,0.511302475780409,0.9863091842555619,0.03072308748960495
Random 1%,s1_random_1_percent,0.511302475780409,0.9868796349115802,0.03071426786482334
Random 1%,s1_random_1_percent,0.5114818801578759,0.9868796349115802,0.03067694418132305
Random 1%,s1_random_1_percent,0.5118406889128094,0.9868796349115802,0.030563537031412125
Random 1%,s1_random_1_percent,0.5177610333692142,0.9868796349115802,0.02958289161324501
Random 1%,s1_random_1_percent,0.5177610333692142,0.9874500855675984,0.029412666335701942
Random 1%,s1_random_1_percent,0.5218873340509509,0.9874500855675984,0.02815171889960766
Random 1%,s1_random_1_percent,0.5218873340509509,0.9880205362236166,0.028144532814621925
Random 1%,s1_random_1_percent,0.5315751704341586,0.9880205362236166,0.026234278455376625
Random 1%,s1_random_1_percent,0.5319339791890922,0.9880205362236166,0.026211291551589966
Random 1%,s1_random_1_percent,0.5330104054538931,0.9880205362236166,0.026021210476756096
Random 1%,s1_random_1_percent,0.5330104054538931,0.9885909868796349,0.02593347243964672
Random 1%,s1_random_1_percent,0.5414424111948332,0.9885909868796349,0.02437739074230194
Random 1%,s1_random_1_percent,0.5418012199497668,0.9885909868796349,0.02433260716497898
Random 1%,s1_random_1_percent,0.5448510943667025,0.9885909868796349,0.02350793592631817
Random 1%,s1_random_1_percent,0.5448510943667025,0.9891614375356532,0.023436162620782852
Random 1%,s1_random_1_percent,0.5455687118765697,0.9891614375356532,0.02337268553674221
Random 1%,s1_random_1_percent,0.5459275206315034,0.9891614375356532,0.02334745228290558
Random 1%,s1_random_1_percent,0.5502332256907069,0.9891614375356532,0.022442365065217018
Random 1%,s1_random_1_percent,0.5505920344456404,0.9891614375356532,0.022436067461967468
Random 1%,s1_random_1_percent,0.5536419088625762,0.9891614375356532,0.021515261381864548
Random 1%,s1_random_1_percent,0.5540007176175099,0.9891614375356532,0.021476296707987785
Random 1%,s1_random_1_percent,0.5640473627556513,0.9891614375356532,0.01970628648996353
Random 1%,s1_random_1_percent,0.5644061715105848,0.9891614375356532,0.019706066697835922
Random 1%,s1_random_1_percent,0.5733763903839254,0.9891614375356532,0.01835792511701584
Random 1%,s1_random_1_percent,0.573735199138859,0.9891614375356532,0.01835155114531517
Random 1%,s1_random_1_percent,0.5757086472909939,0.9891614375356532,0.01812179945409298
Random 1%,s1_random_1_percent,0.5760674560459276,0.9891614375356532,0.018107354640960693
Random 1%,s1_random_1_percent,0.5769644779332616,0.9891614375356532,0.017885839566588402
Random 1%,s1_random_1_percent,0.5769644779332616,0.9897318881916715,0.017824137583374977
Random 1%,s1_random_1_percent,0.5805525654825978,0.9897318881916715,0.017193056643009186
Random 1%,s1_random_1_percent,0.5805525654825978,0.9903023388476897,0.017183028161525726
Random 1%,s1_random_1_percent,0.5827054180121995,0.9903023388476897,0.016925889998674393
Random 1%,s1_random_1_percent,0.5830642267671331,0.9903023388476897,0.016912685707211494
Random 1%,s1_random_1_percent,0.5995694294940797,0.9903023388476897,0.01482455711811781
Random 1%,s1_random_1_percent,0.5995694294940797,0.9908727895037079,0.014769231900572777
Random 1%,s1_random_1_percent,0.6112307140294223,0.9908727895037079,0.013463853858411312
Random 1%,s1_random_1_percent,0.6112307140294223,0.9914432401597262,0.013458344154059887
Random 1%,s1_random_1_percent,0.6158952278435594,0.9914432401597262,0.013001414947211742
Random 1%,s1_random_1_percent,0.6158952278435594,0.9920136908157444,0.01298398245126009
Random 1%,s1_random_1_percent,0.6210979547900969,0.9920136908157444,0.012434852309525013
Random 1%,s1_random_1_percent,0.6210979547900969,0.9925841414717627,0.01242000050842762
Random 1%,s1_random_1_percent,0.6325798349479728,0.9925841414717627,0.011311454698443413
Random 1%,s1_random_1_percent,0.6325798349479728,0.9931545921277809,0.01130886934697628
Random 1%,s1_random_1_percent,0.63329745245784,0.9931545921277809,0.011217760853469372
Random 1%,s1_random_1_percent,0.63329745245784,0.9937250427837993,0.011213552206754684
Random 1%,s1_random_1_percent,0.6338356655902404,0.9937250427837993,0.01113097369670868
Random 1%,s1_random_1_percent,0.6340150699677072,0.9942954934398175,0.011080700904130936
Random 1%,s1_random_1_percent,0.65410836024399,0.9942954934398175,0.009317060932517052
Random 1%,s1_random_1_percent,0.65410836024399,0.9948659440958357,0.009313073940575123
Random 1%,s1_random_1_percent,0.656799425905992,0.9948659440958357,0.00898459181189537
Random 1%,s1_random_1_percent,0.656799425905992,0.995436394751854,0.008965155109763145
Random 1%,s1_random_1_percent,0.6612845353426624,0.995436394751854,0.008640565909445286
Random 1%,s1_random_1_percent,0.661643344097596,0.995436394751854,0.008621467277407646
Random 1%,s1_random_1_percent,0.6686401148188016,0.995436394751854,0.007994473911821842
Random 1%,s1_random_1_percent,0.6686401148188016,0.9960068454078722,0.007988670840859413
Random 1%,s1_random_1_percent,0.6883745963401507,0.9960068454078722,0.006473105866461992
Random 1%,s1_random_1_percent,0.6887334050950843,0.9960068454078722,0.006440387107431889
Random 1%,s1_random_1_percent,0.6905274488697524,0.9960068454078722,0.006329338997602463
Random 1%,s1_random_1_percent,0.6905274488697524,0.9965772960638904,0.006327647250145674
Random 1%,s1_random_1_percent,0.6986006458557589,0.9965772960638904,0.005838613025844097
Random 1%,s1_random_1_percent,0.6989594546106925,0.9965772960638904,0.005809754133224487
Random 1%,s1_random_1_percent,0.7027269465374956,0.9965772960638904,0.0055554513819515705
Random 1%,s1_random_1_percent,0.7030857552924291,0.9965772960638904,0.00553937116637826
Random 1%,s1_random_1_percent,0.70416218155723,0.9965772960638904,0.005477988626807928
Random 1%,s1_random_1_percent,0.7045209903121636,0.9965772960638904,0.00545776542276144
Random 1%,s1_random_1_percent,0.7061356297093649,0.9965772960638904,0.0052955737337470055
Random 1%,s1_random_1_percent,0.7061356297093649,0.9971477467199087,0.0052761780098080635
Random 1%,s1_random_1_percent,0.7240760674560459,0.9971477467199087,0.004423603881150484
Random 1%,s1_random_1_percent,0.7240760674560459,0.9977181973759269,0.004415836650878191
Random 1%,s1_random_1_percent,0.7244348762109796,0.9977181973759269,0.004397955257445574
Random 1%,s1_random_1_percent,0.7290993900251166,0.9977181973759269,0.004207888152450323
Random 1%,s1_random_1_percent,0.7294581987800502,0.9977181973759269,0.004198282957077026
Random 1%,s1_random_1_percent,0.7368137782561894,0.9977181973759269,0.0038556421641260386
Random 1%,s1_random_1_percent,0.7371725870111231,0.9977181973759269,0.0038521084934473038
Random 1%,s1_random_1_percent,0.7398636526731253,0.9977181973759269,0.0037601154763251543
Random 1%,s1_random_1_percent,0.7404018658055257,0.9977181973759269,0.0037507619708776474
Random 1%,s1_random_1_percent,0.7418371008252601,0.9977181973759269,0.0037229128647595644
Random 1%,s1_random_1_percent,0.7423753139576605,0.9977181973759269,0.0037176813930273056
Random 1%,s1_random_1_percent,0.748654467168999,0.9977181973759269,0.003475357312709093
Random 1%,s1_random_1_percent,0.7490132759239325,0.9977181973759269,0.003467199159786105
Random 1%,s1_random_1_percent,0.7490132759239325,0.9982886480319453,0.003463523695245385
Random 1%,s1_random_1_percent,0.7563688554000718,0.9982886480319453,0.0032133942004293203
Random 1%,s1_random_1_percent,0.7567276641550054,0.9982886480319453,0.0032057100906968117
Random 1%,s1_random_1_percent,0.7640832436311445,0.9982886480319453,0.002967128064483404
Random 1%,s1_random_1_percent,0.764621456763545,0.9982886480319453,0.002956998534500599
Random 1%,s1_random_1_percent,0.7696447793326158,0.9982886480319453,0.002821367233991623
Random 1%,s1_random_1_percent,0.7700035880875493,0.9982886480319453,0.0028157588094472885
Random 1%,s1_random_1_percent,0.7705418012199498,0.9982886480319453,0.002790905302390456
Random 1%,s1_random_1_percent,0.7709006099748834,0.9982886480319453,0.0027843995485454798
Random 1%,s1_random_1_percent,0.7709006099748834,0.9988590986879635,0.002783949254080653
Random 1%,s1_random_1_percent,0.77502691065662,0.9988590986879635,0.0026317653246223927
Random 1%,s1_random_1_percent,0.7753857194115537,0.9988590986879635,0.002631535055115819
Random 1%,s1_random_1_percent,0.7762827412988877,0.9988590986879635,0.0025914686266332865
Random 1%,s1_random_1_percent,0.7766415500538213,0.9988590986879635,0.0025803321041166782
Random 1%,s1_random_1_percent,0.7791532113383567,0.9988590986879635,0.0025188697036355734
Random 1%,s1_random_1_percent,0.7795120200932902,0.9988590986879635,0.0025150447618216276
Random 1%,s1_random_1_percent,0.792070326515967,0.9988590986879635,0.0022291848435997963
Random 1%,s1_random_1_percent,0.7924291352709006,0.9988590986879635,0.0022241496481001377
Random 1%,s1_random_1_percent,0.8031933979189092,0.9988590986879635,0.001894014305435121
Random 1%,s1_random_1_percent,0.8035522066738429,0.9988590986879635,0.0018933023093268275
Random 1%,s1_random_1_percent,0.8046286329386437,0.9988590986879635,0.0018515668343752623
Random 1%,s1_random_1_percent,0.8049874416935773,0.9988590986879635,0.0018505675252526999
Random 1%,s1_random_1_percent,0.806243272335845,0.9988590986879635,0.0017981849377974868
Random 1%,s1_random_1_percent,0.8066020810907786,0.9988590986879635,0.0017952524358406663
Random 1%,s1_random_1_percent,0.8119842124147829,0.9988590986879635,0.0016711336793377995
Random 1%,s1_random_1_percent,0.8123430211697166,0.9988590986879635,0.001669595018029213
Random 1%,s1_random_1_percent,0.8153928955866523,0.9988590986879635,0.0016093938611447811
Random 1%,s1_random_1_percent,0.815751704341586,0.9988590986879635,0.0016082986257970333
Random 1%,s1_random_1_percent,0.8193397918909221,0.9988590986879635,0.0015395311638712883
Random 1%,s1_random_1_percent,0.8196986006458558,0.9988590986879635,0.001537866541184485
Random 1%,s1_random_1_percent,0.8231072838177251,0.9988590986879635,0.001488990499638021
Random 1%,s1_random_1_percent,0.8236454969501256,0.9988590986879635,0.001476858975365758
Random 1%,s1_random_1_percent,0.8306422676713312,0.9988590986879635,0.0013533113524317741
Random 1%,s1_random_1_percent,0.8310010764262648,0.9988590986879635,0.0013522581430152059
Random 1%,s1_random_1_percent,0.8344097595981342,0.9988590986879635,0.0012845998862758279
Random 1%,s1_random_1_percent,0.8347685683530678,0.9988590986879635,0.001281019882299006
Random 1%,s1_random_1_percent,0.8367420165052027,0.9988590986879635,0.0012606274103745818
Random 1%,s1_random_1_percent,0.8371008252601363,0.9988590986879635,0.0012569453101605177
Random 1%,s1_random_1_percent,0.838356655902404,0.9988590986879635,0.0012349472381174564
Random 1%,s1_random_1_percent,0.8388948690348045,0.9988590986879635,0.0012299376539885998
Random 1%,s1_random_1_percent,0.8403301040545389,0.9988590986879635,0.0012066810159012675
Random 1%,s1_random_1_percent,0.8406889128094726,0.9988590986879635,0.0011973337968811393
Random 1%,s1_random_1_percent,0.8408683171869393,0.9988590986879635,0.0011938114184886217
Random 1%,s1_random_1_percent,0.841227125941873,0.9988590986879635,0.00118902453687042
Random 1%,s1_random_1_percent,0.8437387872264083,0.9988590986879635,0.0011605776380747557
Random 1%,s1_random_1_percent,0.8442770003588087,0.9988590986879635,0.0011588118504732847
Random 1%,s1_random_1_percent,0.849659131682813,0.9988590986879635,0.0010709066409617662
Random 1%,s1_random_1_percent,0.8500179404377467,0.9988590986879635,0.0010624682763591409
Random 1%,s1_random_1_percent,0.8523501973448152,0.9988590986879635,0.0010357279097661376
Random 1%,s1_random_1_percent,0.8527090060997489,0.9988590986879635,0.0010315851541236043
Random 1%,s1_random_1_percent,0.8532472192321493,0.9988590986879635,0.0010231189662590623
Random 1%,s1_random_1_percent,0.8536060279870828,0.9988590986879635,0.0010198184754699469
Random 1%,s1_random_1_percent,0.855400071761751,0.9988590986879635,0.0009869626956060529
Random 1%,s1_random_1_percent,0.8557588805166846,0.9988590986879635,0.0009855630341917276
Random 1%,s1_random_1_percent,0.8575529242913527,0.9988590986879635,0.0009547520894557238
Random 1%,s1_random_1_percent,0.8575529242913527,0.9994295493439818,0.0009538846788927913
Random 1%,s1_random_1_percent,0.8598851811984213,0.9994295493439818,0.0009232100564986467
Random 1%,s1_random_1_percent,0.8607822030857553,0.9994295493439818,0.0009192400611937046
Random 1%,s1_random_1_percent,0.8613204162181557,0.9994295493439818,0.0009158707107417285
Random 1%,s1_random_1_percent,0.8616792249730894,0.9994295493439818,0.0009154667495749891
Random 1%,s1_random_1_percent,0.8622174381054898,0.9994295493439818,0.0009073456167243421
Random 1%,s1_random_1_percent,0.8625762468604234,0.9994295493439818,0.0009052989771589637
Random 1%,s1_random_1_percent,0.8715464657337639,0.9994295493439818,0.0007954816101118922
Random 1%,s1_random_1_percent,0.8719052744886975,0.9994295493439818,0.0007940003415569663
Random 1%,s1_random_1_percent,0.8731611051309652,0.9994295493439818,0.0007748529314994812
Random 1%,s1_random_1_percent,0.8740581270182992,0.9994295493439818,0.0007728312630206347
Random 1%,s1_random_1_percent,0.8812343021169716,0.9994295493439818,0.0006988644017837942
Random 1%,s1_random_1_percent,0.8815931108719053,0.9994295493439818,0.0006964433705434203
Random 1%,s1_random_1_percent,0.8887692859705777,0.9994295493439818,0.0006127954693511128
Random 1%,s1_random_1_percent,0.8891280947255114,0.9994295493439818,0.0006117882439866662
Random 1%,s1_random_1_percent,0.8893074991029781,0.9994295493439818,0.000611365947406739
Random 1%,s1_random_1_percent,0.8900251166128453,0.9994295493439818,0.0006109654204919934
Random 1%,s1_random_1_percent,0.890383925367779,0.9994295493439818,0.0006052265525795519
Random 1%,s1_random_1_percent,0.8909221385001794,0.9994295493439818,0.0006045650225132704
Random 1%,s1_random_1_percent,0.8923573735199138,0.9994295493439818,0.0005887740408070385
Random 1%,s1_random_1_percent,0.8927161822748475,0.9994295493439818,0.0005859184311702847
Random 1%,s1_random_1_percent,0.8948690348044492,0.9994295493439818,0.0005581784644164145
Random 1%,s1_random_1_percent,0.8952278435593829,0.9994295493439818,0.0005578465643338859
Random 1%,s1_random_1_percent,0.8966630785791173,0.9994295493439818,0.0005437180516310036
Random 1%,s1_random_1_percent,0.897021887334051,0.9994295493439818,0.0005423503462225199
Random 1%,s1_random_1_percent,0.8993541442411195,0.9994295493439818,0.0005212448886595666
Random 1%,s1_random_1_percent,0.8997129529960531,0.9994295493439818,0.000520754954777658
Random 1%,s1_random_1_percent,0.9049156799425906,0.9994295493439818,0.00047042511869221926
Random 1%,s1_random_1_percent,0.9052744886975242,0.9994295493439818,0.0004685151216108352
Random 1%,s1_random_1_percent,0.9203444564047363,0.9994295493439818,0.0003409600758459419
Random 1%,s1_random_1_percent,0.9207032651596699,0.9994295493439818,0.0003404325689189136
Random 1%,s1_random_1_percent,0.9273412271259419,0.9994295493439818,0.000291445612674579
Random 1%,s1_random_1_percent,0.9277000358808755,0.9994295493439818,0.0002834082115441561
Random 1%,s1_random_1_percent,0.9323645496950126,0.9994295493439818,0.0002597150159999728
Random 1%,s1_random_1_percent,0.9327233584499461,0.9994295493439818,0.00025868648663163185
Random 1%,s1_random_1_percent,0.9370290635091496,0.9994295493439818,0.00022945264936424792
Random 1%,s1_random_1_percent,0.93756727664155,0.9994295493439818,0.00022914439614396542
Random 1%,s1_random_1_percent,0.9379260853964837,0.9994295493439818,0.00022886469378136098
Random 1%,s1_random_1_percent,0.9409759598134194,0.9994295493439818,0.00021182211639825255
Random 1%,s1_random_1_percent,0.9413347685683531,0.9994295493439818,0.00020709254022222012
Random 1%,s1_random_1_percent,0.9425905992106207,0.9994295493439818,0.0002040824620053172
Random 1%,s1_random_1_percent,0.943308216720488,0.9994295493439818,0.00020263847545720637
Random 1%,s1_random_1_percent,0.9465374955148905,0.9994295493439818,0.00018054732936434448
Random 1%,s1_random_1_percent,0.947075708647291,0.9994295493439818,0.00017966548330150545
Random 1%,s1_random_1_percent,0.9488697524219591,0.9994295493439818,0.00017025266424752772
Random 1%,s1_random_1_percent,0.9494079655543596,0.9994295493439818,0.00016874185530468822
Random 1%,s1_random_1_percent,0.9590958019375673,0.9994295493439818,0.0001253554510185495
Random 1%,s1_random_1_percent,0.9594546106925009,0.9994295493439818,0.00012419503764249384
Random 1%,s1_random_1_percent,0.964119124506638,0.9994295493439818,0.00010548507998464629
Random 1%,s1_random_1_percent,0.9644779332615716,0.9994295493439818,0.00010510554420761764
Random 1%,s1_random_1_percent,0.9646573376390384,0.9994295493439818,0.00010506745456950739
Random 1%,s1_random_1_percent,0.965016146393972,0.9994295493439818,0.00010487747931620106
Random 1%,s1_random_1_percent,0.9687836383207751,0.9994295493439818,8.76329286256805e-05
Random 1%,s1_random_1_percent,0.9693218514531755,0.9994295493439818,8.744269143790007e-05
Random 1%,s1_random_1_percent,0.9752421959095802,0.9994295493439818,6.898038554936647e-05
Random 1%,s1_random_1_percent,0.9756010046645138,0.9994295493439818,6.800278788432479e-05
Random 1%,s1_random_1_percent,0.9795479009687836,0.9994295493439818,5.7400069636059925e-05
Random 1%,s1_random_1_percent,0.9799067097237173,0.9994295493439818,5.722806599806063e-05
Random 1%,s1_random_1_percent,0.9802655184786508,0.9994295493439818,5.6273172958754e-05
Random 1%,s1_random_1_percent,0.9806243272335845,0.9994295493439818,5.622956086881459e-05
Random 1%,s1_random_1_percent,0.9838536060279871,0.9994295493439818,4.75159686175175e-05
Random 1%,s1_random_1_percent,0.9842124147829207,0.9994295493439818,4.6578439651057124e-05
Random 1%,s1_random_1_percent,0.9847506279153211,0.9994295493439818,4.412800262798555e-05
Random 1%,s1_random_1_percent,0.9851094366702547,0.9994295493439818,4.407425512908958e-05
Random 1%,s1_random_1_percent,0.9865446716899893,0.9994295493439818,3.926836507162079e-05
Random 1%,s1_random_1_percent,0.9870828848223897,0.9994295493439818,3.917747380910441e-05
Random 1%,s1_random_1_percent,0.989594546106925,0.9994295493439818,3.243182072765194e-05
Random 1%,s1_random_1_percent,0.9899533548618586,0.9994295493439818,3.1950530683388934e-05
Random 1%,s1_random_1_percent,0.9908503767491926,0.9994295493439818,2.9723865736741573e-05
Random 1%,s1_random_1_percent,0.9912091855041263,0.9994295493439818,2.960120764328167e-05
Random 1%,s1_random_1_percent,0.9935414424111948,0.9994295493439818,2.4916851543821394e-05
Random 1%,s1_random_1_percent,0.9935414424111948,1.0,2.4736726118135266e-05
Random 1%,s1_random_1_percent,1.0,1.0,4.417714990267996e-06
Random 5%,s2_random_5_percent,0.0,0.0,inf
Random 5%,s2_random_5_percent,0.0,0.022818026240730177,1.0
Random 5%,s2_random_5_percent,0.0,0.10952652595550486,0.9451811909675598
Random 5%,s2_random_5_percent,0.0001794043774668102,0.10952652595550486,0.9421043992042542
Random 5%,s2_random_5_percent,0.0001794043774668102,0.11123787792355962,0.9400894641876221
Random 5%,s2_random_5_percent,0.0001794043774668102,0.11237877923559612,0.9400274753570557
Random 5%,s2_random_5_percent,0.0001794043774668102,0.11808328579577866,0.9360567331314087
Random 5%,s2_random_5_percent,0.0003588087549336204,0.11808328579577866,0.9359917640686035
Random 5%,s2_random_5_percent,0.0003588087549336204,0.1363377067883628,0.9220587015151978
Random 5%,s2_random_5_percent,0.0005382131324004305,0.1363377067883628,0.9215298891067505
Random 5%,s2_random_5_percent,0.0005382131324004305,0.1466058185966914,0.9065856337547302
Random 5%,s2_random_5_percent,0.0007176175098672408,0.1466058185966914,0.904058039188385
Random 5%,s2_random_5_percent,0.0007176175098672408,0.14717626925270963,0.9039970636367798
Random 5%,s2_random_5_percent,0.000897021887334051,0.14717626925270963,0.9029005765914917
Random 5%,s2_random_5_percent,0.000897021887334051,0.15116942384483742,0.8983033299446106
Random 5%,s2_random_5_percent,0.001076426264800861,0.15116942384483742,0.897738516330719
Random 5%,s2_random_5_percent,0.001076426264800861,0.15573302909298345,0.8901695609092712
Random 5%,s2_random_5_percent,0.0012558306422676714,0.15573302909298345,0.8900542259216309
Random 5%,s2_random_5_percent,0.0012558306422676714,0.15915573302909297,0.8869025111198425
Random 5%,s2_random_5_percent,0.0014352350197344816,0.15915573302909297,0.8862651586532593
Random 5%,s2_random_5_percent,0.0014352350197344816,0.16200798630918425,0.8840603232383728
Random 5%,s2_random_5_percent,0.001794043774668102,0.16200798630918425,0.8829357028007507
Random 5%,s2_random_5_percent,0.001794043774668102,0.16257843696520252,0.8821207880973816
Random 5%,s2_random_5_percent,0.001973448152134912,0.16257843696520252,0.8818753361701965
Random 5%,s2_random_5_percent,0.001973448152134912,0.16714204221334855,0.8786210417747498
Random 5%,s2_random_5_percent,0.002152852529601722,0.16714204221334855,0.8778659701347351
Random 5%,s2_random_5_percent,0.002152852529601722,0.1688533941814033,0.8763508200645447
Random 5%,s2_random_5_percent,0.0023322569070685323,0.1688533941814033,0.8749213218688965
Random 5%,s2_random_5_percent,0.0023322569070685323,0.1762692527096406,0.870352566242218
Random 5%,s2_random_5_percent,0.002511661284535343,0.1762692527096406,0.86922687292099
Random 5%,s2_random_5_percent,0.002511661284535343,0.17969195664575013,0.8651146292686462
Random 5%,s2_random_5_percent,0.002691065662002153,0.17969195664575013,0.8646336197853088
Random 5%,s2_random_5_percent,0.002691065662002153,0.1814033086138049,0.8628231883049011
Random 5%,s2_random_5_percent,0.0028704700394689632,0.1814033086138049,0.8623248338699341
Random 5%,s2_random_5_percent,0.0028704700394689632,0.18197375926982315,0.8622843027114868
Random 5%,s2_random_5_percent,0.0030498744169357734,0.18197375926982315,0.8621114492416382
Random 5%,s2_random_5_percent,0.0030498744169357734,0.18311466058185966,0.860262930393219
Random 5%,s2_random_5_percent,0.0032292787944025836,0.18311466058185966,0.8595027923583984
Random 5%,s2_random_5_percent,0.0032292787944025836,0.18824871648602395,0.8545989990234375
Random 5%,s2_random_5_percent,0.003588087549336204,0.18824871648602395,0.853775143623352
Random 5%,s2_random_5_percent,0.003588087549336204,0.1939532230462065,0.8465288877487183
Random 5%,s2_random_5_percent,0.003767491926803014,0.1939532230462065,0.8464726805686951
Random 5%,s2_random_5_percent,0.003767491926803014,0.195094124358243,0.8461391925811768
Random 5%,s2_random_5_percent,0.003946896304269824,0.195094124358243,0.8459293842315674
Random 5%,s2_random_5_percent,0.003946896304269824,0.19965772960638906,0.8424742817878723
Random 5%,s2_random_5_percent,0.0041263006817366344,0.19965772960638906,0.8422315716743469
Random 5%,s2_random_5_percent,0.0041263006817366344,0.20193953223046207,0.8403002619743347
Random 5%,s2_random_5_percent,0.004305705059203444,0.20193953223046207,0.8400818705558777
Random 5%,s2_random_5_percent,0.004305705059203444,0.20365088419851682,0.8387393355369568
Random 5%,s2_random_5_percent,0.004485109436670255,0.20365088419851682,0.8383466601371765
Random 5%,s2_random_5_percent,0.004485109436670255,0.20422133485453509,0.8379625082015991
Random 5%,s2_random_5_percent,0.0046645138141370645,0.20422133485453509,0.8378843069076538
Random 5%,s2_random_5_percent,0.0046645138141370645,0.2053622361665716,0.8374877572059631
Random 5%,s2_random_5_percent,0.0046645138141370645,0.2065031374786081,0.8370101451873779
Random 5%,s2_random_5_percent,0.0046645138141370645,0.21677124928693667,0.8336082100868225
Random 5%,s2_random_5_percent,0.005023322569070686,0.21677124928693667,0.833302915096283
Random 5%,s2_random_5_percent,0.005023322569070686,0.21962350256702795,0.8305855989456177
Random 5%,s2_random_5_percent,0.0052027269465374955,0.21962350256702795,0.8303125500679016
Random 5%,s2_random_5_percent,0.0052027269465374955,0.22019395322304622,0.8301913738250732
Random 5%,s2_random_5_percent,0.005382131324004306,0.22019395322304622,0.8300805687904358
Random 5%,s2_random_5_percent,0.005382131324004306,0.22304620650313747,0.8285743594169617
Random 5%,s2_random_5_percent,0.005382131324004306,0.22418710781517398,0.8282673954963684
Random 5%,s2_random_5_percent,0.005382131324004306,0.22703936109526526,0.8271483778953552
Random 5%,s2_random_5_percent,0.005561535701471116,0.22703936109526526,0.8269016742706299
Random 5%,s2_random_5_percent,0.005561535701471116,0.22818026240730177,0.8264290690422058
Random 5%,s2_random_5_percent,0.005561535701471116,0.22932116371933828,0.825945258140564
Random 5%,s2_random_5_percent,0.005561535701471116,0.23046206503137479,0.8239533305168152
Random 5%,s2_random_5_percent,0.0057409400789379264,0.23046206503137479,0.8224968314170837
Random 5%,s2_random_5_percent,0.0057409400789379264,0.2316029663434113,0.8217718601226807
Random 5%,s2_random_5_percent,0.005920344456404736,0.2316029663434113,0.8215107917785645
Random 5%,s2_random_5_percent,0.005920344456404736,0.23616657159155732,0.8202139139175415
Random 5%,s2_random_5_percent,0.006099748833871547,0.23616657159155732,0.820126473903656
Random 5%,s2_random_5_percent,0.006099748833871547,0.23844837421563034,0.8177952766418457
Random 5%,s2_random_5_percent,0.0062791532113383565,0.23844837421563034,0.8177352547645569
Random 5%,s2_random_5_percent,0.0062791532113383565,0.24073017683970335,0.8165146708488464
Random 5%,s2_random_5_percent,0.006458557588805167,0.24073017683970335,0.8160562515258789
Random 5%,s2_random_5_percent,0.006458557588805167,0.24700513405590416,0.8119120597839355
Random 5%,s2_random_5_percent,0.006637961966271977,0.24700513405590416,0.8114454746246338
Random 5%,s2_random_5_percent,0.006637961966271977,0.2504278379920137,0.8102771639823914
Random 5%,s2_random_5_percent,0.0068173663437387875,0.2504278379920137,0.8101394176483154
Random 5%,s2_random_5_percent,0.0068173663437387875,0.2515687393040502,0.8098448514938354
Random 5%,s2_random_5_percent,0.006996770721205597,0.2515687393040502,0.8097437620162964
Random 5%,s2_random_5_percent,0.006996770721205597,0.25213918996006845,0.8096362352371216
Random 5%,s2_random_5_percent,0.007176175098672408,0.25213918996006845,0.8095207214355469
Random 5%,s2_random_5_percent,0.007176175098672408,0.2567027952082145,0.8051519989967346
Random 5%,s2_random_5_percent,0.007534983853606028,0.2567027952082145,0.8041214942932129
Random 5%,s2_random_5_percent,0.007534983853606028,0.2589845978322875,0.8013401031494141
Random 5%,s2_random_5_percent,0.008073196986006458,0.2589845978322875,0.8007071018218994
Random 5%,s2_random_5_percent,0.008073196986006458,0.25955504848830574,0.8004060983657837
Random 5%,s2_random_5_percent,0.00843200574094008,0.25955504848830574,0.8003316521644592
Random 5%,s2_random_5_percent,0.00843200574094008,0.2612664004563605,0.79974764585495
Random 5%,s2_random_5_percent,0.00843200574094008,0.26240730176839705,0.7993811964988708
Random 5%,s2_random_5_percent,0.008611410118406888,0.26240730176839705,0.798870325088501
Random 5%,s2_random_5_percent,0.008611410118406888,0.26354820308043353,0.7985926270484924
Random 5%,s2_random_5_percent,0.008790814495873699,0.26354820308043353,0.7985842227935791
Random 5%,s2_random_5_percent,0.008790814495873699,0.2652595550484883,0.7978078126907349
Random 5%,s2_random_5_percent,0.00914962325080732,0.2652595550484883,0.797069787979126
Random 5%,s2_random_5_percent,0.00914962325080732,0.27096406160867087,0.7951460480690002
Random 5%,s2_random_5_percent,0.009329027628274129,0.27096406160867087,0.7950444221496582
Random 5%,s2_random_5_percent,0.009329027628274129,0.2812321734169994,0.789085865020752
Random 5%,s2_random_5_percent,0.00950843200574094,0.2812321734169994,0.7888272404670715
Random 5%,s2_random_5_percent,0.00950843200574094,0.2835139760410724,0.787891149520874
Random 5%,s2_random_5_percent,0.00968783638320775,0.2835139760410724,0.7877844572067261
Random 5%,s2_random_5_percent,0.00968783638320775,0.2852253280091272,0.7871521711349487
Random 5%,s2_random_5_percent,0.009867240760674561,0.2852253280091272,0.7865434885025024
Random 5%,s2_random_5_percent,0.009867240760674561,0.28864803194523675,0.7855265140533447
Random 5%,s2_random_5_percent,0.010046645138141371,0.28864803194523675,0.7853235602378845
Random 5%,s2_random_5_percent,0.010046645138141371,0.291500285225328,0.7845394015312195
Random 5%,s2_random_5_percent,0.010405453893074991,0.291500285225328,0.7833199501037598
Random 5%,s2_random_5_percent,0.010405453893074991,0.29720479178551057,0.7794831395149231
Random 5%,s2_random_5_percent,0.010764262648008612,0.29720479178551057,0.7793980836868286
Random 5%,s2_random_5_percent,0.010764262648008612,0.2977752424415288,0.7787060737609863
Random 5%,s2_random_5_percent,0.010943667025475421,0.2977752424415288,0.7783133387565613
Random 5%,s2_random_5_percent,0.010943667025475421,0.3017683970336566,0.7762194275856018
Random 5%,s2_random_5_percent,0.011302475780409042,0.3017683970336566,0.7757965326309204
Random 5%,s2_random_5_percent,0.011481880157875853,0.30233884768967484,0.7754972577095032
Random 5%,s2_random_5_percent,0.011481880157875853,0.3029092983456931,0.7744708061218262
Random 5%,s2_random_5_percent,0.011661284535342662,0.3029092983456931,0.7742083668708801
Random 5%,s2_random_5_percent,0.011661284535342662,0.3057615516257844,0.7735456228256226
Random 5%,s2_random_5_percent,0.011840688912809472,0.3057615516257844,0.7729268670082092
Random 5%,s2_random_5_percent,0.011840688912809472,0.3097547062179121,0.7715016603469849
Random 5%,s2_random_5_percent,0.012020093290276283,0.3097547062179121,0.7703201770782471
Random 5%,s2_random_5_percent,0.012020093290276283,0.31089560752994866,0.7690563201904297
Random 5%,s2_random_5_percent,0.012020093290276283,0.3120365088419852,0.768926739692688
Random 5%,s2_random_5_percent,0.012020093290276283,0.31488876212207645,0.7673869132995605
Random 5%,s2_random_5_percent,0.012199497667743094,0.31488876212207645,0.7667142152786255
Random 5%,s2_random_5_percent,0.012199497667743094,0.31831146605818594,0.7656989097595215
Random 5%,s2_random_5_percent,0.012378902045209902,0.31888191671420424,0.7648553848266602
Random 5%,s2_random_5_percent,0.012378902045209902,0.32116371933827725,0.763437032699585
Random 5%,s2_random_5_percent,0.012558306422676713,0.32116371933827725,0.7625000476837158
Random 5%,s2_random_5_percent,0.012558306422676713,0.32287507130633203,0.760953962802887
Random 5%,s2_random_5_percent,0.012737710800143524,0.32344552196235027,0.7605836987495422
Random 5%,s2_random_5_percent,0.012917115177610334,0.32344552196235027,0.7589256763458252
Random 5%,s2_random_5_percent,0.012917115177610334,0.3240159726183685,0.7588692903518677
Random 5%,s2_random_5_percent,0.012917115177610334,0.32515687393040504,0.7586967349052429
Random 5%,s2_random_5_percent,0.012917115177610334,0.32743867655447806,0.7566419243812561
Random 5%,s2_random_5_percent,0.013096519555077143,0.32743867655447806,0.7565915584564209
Random 5%,s2_random_5_percent,0.013096519555077143,0.3280091272104963,0.7565595507621765
Random 5%,s2_random_5_percent,0.013275923932543954,0.3280091272104963,0.7561159729957581
Random 5%,s2_random_5_percent,0.013275923932543954,0.32857957786651454,0.7555725574493408
Random 5%,s2_random_5_percent,0.013634732687477575,0.32857957786651454,0.7550689578056335
Random 5%,s2_random_5_percent,0.013634732687477575,0.33086138049058755,0.7545247673988342
Random 5%,s2_random_5_percent,0.013814137064944384,0.33086138049058755,0.7538756728172302
Random 5%,s2_random_5_percent,0.013814137064944384,0.3354249857387336,0.7497493624687195
Random 5%,s2_random_5_percent,0.013993541442411194,0.3354249857387336,0.7493788003921509
Random 5%,s2_random_5_percent,0.013993541442411194,0.3359954363947519,0.7491387128829956
Random 5%,s2_random_5_percent,0.014172945819878005,0.3359954363947519,0.7491017580032349
Random 5%,s2_random_5_percent,0.014172945819878005,0.33884768967484313,0.7479174137115479
Random 5%,s2_random_5_percent,0.014352350197344816,0.33884768967484313,0.7478572130203247
Random 5%,s2_random_5_percent,0.014352350197344816,0.3394181403308614,0.7469008564949036
Random 5%,s2_random_5_percent,0.014531754574811625,0.3394181403308614,0.7468217611312866
Random 5%,s2_random_5_percent,0.014531754574811625,0.3405590416428979,0.746171772480011
Random 5%,s2_random_5_percent,0.014711158952278435,0.3405590416428979,0.7458257079124451
Random 5%,s2_random_5_percent,0.014711158952278435,0.34112949229891615,0.7455315589904785
Random 5%,s2_random_5_percent,0.015069967707212056,0.34112949229891615,0.7451359629631042
Random 5%,s2_random_5_percent,0.015069967707212056,0.3416999429549344,0.7440379858016968
Random 5%,s2_random_5_percent,0.015249372084678867,0.3416999429549344,0.7437819838523865
Random 5%,s2_random_5_percent,0.015249372084678867,0.3462635482030804,0.739839494228363
Random 5%,s2_random_5_percent,0.015428776462145676,0.3462635482030804,0.7394925355911255
Random 5%,s2_random_5_percent,0.015428776462145676,0.34740444951511695,0.7391923666000366
Random 5%,s2_random_5_percent,0.015608180839612486,0.34740444951511695,0.7390371561050415
Random 5%,s2_random_5_percent,0.015608180839612486,0.34968625213918997,0.7383766770362854
Random 5%,s2_random_5_percent,0.015966989594546108,0.34968625213918997,0.7371586561203003
Random 5%,s2_random_5_percent,0.015966989594546108,0.35139760410724474,0.7364375591278076
Random 5%,s2_random_5_percent,0.01632579834947973,0.35139760410724474,0.7359743714332581
Random 5%,s2_random_5_percent,0.01632579834947973,0.35310895607529946,0.7354589700698853
Random 5%,s2_random_5_percent,0.016505202726946538,0.35310895607529946,0.735386848449707
Random 5%,s2_random_5_percent,0.016505202726946538,0.35367940673131776,0.7351602911949158
Random 5%,s2_random_5_percent,0.016684607104413347,0.35367940673131776,0.7346981167793274
Random 5%,s2_random_5_percent,0.016684607104413347,0.3559612093553908,0.7340151071548462
Random 5%,s2_random_5_percent,0.017043415859346968,0.3559612093553908,0.7338817119598389
Random 5%,s2_random_5_percent,0.017043415859346968,0.35710211066742725,0.7335104942321777
Random 5%,s2_random_5_percent,0.017222820236813777,0.35710211066742725,0.7328028082847595
Random 5%,s2_random_5_percent,0.017222820236813777,0.3622361665715916,0.7308486700057983
Random 5%,s2_random_5_percent,0.01740222461428059,0.3622361665715916,0.7304522395133972
Random 5%,s2_random_5_percent,0.01740222461428059,0.3645179691956646,0.7281056046485901
Random 5%,s2_random_5_percent,0.01794043774668102,0.3645179691956646,0.7272071242332458
Random 5%,s2_random_5_percent,0.01794043774668102,0.3667997718197376,0.7262526750564575
Random 5%,s2_random_5_percent,0.01829924650161464,0.3667997718197376,0.725090503692627
Random 5%,s2_random_5_percent,0.01829924650161464,0.37136337706788364,0.7219082117080688
Random 5%,s2_random_5_percent,0.018658055256548258,0.37136337706788364,0.721743643283844
Random 5%,s2_random_5_percent,0.018658055256548258,0.3719338277239019,0.7216426730155945
Random 5%,s2_random_5_percent,0.01901686401148188,0.3719338277239019,0.721194863319397
Random 5%,s2_random_5_percent,0.01901686401148188,0.37364517969195665,0.7202240824699402
Random 5%,s2_random_5_percent,0.01919626838894869,0.37364517969195665,0.7201063632965088
Random 5%,s2_random_5_percent,0.01919626838894869,0.37706788362806615,0.7181597948074341
Random 5%,s2_random_5_percent,0.0193756727664155,0.37706788362806615,0.7173820734024048
Random 5%,s2_random_5_percent,0.0193756727664155,0.3782087849401027,0.7164353132247925
Random 5%,s2_random_5_percent,0.01955507714388231,0.3782087849401027,0.7162280678749084
Random 5%,s2_random_5_percent,0.01955507714388231,0.3827723901882487,0.7125973701477051
Random 5%,s2_random_5_percent,0.019734481521349122,0.3827723901882487,0.7123485803604126
Random 5%,s2_random_5_percent,0.019734481521349122,0.3844837421563035,0.7117164731025696
Random 5%,s2_random_5_percent,0.019734481521349122,0.38562464346833997,0.7115116715431213
Random 5%,s2_random_5_percent,0.019734481521349122,0.39361095265259555,0.707760214805603
Random 5%,s2_random_5_percent,0.01991388589881593,0.39361095265259555,0.7074183821678162
Random 5%,s2_random_5_percent,0.01991388589881593,0.3941814033086138,0.7073145508766174
Random 5%,s2_random_5_percent,0.020093290276282743,0.3941814033086138,0.7073113322257996
Random 5%,s2_random_5_percent,0.020093290276282743,0.39589275527666856,0.7069050073623657
Random 5%,s2_random_5_percent,0.020272694653749552,0.3964632059326868,0.7068188190460205
Random 5%,s2_random_5_percent,0.020272694653749552,0.39760410724472334,0.706408679485321
Random 5%,s2_random_5_percent,0.020272694653749552,0.3981745579007416,0.7063225507736206
Random 5%,s2_random_5_percent,0.020631503408683173,0.3981745579007416,0.7060286998748779
Random 5%,s2_random_5_percent,0.020631503408683173,0.3987450085567598,0.7053568363189697
Random 5%,s2_random_5_percent,0.020810907786149982,0.3987450085567598,0.7051536440849304
Random 5%,s2_random_5_percent,0.020810907786149982,0.4004563605248146,0.7044907212257385
Random 5%,s2_random_5_percent,0.02099031216361679,0.4004563605248146,0.7043143510818481
Random 5%,s2_random_5_percent,0.02099031216361679,0.40102681118083283,0.7039387226104736
Random 5%,s2_random_5_percent,0.021169716541083603,0.40102681118083283,0.7037782073020935
Random 5%,s2_random_5_percent,0.021169716541083603,0.4015972618368511,0.7037251591682434
Random 5%,s2_random_5_percent,0.021349120918550412,0.4015972618368511,0.7031050324440002
Random 5%,s2_random_5_percent,0.021349120918550412,0.4033086138049059,0.7025662064552307
Random 5%,s2_random_5_percent,0.021528525296017224,0.4033086138049059,0.7024627923965454
Random 5%,s2_random_5_percent,0.021528525296017224,0.4050199657729606,0.7021669745445251
Random 5%,s2_random_5_percent,0.021528525296017224,0.4067313177410154,0.7018356919288635
Random 5%,s2_random_5_percent,0.021528525296017224,0.40730176839703364,0.7018054723739624
Random 5%,s2_random_5_percent,0.021707929673484033,0.40730176839703364,0.7013058662414551
Random 5%,s2_random_5_percent,0.021707929673484033,0.40787221905305193,0.7012522220611572
Random 5%,s2_random_5_percent,0.022066738428417654,0.40787221905305193,0.7009559273719788
Random 5%,s2_random_5_percent,0.022066738428417654,0.4112949229891614,0.698919415473938
Random 5%,s2_random_5_percent,0.022425547183351272,0.4112949229891614,0.6983024477958679
Random 5%,s2_random_5_percent,0.022425547183351272,0.41186537364517967,0.697968065738678
Random 5%,s2_random_5_percent,0.022425547183351272,0.4130062749572162,0.6978136301040649
Random 5%,s2_random_5_percent,0.022604951560818085,0.4130062749572162,0.6974288821220398
Random 5%,s2_random_5_percent,0.022604951560818085,0.4152880775812892,0.6964249014854431
Random 5%,s2_random_5_percent,0.022784355938284893,0.4152880775812892,0.6960822343826294
Random 5%,s2_random_5_percent,0.022784355938284893,0.41642897889332575,0.6951384544372559
Random 5%,s2_random_5_percent,0.022963760315751706,0.41642897889332575,0.6949193477630615
Random 5%,s2_random_5_percent,0.022963760315751706,0.41814033086138047,0.693955659866333
Random 5%,s2_random_5_percent,0.023322569070685324,0.41814033086138047,0.6937656402587891
Random 5%,s2_random_5_percent,0.023322569070685324,0.41871078151739877,0.6929996013641357
Random 5%,s2_random_5_percent,0.023681377825618945,0.41871078151739877,0.6916527152061462
Random 5%,s2_random_5_percent,0.023681377825618945,0.419281232173417,0.6916269659996033
Random 5%,s2_random_5_percent,0.023681377825618945,0.4204221334854535,0.691539466381073
Random 5%,s2_random_5_percent,0.023681377825618945,0.4209925841414718,0.690850555896759
Random 5%,s2_random_5_percent,0.024040186580552566,0.4209925841414718,0.6901313066482544
Random 5%,s2_random_5_percent,0.024040186580552566,0.4232743867655448,0.6881508827209473
Random 5%,s2_random_5_percent,0.024219590958019375,0.4232743867655448,0.6880440711975098
Random 5%,s2_random_5_percent,0.024219590958019375,0.4266970907016543,0.6868823170661926
Random 5%,s2_random_5_percent,0.024578399712952996,0.4266970907016543,0.6853082776069641
Random 5%,s2_random_5_percent,0.024578399712952996,0.4278379920136908,0.6847019195556641
Random 5%,s2_random_5_percent,0.024757804090419805,0.4278379920136908,0.6845746040344238
Random 5%,s2_random_5_percent,0.024757804090419805,0.4306902452937821,0.6823154091835022
Random 5%,s2_random_5_percent,0.024937208467886617,0.4306902452937821,0.6816053986549377
Random 5%,s2_random_5_percent,0.024937208467886617,0.43240159726183686,0.6809602975845337
Random 5%,s2_random_5_percent,0.025116612845353426,0.43240159726183686,0.6807240843772888
Random 5%,s2_random_5_percent,0.025116612845353426,0.43354249857387334,0.6805043816566467
Random 5%,s2_random_5_percent,0.025654825977753856,0.43354249857387334,0.679908275604248
Random 5%,s2_random_5_percent,0.025654825977753856,0.4369652025099829,0.6775630712509155
Random 5%,s2_random_5_percent,0.02583423035522067,0.4369652025099829,0.6774277687072754
Random 5%,s2_random_5_percent,0.02583423035522067,0.4392470051340559,0.6761765480041504
Random 5%,s2_random_5_percent,0.026013634732687477,0.4392470051340559,0.6757655143737793
Random 5%,s2_random_5_percent,0.026013634732687477,0.43981745579007414,0.6755916476249695
Random 5%,s2_random_5_percent,0.026193039110154286,0.43981745579007414,0.6755318641662598
Random 5%,s2_random_5_percent,0.026193039110154286,0.44266970907016545,0.6741647124290466
Random 5%,s2_random_5_percent,0.026193039110154286,0.44381061038220193,0.6740260720252991
Random 5%,s2_random_5_percent,0.026193039110154286,0.44438106103822017,0.6735064387321472
Random 5%,s2_random_5_percent,0.026551847865087908,0.44438106103822017,0.672110378742218
Random 5%,s2_random_5_percent,0.026551847865087908,0.44495151169423847,0.6716387867927551
Random 5%,s2_random_5_percent,0.02673125224255472,0.44495151169423847,0.6716240048408508
Random 5%,s2_random_5_percent,0.02673125224255472,0.44609241300627495,0.6710212826728821
Random 5%,s2_random_5_percent,0.02691065662002153,0.44609241300627495,0.6708729863166809
Random 5%,s2_random_5_percent,0.02691065662002153,0.4466628636622932,0.6708115935325623
Random 5%,s2_random_5_percent,0.02726946537495515,0.4466628636622932,0.6696119904518127
Random 5%,s2_random_5_percent,0.02726946537495515,0.45464917284654877,0.6661285758018494
Random 5%,s2_random_5_percent,0.02744886975242196,0.45636052481460354,0.6658523678779602
Random 5%,s2_random_5_percent,0.02744886975242196,0.46035367940673133,0.6632874608039856
Random 5%,s2_random_5_percent,0.027628274129888768,0.46035367940673133,0.6631667613983154
Random 5%,s2_random_5_percent,0.027628274129888768,0.4614945807187678,0.662743330001831
Random 5%,s2_random_5_percent,0.02780767850735558,0.4614945807187678,0.6626506447792053
Random 5%,s2_random_5_percent,0.02780767850735558,0.4643468339988591,0.6611971855163574
Random 5%,s2_random_5_percent,0.02798708288482239,0.4643468339988591,0.6611250042915344
Random 5%,s2_random_5_percent,0.02798708288482239,0.46491728465487736,0.6609497666358948
Random 5%,s2_random_5_percent,0.0281664872622892,0.46491728465487736,0.6609386205673218
Random 5%,s2_random_5_percent,0.0281664872622892,0.4654877353108956,0.6608901023864746
Random 5%,s2_random_5_percent,0.02870470039468963,0.4654877353108956,0.6600536108016968
Random 5%,s2_random_5_percent,0.02870470039468963,0.46605818596691384,0.6600224375724792
Random 5%,s2_random_5_percent,0.02942231790455687,0.46605818596691384,0.6589446663856506
Random 5%,s2_random_5_percent,0.02942231790455687,0.46833998859098686,0.6579418778419495
Random 5%,s2_random_5_percent,0.029601722282023683,0.46833998859098686,0.657896101474762
Random 5%,s2_random_5_percent,0.02978112665949049,0.4694808899030234,0.657585084438324
Random 5%,s2_random_5_percent,0.0299605310369573,0.4694808899030234,0.6572580337524414
Random 5%,s2_random_5_percent,0.0299605310369573,0.4717626925270964,0.6568302512168884
Random 5%,s2_random_5_percent,0.030139935414424113,0.4717626925270964,0.6561727523803711
Random 5%,s2_random_5_percent,0.03031933979189092,0.47233314318311465,0.6559709906578064
Random 5%,s2_random_5_percent,0.031036957301758164,0.47233314318311465,0.6545892953872681
Random 5%,s2_random_5_percent,0.031036957301758164,0.4768967484312607,0.6519497036933899
Random 5%,s2_random_5_percent,0.031216361679224973,0.47746719908727897,0.651627779006958
Random 5%,s2_random_5_percent,0.031216361679224973,0.4791785510553337,0.6507143974304199
Random 5%,s2_random_5_percent,0.03139576605669178,0.4791785510553337,0.6502829790115356
Random 5%,s2_random_5_percent,0.03139576605669178,0.479749001711352,0.6500933170318604
Random 5%,s2_random_5_percent,0.03157517043415859,0.479749001711352,0.6497847437858582
Random 5%,s2_random_5_percent,0.03157517043415859,0.4803194523673702,0.649427056312561
Random 5%,s2_random_5_percent,0.031754574811625406,0.4803194523673702,0.6491405367851257
Random 5%,s2_random_5_percent,0.031754574811625406,0.4814603536794067,0.6474016308784485
Random 5%,s2_random_5_percent,0.031933979189092215,0.482030804335425,0.6473501324653625
Random 5%,s2_random_5_percent,0.031933979189092215,0.4831717056474615,0.6458127498626709
Random 5%,s2_random_5_percent,0.03265159669895946,0.4831717056474615,0.6441080570220947
Random 5%,s2_random_5_percent,0.03265159669895946,0.4837421563034798,0.6440015435218811
Random 5%,s2_random_5_percent,0.03283100107642627,0.4837421563034798,0.6438996195793152
Random 5%,s2_random_5_percent,0.03283100107642627,0.484312606959498,0.6437357068061829
Random 5%,s2_random_5_percent,0.033010405453893076,0.484312606959498,0.6436712145805359
Random 5%,s2_random_5_percent,0.033010405453893076,0.48488305761551626,0.6433576345443726
Random 5%,s2_random_5_percent,0.03336921420882669,0.48488305761551626,0.6430137157440186
Random 5%,s2_random_5_percent,0.03336921420882669,0.48659440958357103,0.6414942145347595
Random 5%,s2_random_5_percent,0.03372802296376032,0.48659440958357103,0.6400716304779053
Random 5%,s2_random_5_percent,0.03372802296376032,0.4883057615516258,0.6388033628463745
Random 5%,s2_random_5_percent,0.03390742734122713,0.4883057615516258,0.6382669806480408
Random 5%,s2_random_5_percent,0.03390742734122713,0.4905875641756988,0.6374465823173523
Random 5%,s2_random_5_percent,0.03444564047362755,0.4905875641756988,0.6368971467018127
Random 5%,s2_random_5_percent,0.03444564047362755,0.4917284654877353,0.6360828876495361
Random 5%,s2_random_5_percent,0.03480444922856118,0.4917284654877353,0.6360546350479126
Random 5%,s2_random_5_percent,0.03480444922856118,0.4940102681118083,0.635276734828949
Random 5%,s2_random_5_percent,0.03498385360602799,0.4940102681118083,0.6346524953842163
Random 5%,s2_random_5_percent,0.03498385360602799,0.4968625213918996,0.6325514912605286
Random 5%,s2_random_5_percent,0.035163257983494796,0.4968625213918996,0.6324609518051147
Random 5%,s2_random_5_percent,0.035163257983494796,0.49857387335995434,0.6297537088394165
Random 5%,s2_random_5_percent,0.035342662360961605,0.49857387335995434,0.6296191811561584
Random 5%,s2_random_5_percent,0.03552206673842842,0.49914432401597264,0.6294980645179749
Random 5%,s2_random_5_percent,0.03588087549336204,0.49914432401597264,0.6289483904838562
Random 5%,s2_random_5_percent,0.03588087549336204,0.5002852253280091,0.6288273334503174
Random 5%,s2_random_5_percent,0.036239684248295656,0.5002852253280091,0.6281694173812866
Random 5%,s2_random_5_percent,0.036239684248295656,0.5014261266400456,0.6274920701980591
Random 5%,s2_random_5_percent,0.03641908862576247,0.5014261266400456,0.6272580623626709
Random 5%,s2_random_5_percent,0.03641908862576247,0.5019965772960638,0.626651406288147
Random 5%,s2_random_5_percent,0.03677789738069609,0.5019965772960638,0.6261228919029236
Random 5%,s2_random_5_percent,0.03677789738069609,0.5048488305761551,0.623808741569519
Random 5%,s2_random_5_percent,0.0369573017581629,0.5048488305761551,0.6237850785255432
Random 5%,s2_random_5_percent,0.0369573017581629,0.5059897318881916,0.6217334270477295
Random 5%,s2_random_5_percent,0.03713670613562971,0.5059897318881916,0.6217096447944641
Random 5%,s2_random_5_percent,0.03713670613562971,0.5082715345122647,0.6203068494796753
Random 5%,s2_random_5_percent,0.03767491926803014,0.5082715345122647,0.6177991628646851
Random 5%,s2_random_5_percent,0.03767491926803014,0.5088419851682829,0.6176704168319702
Random 5%,s2_random_5_percent,0.03803372802296376,0.5088419851682829,0.6164748668670654
Random 5%,s2_random_5_percent,0.03803372802296376,0.5105533371363377,0.6153908371925354
Random 5%,s2_random_5_percent,0.03839253677789738,0.5105533371363377,0.6152021884918213
Random 5%,s2_random_5_percent,0.03839253677789738,0.511123787792356,0.6141077280044556
Random 5%,s2_random_5_percent,0.03893074991029781,0.511123787792356,0.6125625371932983
Random 5%,s2_random_5_percent,0.03893074991029781,0.5145464917284654,0.6102691888809204
Random 5%,s2_random_5_percent,0.03911015428776462,0.5145464917284654,0.6102532148361206
Random 5%,s2_random_5_percent,0.03911015428776462,0.5162578436965203,0.6086885333061218
Random 5%,s2_random_5_percent,0.039468963042698244,0.5162578436965203,0.6080488562583923
Random 5%,s2_random_5_percent,0.039468963042698244,0.5168282943525385,0.6080260276794434
Random 5%,s2_random_5_percent,0.03964836742016505,0.5168282943525385,0.6079818606376648
Random 5%,s2_random_5_percent,0.03964836742016505,0.5191100969766115,0.6067045331001282
Random 5%,s2_random_5_percent,0.03982777179763186,0.5191100969766115,0.6066346168518066
Random 5%,s2_random_5_percent,0.03982777179763186,0.5196805476326298,0.6065387725830078
Random 5%,s2_random_5_percent,0.04000717617509867,0.5196805476326298,0.6062034964561462
Random 5%,s2_random_5_percent,0.04000717617509867,0.5202509982886481,0.6058690547943115
Random 5%,s2_random_5_percent,0.040365984930032295,0.5202509982886481,0.6035935282707214
Random 5%,s2_random_5_percent,0.040365984930032295,0.5208214489446663,0.6035807728767395
Random 5%,s2_random_5_percent,0.040545389307499104,0.5208214489446663,0.6035104990005493
Random 5%,s2_random_5_percent,0.040545389307499104,0.5213918996006845,0.6030948758125305
Random 5%,s2_random_5_percent,0.04072479368496591,0.5213918996006845,0.6030577421188354
Random 5%,s2_random_5_percent,0.04072479368496591,0.5219623502567028,0.6012617349624634
Random 5%,s2_random_5_percent,0.04090419806243272,0.5219623502567028,0.6012184619903564
Random 5%,s2_random_5_percent,0.04090419806243272,0.522532800912721,0.6010439395904541
Random 5%,s2_random_5_percent,0.04108360243989953,0.522532800912721,0.6004907488822937
Random 5%,s2_random_5_percent,0.04108360243989953,0.5236737022247575,0.5997323989868164
Random 5%,s2_random_5_percent,0.041621815572299964,0.5236737022247575,0.5987226963043213
Random 5%,s2_random_5_percent,0.041621815572299964,0.5248146035367941,0.5984933376312256
Random 5%,s2_random_5_percent,0.04198062432723358,0.5248146035367941,0.5983196496963501
Random 5%,s2_random_5_percent,0.04198062432723358,0.5253850541928123,0.598160445690155
Random 5%,s2_random_5_percent,0.042339433082167206,0.5253850541928123,0.5972369313240051
Random 5%,s2_random_5_percent,0.042339433082167206,0.5265259555048488,0.597133994102478
Random 5%,s2_random_5_percent,0.042339433082167206,0.5276668568168853,0.5965445041656494
Random 5%,s2_random_5_percent,0.042518837459634015,0.5276668568168853,0.5964565873146057
Random 5%,s2_random_5_percent,0.042518837459634015,0.5288077581289219,0.5958396792411804
Random 5%,s2_random_5_percent,0.042698241837100824,0.5288077581289219,0.5951834917068481
Random 5%,s2_random_5_percent,0.042698241837100824,0.5293782087849401,0.5951725244522095
Random 5%,s2_random_5_percent,0.04305705059203445,0.5293782087849401,0.5948514342308044
Random 5%,s2_random_5_percent,0.04305705059203445,0.5310895607529948,0.5942620635032654
Random 5%,s2_random_5_percent,0.04323645496950126,0.5310895607529948,0.5939337611198425
Random 5%,s2_random_5_percent,0.04323645496950126,0.5316600114090131,0.5938974618911743
Random 5%,s2_random_5_percent,0.043595263724434875,0.5316600114090131,0.5931918025016785
Random 5%,s2_random_5_percent,0.043595263724434875,0.5322304620650313,0.59283447265625
Random 5%,s2_random_5_percent,0.043774668101901684,0.5322304620650313,0.5925034880638123
Random 5%,s2_random_5_percent,0.043774668101901684,0.5328009127210497,0.5923170447349548
Random 5%,s2_random_5_percent,0.0439540724793685,0.5328009127210497,0.5915945768356323
Random 5%,s2_random_5_percent,0.0439540724793685,0.5339418140330862,0.5907979011535645
Random 5%,s2_random_5_percent,0.04413347685683531,0.5339418140330862,0.5907269716262817
Random 5%,s2_random_5_percent,0.04413347685683531,0.5350827153451226,0.5904638767242432
Random 5%,s2_random_5_percent,0.04431288123430212,0.5350827153451226,0.5893939137458801
Random 5%,s2_random_5_percent,0.04431288123430212,0.5362236166571591,0.5887727737426758
Random 5%,s2_random_5_percent,0.04449228561176893,0.5362236166571591,0.5882726311683655
Random 5%,s2_random_5_percent,0.04449228561176893,0.5367940673131774,0.5881841778755188
Random 5%,s2_random_5_percent,0.044671689989235736,0.5367940673131774,0.587594747543335
Random 5%,s2_random_5_percent,0.044671689989235736,0.5373645179691957,0.5870903730392456
Random 5%,s2_random_5_percent,0.044851094366702544,0.5373645179691957,0.5867716073989868
Random 5%,s2_random_5_percent,0.044851094366702544,0.537934968625214,0.5866544842720032
Random 5%,s2_random_5_percent,0.04503049874416936,0.537934968625214,0.5864182710647583
Random 5%,s2_random_5_percent,0.04503049874416936,0.5385054192812322,0.5863485932350159
Random 5%,s2_random_5_percent,0.04520990312163617,0.5385054192812322,0.5860376358032227
Random 5%,s2_random_5_percent,0.04520990312163617,0.5390758699372504,0.585961103439331
Random 5%,s2_random_5_percent,0.04538930749910298,0.5390758699372504,0.5858510732650757
Random 5%,s2_random_5_percent,0.04538930749910298,0.5396463205932687,0.5858060717582703
Random 5%,s2_random_5_percent,0.04556871187656979,0.5396463205932687,0.5853683352470398
Random 5%,s2_random_5_percent,0.04556871187656979,0.5402167712492869,0.5851479768753052
Random 5%,s2_random_5_percent,0.045748116254036596,0.5402167712492869,0.584455132484436
Random 5%,s2_random_5_percent,0.04592752063150341,0.5407872219053051,0.5838102698326111
Random 5%,s2_random_5_percent,0.04610692500897022,0.5407872219053051,0.5838012099266052
Random 5%,s2_random_5_percent,0.04610692500897022,0.5419281232173417,0.5832030773162842
Random 5%,s2_random_5_percent,0.04664513814137065,0.5419281232173417,0.5813084840774536
Random 5%,s2_random_5_percent,0.04664513814137065,0.54249857387336,0.5812621712684631
Random 5%,s2_random_5_percent,0.04682454251883746,0.54249857387336,0.5812512636184692
Random 5%,s2_random_5_percent,0.04682454251883746,0.5442099258414147,0.5798856616020203
Random 5%,s2_random_5_percent,0.04718335127377108,0.5442099258414147,0.5790336728096008
Random 5%,s2_random_5_percent,0.04718335127377108,0.5453508271534512,0.5780175924301147
Random 5%,s2_random_5_percent,0.0475421600287047,0.5453508271534512,0.5774404406547546
Random 5%,s2_random_5_percent,0.0475421600287047,0.5464917284654878,0.5771949887275696
Random 5%,s2_random_5_percent,0.04825977753857194,0.5464917284654878,0.5757086277008057
Random 5%,s2_random_5_percent,0.04825977753857194,0.547062179121506,0.5753962993621826
Random 5%,s2_random_5_percent,0.04843918191603875,0.547062179121506,0.5752613544464111
Random 5%,s2_random_5_percent,0.04843918191603875,0.5476326297775242,0.5742207765579224
Random 5%,s2_random_5_percent,0.04843918191603875,0.5487735310895607,0.5740101337432861
Random 5%,s2_random_5_percent,0.04861858629350556,0.5487735310895607,0.5737074613571167
Random 5%,s2_random_5_percent,0.04861858629350556,0.5504848830576156,0.5726364254951477
Random 5%,s2_random_5_percent,0.048797990670972374,0.5504848830576156,0.572601854801178
Random 5%,s2_random_5_percent,0.048797990670972374,0.5527666856816885,0.5714436769485474
Random 5%,s2_random_5_percent,0.04897739504843918,0.5527666856816885,0.5710747241973877
Random 5%,s2_random_5_percent,0.04897739504843918,0.5550484883057616,0.569520890712738
Random 5%,s2_random_5_percent,0.049695012558306426,0.5550484883057616,0.5688700079917908
Random 5%,s2_random_5_percent,0.049695012558306426,0.5556189389617798,0.5686483383178711
Random 5%,s2_random_5_percent,0.05023322569070685,0.5556189389617798,0.567861020565033
Random 5%,s2_random_5_percent,0.05023322569070685,0.5561893896177981,0.567548930644989
Random 5%,s2_random_5_percent,0.050771438823107286,0.5561893896177981,0.567210853099823
Random 5%,s2_random_5_percent,0.050771438823107286,0.5573302909298345,0.5668627023696899
Random 5%,s2_random_5_percent,0.05130965195550771,0.5573302909298345,0.5659626126289368
Random 5%,s2_random_5_percent,0.05130965195550771,0.5579007415858528,0.5656968951225281
Random 5%,s2_random_5_percent,0.05166846071044134,0.5579007415858528,0.5653222799301147
Random 5%,s2_random_5_percent,0.05166846071044134,0.558471192241871,0.5645918250083923
Random 5%,s2_random_5_percent,0.051847865087908146,0.558471192241871,0.5645299553871155
Random 5%,s2_random_5_percent,0.051847865087908146,0.5596120935539076,0.5637781023979187
Random 5%,s2_random_5_percent,0.052027269465374955,0.5596120935539076,0.5632760524749756
Random 5%,s2_random_5_percent,0.052027269465374955,0.5601825442099259,0.5631917715072632
Random 5%,s2_random_5_percent,0.052206673842841764,0.5601825442099259,0.5628713369369507
Random 5%,s2_random_5_percent,0.052206673842841764,0.5607529948659441,0.5625515580177307
Random 5%,s2_random_5_percent,0.05238607822030857,0.5607529948659441,0.5623816251754761
Random 5%,s2_random_5_percent,0.05238607822030857,0.5636052481460354,0.5611453652381897
Random 5%,s2_random_5_percent,0.0527448869752422,0.5636052481460354,0.560698926448822
Random 5%,s2_random_5_percent,0.0527448869752422,0.5641756988020536,0.560601532459259
Random 5%,s2_random_5_percent,0.052924291352709006,0.5641756988020536,0.5605452656745911
Random 5%,s2_random_5_percent,0.053103695730175815,0.5653166001140901,0.5603950023651123
Random 5%,s2_random_5_percent,0.05346250448510944,0.5653166001140901,0.5599883198738098
Random 5%,s2_random_5_percent,0.05346250448510944,0.5670279520821448,0.5592244863510132
Random 5%,s2_random_5_percent,0.05364190886257625,0.5670279520821448,0.5591046214103699
Random 5%,s2_random_5_percent,0.05364190886257625,0.5675984027381632,0.5590498447418213
Random 5%,s2_random_5_percent,0.05382131324004306,0.5675984027381632,0.5590449571609497
Random 5%,s2_random_5_percent,0.05382131324004306,0.5681688533941814,0.5586923956871033
Random 5%,s2_random_5_percent,0.054180121994976675,0.5681688533941814,0.5583550333976746
Random 5%,s2_random_5_percent,0.054180121994976675,0.5687393040501997,0.5575395822525024
Random 5%,s2_random_5_percent,0.05435952637244349,0.5687393040501997,0.556374192237854
Random 5%,s2_random_5_percent,0.05435952637244349,0.5693097547062179,0.5562960505485535
Random 5%,s2_random_5_percent,0.0545389307499103,0.5693097547062179,0.5561904311180115
Random 5%,s2_random_5_percent,0.0545389307499103,0.5698802053622362,0.5561218857765198
Random 5%,s2_random_5_percent,0.05471833512737711,0.5698802053622362,0.5561187267303467
Random 5%,s2_random_5_percent,0.05471833512737711,0.5710211066742726,0.5557371377944946
Random 5%,s2_random_5_percent,0.05489773950484392,0.5710211066742726,0.5555434823036194
Random 5%,s2_random_5_percent,0.05489773950484392,0.5733029092983457,0.5542380809783936
Random 5%,s2_random_5_percent,0.05561535701471116,0.5733029092983457,0.5541055202484131
Random 5%,s2_random_5_percent,0.05561535701471116,0.573873359954364,0.5537753105163574
Random 5%,s2_random_5_percent,0.05579476139217797,0.573873359954364,0.5535743832588196
Random 5%,s2_random_5_percent,0.05579476139217797,0.5744438106103822,0.5535373091697693
Random 5%,s2_random_5_percent,0.05615357014711159,0.5744438106103822,0.5533170700073242
Random 5%,s2_random_5_percent,0.05615357014711159,0.5750142612664004,0.5528250932693481
Random 5%,s2_random_5_percent,0.0563329745245784,0.5750142612664004,0.5519495010375977
Random 5%,s2_random_5_percent,0.0563329745245784,0.5772960638904735,0.5500950813293457
Random 5%,s2_random_5_percent,0.05651237890204521,0.5772960638904735,0.5500349402427673
Random 5%,s2_random_5_percent,0.05651237890204521,0.57843696520251,0.5492911338806152
Random 5%,s2_random_5_percent,0.05740940078937926,0.57843696520251,0.548361599445343
Random 5%,s2_random_5_percent,0.05740940078937926,0.580718767826583,0.5470091104507446
Random 5%,s2_random_5_percent,0.05758880516684607,0.580718767826583,0.5468943119049072
Random 5%,s2_random_5_percent,0.05758880516684607,0.5812892184826013,0.5466731786727905
Random 5%,s2_random_5_percent,0.05776820954431288,0.5818596691386195,0.5464844107627869
Random 5%,s2_random_5_percent,0.05776820954431288,0.5841414717626925,0.5453285574913025
Random 5%,s2_random_5_percent,0.05794761392177969,0.5841414717626925,0.5450488328933716
Random 5%,s2_random_5_percent,0.05794761392177969,0.587564175698802,0.5436413884162903
Random 5%,s2_random_5_percent,0.05794761392177969,0.5887050770108385,0.5434719920158386
Random 5%,s2_random_5_percent,0.058306422676713314,0.5887050770108385,0.542447030544281
Random 5%,s2_random_5_percent,0.05866523143164693,0.5887050770108385,0.5418056845664978
Random 5%,s2_random_5_percent,0.05866523143164693,0.5892755276668569,0.5412464737892151
Random 5%,s2_random_5_percent,0.05884463580911374,0.5892755276668569,0.5404370427131653
Random 5%,s2_random_5_percent,0.05884463580911374,0.5904164289788933,0.5399888157844543
Random 5%,s2_random_5_percent,0.05902404018658055,0.5904164289788933,0.5398825407028198
Random 5%,s2_random_5_percent,0.05902404018658055,0.5909868796349116,0.5383614897727966
Random 5%,s2_random_5_percent,0.059382848941514174,0.5909868796349116,0.536708414554596
Random 5%,s2_random_5_percent,0.059382848941514174,0.5915573302909298,0.5365586876869202
Random 5%,s2_random_5_percent,0.05974165769644779,0.5915573302909298,0.5349449515342712
Random 5%,s2_random_5_percent,0.0599210620739146,0.5921277809469481,0.5345621109008789
Random 5%,s2_random_5_percent,0.060459275206315034,0.5921277809469481,0.5339159965515137
Random 5%,s2_random_5_percent,0.060459275206315034,0.5926982316029663,0.5337442755699158
Random 5%,s2_random_5_percent,0.06081808396124865,0.5926982316029663,0.5334768295288086
Random 5%,s2_random_5_percent,0.06081808396124865,0.5932686822589845,0.5332708954811096
Random 5%,s2_random_5_percent,0.06099748833871547,0.5932686822589845,0.5325049757957458
Random 5%,s2_random_5_percent,0.06099748833871547,0.5938391329150029,0.5322811007499695
Random 5%,s2_random_5_percent,0.061356297093649086,0.5938391329150029,0.5317214727401733
Random 5%,s2_random_5_percent,0.061356297093649086,0.5944095835710211,0.5313715934753418
Random 5%,s2_random_5_percent,0.061535701471115895,0.5944095835710211,0.5307351350784302
Random 5%,s2_random_5_percent,0.061535701471115895,0.5949800342270394,0.5305196642875671
Random 5%,s2_random_5_percent,0.0617151058485827,0.5949800342270394,0.5304176807403564
Random 5%,s2_random_5_percent,0.0617151058485827,0.5961209355390759,0.5292221903800964
Random 5%,s2_random_5_percent,0.06189451022604951,0.5961209355390759,0.5291745066642761
Random 5%,s2_random_5_percent,0.06189451022604951,0.5966913861950941,0.5291102528572083
Random 5%,s2_random_5_percent,0.06225331898098314,0.5966913861950941,0.5286834836006165
Random 5%,s2_random_5_percent,0.06225331898098314,0.5972618368511123,0.5280153155326843
Random 5%,s2_random_5_percent,0.06297093649085038,0.5972618368511123,0.5267636179924011
Random 5%,s2_random_5_percent,0.06297093649085038,0.6006845407872219,0.5250594615936279
Random 5%,s2_random_5_percent,0.06386795837818443,0.6006845407872219,0.5239043235778809
Random 5%,s2_random_5_percent,0.06386795837818443,0.6012549914432401,0.5238829255104065
Random 5%,s2_random_5_percent,0.06404736275565123,0.6012549914432401,0.5235915184020996
Random 5%,s2_random_5_percent,0.06404736275565123,0.6023958927552767,0.5227327942848206
Random 5%,s2_random_5_percent,0.06476498026551848,0.6023958927552767,0.5221970081329346
Random 5%,s2_random_5_percent,0.06476498026551848,0.602966343411295,0.5220780372619629
Random 5%,s2_random_5_percent,0.0651237890204521,0.602966343411295,0.5216410160064697
Random 5%,s2_random_5_percent,0.0651237890204521,0.6035367940673132,0.5214502215385437
Random 5%,s2_random_5_percent,0.06530319339791892,0.6035367940673132,0.5214043855667114
Random 5%,s2_random_5_percent,0.06530319339791892,0.6046776953793497,0.5195742249488831
Random 5%,s2_random_5_percent,0.06548259777538572,0.6046776953793497,0.5195674300193787
Random 5%,s2_random_5_percent,0.06548259777538572,0.6052481460353679,0.5192914009094238
Random 5%,s2_random_5_percent,0.06584140653031934,0.6052481460353679,0.5187959671020508
Random 5%,s2_random_5_percent,0.06584140653031934,0.6069594980034227,0.5177151560783386
Random 5%,s2_random_5_percent,0.06620021528525297,0.6069594980034227,0.5171744227409363
Random 5%,s2_random_5_percent,0.06620021528525297,0.6081003993154592,0.5159821510314941
Random 5%,s2_random_5_percent,0.06673842841765339,0.6081003993154592,0.5153259038925171
Random 5%,s2_random_5_percent,0.06673842841765339,0.6092413006274957,0.514828622341156
Random 5%,s2_random_5_percent,0.06781485468245425,0.6092413006274957,0.5133287310600281
Random 5%,s2_random_5_percent,0.06781485468245425,0.6115231032515688,0.5122692584991455
Random 5%,s2_random_5_percent,0.06799425905992106,0.6115231032515688,0.5121696591377258
Random 5%,s2_random_5_percent,0.06799425905992106,0.612093553907587,0.511668860912323
Random 5%,s2_random_5_percent,0.06817366343738787,0.612093553907587,0.5114768147468567
Random 5%,s2_random_5_percent,0.06817366343738787,0.6126640045636053,0.5114235877990723
Random 5%,s2_random_5_percent,0.06835306781485469,0.6126640045636053,0.5113525986671448
Random 5%,s2_random_5_percent,0.06853247219232149,0.6132344552196235,0.5105690956115723
Random 5%,s2_random_5_percent,0.06853247219232149,0.61437535653166,0.51004558801651
Random 5%,s2_random_5_percent,0.0687118765697883,0.61437535653166,0.5099573135375977
Random 5%,s2_random_5_percent,0.0687118765697883,0.6149458071876782,0.5097039937973022
Random 5%,s2_random_5_percent,0.0688912809472551,0.6149458071876782,0.5091474056243896
Random 5%,s2_random_5_percent,0.0688912809472551,0.6160867084997148,0.5088927149772644
Random 5%,s2_random_5_percent,0.06942949407965554,0.6160867084997148,0.5083501935005188
Random 5%,s2_random_5_percent,0.06942949407965554,0.6172276098117513,0.5076137185096741
Random 5%,s2_random_5_percent,0.06960889845712236,0.6172276098117513,0.5067628622055054
Random 5%,s2_random_5_percent,0.06960889845712236,0.6195094124358242,0.5064088106155396
Random 5%,s2_random_5_percent,0.07050592034445641,0.6195094124358242,0.5048860907554626
Random 5%,s2_random_5_percent,0.07050592034445641,0.6217912150598973,0.5037543773651123
Random 5%,s2_random_5_percent,0.07104413347685684,0.6217912150598973,0.5029109716415405
Random 5%,s2_random_5_percent,0.07104413347685684,0.6257843696520251,0.5008386373519897
Random 5%,s2_random_5_percent,0.07140294223179046,0.6257843696520251,0.49982261657714844
Random 5%,s2_random_5_percent,0.07140294223179046,0.6263548203080433,0.49978694319725037
Random 5%,s2_random_5_percent,0.07247936849659131,0.6263548203080433,0.4988974928855896
Random 5%,s2_random_5_percent,0.07247936849659131,0.6269252709640616,0.4988076090812683
Random 5%,s2_random_5_percent,0.07283817725152494,0.6269252709640616,0.4981635510921478
Random 5%,s2_random_5_percent,0.07283817725152494,0.6274957216200798,0.4981336295604706
Random 5%,s2_random_5_percent,0.07301758162899175,0.6274957216200798,0.4978981614112854
Random 5%,s2_random_5_percent,0.07301758162899175,0.6286366229321164,0.49763280153274536
Random 5%,s2_random_5_percent,0.0739146035163258,0.6286366229321164,0.4967474639415741
Random 5%,s2_random_5_percent,0.0739146035163258,0.6292070735881347,0.49658453464508057
Random 5%,s2_random_5_percent,0.07445281664872623,0.6292070735881347,0.4962587356567383
Random 5%,s2_random_5_percent,0.07445281664872623,0.6297775242441529,0.49625036120414734
Random 5%,s2_random_5_percent,0.07463222102619303,0.6297775242441529,0.49591872096061707
Random 5%,s2_random_5_percent,0.07463222102619303,0.6303479749001711,0.49544915556907654
Random 5%,s2_random_5_percent,0.07534983853606028,0.6303479749001711,0.4933227002620697
Random 5%,s2_random_5_percent,0.07534983853606028,0.6309184255561894,0.49309712648391724
Random 5%,s2_random_5_percent,0.07552924291352708,0.6309184255561894,0.4929910898208618
Random 5%,s2_random_5_percent,0.07552924291352708,0.6314888762122076,0.49258285760879517
Random 5%,s2_random_5_percent,0.0757086472909939,0.6314888762122076,0.4918856620788574
Random 5%,s2_random_5_percent,0.0757086472909939,0.6320593268682259,0.4918762445449829
Random 5%,s2_random_5_percent,0.07696447793326157,0.6320593268682259,0.48985201120376587
Random 5%,s2_random_5_percent,0.07696447793326157,0.6326297775242442,0.48967576026916504
Random 5%,s2_random_5_percent,0.07732328668819519,0.6326297775242442,0.48952579498291016
Random 5%,s2_random_5_percent,0.07732328668819519,0.6332002281802624,0.48923367261886597
Random 5%,s2_random_5_percent,0.077502691065662,0.6332002281802624,0.48916274309158325
Random 5%,s2_random_5_percent,0.077502691065662,0.6337706788362807,0.4887123107910156
Random 5%,s2_random_5_percent,0.07786149982059562,0.6337706788362807,0.4881380796432495
Random 5%,s2_random_5_percent,0.07786149982059562,0.6349115801483172,0.48714038729667664
Random 5%,s2_random_5_percent,0.07893792608539649,0.6349115801483172,0.48574891686439514
Random 5%,s2_random_5_percent,0.07893792608539649,0.6366229321163719,0.4837333559989929
Random 5%,s2_random_5_percent,0.07911733046286329,0.6366229321163719,0.48333224654197693
Random 5%,s2_random_5_percent,0.07911733046286329,0.6400456360524814,0.4822034537792206
Random 5%,s2_random_5_percent,0.0792967348403301,0.6400456360524814,0.48212119936943054
Random 5%,s2_random_5_percent,0.0792967348403301,0.6411865373645179,0.4818633198738098
Random 5%,s2_random_5_percent,0.07965554359526372,0.6411865373645179,0.4817383289337158
Random 5%,s2_random_5_percent,0.07965554359526372,0.6417569880205363,0.48154592514038086
Random 5%,s2_random_5_percent,0.07983494797273054,0.6417569880205363,0.48087799549102783
Random 5%,s2_random_5_percent,0.07983494797273054,0.6423274386765545,0.48035287857055664
Random 5%,s2_random_5_percent,0.08001435235019734,0.6423274386765545,0.480341374874115
Random 5%,s2_random_5_percent,0.08001435235019734,0.6446092413006275,0.47995680570602417
Random 5%,s2_random_5_percent,0.08037316110513097,0.6446092413006275,0.47973698377609253
Random 5%,s2_random_5_percent,0.08037316110513097,0.6451796919566457,0.4794468879699707
Random 5%,s2_random_5_percent,0.08091137423753139,0.6451796919566457,0.4790290892124176
Random 5%,s2_random_5_percent,0.08091137423753139,0.6463205932686823,0.477512389421463
Random 5%,s2_random_5_percent,0.08198780050233226,0.6463205932686823,0.47627127170562744
Random 5%,s2_random_5_percent,0.08198780050233226,0.6468910439247005,0.47582656145095825
Random 5%,s2_random_5_percent,0.08234660925726588,0.6468910439247005,0.47565189003944397
Random 5%,s2_random_5_percent,0.08234660925726588,0.6474614945807188,0.47555845975875854
Random 5%,s2_random_5_percent,0.08252601363473269,0.6474614945807188,0.4755568504333496
Random 5%,s2_random_5_percent,0.0827054180121995,0.648031945236737,0.47515544295310974
Random 5%,s2_random_5_percent,0.08288482238966631,0.648031945236737,0.47504711151123047
Random 5%,s2_random_5_percent,0.08288482238966631,0.6486023958927553,0.473919153213501
Random 5%,s2_random_5_percent,0.08324363114459993,0.6486023958927553,0.473088800907135
Random 5%,s2_random_5_percent,0.08324363114459993,0.6491728465487735,0.47280603647232056
Random 5%,s2_random_5_percent,0.08360243989953355,0.6491728465487735,0.47194620966911316
Random 5%,s2_random_5_percent,0.08360243989953355,0.6497432972047917,0.4716503918170929
Random 5%,s2_random_5_percent,0.08378184427700036,0.6497432972047917,0.4710157513618469
Random 5%,s2_random_5_percent,0.08378184427700036,0.6503137478608101,0.46979233622550964
Random 5%,s2_random_5_percent,0.08414065303193398,0.6503137478608101,0.4695526957511902
Random 5%,s2_random_5_percent,0.08414065303193398,0.6514546491728466,0.46949246525764465
Random 5%,s2_random_5_percent,0.08485827054180121,0.6514546491728466,0.4689200222492218
Random 5%,s2_random_5_percent,0.08485827054180121,0.652595550484883,0.4681060314178467
Random 5%,s2_random_5_percent,0.08503767491926803,0.652595550484883,0.46796783804893494
Random 5%,s2_random_5_percent,0.08503767491926803,0.6531660011409013,0.46683529019355774
Random 5%,s2_random_5_percent,0.08521707929673485,0.6531660011409013,0.4667269289493561
Random 5%,s2_random_5_percent,0.08521707929673485,0.6537364517969195,0.46662089228630066
Random 5%,s2_random_5_percent,0.08539648367420165,0.6537364517969195,0.4664851427078247
Random 5%,s2_random_5_percent,0.08539648367420165,0.6548773531089561,0.46629613637924194
Random 5%,s2_random_5_percent,0.08557588805166846,0.6548773531089561,0.4660429060459137
Random 5%,s2_random_5_percent,0.08575529242913527,0.6554478037649744,0.46569517254829407
Random 5%,s2_random_5_percent,0.08575529242913527,0.6565887050770108,0.46548792719841003
Random 5%,s2_random_5_percent,0.08593469680660208,0.6565887050770108,0.46508800983428955
Random 5%,s2_random_5_percent,0.08593469680660208,0.6571591557330291,0.4648604094982147
Random 5%,s2_random_5_percent,0.0861141011840689,0.6571591557330291,0.4638270437717438
Random 5%,s2_random_5_percent,0.0861141011840689,0.6577296063890473,0.46361708641052246
Random 5%,s2_random_5_percent,0.08647290993900252,0.6577296063890473,0.46285948157310486
Random 5%,s2_random_5_percent,0.08647290993900252,0.6600114090131204,0.46143248677253723
Random 5%,s2_random_5_percent,0.08683171869393613,0.6600114090131204,0.46128955483436584
Random 5%,s2_random_5_percent,0.08701112307140295,0.6600114090131204,0.46101394295692444
Random 5%,s2_random_5_percent,0.08701112307140295,0.6622932116371933,0.46059849858283997
Random 5%,s2_random_5_percent,0.08719052744886975,0.6622932116371933,0.46019095182418823
Random 5%,s2_random_5_percent,0.08719052744886975,0.6628636622932116,0.45881175994873047
Random 5%,s2_random_5_percent,0.08736993182633657,0.6628636622932116,0.4585892856121063
Random 5%,s2_random_5_percent,0.08736993182633657,0.6634341129492299,0.4583981931209564
Random 5%,s2_random_5_percent,0.08754933620380337,0.6634341129492299,0.45806628465652466
Random 5%,s2_random_5_percent,0.08754933620380337,0.6645750142612664,0.457432359457016
Random 5%,s2_random_5_percent,0.087908144958737,0.6645750142612664,0.4564115107059479
Random 5%,s2_random_5_percent,0.087908144958737,0.6657159155733029,0.45585790276527405
Random 5%,s2_random_5_percent,0.08844635809113742,0.6657159155733029,0.4549635052680969
Random 5%,s2_random_5_percent,0.08844635809113742,0.6668568168853394,0.4540354311466217
Random 5%,s2_random_5_percent,0.08916397560100467,0.6668568168853394,0.45274725556373596
Random 5%,s2_random_5_percent,0.08916397560100467,0.6685681688533942,0.45262375473976135
Random 5%,s2_random_5_percent,0.08952278435593829,0.6685681688533942,0.4515838027000427
Random 5%,s2_random_5_percent,0.08952278435593829,0.6691386195094124,0.45124876499176025
Random 5%,s2_random_5_percent,0.08970218873340509,0.6691386195094124,0.4512225389480591
Random 5%,s2_random_5_percent,0.09006099748833872,0.6691386195094124,0.4504605531692505
Random 5%,s2_random_5_percent,0.09024040186580552,0.6691386195094124,0.45034804940223694
Random 5%,s2_random_5_percent,0.09024040186580552,0.6697090701654307,0.4499529004096985
Random 5%,s2_random_5_percent,0.09077861499820596,0.6697090701654307,0.4483849108219147
Random 5%,s2_random_5_percent,0.09077861499820596,0.6702795208214489,0.44812482595443726
Random 5%,s2_random_5_percent,0.09113742375313957,0.6702795208214489,0.447879821062088
Random 5%,s2_random_5_percent,0.09113742375313957,0.6708499714774672,0.4478290379047394
Random 5%,s2_random_5_percent,0.09167563688554001,0.6708499714774672,0.4469635784626007
Random 5%,s2_random_5_percent,0.09167563688554001,0.6714204221334854,0.4466703236103058
Random 5%,s2_random_5_percent,0.09221385001794044,0.6714204221334854,0.4460252821445465
Random 5%,s2_random_5_percent,0.09221385001794044,0.6731317741015402,0.44577768445014954
Random 5%,s2_random_5_percent,0.09239325439540724,0.6731317741015402,0.4457334280014038
Random 5%,s2_random_5_percent,0.09239325439540724,0.6737022247575585,0.44529470801353455
Random 5%,s2_random_5_percent,0.09257265877287406,0.6737022247575585,0.44524168968200684
Random 5%,s2_random_5_percent,0.09257265877287406,0.6754135767256132,0.4445304572582245
Random 5%,s2_random_5_percent,0.09275206315034087,0.6754135767256132,0.4445033073425293
Random 5%,s2_random_5_percent,0.09275206315034087,0.6765544780376498,0.444378137588501
Random 5%,s2_random_5_percent,0.09311087190527449,0.6765544780376498,0.44367343187332153
Random 5%,s2_random_5_percent,0.09311087190527449,0.677124928693668,0.4435586929321289
Random 5%,s2_random_5_percent,0.09364908503767493,0.677124928693668,0.442378431558609
Random 5%,s2_random_5_percent,0.09364908503767493,0.6782658300057045,0.4412120580673218
Random 5%,s2_random_5_percent,0.09382848941514173,0.6782658300057045,0.4411243796348572
Random 5%,s2_random_5_percent,0.09382848941514173,0.679406731317741,0.4408004879951477
Random 5%,s2_random_5_percent,0.09418729817007535,0.679406731317741,0.4402495324611664
Random 5%,s2_random_5_percent,0.09454610692500898,0.6805476326297776,0.440138578414917
Random 5%,s2_random_5_percent,0.09454610692500898,0.6811180832857958,0.43988698720932007
Random 5%,s2_random_5_percent,0.0949049156799426,0.6811180832857958,0.43924400210380554
Random 5%,s2_random_5_percent,0.0949049156799426,0.6816885339418141,0.43919819593429565
Random 5%,s2_random_5_percent,0.09526372443487621,0.6816885339418141,0.4389989674091339
Random 5%,s2_random_5_percent,0.09526372443487621,0.6822589845978323,0.4389146566390991
Random 5%,s2_random_5_percent,0.09544312881234301,0.6828294352538505,0.43871021270751953
Random 5%,s2_random_5_percent,0.09562253318980983,0.6828294352538505,0.43857502937316895
Random 5%,s2_random_5_percent,0.09562253318980983,0.6833998859098688,0.438519686460495
Random 5%,s2_random_5_percent,0.0966989594546107,0.6833998859098688,0.43766501545906067
Random 5%,s2_random_5_percent,0.0968783638320775,0.6845407872219053,0.4369044005870819
Random 5%,s2_random_5_percent,0.0968783638320775,0.6856816885339418,0.43677371740341187
Random 5%,s2_random_5_percent,0.0968783638320775,0.6868225898459783,0.43645521998405457
Random 5%,s2_random_5_percent,0.0968783638320775,0.6873930405019966,0.43644919991493225
Random 5%,s2_random_5_percent,0.09723717258701112,0.6873930405019966,0.4357019066810608
Random 5%,s2_random_5_percent,0.09723717258701112,0.688533941814033,0.4350423216819763
Random 5%,s2_random_5_percent,0.09741657696447793,0.688533941814033,0.43467187881469727
Random 5%,s2_random_5_percent,0.09741657696447793,0.6902452937820879,0.43409696221351624
Random 5%,s2_random_5_percent,0.09795479009687837,0.6902452937820879,0.4333711266517639
Random 5%,s2_random_5_percent,0.09795479009687837,0.6913861950941244,0.4330606758594513
Random 5%,s2_random_5_percent,0.09813419447434517,0.6913861950941244,0.43266764283180237
Random 5%,s2_random_5_percent,0.09813419447434517,0.6919566457501426,0.4326210021972656
Random 5%,s2_random_5_percent,0.09831359885181198,0.6919566457501426,0.4322076141834259
Random 5%,s2_random_5_percent,0.09831359885181198,0.6925270964061608,0.4319852888584137
Random 5%,s2_random_5_percent,0.0986724076067456,0.6925270964061608,0.4314471483230591
Random 5%,s2_random_5_percent,0.0986724076067456,0.6930975470621791,0.43137988448143005
Random 5%,s2_random_5_percent,0.09885181198421242,0.6930975470621791,0.4313238859176636
Random 5%,s2_random_5_percent,0.09885181198421242,0.6936679977181974,0.4310417175292969
Random 5%,s2_random_5_percent,0.09903121636167922,0.6942384483742157,0.4307011663913727
Random 5%,s2_random_5_percent,0.09903121636167922,0.6948088990302339,0.43039020895957947
Random 5%,s2_random_5_percent,0.10010764262648009,0.6948088990302339,0.42971670627593994
Random 5%,s2_random_5_percent,0.10010764262648009,0.6953793496862521,0.42946282029151917
Random 5%,s2_random_5_percent,0.1002870470039469,0.6953793496862521,0.42938676476478577
Random 5%,s2_random_5_percent,0.1002870470039469,0.6959498003422704,0.4292412996292114
Random 5%,s2_random_5_percent,0.10064585575888052,0.6959498003422704,0.42898881435394287
Random 5%,s2_random_5_percent,0.10064585575888052,0.6965202509982886,0.4286040663719177
Random 5%,s2_random_5_percent,0.10082526013634732,0.6965202509982886,0.428362101316452
Random 5%,s2_random_5_percent,0.10082526013634732,0.6970907016543069,0.42822888493537903
Random 5%,s2_random_5_percent,0.10136347326874776,0.6970907016543069,0.4278416931629181
Random 5%,s2_random_5_percent,0.10136347326874776,0.6976611523103251,0.42764467000961304
Random 5%,s2_random_5_percent,0.10190168640114819,0.6976611523103251,0.4268568456172943
Random 5%,s2_random_5_percent,0.10190168640114819,0.6988020536223617,0.4262145757675171
Random 5%,s2_random_5_percent,0.10226049515608181,0.6988020536223617,0.4258596897125244
Random 5%,s2_random_5_percent,0.10226049515608181,0.6999429549343982,0.4256783723831177
Random 5%,s2_random_5_percent,0.10243989953354862,0.6999429549343982,0.42538726329803467
Random 5%,s2_random_5_percent,0.10243989953354862,0.7005134055904164,0.42529237270355225
Random 5%,s2_random_5_percent,0.10261930391101542,0.7005134055904164,0.4252391755580902
Random 5%,s2_random_5_percent,0.10261930391101542,0.7010838562464347,0.4251813292503357
Random 5%,s2_random_5_percent,0.10315751704341586,0.7010838562464347,0.42428162693977356
Random 5%,s2_random_5_percent,0.10315751704341586,0.7016543069024529,0.42415013909339905
Random 5%,s2_random_5_percent,0.10333692142088267,0.7016543069024529,0.42414525151252747
Random 5%,s2_random_5_percent,0.10333692142088267,0.7022247575584712,0.42410004138946533
Random 5%,s2_random_5_percent,0.10351632579834948,0.7022247575584712,0.4235084354877472
Random 5%,s2_random_5_percent,0.10351632579834948,0.7033656588705077,0.42270785570144653
Random 5%,s2_random_5_percent,0.10405453893074991,0.7033656588705077,0.421523779630661
Random 5%,s2_random_5_percent,0.10405453893074991,0.703936109526526,0.4214630424976349
Random 5%,s2_random_5_percent,0.10477215644061715,0.703936109526526,0.42051491141319275
Random 5%,s2_random_5_percent,0.10477215644061715,0.7056474614945807,0.4197898209095001
Random 5%,s2_random_5_percent,0.10495156081808396,0.7056474614945807,0.41968482732772827
Random 5%,s2_random_5_percent,0.10495156081808396,0.7067883628066173,0.41884589195251465
Random 5%,s2_random_5_percent,0.10513096519555078,0.7073588134626355,0.41867756843566895
Random 5%,s2_random_5_percent,0.1056691783279512,0.7073588134626355,0.41743573546409607
Random 5%,s2_random_5_percent,0.1056691783279512,0.7096406160867085,0.4168979823589325
Random 5%,s2_random_5_percent,0.10620739146035163,0.7096406160867085,0.41610515117645264
Random 5%,s2_random_5_percent,0.10620739146035163,0.7102110667427267,0.41601765155792236
Random 5%,s2_random_5_percent,0.10638679583781845,0.7102110667427267,0.41593462228775024
Random 5%,s2_random_5_percent,0.10638679583781845,0.710781517398745,0.4129808843135834
Random 5%,s2_random_5_percent,0.10656620021528525,0.710781517398745,0.41291144490242004
Random 5%,s2_random_5_percent,0.10656620021528525,0.7119224187107815,0.4116016924381256
Random 5%,s2_random_5_percent,0.10710441334768568,0.7119224187107815,0.41073477268218994
Random 5%,s2_random_5_percent,0.10710441334768568,0.713063320022818,0.41060784459114075
Random 5%,s2_random_5_percent,0.1072838177251525,0.7136337706788363,0.41025882959365845
Random 5%,s2_random_5_percent,0.1072838177251525,0.7142042213348545,0.4096580743789673
Random 5%,s2_random_5_percent,0.10764262648008611,0.7142042213348545,0.4088888466358185
Random 5%,s2_random_5_percent,0.10764262648008611,0.7176269252709641,0.4076429307460785
Random 5%,s2_random_5_percent,0.10782203085755293,0.7176269252709641,0.40755030512809753
Random 5%,s2_random_5_percent,0.10782203085755293,0.7187678265830005,0.40673667192459106
Random 5%,s2_random_5_percent,0.10889845712235378,0.7187678265830005,0.4058217406272888
Random 5%,s2_random_5_percent,0.10889845712235378,0.7193382772390188,0.4057106375694275
Random 5%,s2_random_5_percent,0.10943667025475422,0.7193382772390188,0.40538227558135986
Random 5%,s2_random_5_percent,0.10943667025475422,0.7210496292070736,0.4051790237426758
Random 5%,s2_random_5_percent,0.10961607463222102,0.7210496292070736,0.4051419794559479
Random 5%,s2_random_5_percent,0.10961607463222102,0.7216200798630918,0.40505748987197876
Random 5%,s2_random_5_percent,0.11051309651955507,0.7216200798630918,0.40382370352745056
Random 5%,s2_random_5_percent,0.11051309651955507,0.7221905305191101,0.40295231342315674
Random 5%,s2_random_5_percent,0.1108719052744887,0.7221905305191101,0.4020259380340576
Random 5%,s2_random_5_percent,0.11123071402942232,0.7221905305191101,0.4019356369972229
Random 5%,s2_random_5_percent,0.11141011840688912,0.7221905305191101,0.4015679359436035
Random 5%,s2_random_5_percent,0.11141011840688912,0.7227609811751283,0.4015308618545532
Random 5%,s2_random_5_percent,0.11158952278435594,0.7227609811751283,0.40140068531036377
Random 5%,s2_random_5_percent,0.11158952278435594,0.7244723331431832,0.4008757770061493
Random 5%,s2_random_5_percent,0.11176892716182275,0.7244723331431832,0.4007326066493988
Random 5%,s2_random_5_percent,0.11176892716182275,0.7250427837992014,0.4005199670791626
Random 5%,s2_random_5_percent,0.11230714029422317,0.7250427837992014,0.40032434463500977
Random 5%,s2_random_5_percent,0.11230714029422317,0.7256132344552196,0.40023061633110046
Random 5%,s2_random_5_percent,0.11248654467168999,0.7256132344552196,0.40018850564956665
Random 5%,s2_random_5_percent,0.11248654467168999,0.7261836851112379,0.4001738727092743
Random 5%,s2_random_5_percent,0.1126659490491568,0.7261836851112379,0.40014076232910156
Random 5%,s2_random_5_percent,0.1126659490491568,0.7267541357672561,0.4000275433063507
Random 5%,s2_random_5_percent,0.11356297093649086,0.7267541357672561,0.39850330352783203
Random 5%,s2_random_5_percent,0.11356297093649086,0.7273245864232744,0.3984105885028839
Random 5%,s2_random_5_percent,0.11374237531395766,0.7273245864232744,0.39803633093833923
Random 5%,s2_random_5_percent,0.11374237531395766,0.728465487735311,0.3975401818752289
Random 5%,s2_random_5_percent,0.11392177969142447,0.728465487735311,0.39687442779541016
Random 5%,s2_random_5_percent,0.11392177969142447,0.7290359383913292,0.39684098958969116
Random 5%,s2_random_5_percent,0.11428058844635809,0.7290359383913292,0.3967578709125519
Random 5%,s2_random_5_percent,0.11445999282382491,0.7290359383913292,0.3965519070625305
Random 5%,s2_random_5_percent,0.11445999282382491,0.7301768397033657,0.3963204026222229
Random 5%,s2_random_5_percent,0.11463939720129171,0.7301768397033657,0.3955547511577606
Random 5%,s2_random_5_percent,0.11463939720129171,0.7313177410154021,0.3953346610069275
Random 5%,s2_random_5_percent,0.11679224973089343,0.7313177410154021,0.3912184536457062
Random 5%,s2_random_5_percent,0.11697165410836025,0.7318881916714204,0.390755295753479
Random 5%,s2_random_5_percent,0.11715105848582705,0.733029092983457,0.39018747210502625
Random 5%,s2_random_5_percent,0.11733046286329386,0.733029092983457,0.39009544253349304
Random 5%,s2_random_5_percent,0.11733046286329386,0.7341699942954935,0.3897174894809723
Random 5%,s2_random_5_percent,0.11750986724076068,0.7341699942954935,0.389678955078125
Random 5%,s2_random_5_percent,0.11768927161822748,0.7353108956075299,0.3894461393356323
Random 5%,s2_random_5_percent,0.1178686759956943,0.7353108956075299,0.3890417516231537
Random 5%,s2_random_5_percent,0.11822748475062791,0.7364517969195664,0.38854342699050903
Random 5%,s2_random_5_percent,0.11894510226049515,0.7364517969195664,0.38793060183525085
Random 5%,s2_random_5_percent,0.11894510226049515,0.7370222475755848,0.3878571689128876
Random 5%,s2_random_5_percent,0.11912450663796197,0.7370222475755848,0.38775205612182617
Random 5%,s2_random_5_percent,0.11912450663796197,0.737592698231603,0.38729149103164673
Random 5%,s2_random_5_percent,0.1196627197703624,0.737592698231603,0.3872324228286743
Random 5%,s2_random_5_percent,0.1196627197703624,0.7387335995436395,0.38669517636299133
Random 5%,s2_random_5_percent,0.12002152852529602,0.7387335995436395,0.3860921561717987
Random 5%,s2_random_5_percent,0.12002152852529602,0.7393040501996577,0.38607242703437805
Random 5%,s2_random_5_percent,0.12020093290276283,0.7393040501996577,0.3856365382671356
Random 5%,s2_random_5_percent,0.12020093290276283,0.739874500855676,0.3855840563774109
Random 5%,s2_random_5_percent,0.12055974165769645,0.7415858528237308,0.3855815529823303
Random 5%,s2_random_5_percent,0.12127735916756369,0.7415858528237308,0.3846910297870636
Random 5%,s2_random_5_percent,0.12127735916756369,0.742156303479749,0.38468456268310547
Random 5%,s2_random_5_percent,0.12181557229996412,0.742156303479749,0.38419607281684875
Random 5%,s2_random_5_percent,0.12181557229996412,0.7427267541357673,0.3841502070426941
Random 5%,s2_random_5_percent,0.12217438105489774,0.7427267541357673,0.38409003615379333
Random 5%,s2_random_5_percent,0.12271259418729817,0.7427267541357673,0.38348275423049927
Random 5%,s2_random_5_percent,0.12271259418729817,0.7438676554478038,0.3830908536911011
Random 5%,s2_random_5_percent,0.1234302116971654,0.7438676554478038,0.38278278708457947
Random 5%,s2_random_5_percent,0.1234302116971654,0.7461494580718768,0.38192060589790344
Random 5%,s2_random_5_percent,0.12414782920703266,0.7461494580718768,0.3810417354106903
Random 5%,s2_random_5_percent,0.12432723358449946,0.7467199087278951,0.38098636269569397
Random 5%,s2_random_5_percent,0.12432723358449946,0.7472903593839133,0.3806925117969513
Random 5%,s2_random_5_percent,0.12450663796196627,0.7472903593839133,0.3806074559688568
Random 5%,s2_random_5_percent,0.12450663796196627,0.7478608100399315,0.3798627555370331
Random 5%,s2_random_5_percent,0.12486544671689989,0.7478608100399315,0.3792913854122162
Random 5%,s2_random_5_percent,0.12486544671689989,0.7484312606959498,0.3791522681713104
Random 5%,s2_random_5_percent,0.1250448510943667,0.7484312606959498,0.3789287507534027
Random 5%,s2_random_5_percent,0.1250448510943667,0.749001711351968,0.3784138858318329
Random 5%,s2_random_5_percent,0.12540365984930033,0.749001711351968,0.37840691208839417
Random 5%,s2_random_5_percent,0.12576246860423396,0.749001711351968,0.37816816568374634
Random 5%,s2_random_5_percent,0.12576246860423396,0.7501426126640046,0.37725961208343506
Random 5%,s2_random_5_percent,0.12701829924650163,0.7501426126640046,0.3748456537723541
Random 5%,s2_random_5_percent,0.12701829924650163,0.7507130633200229,0.374695360660553
Random 5%,s2_random_5_percent,0.12719770362396843,0.7512835139760411,0.37464624643325806
Random 5%,s2_random_5_percent,0.12791532113383566,0.7512835139760411,0.3738868534564972
Random 5%,s2_random_5_percent,0.1282741298887693,0.7512835139760411,0.37387314438819885
Random 5%,s2_random_5_percent,0.1282741298887693,0.7518539646320593,0.3735559582710266
Random 5%,s2_random_5_percent,0.1282741298887693,0.7529948659440958,0.3732597827911377
Random 5%,s2_random_5_percent,0.1282741298887693,0.7541357672561323,0.3726253807544708
Random 5%,s2_random_5_percent,0.1286329386437029,0.7541357672561323,0.3724099099636078
Random 5%,s2_random_5_percent,0.1286329386437029,0.7547062179121506,0.37239107489585876
Random 5%,s2_random_5_percent,0.12988876928597057,0.7547062179121506,0.3687736690044403
Random 5%,s2_random_5_percent,0.12988876928597057,0.7552766685681689,0.36870086193084717
Random 5%,s2_random_5_percent,0.1302475780409042,0.7552766685681689,0.3682744801044464
Random 5%,s2_random_5_percent,0.1302475780409042,0.7558471192241871,0.36826595664024353
Random 5%,s2_random_5_percent,0.130426982418371,0.7564175698802054,0.367994487285614
Random 5%,s2_random_5_percent,0.13078579117330463,0.7564175698802054,0.36770233511924744
Random 5%,s2_random_5_percent,0.13132400430570507,0.7569880205362236,0.3675542175769806
Random 5%,s2_random_5_percent,0.13132400430570507,0.7581289218482601,0.3674478530883789
Random 5%,s2_random_5_percent,0.13168281306063867,0.7581289218482601,0.3669032156467438
Random 5%,s2_random_5_percent,0.13168281306063867,0.7586993725042784,0.3667040765285492
Random 5%,s2_random_5_percent,0.1322210261930391,0.7586993725042784,0.3660646975040436
Random 5%,s2_random_5_percent,0.1322210261930391,0.7598402738163149,0.3655022382736206
Random 5%,s2_random_5_percent,0.13240043057050593,0.7598402738163149,0.3654930889606476
Random 5%,s2_random_5_percent,0.13240043057050593,0.7604107244723332,0.36548152565956116
Random 5%,s2_random_5_percent,0.13257983494797274,0.7604107244723332,0.3652220070362091
Random 5%,s2_random_5_percent,0.13257983494797274,0.7609811751283514,0.3651176989078522
Random 5%,s2_random_5_percent,0.13329745245783997,0.7609811751283514,0.363770455121994
Random 5%,s2_random_5_percent,0.13329745245783997,0.7621220764403879,0.36366939544677734
Random 5%,s2_random_5_percent,0.134194474345174,0.7621220764403879,0.36242443323135376
Random 5%,s2_random_5_percent,0.134194474345174,0.7626925270964061,0.3618465065956116
Random 5%,s2_random_5_percent,0.13455328310010764,0.7626925270964061,0.3616340458393097
Random 5%,s2_random_5_percent,0.13455328310010764,0.7638334284084427,0.361198365688324
Random 5%,s2_random_5_percent,0.13509149623250807,0.7638334284084427,0.36076459288597107
Random 5%,s2_random_5_percent,0.13509149623250807,0.764403879064461,0.36052605509757996
Random 5%,s2_random_5_percent,0.1354503049874417,0.7649743297204792,0.3605189919471741
Random 5%,s2_random_5_percent,0.1358091137423753,0.7649743297204792,0.3602435290813446
Random 5%,s2_random_5_percent,0.1359885181198421,0.7649743297204792,0.3592809736728668
Random 5%,s2_random_5_percent,0.1359885181198421,0.7655447803764974,0.3591674864292145
Random 5%,s2_random_5_percent,0.13634732687477574,0.7655447803764974,0.35870397090911865
Random 5%,s2_random_5_percent,0.13634732687477574,0.7678265830005705,0.358153373003006
Random 5%,s2_random_5_percent,0.13706494438464298,0.7678265830005705,0.35723158717155457
Random 5%,s2_random_5_percent,0.13706494438464298,0.7683970336565887,0.35703137516975403
Random 5%,s2_random_5_percent,0.13814137064944385,0.7683970336565887,0.35545387864112854
Random 5%,s2_random_5_percent,0.13814137064944385,0.768967484312607,0.3550334870815277
Random 5%,s2_random_5_percent,0.13832077502691065,0.768967484312607,0.3546789586544037
Random 5%,s2_random_5_percent,0.13850017940437748,0.7695379349686252,0.3546192944049835
Random 5%,s2_random_5_percent,0.13850017940437748,0.7706788362806617,0.35338911414146423
Random 5%,s2_random_5_percent,0.13867958378184428,0.7706788362806617,0.3530953526496887
Random 5%,s2_random_5_percent,0.13867958378184428,0.7712492869366799,0.35289889574050903
Random 5%,s2_random_5_percent,0.13957660566917832,0.7712492869366799,0.351890504360199
Random 5%,s2_random_5_percent,0.13957660566917832,0.7718197375926983,0.351858913898468
Random 5%,s2_random_5_percent,0.13957660566917832,0.7729606389047348,0.3511216342449188
Random 5%,s2_random_5_percent,0.13993541442411195,0.7729606389047348,0.35077738761901855
Random 5%,s2_random_5_percent,0.13993541442411195,0.773531089560753,0.3503893315792084
Random 5%,s2_random_5_percent,0.14011481880157875,0.773531089560753,0.3502107560634613
Random 5%,s2_random_5_percent,0.14011481880157875,0.7741015402167712,0.3497222065925598
Random 5%,s2_random_5_percent,0.14047362755651238,0.7741015402167712,0.34874895215034485
Random 5%,s2_random_5_percent,0.14047362755651238,0.7746719908727895,0.34866219758987427
Random 5%,s2_random_5_percent,0.14101184068891282,0.7746719908727895,0.34808069467544556
Random 5%,s2_random_5_percent,0.14101184068891282,0.7752424415288077,0.34803280234336853
Random 5%,s2_random_5_percent,0.14119124506637962,0.7752424415288077,0.34770312905311584
Random 5%,s2_random_5_percent,0.14119124506637962,0.775812892184826,0.34765830636024475
Random 5%,s2_random_5_percent,0.14208826695371368,0.775812892184826,0.34643226861953735
Random 5%,s2_random_5_percent,0.14208826695371368,0.7763833428408443,0.34627094864845276
Random 5%,s2_random_5_percent,0.14298528884104772,0.7769537934968626,0.34622904658317566
Random 5%,s2_random_5_percent,0.14316469321851452,0.7769537934968626,0.3460918068885803
Random 5%,s2_random_5_percent,0.14316469321851452,0.7775242441528808,0.34594103693962097
Random 5%,s2_random_5_percent,0.14370290635091496,0.7775242441528808,0.34573644399642944
Random 5%,s2_random_5_percent,0.14370290635091496,0.778094694808899,0.3452513515949249
Random 5%,s2_random_5_percent,0.14495873699318262,0.778094694808899,0.3425080478191376
Random 5%,s2_random_5_percent,0.14495873699318262,0.7786651454649173,0.34245505928993225
Random 5%,s2_random_5_percent,0.14549695012558306,0.7786651454649173,0.3414531946182251
Random 5%,s2_random_5_percent,0.14549695012558306,0.7792355961209355,0.3414234220981598
Random 5%,s2_random_5_percent,0.1456763545030499,0.7792355961209355,0.34131717681884766
Random 5%,s2_random_5_percent,0.1456763545030499,0.780376497432972,0.341096431016922
Random 5%,s2_random_5_percent,0.1458557588805167,0.7809469480889903,0.3409600257873535
Random 5%,s2_random_5_percent,0.1462145676354503,0.7809469480889903,0.34085944294929504
Random 5%,s2_random_5_percent,0.1462145676354503,0.7820878494010268,0.3404552638530731
Random 5%,s2_random_5_percent,0.14657337639038392,0.7820878494010268,0.34022393822669983
Random 5%,s2_random_5_percent,0.14675278076785073,0.7826583000570451,0.3401230573654175
Random 5%,s2_random_5_percent,0.14693218514531756,0.7826583000570451,0.33997923135757446
Random 5%,s2_random_5_percent,0.14693218514531756,0.7832287507130633,0.3388786017894745
Random 5%,s2_random_5_percent,0.14729099390025116,0.7832287507130633,0.338534414768219
Random 5%,s2_random_5_percent,0.14729099390025116,0.7849401026811181,0.3378429412841797
Random 5%,s2_random_5_percent,0.147470398277718,0.7849401026811181,0.3374897241592407
Random 5%,s2_random_5_percent,0.147470398277718,0.7866514546491729,0.33721619844436646
Random 5%,s2_random_5_percent,0.1480086114101184,0.7866514546491729,0.33632248640060425
Random 5%,s2_random_5_percent,0.1480086114101184,0.7877923559612093,0.33592408895492554
Random 5%,s2_random_5_percent,0.14836742016505203,0.7877923559612093,0.3357841372489929
Random 5%,s2_random_5_percent,0.14836742016505203,0.7883628066172276,0.33555442094802856
Random 5%,s2_random_5_percent,0.14854682454251883,0.7883628066172276,0.33541011810302734
Random 5%,s2_random_5_percent,0.14854682454251883,0.7895037079292642,0.3342350125312805
Random 5%,s2_random_5_percent,0.14872622891998566,0.7895037079292642,0.33401575684547424
Random 5%,s2_random_5_percent,0.14872622891998566,0.7906446092413006,0.33368852734565735
Random 5%,s2_random_5_percent,0.1496232508073197,0.7906446092413006,0.33277809619903564
Random 5%,s2_random_5_percent,0.1496232508073197,0.7917855105533371,0.33210042119026184
Random 5%,s2_random_5_percent,0.15016146393972013,0.7917855105533371,0.33180174231529236
Random 5%,s2_random_5_percent,0.15016146393972013,0.7929264118653736,0.3313896059989929
Random 5%,s2_random_5_percent,0.15069967707212056,0.7929264118653736,0.33083948493003845
Random 5%,s2_random_5_percent,0.15105848582705417,0.7940673131774102,0.3307930827140808
Random 5%,s2_random_5_percent,0.15177610333692143,0.7940673131774102,0.32962602376937866
Random 5%,s2_random_5_percent,0.15213491209185503,0.7946377638334284,0.3293095827102661
Random 5%,s2_random_5_percent,0.15213491209185503,0.7952082144894467,0.3290770649909973
Random 5%,s2_random_5_percent,0.15267312522425547,0.7952082144894467,0.3289546072483063
Random 5%,s2_random_5_percent,0.15267312522425547,0.7957786651454649,0.32875290513038635
Random 5%,s2_random_5_percent,0.15285252960172227,0.7957786651454649,0.32868173718452454
Random 5%,s2_random_5_percent,0.1533907427341227,0.7957786651454649,0.3285979926586151
Random 5%,s2_random_5_percent,0.155005382131324,0.7957786651454649,0.32555121183395386
Random 5%,s2_random_5_percent,0.155005382131324,0.7969195664575014,0.32504546642303467
Random 5%,s2_random_5_percent,0.15536419088625764,0.7969195664575014,0.32483136653900146
Random 5%,s2_random_5_percent,0.15536419088625764,0.7974900171135196,0.3248296082019806
Random 5%,s2_random_5_percent,0.15554359526372444,0.7974900171135196,0.32476887106895447
Random 5%,s2_random_5_percent,0.15572299964119124,0.798060467769538,0.32463160157203674
Random 5%,s2_random_5_percent,0.15572299964119124,0.7986309184255562,0.3246055245399475
Random 5%,s2_random_5_percent,0.15590240401865804,0.7986309184255562,0.32418394088745117
Random 5%,s2_random_5_percent,0.15590240401865804,0.7992013690815745,0.3241593837738037
Random 5%,s2_random_5_percent,0.15644061715105848,0.7992013690815745,0.32415571808815
Random 5%,s2_random_5_percent,0.1569788302834589,0.7992013690815745,0.3230271637439728
Random 5%,s2_random_5_percent,0.15715823466092574,0.7997718197375927,0.32288655638694763
Random 5%,s2_random_5_percent,0.15733763903839254,0.7997718197375927,0.3227592408657074
Random 5%,s2_random_5_percent,0.15805525654825978,0.7997718197375927,0.3227384090423584
Random 5%,s2_random_5_percent,0.15895227843559384,0.7997718197375927,0.3216886520385742
Random 5%,s2_random_5_percent,0.15895227843559384,0.8009127210496292,0.3210934102535248
Random 5%,s2_random_5_percent,0.15931108719052745,0.8009127210496292,0.32074591517448425
Random 5%,s2_random_5_percent,0.15931108719052745,0.8014831717056474,0.3205855190753937
Random 5%,s2_random_5_percent,0.15949049156799425,0.8014831717056474,0.3201928436756134
Random 5%,s2_random_5_percent,0.15966989594546108,0.8020536223616657,0.3200150430202484
Random 5%,s2_random_5_percent,0.1602081090778615,0.8020536223616657,0.3195338249206543
Random 5%,s2_random_5_percent,0.1602081090778615,0.8031945236737023,0.3193632960319519
Random 5%,s2_random_5_percent,0.16164334409759598,0.8031945236737023,0.31685298681259155
Random 5%,s2_random_5_percent,0.16164334409759598,0.8037649743297205,0.3167201280593872
Random 5%,s2_random_5_percent,0.16218155722999641,0.8037649743297205,0.3161550760269165
Random 5%,s2_random_5_percent,0.16307857911733045,0.8043354249857387,0.3161529302597046
Random 5%,s2_random_5_percent,0.16307857911733045,0.804905875641757,0.31611064076423645
Random 5%,s2_random_5_percent,0.16343738787226408,0.804905875641757,0.31507766246795654
Random 5%,s2_random_5_percent,0.16343738787226408,0.8060467769537935,0.3146083652973175
Random 5%,s2_random_5_percent,0.16361679224973089,0.8060467769537935,0.3143025040626526
Random 5%,s2_random_5_percent,0.16397560100466452,0.8060467769537935,0.3142673969268799
Random 5%,s2_random_5_percent,0.16415500538213132,0.8060467769537935,0.31424790620803833
Random 5%,s2_random_5_percent,0.16451381413706495,0.8060467769537935,0.3141750991344452
Random 5%,s2_random_5_percent,0.16469321851453175,0.8066172276098118,0.3139333724975586
Random 5%,s2_random_5_percent,0.165410836024399,0.8066172276098118,0.31305915117263794
Random 5%,s2_random_5_percent,0.165410836024399,0.80718767826583,0.31216514110565186
Random 5%,s2_random_5_percent,0.16594904915679942,0.80718767826583,0.3115164637565613
Random 5%,s2_random_5_percent,0.16594904915679942,0.8083285795778665,0.31069520115852356
Random 5%,s2_random_5_percent,0.16666666666666666,0.8083285795778665,0.3089199364185333
Random 5%,s2_random_5_percent,0.16666666666666666,0.8088990302338848,0.30873748660087585
Random 5%,s2_random_5_percent,0.1668460710441335,0.8088990302338848,0.30846279859542847
Random 5%,s2_random_5_percent,0.1668460710441335,0.809469480889903,0.3082922101020813
Random 5%,s2_random_5_percent,0.1670254754216003,0.809469480889903,0.3082040846347809
Random 5%,s2_random_5_percent,0.1670254754216003,0.8106103822019395,0.3076421022415161
Random 5%,s2_random_5_percent,0.1672048797990671,0.8106103822019395,0.30758583545684814
Random 5%,s2_random_5_percent,0.1672048797990671,0.8111808328579578,0.30720657110214233
Random 5%,s2_random_5_percent,0.16828130606386796,0.8111808328579578,0.3059762120246887
Random 5%,s2_random_5_percent,0.1686401148188016,0.8111808328579578,0.30559441447257996
Random 5%,s2_random_5_percent,0.169178327951202,0.8111808328579578,0.3047739565372467
Random 5%,s2_random_5_percent,0.169178327951202,0.8123217341699943,0.3045384883880615
Random 5%,s2_random_5_percent,0.16935773232866883,0.8123217341699943,0.30445995926856995
Random 5%,s2_random_5_percent,0.16935773232866883,0.8128921848260126,0.3044164180755615
Random 5%,s2_random_5_percent,0.16953713670613563,0.8128921848260126,0.30440855026245117
Random 5%,s2_random_5_percent,0.16953713670613563,0.8134626354820308,0.30439868569374084
Random 5%,s2_random_5_percent,0.16971654108360243,0.8134626354820308,0.3042808771133423
Random 5%,s2_random_5_percent,0.16971654108360243,0.814033086138049,0.30420663952827454
Random 5%,s2_random_5_percent,0.17007534983853606,0.814033086138049,0.3038477599620819
Random 5%,s2_random_5_percent,0.17007534983853606,0.8146035367940673,0.30383262038230896
Random 5%,s2_random_5_percent,0.1704341585934697,0.8146035367940673,0.3034903407096863
Random 5%,s2_random_5_percent,0.1704341585934697,0.8151739874500855,0.30342429876327515
Random 5%,s2_random_5_percent,0.1707929673484033,0.8151739874500855,0.3026484549045563
Random 5%,s2_random_5_percent,0.1707929673484033,0.8163148887621221,0.30245646834373474
Random 5%,s2_random_5_percent,0.1709723717258701,0.8163148887621221,0.3021838366985321
Random 5%,s2_random_5_percent,0.1709723717258701,0.8174557900741586,0.30153053998947144
Random 5%,s2_random_5_percent,0.17204879799067097,0.8174557900741586,0.3007137179374695
Random 5%,s2_random_5_percent,0.1724076067456046,0.8174557900741586,0.300359845161438
Random 5%,s2_random_5_percent,0.1725870111230714,0.8174557900741586,0.3002623915672302
Random 5%,s2_random_5_percent,0.1725870111230714,0.8180262407301768,0.3000798225402832
Random 5%,s2_random_5_percent,0.17348403301040546,0.8180262407301768,0.29884329438209534
Random 5%,s2_random_5_percent,0.17348403301040546,0.8185966913861951,0.29805582761764526
Random 5%,s2_random_5_percent,0.1742016505202727,0.8185966913861951,0.2972361445426941
Random 5%,s2_random_5_percent,0.1743810548977395,0.8191671420422133,0.29688870906829834
Random 5%,s2_random_5_percent,0.1745604592752063,0.8191671420422133,0.2968837320804596
Random 5%,s2_random_5_percent,0.1745604592752063,0.8197375926982317,0.29662588238716125
Random 5%,s2_random_5_percent,0.17527807678507357,0.8197375926982317,0.2963813543319702
Random 5%,s2_random_5_percent,0.17527807678507357,0.8203080433542499,0.29598268866539
Random 5%,s2_random_5_percent,0.17545748116254037,0.8203080433542499,0.29589608311653137
Random 5%,s2_random_5_percent,0.17545748116254037,0.8214489446662864,0.29548341035842896
Random 5%,s2_random_5_percent,0.17563688554000717,0.8214489446662864,0.2954525947570801
Random 5%,s2_random_5_percent,0.17563688554000717,0.8220193953223046,0.29532086849212646
Random 5%,s2_random_5_percent,0.175816289917474,0.8220193953223046,0.29518604278564453
Random 5%,s2_random_5_percent,0.175816289917474,0.8225898459783229,0.29515665769577026
Random 5%,s2_random_5_percent,0.17689271618227484,0.8225898459783229,0.29423314332962036
Random 5%,s2_random_5_percent,0.17689271618227484,0.8231602966343411,0.29419273138046265
Random 5%,s2_random_5_percent,0.17743092931467527,0.8231602966343411,0.29377204179763794
Random 5%,s2_random_5_percent,0.17743092931467527,0.8237307472903593,0.2931859791278839
Random 5%,s2_random_5_percent,0.17832795120200934,0.8237307472903593,0.2924022972583771
Random 5%,s2_random_5_percent,0.17868675995694294,0.8237307472903593,0.29229703545570374
Random 5%,s2_random_5_percent,0.17886616433440977,0.8237307472903593,0.2919672727584839
Random 5%,s2_random_5_percent,0.17886616433440977,0.8248716486023959,0.2917082607746124
Random 5%,s2_random_5_percent,0.17940437746681018,0.8248716486023959,0.29143214225769043
Random 5%,s2_random_5_percent,0.17940437746681018,0.8260125499144324,0.29118087887763977
Random 5%,s2_random_5_percent,0.1799425905992106,0.8260125499144324,0.2903873920440674
Random 5%,s2_random_5_percent,0.1799425905992106,0.8265830005704506,0.2900967001914978
Random 5%,s2_random_5_percent,0.18030139935414424,0.8265830005704506,0.28907594084739685
Random 5%,s2_random_5_percent,0.18030139935414424,0.8271534512264689,0.28906702995300293
Random 5%,s2_random_5_percent,0.18048080373161104,0.8271534512264689,0.28884053230285645
Random 5%,s2_random_5_percent,0.18048080373161104,0.8277239018824871,0.28878435492515564
Random 5%,s2_random_5_percent,0.18066020810907787,0.8277239018824871,0.2883289158344269
Random 5%,s2_random_5_percent,0.18066020810907787,0.8282943525385055,0.2881655693054199
Random 5%,s2_random_5_percent,0.18209544312881235,0.8282943525385055,0.286723256111145
Random 5%,s2_random_5_percent,0.18209544312881235,0.829435253850542,0.28633275628089905
Random 5%,s2_random_5_percent,0.18263365626121278,0.829435253850542,0.28589051961898804
Random 5%,s2_random_5_percent,0.18263365626121278,0.8300057045065602,0.2858532667160034
Random 5%,s2_random_5_percent,0.18371008252601365,0.8300057045065602,0.2848423719406128
Random 5%,s2_random_5_percent,0.18371008252601365,0.8305761551625784,0.28460437059402466
Random 5%,s2_random_5_percent,0.18388948690348045,0.8305761551625784,0.2843132019042969
Random 5%,s2_random_5_percent,0.18460710441334768,0.8328579577866515,0.2839798331260681
Random 5%,s2_random_5_percent,0.18478650879081449,0.8328579577866515,0.2836649417877197
Random 5%,s2_random_5_percent,0.18478650879081449,0.8334284084426697,0.2836245596408844
Random 5%,s2_random_5_percent,0.18496591316828132,0.8334284084426697,0.2834761142730713
Random 5%,s2_random_5_percent,0.18532472192321492,0.8334284084426697,0.283232182264328
Random 5%,s2_random_5_percent,0.18532472192321492,0.833998859098688,0.2832319736480713
Random 5%,s2_random_5_percent,0.18675995694294942,0.833998859098688,0.2824862599372864
Random 5%,s2_random_5_percent,0.18675995694294942,0.8345693097547062,0.28237783908843994
Random 5%,s2_random_5_percent,0.18711876569788302,0.8345693097547062,0.2815198600292206
Random 5%,s2_random_5_percent,0.18711876569788302,0.8351397604107245,0.28146734833717346
Random 5%,s2_random_5_percent,0.18729817007534985,0.8351397604107245,0.28142619132995605
Random 5%,s2_random_5_percent,0.18729817007534985,0.8357102110667427,0.2814238965511322
Random 5%,s2_random_5_percent,0.18855400071761752,0.8357102110667427,0.2797606289386749
Random 5%,s2_random_5_percent,0.18855400071761752,0.8362806617227609,0.27931109070777893
Random 5%,s2_random_5_percent,0.189989235737352,0.8362806617227609,0.27804291248321533
Random 5%,s2_random_5_percent,0.19034804449228562,0.8362806617227609,0.277656227350235
Random 5%,s2_random_5_percent,0.19070685324721923,0.8362806617227609,0.2767789959907532
Random 5%,s2_random_5_percent,0.19070685324721923,0.8368511123787792,0.27639591693878174
Random 5%,s2_random_5_percent,0.19088625762468603,0.8368511123787792,0.2763917148113251
Random 5%,s2_random_5_percent,0.19088625762468603,0.8374215630347975,0.2763438820838928
Random 5%,s2_random_5_percent,0.19106566200215286,0.8374215630347975,0.2759990990161896
Random 5%,s2_random_5_percent,0.19106566200215286,0.8379920136908158,0.27588167786598206
Random 5%,s2_random_5_percent,0.19303911015428776,0.8379920136908158,0.27369505167007446
Random 5%,s2_random_5_percent,0.19303911015428776,0.838562464346834,0.2734444737434387
Random 5%,s2_random_5_percent,0.19465374955148906,0.838562464346834,0.2712181508541107
Random 5%,s2_random_5_percent,0.19483315392895587,0.8391329150028523,0.2710980772972107
Random 5%,s2_random_5_percent,0.19483315392895587,0.8397033656588705,0.2710503339767456
Random 5%,s2_random_5_percent,0.19573017581628993,0.8397033656588705,0.26976993680000305
Random 5%,s2_random_5_percent,0.19573017581628993,0.8402738163148887,0.2696778476238251
Random 5%,s2_random_5_percent,0.19590958019375673,0.8402738163148887,0.2695334851741791
Random 5%,s2_random_5_percent,0.19590958019375673,0.840844266970907,0.26918092370033264
Random 5%,s2_random_5_percent,0.19644779332615717,0.840844266970907,0.2689402401447296
Random 5%,s2_random_5_percent,0.19644779332615717,0.8419851682829436,0.268741250038147
Random 5%,s2_random_5_percent,0.19680660208109077,0.8419851682829436,0.26833903789520264
Random 5%,s2_random_5_percent,0.19680660208109077,0.8425556189389618,0.268326997756958
Random 5%,s2_random_5_percent,0.1971654108360244,0.8425556189389618,0.26754528284072876
Random 5%,s2_random_5_percent,0.1971654108360244,0.84312606959498,0.2674926519393921
Random 5%,s2_random_5_percent,0.19806243272335844,0.84312606959498,0.2664158344268799
Random 5%,s2_random_5_percent,0.19806243272335844,0.8436965202509983,0.2658914029598236
Random 5%,s2_random_5_percent,0.19824183710082527,0.8436965202509983,0.2656899690628052
Random 5%,s2_random_5_percent,0.19824183710082527,0.8442669709070165,0.26544177532196045
Random 5%,s2_random_5_percent,0.19860064585575887,0.8442669709070165,0.26515182852745056
Random 5%,s2_random_5_percent,0.19860064585575887,0.845407872219053,0.2647302746772766
Random 5%,s2_random_5_percent,0.20003588087549337,0.845407872219053,0.2632211744785309
Random 5%,s2_random_5_percent,0.20003588087549337,0.8459783228750714,0.2630384862422943
Random 5%,s2_random_5_percent,0.2007534983853606,0.8459783228750714,0.26215416193008423
Random 5%,s2_random_5_percent,0.2007534983853606,0.8465487735310896,0.26215124130249023
Random 5%,s2_random_5_percent,0.20182992465016147,0.8465487735310896,0.2609686851501465
Random 5%,s2_random_5_percent,0.20182992465016147,0.8471192241871078,0.26084262132644653
Random 5%,s2_random_5_percent,0.20200932902762828,0.8471192241871078,0.26075470447540283
Random 5%,s2_random_5_percent,0.20200932902762828,0.8488305761551626,0.2602498233318329
Random 5%,s2_random_5_percent,0.20344456404736275,0.8488305761551626,0.2596171498298645
Random 5%,s2_random_5_percent,0.20344456404736275,0.8494010268111808,0.2596091330051422
Random 5%,s2_random_5_percent,0.2043415859346968,0.8494010268111808,0.2578090727329254
Random 5%,s2_random_5_percent,0.20470039468963042,0.8494010268111808,0.25773218274116516
Random 5%,s2_random_5_percent,0.20541801219949768,0.8494010268111808,0.25761163234710693
Random 5%,s2_random_5_percent,0.20541801219949768,0.849971477467199,0.25712284445762634
Random 5%,s2_random_5_percent,0.20559741657696448,0.849971477467199,0.257041871547699
Random 5%,s2_random_5_percent,0.20559741657696448,0.8505419281232174,0.25700289011001587
Random 5%,s2_random_5_percent,0.20595622533189809,0.8505419281232174,0.25694021582603455
Random 5%,s2_random_5_percent,0.20595622533189809,0.8511123787792356,0.2566421627998352
Random 5%,s2_random_5_percent,0.20649443846429852,0.8511123787792356,0.25653699040412903
Random 5%,s2_random_5_percent,0.20685324721923215,0.8516828294352539,0.2562554180622101
Random 5%,s2_random_5_percent,0.20721205597416578,0.8516828294352539,0.25591790676116943
Random 5%,s2_random_5_percent,0.20739146035163258,0.8516828294352539,0.25520792603492737
Random 5%,s2_random_5_percent,0.20739146035163258,0.8528237307472903,0.2540753483772278
Random 5%,s2_random_5_percent,0.20757086472909939,0.8528237307472903,0.2539934813976288
Random 5%,s2_random_5_percent,0.20810907786149982,0.8533941814033086,0.253882497549057
Random 5%,s2_random_5_percent,0.20810907786149982,0.8539646320593268,0.2537069022655487
Random 5%,s2_random_5_percent,0.20864729099390025,0.8539646320593268,0.2525300085544586
Random 5%,s2_random_5_percent,0.20864729099390025,0.8545350827153452,0.25249743461608887
Random 5%,s2_random_5_percent,0.20882669537136705,0.8545350827153452,0.25228917598724365
Random 5%,s2_random_5_percent,0.20882669537136705,0.8556759840273817,0.25197577476501465
Random 5%,s2_random_5_percent,0.2093649085037675,0.8556759840273817,0.2514040172100067
Random 5%,s2_random_5_percent,0.2093649085037675,0.8562464346833999,0.25067728757858276
Random 5%,s2_random_5_percent,0.20972371725870112,0.8562464346833999,0.25021713972091675
Random 5%,s2_random_5_percent,0.20972371725870112,0.8568168853394181,0.25009146332740784
Random 5%,s2_random_5_percent,0.21187656978830283,0.8568168853394181,0.24755917489528656
Random 5%,s2_random_5_percent,0.21187656978830283,0.8573873359954364,0.24744784832000732
Random 5%,s2_random_5_percent,0.21241478292070326,0.8573873359954364,0.24710287153720856
Random 5%,s2_random_5_percent,0.21241478292070326,0.8579577866514546,0.24703168869018555
Random 5%,s2_random_5_percent,0.2127735916756369,0.8579577866514546,0.24678967893123627
Random 5%,s2_random_5_percent,0.2129529960531037,0.8579577866514546,0.2466064691543579
Random 5%,s2_random_5_percent,0.2129529960531037,0.8585282373074729,0.24643933773040771
Random 5%,s2_random_5_percent,0.21510584858270543,0.8585282373074729,0.2443179190158844
Random 5%,s2_random_5_percent,0.21510584858270543,0.8590986879634912,0.2441634088754654
Random 5%,s2_random_5_percent,0.21564406171510586,0.8590986879634912,0.24389035999774933
Random 5%,s2_random_5_percent,0.2163616792249731,0.8590986879634912,0.24367578327655792
Random 5%,s2_random_5_percent,0.2167204879799067,0.8590986879634912,0.243644580245018
Random 5%,s2_random_5_percent,0.21707929673484033,0.8590986879634912,0.243459090590477
Random 5%,s2_random_5_percent,0.21743810548977396,0.8590986879634912,0.24309930205345154
Random 5%,s2_random_5_percent,0.21743810548977396,0.8596691386195094,0.2420559823513031
Random 5%,s2_random_5_percent,0.21761750986724077,0.8596691386195094,0.2418929636478424
Random 5%,s2_random_5_percent,0.21797631862217437,0.8596691386195094,0.24177363514900208
Random 5%,s2_random_5_percent,0.21941155364190887,0.8596691386195094,0.24072960019111633
Random 5%,s2_random_5_percent,0.21941155364190887,0.8602395892755277,0.2406708151102066
Random 5%,s2_random_5_percent,0.21959095801937567,0.8602395892755277,0.24058157205581665
Random 5%,s2_random_5_percent,0.2199497667743093,0.8602395892755277,0.23994940519332886
Random 5%,s2_random_5_percent,0.22048797990670974,0.8602395892755277,0.23970498144626617
Random 5%,s2_random_5_percent,0.22048797990670974,0.8613804905875642,0.23952674865722656
Random 5%,s2_random_5_percent,0.2219232149264442,0.8613804905875642,0.23875164985656738
Random 5%,s2_random_5_percent,0.2219232149264442,0.8619509412435824,0.2384313941001892
Random 5%,s2_random_5_percent,0.22282023681377824,0.8619509412435824,0.23775529861450195
Random 5%,s2_random_5_percent,0.22282023681377824,0.8625213918996006,0.2376926690340042
Random 5%,s2_random_5_percent,0.22335844994617868,0.8625213918996006,0.2365640550851822
Random 5%,s2_random_5_percent,0.22335844994617868,0.863091842555619,0.23651058971881866
Random 5%,s2_random_5_percent,0.2237172587011123,0.863091842555619,0.23610274493694305
Random 5%,s2_random_5_percent,0.2237172587011123,0.8636622932116372,0.2360614538192749
Random 5%,s2_random_5_percent,0.22515249372084678,0.8636622932116372,0.23469196259975433
Random 5%,s2_random_5_percent,0.2253318980983136,0.8642327438676555,0.23468834161758423
Random 5%,s2_random_5_percent,0.22640832436311445,0.8642327438676555,0.23360750079154968
Random 5%,s2_random_5_percent,0.22640832436311445,0.8648031945236737,0.2334212064743042
Random 5%,s2_random_5_percent,0.22658772874058128,0.8648031945236737,0.23305508494377136
Random 5%,s2_random_5_percent,0.22658772874058128,0.865373645179692,0.23304428160190582
Random 5%,s2_random_5_percent,0.22676713311804808,0.865373645179692,0.23262181878089905
Random 5%,s2_random_5_percent,0.22676713311804808,0.8659440958357102,0.23255859315395355
Random 5%,s2_random_5_percent,0.2271259418729817,0.8659440958357102,0.23221971094608307
Random 5%,s2_random_5_percent,0.2271259418729817,0.8665145464917284,0.23221805691719055
Random 5%,s2_random_5_percent,0.22784355938284895,0.8665145464917284,0.23138487339019775
Random 5%,s2_random_5_percent,0.22784355938284895,0.8670849971477467,0.2313423603773117
Random 5%,s2_random_5_percent,0.22856117689271618,0.8670849971477467,0.23052501678466797
Random 5%,s2_random_5_percent,0.22856117689271618,0.867655447803765,0.23035240173339844
Random 5%,s2_random_5_percent,0.22891998564764982,0.867655447803765,0.22949756681919098
Random 5%,s2_random_5_percent,0.22891998564764982,0.8682258984597833,0.22910474240779877
Random 5%,s2_random_5_percent,0.22981700753498385,0.8682258984597833,0.22782951593399048
Random 5%,s2_random_5_percent,0.22981700753498385,0.8693667997718197,0.2273155152797699
Random 5%,s2_random_5_percent,0.22999641191245065,0.8693667997718197,0.22720730304718018
Random 5%,s2_random_5_percent,0.22999641191245065,0.869937250427838,0.22631338238716125
Random 5%,s2_random_5_percent,0.23017581628991748,0.869937250427838,0.22594735026359558
Random 5%,s2_random_5_percent,0.23161105130965196,0.8705077010838562,0.2258201241493225
Random 5%,s2_random_5_percent,0.23161105130965196,0.8716486023958927,0.2255530208349228
Random 5%,s2_random_5_percent,0.2319698600645856,0.8716486023958927,0.22486039996147156
Random 5%,s2_random_5_percent,0.2319698600645856,0.872219053051911,0.22416357696056366
Random 5%,s2_random_5_percent,0.23268747757445282,0.872219053051911,0.22324097156524658
Random 5%,s2_random_5_percent,0.23268747757445282,0.8727895037079293,0.22322875261306763
Random 5%,s2_random_5_percent,0.23340509508432006,0.8727895037079293,0.22229161858558655
Random 5%,s2_random_5_percent,0.23340509508432006,0.8733599543639475,0.22153787314891815
Random 5%,s2_random_5_percent,0.23358449946178686,0.8739304050199658,0.22140440344810486
Random 5%,s2_random_5_percent,0.23358449946178686,0.874500855675984,0.2210381031036377
Random 5%,s2_random_5_percent,0.23501973448152136,0.874500855675984,0.21992135047912598
Random 5%,s2_random_5_percent,0.23501973448152136,0.8750713063320023,0.2198844999074936
Random 5%,s2_random_5_percent,0.2359167563688554,0.8750713063320023,0.2194143682718277
Random 5%,s2_random_5_percent,0.23645496950125583,0.8750713063320023,0.21939830482006073
Random 5%,s2_random_5_percent,0.23717258701112306,0.8750713063320023,0.21851478517055511
Random 5%,s2_random_5_percent,0.23717258701112306,0.8756417569880205,0.21819505095481873
Random 5%,s2_random_5_percent,0.2375313957660567,0.8756417569880205,0.2181725651025772
Random 5%,s2_random_5_percent,0.2375313957660567,0.8762122076440388,0.21815675497055054
Random 5%,s2_random_5_percent,0.23824901327592393,0.8762122076440388,0.21732006967067719
Random 5%,s2_random_5_percent,0.23824901327592393,0.8767826583000571,0.2173101007938385
Random 5%,s2_random_5_percent,0.2393254395407248,0.8767826583000571,0.2166653424501419
Random 5%,s2_random_5_percent,0.2393254395407248,0.8773531089560753,0.21628108620643616
Random 5%,s2_random_5_percent,0.2395048439181916,0.8773531089560753,0.2161591798067093
Random 5%,s2_random_5_percent,0.2395048439181916,0.8779235596120936,0.21606476604938507
Random 5%,s2_random_5_percent,0.2396842482956584,0.8779235596120936,0.21570128202438354
Random 5%,s2_random_5_percent,0.2396842482956584,0.8784940102681118,0.2156042605638504
Random 5%,s2_random_5_percent,0.24004305705059203,0.8784940102681118,0.21549463272094727
Random 5%,s2_random_5_percent,0.24004305705059203,0.87906446092413,0.21544784307479858
Random 5%,s2_random_5_percent,0.24076067456045927,0.87906446092413,0.21484598517417908
Random 5%,s2_random_5_percent,0.24094007893792607,0.8796349115801483,0.2147524356842041
Random 5%,s2_random_5_percent,0.24165769644779334,0.8796349115801483,0.21407657861709595
Random 5%,s2_random_5_percent,0.24165769644779334,0.8802053622361665,0.2140568345785141
Random 5%,s2_random_5_percent,0.24273412271259417,0.8802053622361665,0.21273303031921387
Random 5%,s2_random_5_percent,0.24273412271259417,0.8807758128921849,0.2126636505126953
Random 5%,s2_random_5_percent,0.2430929314675278,0.8807758128921849,0.21205681562423706
Random 5%,s2_random_5_percent,0.2430929314675278,0.8813462635482031,0.2119981050491333
Random 5%,s2_random_5_percent,0.2432723358449946,0.8813462635482031,0.21191731095314026
Random 5%,s2_random_5_percent,0.2432723358449946,0.8830576155162578,0.21114741265773773
Random 5%,s2_random_5_percent,0.24381054897739504,0.8830576155162578,0.21093173325061798
Random 5%,s2_random_5_percent,0.24381054897739504,0.8836280661722761,0.21054105460643768
Random 5%,s2_random_5_percent,0.24398995335486187,0.8836280661722761,0.21053747832775116
Random 5%,s2_random_5_percent,0.24398995335486187,0.8847689674843126,0.21052706241607666
Random 5%,s2_random_5_percent,0.2450663796196627,0.8847689674843126,0.2092183530330658
Random 5%,s2_random_5_percent,0.2450663796196627,0.8853394181403309,0.20913289487361908
Random 5%,s2_random_5_percent,0.24542518837459634,0.8853394181403309,0.20851635932922363
Random 5%,s2_random_5_percent,0.24542518837459634,0.8859098687963491,0.20844747126102448
Random 5%,s2_random_5_percent,0.2465016146393972,0.8859098687963491,0.20785877108573914
Random 5%,s2_random_5_percent,0.2465016146393972,0.8864803194523674,0.2078511118888855
Random 5%,s2_random_5_percent,0.246681019016864,0.8864803194523674,0.20773540437221527
Random 5%,s2_random_5_percent,0.246681019016864,0.8870507701083856,0.20771728456020355
Random 5%,s2_random_5_percent,0.2468604233943308,0.8870507701083856,0.20752711594104767
Random 5%,s2_random_5_percent,0.2468604233943308,0.8876212207644039,0.20751097798347473
Random 5%,s2_random_5_percent,0.24721923214926445,0.8876212207644039,0.20660242438316345
Random 5%,s2_random_5_percent,0.24757804090419805,0.8887621220764403,0.2060452103614807
Random 5%,s2_random_5_percent,0.24793684965913168,0.8887621220764403,0.20598672330379486
Random 5%,s2_random_5_percent,0.24865446716899892,0.8887621220764403,0.20552890002727509
Random 5%,s2_random_5_percent,0.24865446716899892,0.8893325727324587,0.20533226430416107
Random 5%,s2_random_5_percent,0.24973089343379978,0.8893325727324587,0.2042340487241745
Random 5%,s2_random_5_percent,0.2500897021887334,0.8893325727324587,0.2038593590259552
Random 5%,s2_random_5_percent,0.2500897021887334,0.8899030233884769,0.2037906050682068
Random 5%,s2_random_5_percent,0.2502691065662002,0.8899030233884769,0.20368123054504395
Random 5%,s2_random_5_percent,0.2502691065662002,0.8904734740444952,0.20364589989185333
Random 5%,s2_random_5_percent,0.25044851094366705,0.8904734740444952,0.2035784125328064
Random 5%,s2_random_5_percent,0.25044851094366705,0.8910439247005134,0.20332151651382446
Random 5%,s2_random_5_percent,0.2522425547183351,0.8910439247005134,0.201201930642128
Random 5%,s2_random_5_percent,0.2522425547183351,0.8916143753565317,0.20107939839363098
Random 5%,s2_random_5_percent,0.2526013634732687,0.8916143753565317,0.20058347284793854
Random 5%,s2_random_5_percent,0.2526013634732687,0.8927552766685681,0.2005590945482254
Random 5%,s2_random_5_percent,0.25278076785073555,0.8933257273245864,0.20014628767967224
Random 5%,s2_random_5_percent,0.25313957660566916,0.8933257273245864,0.20003604888916016
Random 5%,s2_random_5_percent,0.2538571941155364,0.8933257273245864,0.1992480605840683
Random 5%,s2_random_5_percent,0.2538571941155364,0.8938961779806047,0.1991392970085144
Random 5%,s2_random_5_percent,0.25421600287047,0.8938961779806047,0.19873352348804474
Random 5%,s2_random_5_percent,0.25421600287047,0.894466628636623,0.1985754519701004
Random 5%,s2_random_5_percent,0.25439540724793686,0.894466628636623,0.19831684231758118
Random 5%,s2_random_5_percent,0.25439540724793686,0.8950370792926412,0.19829502701759338
Random 5%,s2_random_5_percent,0.2565482597775386,0.8950370792926412,0.19628731906414032
Random 5%,s2_random_5_percent,0.2565482597775386,0.8956075299486594,0.19620011746883392
Random 5%,s2_random_5_percent,0.25672766415500536,0.8956075299486594,0.19609737396240234
Random 5%,s2_random_5_percent,0.25672766415500536,0.8961779806046777,0.19604498147964478
Random 5%,s2_random_5_percent,0.2569070685324722,0.8961779806046777,0.195133239030838
Random 5%,s2_random_5_percent,0.2569070685324722,0.8967484312606959,0.19469240307807922
Random 5%,s2_random_5_percent,0.25762468604233946,0.8967484312606959,0.19431637227535248
Random 5%,s2_random_5_percent,0.25762468604233946,0.8973188819167142,0.19419050216674805
Random 5%,s2_random_5_percent,0.25798349479727306,0.8973188819167142,0.19410310685634613
Random 5%,s2_random_5_percent,0.25834230355220666,0.8973188819167142,0.19403627514839172
Random 5%,s2_random_5_percent,0.25941872981700753,0.8973188819167142,0.19316606223583221
Random 5%,s2_random_5_percent,0.25977753857194114,0.8973188819167142,0.19308650493621826
Random 5%,s2_random_5_percent,0.26139217796914244,0.8973188819167142,0.19050930440425873
Random 5%,s2_random_5_percent,0.26139217796914244,0.8978893325727325,0.19043216109275818
Random 5%,s2_random_5_percent,0.2622891998564765,0.8978893325727325,0.1897582858800888
Random 5%,s2_random_5_percent,0.26264800861141013,0.8978893325727325,0.18952687084674835
Random 5%,s2_random_5_percent,0.26336562612127734,0.8978893325727325,0.18928050994873047
Random 5%,s2_random_5_percent,0.26336562612127734,0.8996006845407872,0.18894796073436737
Random 5%,s2_random_5_percent,0.2664155005382131,0.8996006845407872,0.1872597485780716
Random 5%,s2_random_5_percent,0.2664155005382131,0.9001711351968055,0.1871061772108078
Random 5%,s2_random_5_percent,0.2676713311804808,0.9001711351968055,0.18568207323551178
Random 5%,s2_random_5_percent,0.2676713311804808,0.9007415858528237,0.1853940188884735
Random 5%,s2_random_5_percent,0.26820954431288124,0.9007415858528237,0.1851479709148407
Random 5%,s2_random_5_percent,0.26820954431288124,0.901312036508842,0.18514566123485565
Random 5%,s2_random_5_percent,0.2700035880875493,0.901312036508842,0.18377916514873505
Random 5%,s2_random_5_percent,0.2700035880875493,0.9018824871648602,0.18376055359840393
Random 5%,s2_random_5_percent,0.2707212055974166,0.9018824871648602,0.1828392595052719
Random 5%,s2_random_5_percent,0.2707212055974166,0.9024529378208785,0.182723268866539
Random 5%,s2_random_5_percent,0.2719770362396842,0.9024529378208785,0.18220050632953644
Random 5%,s2_random_5_percent,0.2719770362396842,0.9047347404449515,0.1811814159154892
Random 5%,s2_random_5_percent,0.2723358449946179,0.9047347404449515,0.18099038302898407
Random 5%,s2_random_5_percent,0.2723358449946179,0.9053051911009697,0.1809709370136261
Random 5%,s2_random_5_percent,0.2726946537495515,0.9053051911009697,0.18088829517364502
Random 5%,s2_random_5_percent,0.2726946537495515,0.905875641756988,0.18077422678470612
Random 5%,s2_random_5_percent,0.2732328668819519,0.905875641756988,0.1804359406232834
Random 5%,s2_random_5_percent,0.2732328668819519,0.9064460924130062,0.18028131127357483
Random 5%,s2_random_5_percent,0.27538571941155365,0.9064460924130062,0.17870695888996124
Random 5%,s2_random_5_percent,0.27538571941155365,0.9070165430690246,0.17844942212104797
Random 5%,s2_random_5_percent,0.27574452816648726,0.9070165430690246,0.178057461977005
Random 5%,s2_random_5_percent,0.27610333692142086,0.9070165430690246,0.17802096903324127
Random 5%,s2_random_5_percent,0.2762827412988877,0.9070165430690246,0.17787650227546692
Random 5%,s2_random_5_percent,0.2762827412988877,0.9075869937250428,0.17785529792308807
Random 5%,s2_random_5_percent,0.27771797631862216,0.9075869937250428,0.17665022611618042
Random 5%,s2_random_5_percent,0.27771797631862216,0.908157444381061,0.17658476531505585
Random 5%,s2_random_5_percent,0.2780767850735558,0.908157444381061,0.1758929193019867
Random 5%,s2_random_5_percent,0.2780767850735558,0.9087278950370793,0.1758802831172943
Random 5%,s2_random_5_percent,0.2782561894510226,0.9087278950370793,0.1757514476776123
Random 5%,s2_random_5_percent,0.2786149982059562,0.9087278950370793,0.17564396560192108
Random 5%,s2_random_5_percent,0.2798708288482239,0.9087278950370793,0.1747235804796219
Random 5%,s2_random_5_percent,0.2798708288482239,0.9092983456930975,0.17460975050926208
Random 5%,s2_random_5_percent,0.2800502332256907,0.9092983456930975,0.17457528412342072
Random 5%,s2_random_5_percent,0.2800502332256907,0.9098687963491158,0.17453093826770782
Random 5%,s2_random_5_percent,0.28076785073555793,0.9098687963491158,0.17391259968280792
Random 5%,s2_random_5_percent,0.2814854682454252,0.9098687963491158,0.17387622594833374
Random 5%,s2_random_5_percent,0.28274129888769284,0.9098687963491158,0.17256097495555878
Random 5%,s2_random_5_percent,0.28274129888769284,0.910439247005134,0.17245642840862274
Random 5%,s2_random_5_percent,0.28489415141729457,0.910439247005134,0.17058897018432617
Random 5%,s2_random_5_percent,0.28489415141729457,0.9110096976611524,0.1704617589712143
Random 5%,s2_random_5_percent,0.28561176892716184,0.9110096976611524,0.1697639673948288
Random 5%,s2_random_5_percent,0.28561176892716184,0.9115801483171706,0.1691202074289322
Random 5%,s2_random_5_percent,0.288302834589164,0.9115801483171706,0.16663891077041626
Random 5%,s2_random_5_percent,0.288302834589164,0.9127210496292071,0.16644452512264252
Random 5%,s2_random_5_percent,0.2884822389666308,0.9127210496292071,0.16614851355552673
Random 5%,s2_random_5_percent,0.2884822389666308,0.9132915002852253,0.16612492501735687
Random 5%,s2_random_5_percent,0.2888410477215644,0.9132915002852253,0.16601485013961792
Random 5%,s2_random_5_percent,0.28919985647649804,0.9132915002852253,0.1658410131931305
Random 5%,s2_random_5_percent,0.28919985647649804,0.9138619509412436,0.1657182276248932
Random 5%,s2_random_5_percent,0.2897380696088985,0.9138619509412436,0.16551445424556732
Random 5%,s2_random_5_percent,0.2897380696088985,0.9144324015972618,0.16543640196323395
Random 5%,s2_random_5_percent,0.2900968783638321,0.9144324015972618,0.1652165651321411
Random 5%,s2_random_5_percent,0.2900968783638321,0.91500285225328,0.16497313976287842
Random 5%,s2_random_5_percent,0.2913527090060998,0.91500285225328,0.16437996923923492
Random 5%,s2_random_5_percent,0.2913527090060998,0.9155733029092984,0.1640637367963791
Random 5%,s2_random_5_percent,0.29278794402583425,0.9155733029092984,0.16303960978984833
Random 5%,s2_random_5_percent,0.29278794402583425,0.9161437535653166,0.1630227118730545
Random 5%,s2_random_5_percent,0.29314675278076785,0.9161437535653166,0.16255979239940643
Random 5%,s2_random_5_percent,0.29314675278076785,0.9167142042213349,0.16237351298332214
Random 5%,s2_random_5_percent,0.29350556153570145,0.9167142042213349,0.16215015947818756
Random 5%,s2_random_5_percent,0.29350556153570145,0.9178551055333714,0.16193661093711853
Random 5%,s2_random_5_percent,0.2942231790455687,0.9178551055333714,0.1617019772529602
Random 5%,s2_random_5_percent,0.2942231790455687,0.9184255561893896,0.16159608960151672
Random 5%,s2_random_5_percent,0.2960172228202368,0.9184255561893896,0.1599869579076767
Random 5%,s2_random_5_percent,0.2965554359526372,0.9184255561893896,0.1598452478647232
Random 5%,s2_random_5_percent,0.2965554359526372,0.9189960068454078,0.15949128568172455
Random 5%,s2_random_5_percent,0.29673484033010405,0.9189960068454078,0.1593371033668518
Random 5%,s2_random_5_percent,0.29709364908503766,0.9189960068454078,0.15919457376003265
Random 5%,s2_random_5_percent,0.2994259059921062,0.9189960068454078,0.15686428546905518
Random 5%,s2_random_5_percent,0.2994259059921062,0.9195664575014262,0.15671458840370178
Random 5%,s2_random_5_percent,0.2997847147470398,0.9195664575014262,0.1564776599407196
Random 5%,s2_random_5_percent,0.30014352350197343,0.9195664575014262,0.15643170475959778
Random 5%,s2_random_5_percent,0.30032292787944026,0.9195664575014262,0.1560930460691452
Random 5%,s2_random_5_percent,0.30032292787944026,0.9207073588134627,0.1559419482946396
Random 5%,s2_random_5_percent,0.30068173663437386,0.9207073588134627,0.15578758716583252
Random 5%,s2_random_5_percent,0.30068173663437386,0.9212778094694809,0.15545567870140076
Random 5%,s2_random_5_percent,0.3010405453893075,0.9212778094694809,0.15512001514434814
Random 5%,s2_random_5_percent,0.3010405453893075,0.9229891614375356,0.15482893586158752
Random 5%,s2_random_5_percent,0.30229637603157516,0.9229891614375356,0.1536736637353897
Random 5%,s2_random_5_percent,0.30229637603157516,0.9235596120935539,0.15349723398685455
Random 5%,s2_random_5_percent,0.3031933979189092,0.9235596120935539,0.15240220725536346
Random 5%,s2_random_5_percent,0.3031933979189092,0.9241300627495722,0.15237632393836975
Random 5%,s2_random_5_percent,0.30391101542877647,0.9241300627495722,0.1519637107849121
Random 5%,s2_random_5_percent,0.30391101542877647,0.9252709640616087,0.1517070233821869
Random 5%,s2_random_5_percent,0.3051668460710441,0.9252709640616087,0.15103191137313843
Random 5%,s2_random_5_percent,0.3051668460710441,0.9264118653736452,0.1509605497121811
Random 5%,s2_random_5_percent,0.30552565482597777,0.9264118653736452,0.15087635815143585
Random 5%,s2_random_5_percent,0.30552565482597777,0.9281232173416999,0.15034376084804535
Random 5%,s2_random_5_percent,0.3060638679583782,0.9281232173416999,0.15004608035087585
Random 5%,s2_random_5_percent,0.3060638679583782,0.9286936679977182,0.15000036358833313
Random 5%,s2_random_5_percent,0.306243272335845,0.9286936679977182,0.14998629689216614
Random 5%,s2_random_5_percent,0.306243272335845,0.9292641186537365,0.14991964399814606
Random 5%,s2_random_5_percent,0.30696088984571224,0.9292641186537365,0.14960689842700958
Random 5%,s2_random_5_percent,0.30696088984571224,0.9298345693097547,0.1495356559753418
Random 5%,s2_random_5_percent,0.30731969860064584,0.9298345693097547,0.1492367535829544
Random 5%,s2_random_5_percent,0.30731969860064584,0.930405019965773,0.1492244005203247
Random 5%,s2_random_5_percent,0.31072838177251527,0.930405019965773,0.14483575522899628
Random 5%,s2_random_5_percent,0.31072838177251527,0.9309754706217912,0.14481782913208008
Random 5%,s2_random_5_percent,0.3110871905274489,0.9309754706217912,0.1446356177330017
Random 5%,s2_random_5_percent,0.3110871905274489,0.9315459212778094,0.14462541043758392
Random 5%,s2_random_5_percent,0.31216361679224974,0.9315459212778094,0.14335523545742035
Random 5%,s2_random_5_percent,0.31216361679224974,0.9321163719338277,0.14334949851036072
Random 5%,s2_random_5_percent,0.3132400430570506,0.9321163719338277,0.14276574552059174
Random 5%,s2_random_5_percent,0.3132400430570506,0.932686822589846,0.1423988789319992
Random 5%,s2_random_5_percent,0.3134194474345174,0.932686822589846,0.1423698216676712
Random 5%,s2_random_5_percent,0.3134194474345174,0.9332572732458643,0.1423283815383911
Random 5%,s2_random_5_percent,0.31664872622892,0.9332572732458643,0.13971172273159027
Random 5%,s2_random_5_percent,0.31664872622892,0.9338277239018825,0.13958148658275604
Random 5%,s2_random_5_percent,0.3170075349838536,0.9338277239018825,0.1394084095954895
Random 5%,s2_random_5_percent,0.3170075349838536,0.9343981745579008,0.13939222693443298
Random 5%,s2_random_5_percent,0.3205956225331898,0.9343981745579008,0.1364501714706421
Random 5%,s2_random_5_percent,0.3205956225331898,0.934968625213919,0.13634036481380463
Random 5%,s2_random_5_percent,0.32095443128812345,0.934968625213919,0.1356682926416397
Random 5%,s2_random_5_percent,0.32095443128812345,0.9355390758699372,0.13550664484500885
Random 5%,s2_random_5_percent,0.32310728381772513,0.9355390758699372,0.13376708328723907
Random 5%,s2_random_5_percent,0.3234660925726588,0.9355390758699372,0.1336217224597931
Random 5%,s2_random_5_percent,0.3238249013275924,0.9355390758699372,0.1335553675889969
Random 5%,s2_random_5_percent,0.3238249013275924,0.9361095265259555,0.1333579421043396
Random 5%,s2_random_5_percent,0.3240043057050592,0.9361095265259555,0.13328061997890472
Random 5%,s2_random_5_percent,0.324183710082526,0.9366799771819737,0.13321366906166077
Random 5%,s2_random_5_percent,0.32651596698959456,0.9366799771819737,0.13055497407913208
Random 5%,s2_random_5_percent,0.32651596698959456,0.9372504278379921,0.13043718039989471
Random 5%,s2_random_5_percent,0.327054180121995,0.9372504278379921,0.13028031587600708
Random 5%,s2_random_5_percent,0.327054180121995,0.9378208784940103,0.13000066578388214
Random 5%,s2_random_5_percent,0.32831001076426264,0.9378208784940103,0.12892380356788635
Random 5%,s2_random_5_percent,0.32831001076426264,0.9383913291500285,0.12891194224357605
Random 5%,s2_random_5_percent,0.32866881951919624,0.9383913291500285,0.12884078919887543
Random 5%,s2_random_5_percent,0.32866881951919624,0.939532230462065,0.12870466709136963
Random 5%,s2_random_5_percent,0.32884822389666307,0.939532230462065,0.1284748911857605
Random 5%,s2_random_5_percent,0.32884822389666307,0.9406731317741015,0.12841904163360596
Random 5%,s2_random_5_percent,0.3292070326515967,0.9406731317741015,0.12789694964885712
Random 5%,s2_random_5_percent,0.3292070326515967,0.9412435824301197,0.12754590809345245
Random 5%,s2_random_5_percent,0.33028345891639754,0.9412435824301197,0.1263609230518341
Random 5%,s2_random_5_percent,0.33028345891639754,0.9418140330861381,0.1263127326965332
Random 5%,s2_random_5_percent,0.33118048080373164,0.9418140330861381,0.12538552284240723
Random 5%,s2_random_5_percent,0.33118048080373164,0.9423844837421563,0.12484290450811386
Random 5%,s2_random_5_percent,0.3313598851811984,0.9423844837421563,0.12483527511358261
Random 5%,s2_random_5_percent,0.3313598851811984,0.9429549343981746,0.12472715973854065
Random 5%,s2_random_5_percent,0.3324363114459993,0.9429549343981746,0.12444496154785156
Random 5%,s2_random_5_percent,0.3324363114459993,0.9435253850541928,0.1242910698056221
Random 5%,s2_random_5_percent,0.334589163975601,0.9435253850541928,0.12245485186576843
Random 5%,s2_random_5_percent,0.334589163975601,0.944095835710211,0.12241445481777191
Random 5%,s2_random_5_percent,0.3369214208826695,0.944095835710211,0.1211792454123497
Random 5%,s2_random_5_percent,0.3369214208826695,0.9446662863662293,0.1210864707827568
Random 5%,s2_random_5_percent,0.3376390383925368,0.9446662863662293,0.12092886120080948
Random 5%,s2_random_5_percent,0.3379978471474704,0.9452367370222475,0.12088537961244583
Random 5%,s2_random_5_percent,0.3385360602798708,0.9452367370222475,0.12021981924772263
Random 5%,s2_random_5_percent,0.3388948690348044,0.9452367370222475,0.12012831121683121
Random 5%,s2_random_5_percent,0.33907427341227125,0.9452367370222475,0.12005989253520966
Random 5%,s2_random_5_percent,0.33907427341227125,0.9458071876782659,0.1199818104505539
Random 5%,s2_random_5_percent,0.3392536777897381,0.9458071876782659,0.11966922879219055
Random 5%,s2_random_5_percent,0.3392536777897381,0.9469480889903024,0.11932480335235596
Random 5%,s2_random_5_percent,0.3399712952996053,0.9469480889903024,0.11923673748970032
Random 5%,s2_random_5_percent,0.3399712952996053,0.9480889903023388,0.11887216567993164
Random 5%,s2_random_5_percent,0.3444564047362756,0.9480889903023388,0.11559142172336578
Random 5%,s2_random_5_percent,0.3444564047362756,0.9492298916143753,0.11555612087249756
Random 5%,s2_random_5_percent,0.34463580911374236,0.9492298916143753,0.11532936990261078
Random 5%,s2_random_5_percent,0.34463580911374236,0.9498003422703936,0.11528027057647705
Random 5%,s2_random_5_percent,0.3485827054180122,0.9498003422703936,0.112637460231781
Random 5%,s2_random_5_percent,0.3485827054180122,0.9509412435824302,0.1123429462313652
Random 5%,s2_random_5_percent,0.34947972730534627,0.9509412435824302,0.11195245385169983
Random 5%,s2_random_5_percent,0.34947972730534627,0.9515116942384484,0.11190932244062424
Random 5%,s2_random_5_percent,0.3537854323645497,0.9515116942384484,0.10975492745637894
Random 5%,s2_random_5_percent,0.3537854323645497,0.9520821448944666,0.1097489669919014
Random 5%,s2_random_5_percent,0.3543236454969501,0.9520821448944666,0.10959982872009277
Random 5%,s2_random_5_percent,0.35486185862935055,0.9520821448944666,0.1095094084739685
Random 5%,s2_random_5_percent,0.3557588805166846,0.9520821448944666,0.10912644118070602
Random 5%,s2_random_5_percent,0.3557588805166846,0.9526525955504849,0.10912565886974335
Random 5%,s2_random_5_percent,0.3570147111589523,0.9526525955504849,0.10815495252609253
Random 5%,s2_random_5_percent,0.3570147111589523,0.9537934968625214,0.108069509267807
Random 5%,s2_random_5_percent,0.35773232866881954,0.9537934968625214,0.106854148209095
Random 5%,s2_random_5_percent,0.35773232866881954,0.9543639475185397,0.1066790521144867
Random 5%,s2_random_5_percent,0.3586293505561536,0.9543639475185397,0.10608670860528946
Random 5%,s2_random_5_percent,0.3586293505561536,0.9549343981745579,0.10606518387794495
Random 5%,s2_random_5_percent,0.35880875493362036,0.9549343981745579,0.10598037391901016
Random 5%,s2_random_5_percent,0.35880875493362036,0.9555048488305762,0.10577156394720078
Random 5%,s2_random_5_percent,0.359167563688554,0.9555048488305762,0.10566472262144089
Random 5%,s2_random_5_percent,0.359167563688554,0.9560752994865944,0.10561604052782059
Random 5%,s2_random_5_percent,0.36006458557588805,0.9560752994865944,0.1050499975681305
Random 5%,s2_random_5_percent,0.36006458557588805,0.9566457501426127,0.1049080416560173
Random 5%,s2_random_5_percent,0.3622174381054898,0.9566457501426127,0.10426416993141174
Random 5%,s2_random_5_percent,0.3622174381054898,0.9572162007986309,0.10424774885177612
Random 5%,s2_random_5_percent,0.3627556512378902,0.9572162007986309,0.10337674617767334
Random 5%,s2_random_5_percent,0.3627556512378902,0.9577866514546491,0.10336969792842865
Random 5%,s2_random_5_percent,0.362935055615357,0.9577866514546491,0.10332991182804108
Random 5%,s2_random_5_percent,0.36329386437029065,0.9577866514546491,0.10329074412584305
Random 5%,s2_random_5_percent,0.3643702906350915,0.9577866514546491,0.10260026156902313
Random 5%,s2_random_5_percent,0.3643702906350915,0.9583571021106674,0.10258274525403976
Random 5%,s2_random_5_percent,0.3647290993900251,0.9583571021106674,0.10229570418596268
Random 5%,s2_random_5_percent,0.3647290993900251,0.9589275527666857,0.10216198116540909
Random 5%,s2_random_5_percent,0.3663437387872264,0.9589275527666857,0.10141994804143906
Random 5%,s2_random_5_percent,0.3663437387872264,0.959498003422704,0.10126698017120361
Random 5%,s2_random_5_percent,0.36670254754216003,0.959498003422704,0.10116453468799591
Random 5%,s2_random_5_percent,0.36670254754216003,0.9600684540787222,0.10116420686244965
Random 5%,s2_random_5_percent,0.36867599569429493,0.9600684540787222,0.10048234462738037
Random 5%,s2_random_5_percent,0.36867599569429493,0.9606389047347405,0.10040897130966187
Random 5%,s2_random_5_percent,0.36993182633656263,0.9606389047347405,0.09953688830137253
Random 5%,s2_random_5_percent,0.36993182633656263,0.9612093553907587,0.0995311588048935
Random 5%,s2_random_5_percent,0.37064944384642984,0.9612093553907587,0.09913313388824463
Random 5%,s2_random_5_percent,0.37064944384642984,0.9623502567027952,0.09904631227254868
Random 5%,s2_random_5_percent,0.3720846788661643,0.9623502567027952,0.09820786118507385
Random 5%,s2_random_5_percent,0.37244348762109797,0.9623502567027952,0.09807991236448288
Random 5%,s2_random_5_percent,0.37262289199856474,0.9623502567027952,0.09798240661621094
Random 5%,s2_random_5_percent,0.3731611051309652,0.9623502567027952,0.0978132113814354
Random 5%,s2_random_5_percent,0.37423753139576604,0.9623502567027952,0.0971435084939003
Random 5%,s2_random_5_percent,0.37423753139576604,0.9629207073588134,0.09699594229459763
Random 5%,s2_random_5_percent,0.3745963401506997,0.9629207073588134,0.0969100221991539
Random 5%,s2_random_5_percent,0.3745963401506997,0.9634911580148318,0.09688720852136612
Random 5%,s2_random_5_percent,0.3772874058127018,0.9634911580148318,0.09593947231769562
Random 5%,s2_random_5_percent,0.3772874058127018,0.96406160867085,0.09592556953430176
Random 5%,s2_random_5_percent,0.3839253677789738,0.96406160867085,0.09149762243032455
Random 5%,s2_random_5_percent,0.3839253677789738,0.9646320593268682,0.0913085862994194
Random 5%,s2_random_5_percent,0.38500179404377466,0.9646320593268682,0.09069711714982986
Random 5%,s2_random_5_percent,0.38500179404377466,0.9652025099828865,0.09055016934871674
Random 5%,s2_random_5_percent,0.38536060279870826,0.9652025099828865,0.0904156044125557
Random 5%,s2_random_5_percent,0.38536060279870826,0.9657729606389047,0.09017239511013031
Random 5%,s2_random_5_percent,0.39289558665231433,0.9657729606389047,0.08590111881494522
Random 5%,s2_random_5_percent,0.39289558665231433,0.966343411294923,0.0856805220246315
Random 5%,s2_random_5_percent,0.3930749910297811,0.966343411294923,0.08564303815364838
Random 5%,s2_random_5_percent,0.3930749910297811,0.9669138619509412,0.08552626520395279
Random 5%,s2_random_5_percent,0.39684248295658414,0.9669138619509412,0.0831092968583107
Random 5%,s2_random_5_percent,0.39684248295658414,0.9674843126069596,0.08310265839099884
Random 5%,s2_random_5_percent,0.4009687836383208,0.9674843126069596,0.08107536286115646
Random 5%,s2_random_5_percent,0.4009687836383208,0.9680547632629778,0.08096782118082047
Random 5%,s2_random_5_percent,0.4013275923932544,0.9680547632629778,0.08071117848157883
Random 5%,s2_random_5_percent,0.4013275923932544,0.968625213918996,0.08061353117227554
Random 5%,s2_random_5_percent,0.4015069967707212,0.968625213918996,0.08035647869110107
Random 5%,s2_random_5_percent,0.4018658055256548,0.968625213918996,0.0801994800567627
Random 5%,s2_random_5_percent,0.40276282741298886,0.968625213918996,0.07973750680685043
Random 5%,s2_random_5_percent,0.40276282741298886,0.9691956645750143,0.07973472774028778
Random 5%,s2_random_5_percent,0.4049156799425906,0.9691956645750143,0.07857278734445572
Random 5%,s2_random_5_percent,0.4049156799425906,0.9697661152310325,0.07854722440242767
Random 5%,s2_random_5_percent,0.40563329745245785,0.9697661152310325,0.07820315659046173
Random 5%,s2_random_5_percent,0.40563329745245785,0.9703365658870508,0.07810880243778229
Random 5%,s2_random_5_percent,0.4067097237172587,0.9703365658870508,0.07782880961894989
Random 5%,s2_random_5_percent,0.4068891280947255,0.970907016543069,0.07766025513410568
Random 5%,s2_random_5_percent,0.4104772156440617,0.970907016543069,0.07546079158782959
Random 5%,s2_random_5_percent,0.4104772156440617,0.9714774671990872,0.0753992572426796
Random 5%,s2_random_5_percent,0.4117330462863294,0.9714774671990872,0.07470211386680603
Random 5%,s2_random_5_percent,0.4117330462863294,0.9720479178551056,0.07462635636329651
Random 5%,s2_random_5_percent,0.4124506637961966,0.9720479178551056,0.07425098866224289
Random 5%,s2_random_5_percent,0.4124506637961966,0.9726183685111238,0.07412097603082657
Random 5%,s2_random_5_percent,0.41298887692859704,0.9726183685111238,0.0738208219408989
Random 5%,s2_random_5_percent,0.41298887692859704,0.9731888191671421,0.07381795346736908
Random 5%,s2_random_5_percent,0.41442411194833156,0.9731888191671421,0.07331695407629013
Random 5%,s2_random_5_percent,0.41442411194833156,0.9737592698231603,0.0730581060051918
Random 5%,s2_random_5_percent,0.41514172945819877,0.9737592698231603,0.07281123101711273
Random 5%,s2_random_5_percent,0.4155005382131324,0.9737592698231603,0.0727790966629982
Random 5%,s2_random_5_percent,0.4156799425905992,0.9737592698231603,0.07274069637060165
Random 5%,s2_random_5_percent,0.4156799425905992,0.9743297204791785,0.07272282242774963
Random 5%,s2_random_5_percent,0.4226767133118048,0.9743297204791785,0.0694892629981041
Random 5%,s2_random_5_percent,0.4226767133118048,0.9749001711351968,0.06936024874448776
Random 5%,s2_random_5_percent,0.42662360961607465,0.9749001711351968,0.06757219135761261
Random 5%,s2_random_5_percent,0.42662360961607465,0.975470621791215,0.06752577424049377
Random 5%,s2_random_5_percent,0.42877646214567633,0.975470621791215,0.06674011796712875
Random 5%,s2_random_5_percent,0.42877646214567633,0.9766115231032516,0.0665970891714096
Random 5%,s2_random_5_percent,0.42913527090061,0.9766115231032516,0.06653700023889542
Random 5%,s2_random_5_percent,0.42913527090061,0.9771819737592699,0.06637872755527496
Random 5%,s2_random_5_percent,0.4314675278076785,0.9771819737592699,0.0652606263756752
Random 5%,s2_random_5_percent,0.4314675278076785,0.9777524244152881,0.06507694721221924
Random 5%,s2_random_5_percent,0.4382848941514173,0.9777524244152881,0.06140100210905075
Random 5%,s2_random_5_percent,0.4382848941514173,0.9783228750713063,0.06139624863862991
Random 5%,s2_random_5_percent,0.4390025116612845,0.9783228750713063,0.06103575602173805
Random 5%,s2_random_5_percent,0.43936132041621817,0.9783228750713063,0.06095065176486969
Random 5%,s2_random_5_percent,0.4425905992106207,0.9783228750713063,0.05995593219995499
Random 5%,s2_random_5_percent,0.4425905992106207,0.9788933257273246,0.05990532040596008
Random 5%,s2_random_5_percent,0.44599928238249015,0.9788933257273246,0.058677542954683304
Random 5%,s2_random_5_percent,0.44635809113742375,0.9788933257273246,0.058444712311029434
Random 5%,s2_random_5_percent,0.4472551130247578,0.9788933257273246,0.057875726372003555
Random 5%,s2_random_5_percent,0.4472551130247578,0.9794637763833428,0.05785249546170235
Random 5%,s2_random_5_percent,0.4485109436670255,0.9794637763833428,0.05752570554614067
Random 5%,s2_random_5_percent,0.4488697524219591,0.9794637763833428,0.05749582126736641
Random 5%,s2_random_5_percent,0.4497667743092931,0.9794637763833428,0.057171210646629333
Random 5%,s2_random_5_percent,0.4497667743092931,0.980034227039361,0.05711691826581955
Random 5%,s2_random_5_percent,0.4580193756727664,0.980034227039361,0.054355546832084656
Random 5%,s2_random_5_percent,0.4580193756727664,0.9806046776953794,0.05429178476333618
Random 5%,s2_random_5_percent,0.46250448510943665,0.9806046776953794,0.05207508057355881
Random 5%,s2_random_5_percent,0.46250448510943665,0.9811751283513976,0.05205472558736801
Random 5%,s2_random_5_percent,0.4668101901686401,0.9811751283513976,0.05096606910228729
Random 5%,s2_random_5_percent,0.46734840330104055,0.9811751283513976,0.05084012821316719
Random 5%,s2_random_5_percent,0.4675278076785074,0.9811751283513976,0.050837039947509766
Random 5%,s2_random_5_percent,0.467886616433441,0.9811751283513976,0.050682518631219864
Random 5%,s2_random_5_percent,0.4700394689630427,0.9811751283513976,0.050179339945316315
Random 5%,s2_random_5_percent,0.4700394689630427,0.9817455790074159,0.05017433688044548
Random 5%,s2_random_5_percent,0.4718335127377108,0.9817455790074159,0.049550190567970276
Random 5%,s2_random_5_percent,0.4718335127377108,0.9823160296634341,0.049490563571453094
Random 5%,s2_random_5_percent,0.47326874775744526,0.9823160296634341,0.048978835344314575
Random 5%,s2_random_5_percent,0.47326874775744526,0.9828864803194524,0.048897746950387955
Random 5%,s2_random_5_percent,0.47524219590958017,0.9828864803194524,0.04843830689787865
Random 5%,s2_random_5_percent,0.47524219590958017,0.9834569309754706,0.0484296940267086
Random 5%,s2_random_5_percent,0.47990670972371724,0.9834569309754706,0.046088334172964096
Random 5%,s2_random_5_percent,0.4802655184786509,0.9834569309754706,0.045878492295742035
Random 5%,s2_random_5_percent,0.48636526731252244,0.9834569309754706,0.04403548687696457
Random 5%,s2_random_5_percent,0.48636526731252244,0.9840273816314888,0.04397805407643318
Random 5%,s2_random_5_percent,0.48672407606745605,0.9840273816314888,0.04392140358686447
Random 5%,s2_random_5_percent,0.48672407606745605,0.9845978322875071,0.04386993125081062
Random 5%,s2_random_5_percent,0.48905633297452455,0.9845978322875071,0.04323577135801315
Random 5%,s2_random_5_percent,0.48905633297452455,0.9851682829435254,0.04320668801665306
Random 5%,s2_random_5_percent,0.4912091855041263,0.9851682829435254,0.04258901625871658
Random 5%,s2_random_5_percent,0.4912091855041263,0.9857387335995437,0.042415279895067215
Random 5%,s2_random_5_percent,0.4913885898815931,0.9857387335995437,0.04229797422885895
Random 5%,s2_random_5_percent,0.4917473986365267,0.9857387335995437,0.04229237511754036
Random 5%,s2_random_5_percent,0.49192680301399355,0.9857387335995437,0.04228711873292923
Random 5%,s2_random_5_percent,0.49192680301399355,0.9863091842555619,0.042107801884412766
Random 5%,s2_random_5_percent,0.5048439181916039,0.9863091842555619,0.03732841834425926
Random 5%,s2_random_5_percent,0.5048439181916039,0.9868796349115802,0.03728077933192253
Random 5%,s2_random_5_percent,0.5177610333692142,0.9868796349115802,0.03373076394200325
Random 5%,s2_random_5_percent,0.5177610333692142,0.9874500855675984,0.03369273990392685
Random 5%,s2_random_5_percent,0.5199138858988159,0.9874500855675984,0.033437248319387436
Random 5%,s2_random_5_percent,0.5202726946537496,0.9874500855675984,0.03341583535075188
Random 5%,s2_random_5_percent,0.5213491209185505,0.9874500855675984,0.033237382769584656
Random 5%,s2_random_5_percent,0.5213491209185505,0.9880205362236166,0.033214110881090164
Random 5%,s2_random_5_percent,0.5231431646932185,0.9880205362236166,0.032878924161195755
Random 5%,s2_random_5_percent,0.5235019734481521,0.9880205362236166,0.032877564430236816
Random 5%,s2_random_5_percent,0.525475421600287,0.9880205362236166,0.03229198232293129
Random 5%,s2_random_5_percent,0.525475421600287,0.9885909868796349,0.03227023407816887
Random 5%,s2_random_5_percent,0.5269106566200216,0.9885909868796349,0.031863175332546234
Random 5%,s2_random_5_percent,0.5272694653749551,0.9885909868796349,0.0317007340490818
Random 5%,s2_random_5_percent,0.5464657337639038,0.9885909868796349,0.026540884748101234
Random 5%,s2_random_5_percent,0.5464657337639038,0.9891614375356532,0.026512520387768745
Random 5%,s2_random_5_percent,0.5516684607104413,0.9891614375356532,0.0251573845744133
Random 5%,s2_random_5_percent,0.552027269465375,0.9891614375356532,0.02500762604176998
Random 5%,s2_random_5_percent,0.5541801219949767,0.9891614375356532,0.024609100073575974
Random 5%,s2_random_5_percent,0.5545389307499103,0.9891614375356532,0.024541165679693222
Random 5%,s2_random_5_percent,0.5579476139217797,0.9891614375356532,0.023618480190634727
Random 5%,s2_random_5_percent,0.5579476139217797,0.9897318881916715,0.023571638390421867
Random 5%,s2_random_5_percent,0.5636885540007176,0.9897318881916715,0.022456467151641846
Random 5%,s2_random_5_percent,0.5640473627556513,0.9897318881916715,0.022397160530090332
Random 5%,s2_random_5_percent,0.5649443846429852,0.9897318881916715,0.02228379435837269
Random 5%,s2_random_5_percent,0.5653031933979189,0.9897318881916715,0.022254150360822678
Random 5%,s2_random_5_percent,0.5735557947613922,0.9897318881916715,0.02073005959391594
Random 5%,s2_random_5_percent,0.5735557947613922,0.9903023388476897,0.020708784461021423
Random 5%,s2_random_5_percent,0.5816289917473987,0.9903023388476897,0.019199473783373833
Random 5%,s2_random_5_percent,0.5819878005023322,0.9903023388476897,0.01918136514723301
Random 5%,s2_random_5_percent,0.5830642267671331,0.9903023388476897,0.019016936421394348
Random 5%,s2_random_5_percent,0.5834230355220668,0.9903023388476897,0.018992694094777107
Random 5%,s2_random_5_percent,0.5931108719052745,0.9903023388476897,0.01749546080827713
Random 5%,s2_random_5_percent,0.5931108719052745,0.9908727895037079,0.017404817044734955
Random 5%,s2_random_5_percent,0.5950843200574094,0.9908727895037079,0.017177287489175797
Random 5%,s2_random_5_percent,0.5950843200574094,0.9914432401597262,0.017172997817397118
Random 5%,s2_random_5_percent,0.6051309651955508,0.9914432401597262,0.015632933005690575
Random 5%,s2_random_5_percent,0.6051309651955508,0.9920136908157444,0.015606947243213654
Random 5%,s2_random_5_percent,0.6137423753139577,0.9920136908157444,0.014631102792918682
Random 5%,s2_random_5_percent,0.6137423753139577,0.9925841414717627,0.014620861038565636
Random 5%,s2_random_5_percent,0.6142805884463581,0.9925841414717627,0.014608913101255894
Random 5%,s2_random_5_percent,0.6144599928238249,0.9931545921277809,0.014592365361750126
Random 5%,s2_random_5_percent,0.616254036598493,0.9931545921277809,0.01437824685126543
Random 5%,s2_random_5_percent,0.616254036598493,0.9937250427837993,0.014373714104294777
Random 5%,s2_random_5_percent,0.6254036598493004,0.9937250427837993,0.013302590698003769
Random 5%,s2_random_5_percent,0.6254036598493004,0.9942954934398175,0.013295588083565235
Random 5%,s2_random_5_percent,0.6485468245425189,0.9942954934398175,0.010603719390928745
Random 5%,s2_random_5_percent,0.6489056332974524,0.9942954934398175,0.010594078339636326
Random 5%,s2_random_5_percent,0.6612845353426624,0.9942954934398175,0.009253907948732376
Random 5%,s2_random_5_percent,0.6612845353426624,0.9948659440958357,0.009235259145498276
Random 5%,s2_random_5_percent,0.6650520272694653,0.9948659440958357,0.00896103773266077
Random 5%,s2_random_5_percent,0.6650520272694653,0.995436394751854,0.008955445140600204
Random 5%,s2_random_5_percent,0.6677430929314675,0.995436394751854,0.00868773553520441
Random 5%,s2_random_5_percent,0.6681019016864012,0.995436394751854,0.008677199482917786
Random 5%,s2_random_5_percent,0.6783279512020093,0.995436394751854,0.007653337903320789
Random 5%,s2_random_5_percent,0.6786867599569429,0.995436394751854,0.007646749261766672
Random 5%,s2_random_5_percent,0.689092213850018,0.995436394751854,0.006785559467971325
Random 5%,s2_random_5_percent,0.689092213850018,0.9960068454078722,0.006748823914676905
Random 5%,s2_random_5_percent,0.6917832795120201,0.9960068454078722,0.00656377337872982
Random 5%,s2_random_5_percent,0.6921420882669537,0.9960068454078722,0.006550388876348734
Random 5%,s2_random_5_percent,0.6923214926444206,0.9960068454078722,0.006549842189997435
Random 5%,s2_random_5_percent,0.6923214926444206,0.9965772960638904,0.0065457639284431934
Random 5%,s2_random_5_percent,0.6996770721205597,0.9965772960638904,0.006009377539157867
Random 5%,s2_random_5_percent,0.6996770721205597,0.9971477467199087,0.006008122116327286
Random 5%,s2_random_5_percent,0.7005740940078938,0.9971477467199087,0.00594121590256691
Random 5%,s2_random_5_percent,0.7009329027628274,0.9971477467199087,0.005940229631960392
Random 5%,s2_random_5_percent,0.7059562253318981,0.9971477467199087,0.005570648703724146
Random 5%,s2_random_5_percent,0.7059562253318981,0.9977181973759269,0.005536166951060295
Random 5%,s2_random_5_percent,0.7267671331180481,0.9977181973759269,0.004409410059452057
Random 5%,s2_random_5_percent,0.7271259418729817,0.9977181973759269,0.00440454576164484
Random 5%,s2_random_5_percent,0.7276641550053822,0.9977181973759269,0.004370462149381638
Random 5%,s2_random_5_percent,0.7280229637603157,0.9977181973759269,0.004369933158159256
Random 5%,s2_random_5_percent,0.7298170075349839,0.9977181973759269,0.004303460009396076
Random 5%,s2_random_5_percent,0.7301758162899175,0.9977181973759269,0.004303359892219305
Random 5%,s2_random_5_percent,0.7312522425547183,0.9977181973759269,0.004222226329147816
Random 5%,s2_random_5_percent,0.731611051309652,0.9977181973759269,0.004213506355881691
Random 5%,s2_random_5_percent,0.7332256907068533,0.9977181973759269,0.004147555213421583
Random 5%,s2_random_5_percent,0.7337639038392537,0.9977181973759269,0.004145802929997444
Random 5%,s2_random_5_percent,0.7380696088984571,0.9977181973759269,0.003943540621548891
Random 5%,s2_random_5_percent,0.7386078220308575,0.9977181973759269,0.003937916364520788
Random 5%,s2_random_5_percent,0.7536777897380696,0.9977181973759269,0.0033581736497581005
Random 5%,s2_random_5_percent,0.7540365984930032,0.9977181973759269,0.0033504231832921505
Random 5%,s2_random_5_percent,0.7545748116254036,0.9977181973759269,0.0033238823525607586
Random 5%,s2_random_5_percent,0.7551130247578041,0.9977181973759269,0.00331746693700552
Random 5%,s2_random_5_percent,0.7576246860423395,0.9977181973759269,0.0032415692694485188
Random 5%,s2_random_5_percent,0.757983494797273,0.9977181973759269,0.003234565258026123
Random 5%,s2_random_5_percent,0.7595981341944743,0.9977181973759269,0.0031535278540104628
Random 5%,s2_random_5_percent,0.7595981341944743,0.9982886480319453,0.003147884737700224
Random 5%,s2_random_5_percent,0.7714388231072838,0.9982886480319453,0.0027409521862864494
Random 5%,s2_random_5_percent,0.7717976318622174,0.9982886480319453,0.002740860916674137
Random 5%,s2_random_5_percent,0.7734122712594187,0.9982886480319453,0.002692443784326315
Random 5%,s2_random_5_percent,0.7737710800143524,0.9982886480319453,0.002689106622710824
Random 5%,s2_random_5_percent,0.7762827412988877,0.9982886480319453,0.0025708130560815334
Random 5%,s2_random_5_percent,0.7762827412988877,0.9988590986879635,0.002570003503933549
Random 5%,s2_random_5_percent,0.778794402583423,0.9988590986879635,0.002511077793315053
Random 5%,s2_random_5_percent,0.7791532113383567,0.9988590986879635,0.002505907556042075
Random 5%,s2_random_5_percent,0.7848941514172946,0.9988590986879635,0.0023605136666446924
Random 5%,s2_random_5_percent,0.7852529601722282,0.9988590986879635,0.0023542584385722876
Random 5%,s2_random_5_percent,0.7865087908144959,0.9988590986879635,0.0023011937737464905
Random 5%,s2_random_5_percent,0.7872264083243631,0.9988590986879635,0.002292169723659754
Random 5%,s2_random_5_percent,0.7972730534625044,0.9988590986879635,0.0019891690462827682
Random 5%,s2_random_5_percent,0.7976318622174381,0.9988590986879635,0.001989103853702545
Random 5%,s2_random_5_percent,0.8003229278794403,0.9988590986879635,0.0018895781831815839
Random 5%,s2_random_5_percent,0.8006817366343739,0.9988590986879635,0.0018848725594580173
Random 5%,s2_random_5_percent,0.8155722999641192,0.9988590986879635,0.0015372649068012834
Random 5%,s2_random_5_percent,0.8159311087190527,0.9988590986879635,0.0015353331109508872
Random 5%,s2_random_5_percent,0.8164693218514532,0.9988590986879635,0.0015258656349033117
Random 5%,s2_random_5_percent,0.8170075349838536,0.9988590986879635,0.0015239001950249076
Random 5%,s2_random_5_percent,0.8173663437387872,0.9988590986879635,0.0015177606837823987
Random 5%,s2_random_5_percent,0.8177251524937208,0.9988590986879635,0.0015014753444120288
Random 5%,s2_random_5_percent,0.8198780050233225,0.9988590986879635,0.0014626396587118506
Random 5%,s2_random_5_percent,0.8202368137782562,0.9988590986879635,0.0014561108546331525
Random 5%,s2_random_5_percent,0.8220308575529243,0.9988590986879635,0.0014054705388844013
Random 5%,s2_random_5_percent,0.8223896663078579,0.9988590986879635,0.0014051701873540878
Random 5%,s2_random_5_percent,0.8301040545389308,0.9988590986879635,0.0012648663250729442
Random 5%,s2_random_5_percent,0.8304628632938643,0.9988590986879635,0.0012641173088923097
Random 5%,s2_random_5_percent,0.8311804808037316,0.9988590986879635,0.0012558277230709791
Random 5%,s2_random_5_percent,0.8315392895586652,0.9988590986879635,0.001246916363015771
Random 5%,s2_random_5_percent,0.8331539289558665,0.9988590986879635,0.0012288503348827362
Random 5%,s2_random_5_percent,0.8336921420882669,0.9988590986879635,0.0012279137736186385
Random 5%,s2_random_5_percent,0.8342303552206674,0.9988590986879635,0.0012189256958663464
Random 5%,s2_random_5_percent,0.834589163975601,0.9988590986879635,0.0012127264635637403
Random 5%,s2_random_5_percent,0.839253677789738,0.9988590986879635,0.001129606389440596
Random 5%,s2_random_5_percent,0.8396124865446717,0.9988590986879635,0.001128688920289278
Random 5%,s2_random_5_percent,0.8406889128094726,0.9988590986879635,0.0011100892443209887
Random 5%,s2_random_5_percent,0.841227125941873,0.9988590986879635,0.001102858572266996
Random 5%,s2_random_5_percent,0.8419447434517402,0.9988590986879635,0.0010947248665615916
Random 5%,s2_random_5_percent,0.8480444922856117,0.9988590986879635,0.0009790353942662477
Random 5%,s2_random_5_percent,0.8484033010405454,0.9988590986879635,0.0009783817222341895
Random 5%,s2_random_5_percent,0.8498385360602799,0.9988590986879635,0.000968800624832511
Random 5%,s2_random_5_percent,0.8501973448152135,0.9988590986879635,0.0009658769122324884
Random 5%,s2_random_5_percent,0.8571941155364191,0.9988590986879635,0.000879912928212434
Random 5%,s2_random_5_percent,0.8575529242913527,0.9988590986879635,0.0008792810840532184
Random 5%,s2_random_5_percent,0.85827054180122,0.9988590986879635,0.0008710879483260214
Random 5%,s2_random_5_percent,0.8586293505561535,0.9988590986879635,0.0008694071439094841
Random 5%,s2_random_5_percent,0.8598851811984213,0.9988590986879635,0.0008552288054488599
Random 5%,s2_random_5_percent,0.8598851811984213,0.9994295493439818,0.0008548255427740514
Random 5%,s2_random_5_percent,0.8618586293505561,0.9994295493439818,0.0008193973917514086
Random 5%,s2_random_5_percent,0.8627556512378902,0.9994295493439818,0.0008181012235581875
Random 5%,s2_random_5_percent,0.8643702906350915,0.9994295493439818,0.0008044361020438373
Random 5%,s2_random_5_percent,0.8652673125224255,0.9994295493439818,0.0008030938915908337
Random 5%,s2_random_5_percent,0.8717258701112307,0.9994295493439818,0.000719226140063256
Random 5%,s2_random_5_percent,0.8720846788661644,0.9994295493439818,0.0007180235697887838
Random 5%,s2_random_5_percent,0.8774668101901686,0.9994295493439818,0.0006582038477063179
Random 5%,s2_random_5_percent,0.8778256189451022,0.9994295493439818,0.0006568114622496068
Random 5%,s2_random_5_percent,0.8797990670972372,0.9994295493439818,0.0006345211295410991
Random 5%,s2_random_5_percent,0.8801578758521708,0.9994295493439818,0.0006339644314721227
Random 5%,s2_random_5_percent,0.8832077502691066,0.9994295493439818,0.000605192210059613
Random 5%,s2_random_5_percent,0.883745963401507,0.9994295493439818,0.0006051614182069898
Random 5%,s2_random_5_percent,0.8864370290635092,0.9994295493439818,0.0005791425937786698
Random 5%,s2_random_5_percent,0.8867958378184427,0.9994295493439818,0.0005788258276879787
Random 5%,s2_random_5_percent,0.8880516684607105,0.9994295493439818,0.0005603290046565235
Random 5%,s2_random_5_percent,0.888410477215644,0.9994295493439818,0.0005571313668042421
Random 5%,s2_random_5_percent,0.890383925367779,0.9994295493439818,0.0005371818551793694
Random 5%,s2_random_5_percent,0.8907427341227125,0.9994295493439818,0.0005367573467083275
Random 5%,s2_random_5_percent,0.897918909221385,0.9994295493439818,0.0004628957831300795
Random 5%,s2_random_5_percent,0.8986365267312523,0.9994295493439818,0.0004614602366928011
Random 5%,s2_random_5_percent,0.9000717617509867,0.9994295493439818,0.00044783527846448123
Random 5%,s2_random_5_percent,0.9004305705059203,0.9994295493439818,0.00044340392923913896
Random 5%,s2_random_5_percent,0.9104772156440617,0.9994295493439818,0.0003541119222063571
Random 5%,s2_random_5_percent,0.9108360243989954,0.9994295493439818,0.0003510193491820246
Random 5%,s2_random_5_percent,0.9174739863652673,0.9994295493439818,0.00029901365633122623
Random 5%,s2_random_5_percent,0.9178327951202009,0.9994295493439818,0.0002988777123391628
Random 5%,s2_random_5_percent,0.9228561176892717,0.9994295493439818,0.0002645272179506719
Random 5%,s2_random_5_percent,0.9232149264442052,0.9994295493439818,0.0002640197635628283
Random 5%,s2_random_5_percent,0.9312881234302117,0.9994295493439818,0.00021192980057094246
Random 5%,s2_random_5_percent,0.9316469321851453,0.9994295493439818,0.00021173388813622296
Random 5%,s2_random_5_percent,0.9318263365626122,0.9994295493439818,0.00021148873202037066
Random 5%,s2_random_5_percent,0.9321851453175457,0.9994295493439818,0.00021121365716680884
Random 5%,s2_random_5_percent,0.9350556153570148,0.9994295493439818,0.0001883545919554308
Random 5%,s2_random_5_percent,0.9354144241119483,0.9994295493439818,0.00018809220637194812
Random 5%,s2_random_5_percent,0.935773232866882,0.9994295493439818,0.00018616023589856923
Random 5%,s2_random_5_percent,0.9363114459992824,0.9994295493439818,0.00018514487601350993
Random 5%,s2_random_5_percent,0.936670254754216,0.9994295493439818,0.00018426429596729577
Random 5%,s2_random_5_percent,0.9372084678866164,0.9994295493439818,0.00018395217193756253
Random 5%,s2_random_5_percent,0.9429494079655544,0.9994295493439818,0.00015606179658789188
Random 5%,s2_random_5_percent,0.943308216720488,0.9994295493439818,0.00015463563613593578
Random 5%,s2_random_5_percent,0.9438464298528884,0.9994295493439818,0.0001542489044368267
Random 5%,s2_random_5_percent,0.9476139217796914,0.9994295493439818,0.00013589566515292972
Random 5%,s2_random_5_percent,0.947972730534625,0.9994295493439818,0.00013548873539548367
Random 5%,s2_random_5_percent,0.9540724793684966,0.9994295493439818,0.0001091984668164514
Random 5%,s2_random_5_percent,0.9544312881234303,0.9994295493439818,0.00010817574366228655
Random 5%,s2_random_5_percent,0.9590958019375673,0.9994295493439818,9.17337165446952e-05
Random 5%,s2_random_5_percent,0.9594546106925009,0.9994295493439818,9.054869587998837e-05
Random 5%,s2_random_5_percent,0.9630426982418371,0.9994295493439818,7.728785567451268e-05
Random 5%,s2_random_5_percent,0.9634015069967707,0.9994295493439818,7.721565634710714e-05
Random 5%,s2_random_5_percent,0.9651955507714388,0.9994295493439818,7.360670861089602e-05
Random 5%,s2_random_5_percent,0.9657337639038392,0.9994295493439818,7.221852138172835e-05
Random 5%,s2_random_5_percent,0.9734481521349121,0.9994295493439818,4.9288504669675604e-05
Random 5%,s2_random_5_percent,0.9738069608898458,0.9994295493439818,4.9255377234658226e-05
Random 5%,s2_random_5_percent,0.9747039827771797,0.9994295493439818,4.724892642116174e-05
Random 5%,s2_random_5_percent,0.9750627915321134,0.9994295493439818,4.70338600280229e-05
Random 5%,s2_random_5_percent,0.9797273053462504,0.9994295493439818,3.615330933826044e-05
Random 5%,s2_random_5_percent,0.9800861141011841,0.9994295493439818,3.612191358115524e-05
Random 5%,s2_random_5_percent,0.9809831359885182,0.9994295493439818,3.397255204617977e-05
Random 5%,s2_random_5_percent,0.9813419447434517,0.9994295493439818,3.3966720366152003e-05
Random 5%,s2_random_5_percent,0.9831359885181199,0.9994295493439818,2.985573883051984e-05
Random 5%,s2_random_5_percent,0.9834947972730534,0.9994295493439818,2.981482248287648e-05
Random 5%,s2_random_5_percent,0.9840330104054539,0.9994295493439818,2.9742241167696193e-05
Random 5%,s2_random_5_percent,0.9852888410477215,0.9994295493439818,2.5956713216146454e-05
Random 5%,s2_random_5_percent,0.9856476498026552,0.9994295493439818,2.586908158264123e-05
Random 5%,s2_random_5_percent,0.988697524219591,0.9994295493439818,2.0279734599171206e-05
Random 5%,s2_random_5_percent,0.9890563329745246,0.9994295493439818,2.007997863984201e-05
Random 5%,s2_random_5_percent,0.9965913168281306,0.9994295493439818,1.0295913853042293e-05
Random 5%,s2_random_5_percent,0.9965913168281306,1.0,1.0017341082857456e-05
Random 5%,s2_random_5_percent,1.0,1.0,9.572241879141075e-07
Simulated Data Provider Withdrawal (~5%),s3_simulated_data_provider_withdrawal,0.0,0.0,inf
Simulated Data Provider Withdrawal (~5%),s3_simulated_data_provider_withdrawal,0.0,0.022818026240730177,1.0
Simulated Data Provider Withdrawal (~5%),s3_simulated_data_provider_withdrawal,0.0,0.11237877923559612,0.9382367730140686
Simulated Data Provider Withdrawal (~5%),s3_simulated_data_provider_withdrawal,0.0001794043774668102,0.11237877923559612,0.9376652836799622
Simulated Data Provider Withdrawal (~5%),s3_simulated_data_provider_withdrawal,0.0001794043774668102,0.11808328579577866,0.9330620765686035
Simulated Data Provider Withdrawal (~5%),s3_simulated_data_provider_withdrawal,0.0003588087549336204,0.11808328579577866,0.9323975443840027
Simulated Data Provider Withdrawal (~5%),s3_simulated_data_provider_withdrawal,0.0003588087549336204,0.11979463776383342,0.9307737946510315
Simulated Data Provider Withdrawal (~5%),s3_simulated_data_provider_withdrawal,0.0003588087549336204,0.12093553907586994,0.930599570274353
Simulated Data Provider Withdrawal (~5%),s3_simulated_data_provider_withdrawal,0.0003588087549336204,0.14318311466058187,0.9129936695098877
Simulated Data Provider Withdrawal (~5%),s3_simulated_data_provider_withdrawal,0.0005382131324004305,0.14318311466058187,0.9128592610359192
Simulated Data Provider Withdrawal (~5%),s3_simulated_data_provider_withdrawal,0.0005382131324004305,0.15059897318881918,0.9041563272476196
Simulated Data Provider Withdrawal (~5%),s3_simulated_data_provider_withdrawal,0.0007176175098672408,0.15059897318881918,0.9037531614303589
Simulated Data Provider Withdrawal (~5%),s3_simulated_data_provider_withdrawal,0.0007176175098672408,0.15345122646891043,0.8987749218940735
Simulated Data Provider Withdrawal (~5%),s3_simulated_data_provider_withdrawal,0.000897021887334051,0.15345122646891043,0.8987579941749573
Simulated Data Provider Withdrawal (~5%),s3_simulated_data_provider_withdrawal,0.000897021887334051,0.15630347974900172,0.8967078924179077
Simulated Data Provider Withdrawal (~5%),s3_simulated_data_provider_withdrawal,0.001076426264800861,0.15630347974900172,0.8961402773857117
Simulated Data Provider Withdrawal (~5%),s3_simulated_data_provider_withdrawal,0.001076426264800861,0.15858528237307473,0.8935174345970154
Simulated Data Provider Withdrawal (~5%),s3_simulated_data_provider_withdrawal,0.0012558306422676714,0.15858528237307473,0.891594409942627
Simulated Data Provider Withdrawal (~5%),s3_simulated_data_provider_withdrawal,0.0012558306422676714,0.15915573302909297,0.8909753561019897
Simulated Data Provider Withdrawal (~5%),s3_simulated_data_provider_withdrawal,0.0014352350197344816,0.15915573302909297,0.8902674913406372
Simulated Data Provider Withdrawal (~5%),s3_simulated_data_provider_withdrawal,0.0014352350197344816,0.16200798630918425,0.8873955607414246
Simulated Data Provider Withdrawal (~5%),s3_simulated_data_provider_withdrawal,0.0016146393972012918,0.16200798630918425,0.8849526047706604
Simulated Data Provider Withdrawal (~5%),s3_simulated_data_provider_withdrawal,0.0016146393972012918,0.16828294352538506,0.8784167170524597
Simulated Data Provider Withdrawal (~5%),s3_simulated_data_provider_withdrawal,0.001794043774668102,0.16828294352538506,0.8776457905769348
Simulated Data Provider Withdrawal (~5%),s3_simulated_data_provider_withdrawal,0.001794043774668102,0.17170564746149458,0.8738512992858887
Simulated Data Provider Withdrawal (~5%),s3_simulated_data_provider_withdrawal,0.002152852529601722,0.17170564746149458,0.8735019564628601
Simulated Data Provider Withdrawal (~5%),s3_simulated_data_provider_withdrawal,0.002152852529601722,0.17227609811751282,0.8719691038131714
Simulated Data Provider Withdrawal (~5%),s3_simulated_data_provider_withdrawal,0.0023322569070685323,0.17227609811751282,0.8718588948249817
Simulated Data Provider Withdrawal (~5%),s3_simulated_data_provider_withdrawal,0.0023322569070685323,0.1751283513976041,0.8698452711105347
Simulated Data Provider Withdrawal (~5%),s3_simulated_data_provider_withdrawal,0.002511661284535343,0.1751283513976041,0.8696187138557434
Simulated Data Provider Withdrawal (~5%),s3_simulated_data_provider_withdrawal,0.002511661284535343,0.1762692527096406,0.8678934574127197
Simulated Data Provider Withdrawal (~5%),s3_simulated_data_provider_withdrawal,0.0028704700394689632,0.1762692527096406,0.8669484853744507
Simulated Data Provider Withdrawal (~5%),s3_simulated_data_provider_withdrawal,0.0028704700394689632,0.1779806046776954,0.8659990429878235
Simulated Data Provider Withdrawal (~5%),s3_simulated_data_provider_withdrawal,0.0030498744169357734,0.1779806046776954,0.8647772073745728
Simulated Data Provider Withdrawal (~5%),s3_simulated_data_provider_withdrawal,0.0030498744169357734,0.1791215059897319,0.8638155460357666
Simulated Data Provider Withdrawal (~5%),s3_simulated_data_provider_withdrawal,0.0032292787944025836,0.1791215059897319,0.8629721403121948
Simulated Data Provider Withdrawal (~5%),s3_simulated_data_provider_withdrawal,0.0032292787944025836,0.18083285795778664,0.8614224791526794
Simulated Data Provider Withdrawal (~5%),s3_simulated_data_provider_withdrawal,0.0034086831718693937,0.18083285795778664,0.8599473237991333
Simulated Data Provider Withdrawal (~5%),s3_simulated_data_provider_withdrawal,0.0034086831718693937,0.18996006845407873,0.8517740964889526
Simulated Data Provider Withdrawal (~5%),s3_simulated_data_provider_withdrawal,0.003767491926803014,0.18996006845407873,0.8508047461509705
Simulated Data Provider Withdrawal (~5%),s3_simulated_data_provider_withdrawal,0.003767491926803014,0.19053051911009697,0.8503782153129578
Simulated Data Provider Withdrawal (~5%),s3_simulated_data_provider_withdrawal,0.003946896304269824,0.19053051911009697,0.8502220511436462
Simulated Data Provider Withdrawal (~5%),s3_simulated_data_provider_withdrawal,0.003946896304269824,0.20193953223046207,0.8404285907745361
Simulated Data Provider Withdrawal (~5%),s3_simulated_data_provider_withdrawal,0.0041263006817366344,0.20193953223046207,0.840334415435791
Simulated Data Provider Withdrawal (~5%),s3_simulated_data_provider_withdrawal,0.0041263006817366344,0.20422133485453509,0.8383079171180725
Simulated Data Provider Withdrawal (~5%),s3_simulated_data_provider_withdrawal,0.004305705059203444,0.20422133485453509,0.8379898071289062
Simulated Data Provider Withdrawal (~5%),s3_simulated_data_provider_withdrawal,0.004305705059203444,0.2076440387906446,0.8318536877632141
Simulated Data Provider Withdrawal (~5%),s3_simulated_data_provider_withdrawal,0.004485109436670255,0.2076440387906446,0.8316597938537598
Simulated Data Provider Withdrawal (~5%),s3_simulated_data_provider_withdrawal,0.004485109436670255,0.20821448944666288,0.8311296105384827
Simulated Data Provider Withdrawal (~5%),s3_simulated_data_provider_withdrawal,0.0046645138141370645,0.20821448944666288,0.8306980133056641
Simulated Data Provider Withdrawal (~5%),s3_simulated_data_provider_withdrawal,0.0046645138141370645,0.21563034797490016,0.8256751894950867
Simulated Data Provider Withdrawal (~5%),s3_simulated_data_provider_withdrawal,0.004843918191603875,0.21563034797490016,0.8256383538246155
Simulated Data Provider Withdrawal (~5%),s3_simulated_data_provider_withdrawal,0.004843918191603875,0.21620079863091843,0.8253844380378723
Simulated Data Provider Withdrawal (~5%),s3_simulated_data_provider_withdrawal,0.005023322569070686,0.21620079863091843,0.8242389559745789
Simulated Data Provider Withdrawal (~5%),s3_simulated_data_provider_withdrawal,0.005023322569070686,0.22076440387906446,0.819088339805603
Simulated Data Provider Withdrawal (~5%),s3_simulated_data_provider_withdrawal,0.0052027269465374955,0.22076440387906446,0.818806529045105
Simulated Data Provider Withdrawal (~5%),s3_simulated_data_provider_withdrawal,0.0052027269465374955,0.22418710781517398,0.8176952600479126
Simulated Data Provider Withdrawal (~5%),s3_simulated_data_provider_withdrawal,0.0052027269465374955,0.2253280091272105,0.8174675107002258
Simulated Data Provider Withdrawal (~5%),s3_simulated_data_provider_withdrawal,0.0052027269465374955,0.22989161437535655,0.8146100044250488
Simulated Data Provider Withdrawal (~5%),s3_simulated_data_provider_withdrawal,0.005382131324004306,0.22989161437535655,0.8144287467002869
Simulated Data Provider Withdrawal (~5%),s3_simulated_data_provider_withdrawal,0.005382131324004306,0.23559612093553908,0.8110107183456421
Simulated Data Provider Withdrawal (~5%),s3_simulated_data_provider_withdrawal,0.005561535701471116,0.23559612093553908,0.8105148077011108
Simulated Data Provider Withdrawal (~5%),s3_simulated_data_provider_withdrawal,0.005561535701471116,0.23616657159155732,0.8098695874214172
Simulated Data Provider Withdrawal (~5%),s3_simulated_data_provider_withdrawal,0.005561535701471116,0.23730747290359383,0.8096638321876526
Simulated Data Provider Withdrawal (~5%),s3_simulated_data_provider_withdrawal,0.005561535701471116,0.2418710781517399,0.8071208596229553
Simulated Data Provider Withdrawal (~5%),s3_simulated_data_provider_withdrawal,0.0057409400789379264,0.2418710781517399,0.8067651987075806
Simulated Data Provider Withdrawal (~5%),s3_simulated_data_provider_withdrawal,0.0057409400789379264,0.2430119794637764,0.8065655827522278
Simulated Data Provider Withdrawal (~5%),s3_simulated_data_provider_withdrawal,0.005920344456404736,0.2430119794637764,0.806350827217102
Simulated Data Provider Withdrawal (~5%),s3_simulated_data_provider_withdrawal,0.005920344456404736,0.24358243011979464,0.8059558868408203
Simulated Data Provider Withdrawal (~5%),s3_simulated_data_provider_withdrawal,0.006099748833871547,0.24358243011979464,0.8056692481040955
Simulated Data Provider Withdrawal (~5%),s3_simulated_data_provider_withdrawal,0.006099748833871547,0.24643468339988592,0.8043627142906189
Simulated Data Provider Withdrawal (~5%),s3_simulated_data_provider_withdrawal,0.0062791532113383565,0.24643468339988592,0.8036790490150452
Simulated Data Provider Withdrawal (~5%),s3_simulated_data_provider_withdrawal,0.0062791532113383565,0.24814603536794066,0.8029707670211792
Simulated Data Provider Withdrawal (~5%),s3_simulated_data_provider_withdrawal,0.006458557588805167,0.24814603536794066,0.8025292754173279
Simulated Data Provider Withdrawal (~5%),s3_simulated_data_provider_withdrawal,0.006458557588805167,0.24928693667997717,0.8021188378334045
Simulated Data Provider Withdrawal (~5%),s3_simulated_data_provider_withdrawal,0.006637961966271977,0.24928693667997717,0.8020362854003906
Simulated Data Provider Withdrawal (~5%),s3_simulated_data_provider_withdrawal,0.006637961966271977,0.2515687393040502,0.7996638417243958
Simulated Data Provider Withdrawal (~5%),s3_simulated_data_provider_withdrawal,0.0068173663437387875,0.2515687393040502,0.7992348074913025
Simulated Data Provider Withdrawal (~5%),s3_simulated_data_provider_withdrawal,0.0068173663437387875,0.255561893896178,0.7966734170913696
Simulated Data Provider Withdrawal (~5%),s3_simulated_data_provider_withdrawal,0.006996770721205597,0.255561893896178,0.796644389629364
Simulated Data Provider Withdrawal (~5%),s3_simulated_data_provider_withdrawal,0.006996770721205597,0.2572732458642327,0.7961799502372742
Simulated Data Provider Withdrawal (~5%),s3_simulated_data_provider_withdrawal,0.007176175098672408,0.2572732458642327,0.7961100339889526
Simulated Data Provider Withdrawal (~5%),s3_simulated_data_provider_withdrawal,0.007176175098672408,0.257843696520251,0.7958140969276428
Simulated Data Provider Withdrawal (~5%),s3_simulated_data_provider_withdrawal,0.007355579476139218,0.257843696520251,0.7957836985588074
Simulated Data Provider Withdrawal (~5%),s3_simulated_data_provider_withdrawal,0.007355579476139218,0.25841414717626926,0.7957777976989746
Simulated Data Provider Withdrawal (~5%),s3_simulated_data_provider_withdrawal,0.007534983853606028,0.25841414717626926,0.7946158051490784
Simulated Data Provider Withdrawal (~5%),s3_simulated_data_provider_withdrawal,0.007534983853606028,0.2589845978322875,0.794497549533844
Simulated Data Provider Withdrawal (~5%),s3_simulated_data_provider_withdrawal,0.007893792608539648,0.2589845978322875,0.7943235635757446
Simulated Data Provider Withdrawal (~5%),s3_simulated_data_provider_withdrawal,0.007893792608539648,0.26240730176839705,0.7931816577911377
Simulated Data Provider Withdrawal (~5%),s3_simulated_data_provider_withdrawal,0.008073196986006458,0.26240730176839705,0.7924136519432068
Simulated Data Provider Withdrawal (~5%),s3_simulated_data_provider_withdrawal,0.008073196986006458,0.2652595550484883,0.7914039492607117
Simulated Data Provider Withdrawal (~5%),s3_simulated_data_provider_withdrawal,0.008252601363473269,0.2652595550484883,0.7913851141929626
Simulated Data Provider Withdrawal (~5%),s3_simulated_data_provider_withdrawal,0.008252601363473269,0.26640045636052484,0.7909260988235474
Simulated Data Provider Withdrawal (~5%),s3_simulated_data_provider_withdrawal,0.00843200574094008,0.26640045636052484,0.7905551791191101
Simulated Data Provider Withdrawal (~5%),s3_simulated_data_provider_withdrawal,0.00843200574094008,0.2669709070165431,0.7905410528182983
Simulated Data Provider Withdrawal (~5%),s3_simulated_data_provider_withdrawal,0.008611410118406888,0.2669709070165431,0.7904019951820374
Simulated Data Provider Withdrawal (~5%),s3_simulated_data_provider_withdrawal,0.008611410118406888,0.2703936109526526,0.7895990610122681
Simulated Data Provider Withdrawal (~5%),s3_simulated_data_provider_withdrawal,0.00897021887334051,0.2703936109526526,0.7891426086425781
Simulated Data Provider Withdrawal (~5%),s3_simulated_data_provider_withdrawal,0.00897021887334051,0.2749572162007986,0.7872759699821472
Simulated Data Provider Withdrawal (~5%),s3_simulated_data_provider_withdrawal,0.00914962325080732,0.2749572162007986,0.7872072458267212
Simulated Data Provider Withdrawal (~5%),s3_simulated_data_provider_withdrawal,0.00914962325080732,0.2772390188248717,0.785701334476471
Simulated Data Provider Withdrawal (~5%),s3_simulated_data_provider_withdrawal,0.009329027628274129,0.2772390188248717,0.785040557384491
Simulated Data Provider Withdrawal (~5%),s3_simulated_data_provider_withdrawal,0.009329027628274129,0.28066172276098117,0.7840901613235474
Simulated Data Provider Withdrawal (~5%),s3_simulated_data_provider_withdrawal,0.00950843200574094,0.28066172276098117,0.7838834524154663
Simulated Data Provider Withdrawal (~5%),s3_simulated_data_provider_withdrawal,0.00950843200574094,0.2812321734169994,0.7837498784065247
Simulated Data Provider Withdrawal (~5%),s3_simulated_data_provider_withdrawal,0.00968783638320775,0.2818026240730177,0.7828748226165771
Simulated Data Provider Withdrawal (~5%),s3_simulated_data_provider_withdrawal,0.00968783638320775,0.28237307472903594,0.7828258872032166
Simulated Data Provider Withdrawal (~5%),s3_simulated_data_provider_withdrawal,0.009867240760674561,0.28237307472903594,0.7827284336090088
Simulated Data Provider Withdrawal (~5%),s3_simulated_data_provider_withdrawal,0.009867240760674561,0.2829435253850542,0.7820525169372559
Simulated Data Provider Withdrawal (~5%),s3_simulated_data_provider_withdrawal,0.01022604951560818,0.2829435253850542,0.7815061211585999
Simulated Data Provider Withdrawal (~5%),s3_simulated_data_provider_withdrawal,0.01022604951560818,0.28465487735310896,0.7810816168785095
Simulated Data Provider Withdrawal (~5%),s3_simulated_data_provider_withdrawal,0.010405453893074991,0.28465487735310896,0.7806807160377502
Simulated Data Provider Withdrawal (~5%),s3_simulated_data_provider_withdrawal,0.010405453893074991,0.28864803194523675,0.7793810963630676
Simulated Data Provider Withdrawal (~5%),s3_simulated_data_provider_withdrawal,0.010584858270541802,0.28864803194523675,0.7788901329040527
Simulated Data Provider Withdrawal (~5%),s3_simulated_data_provider_withdrawal,0.010584858270541802,0.29492298916143755,0.7746893763542175
Simulated Data Provider Withdrawal (~5%),s3_simulated_data_provider_withdrawal,0.010943667025475421,0.29492298916143755,0.7743573784828186
Simulated Data Provider Withdrawal (~5%),s3_simulated_data_provider_withdrawal,0.011123071402942232,0.29492298916143755,0.7742903232574463
Simulated Data Provider Withdrawal (~5%),s3_simulated_data_provider_withdrawal,0.011123071402942232,0.2954934398174558,0.7740234732627869
Simulated Data Provider Withdrawal (~5%),s3_simulated_data_provider_withdrawal,0.011302475780409042,0.2954934398174558,0.7738447189331055
Simulated Data Provider Withdrawal (~5%),s3_simulated_data_provider_withdrawal,0.011302475780409042,0.29606389047347403,0.7736368179321289
Simulated Data Provider Withdrawal (~5%),s3_simulated_data_provider_withdrawal,0.011481880157875853,0.29606389047347403,0.7730959057807922
Simulated Data Provider Withdrawal (~5%),s3_simulated_data_provider_withdrawal,0.011481880157875853,0.2966343411294923,0.7722967267036438
Simulated Data Provider Withdrawal (~5%),s3_simulated_data_provider_withdrawal,0.011481880157875853,0.2977752424415288,0.7720226049423218
Simulated Data Provider Withdrawal (~5%),s3_simulated_data_provider_withdrawal,0.011481880157875853,0.3000570450656018,0.7688138484954834
Simulated Data Provider Withdrawal (~5%),s3_simulated_data_provider_withdrawal,0.011661284535342662,0.3000570450656018,0.7684611082077026
Simulated Data Provider Withdrawal (~5%),s3_simulated_data_provider_withdrawal,0.011661284535342662,0.3051911009697661,0.7647594213485718
Simulated Data Provider Withdrawal (~5%),s3_simulated_data_provider_withdrawal,0.011840688912809472,0.3051911009697661,0.7646496891975403
Simulated Data Provider Withdrawal (~5%),s3_simulated_data_provider_withdrawal,0.011840688912809472,0.3057615516257844,0.7645851969718933
Simulated Data Provider Withdrawal (~5%),s3_simulated_data_provider_withdrawal,0.012020093290276283,0.30633200228180263,0.7643096446990967
Simulated Data Provider Withdrawal (~5%),s3_simulated_data_provider_withdrawal,0.012020093290276283,0.30690245293782087,0.7639480829238892
Simulated Data Provider Withdrawal (~5%),s3_simulated_data_provider_withdrawal,0.012199497667743094,0.30690245293782087,0.7636913657188416
Simulated Data Provider Withdrawal (~5%),s3_simulated_data_provider_withdrawal,0.012199497667743094,0.3074729035938391,0.7628514170646667
Simulated Data Provider Withdrawal (~5%),s3_simulated_data_provider_withdrawal,0.012378902045209902,0.3074729035938391,0.7626814246177673
Simulated Data Provider Withdrawal (~5%),s3_simulated_data_provider_withdrawal,0.012378902045209902,0.31089560752994866,0.7553272247314453
Simulated Data Provider Withdrawal (~5%),s3_simulated_data_provider_withdrawal,0.012737710800143524,0.31089560752994866,0.75400710105896
Simulated Data Provider Withdrawal (~5%),s3_simulated_data_provider_withdrawal,0.012737710800143524,0.3137478608100399,0.7518711090087891
Simulated Data Provider Withdrawal (~5%),s3_simulated_data_provider_withdrawal,0.012917115177610334,0.3143183114660582,0.7518672347068787
Simulated Data Provider Withdrawal (~5%),s3_simulated_data_provider_withdrawal,0.012917115177610334,0.31488876212207645,0.7515468597412109
Simulated Data Provider Withdrawal (~5%),s3_simulated_data_provider_withdrawal,0.013096519555077143,0.31488876212207645,0.7511175274848938
Simulated Data Provider Withdrawal (~5%),s3_simulated_data_provider_withdrawal,0.013096519555077143,0.3154592127780947,0.7510287165641785
Simulated Data Provider Withdrawal (~5%),s3_simulated_data_provider_withdrawal,0.013275923932543954,0.3154592127780947,0.7506639957427979
Simulated Data Provider Withdrawal (~5%),s3_simulated_data_provider_withdrawal,0.013275923932543954,0.3166001140901312,0.7501729726791382
Simulated Data Provider Withdrawal (~5%),s3_simulated_data_provider_withdrawal,0.013455328310010764,0.3166001140901312,0.7499818801879883
Simulated Data Provider Withdrawal (~5%),s3_simulated_data_provider_withdrawal,0.013455328310010764,0.31717056474614946,0.7497930526733398
Simulated Data Provider Withdrawal (~5%),s3_simulated_data_provider_withdrawal,0.013634732687477575,0.31717056474614946,0.7496783137321472
Simulated Data Provider Withdrawal (~5%),s3_simulated_data_provider_withdrawal,0.013634732687477575,0.3177410154021677,0.7496762275695801
Simulated Data Provider Withdrawal (~5%),s3_simulated_data_provider_withdrawal,0.013814137064944384,0.3177410154021677,0.7495580315589905
Simulated Data Provider Withdrawal (~5%),s3_simulated_data_provider_withdrawal,0.013814137064944384,0.31888191671420424,0.7485944032669067
Simulated Data Provider Withdrawal (~5%),s3_simulated_data_provider_withdrawal,0.013993541442411194,0.31888191671420424,0.7472386956214905
Simulated Data Provider Withdrawal (~5%),s3_simulated_data_provider_withdrawal,0.013993541442411194,0.32116371933827725,0.7460965514183044
Simulated Data Provider Withdrawal (~5%),s3_simulated_data_provider_withdrawal,0.013993541442411194,0.32230462065031373,0.7460107207298279
Simulated Data Provider Withdrawal (~5%),s3_simulated_data_provider_withdrawal,0.014172945819878005,0.32230462065031373,0.745930552482605
Simulated Data Provider Withdrawal (~5%),s3_simulated_data_provider_withdrawal,0.014172945819878005,0.32287507130633203,0.7458500862121582
Simulated Data Provider Withdrawal (~5%),s3_simulated_data_provider_withdrawal,0.014352350197344816,0.32287507130633203,0.7454967498779297
Simulated Data Provider Withdrawal (~5%),s3_simulated_data_provider_withdrawal,0.014352350197344816,0.32743867655447806,0.7423648834228516
Simulated Data Provider Withdrawal (~5%),s3_simulated_data_provider_withdrawal,0.014531754574811625,0.32743867655447806,0.7397639155387878
Simulated Data Provider Withdrawal (~5%),s3_simulated_data_provider_withdrawal,0.014531754574811625,0.33086138049058755,0.738470196723938
Simulated Data Provider Withdrawal (~5%),s3_simulated_data_provider_withdrawal,0.014711158952278435,0.33086138049058755,0.7384270429611206
Simulated Data Provider Withdrawal (~5%),s3_simulated_data_provider_withdrawal,0.014711158952278435,0.3314318311466058,0.7382851839065552
Simulated Data Provider Withdrawal (~5%),s3_simulated_data_provider_withdrawal,0.014890563329745246,0.3314318311466058,0.7382256984710693
Simulated Data Provider Withdrawal (~5%),s3_simulated_data_provider_withdrawal,0.014890563329745246,0.3359954363947519,0.7346055507659912
Simulated Data Provider Withdrawal (~5%),s3_simulated_data_provider_withdrawal,0.015069967707212056,0.3359954363947519,0.7342637777328491
Simulated Data Provider Withdrawal (~5%),s3_simulated_data_provider_withdrawal,0.015069967707212056,0.33713633770678836,0.7337769865989685
Simulated Data Provider Withdrawal (~5%),s3_simulated_data_provider_withdrawal,0.015069967707212056,0.3382772390188249,0.7334173321723938
Simulated Data Provider Withdrawal (~5%),s3_simulated_data_provider_withdrawal,0.015249372084678867,0.3382772390188249,0.7326812744140625
Simulated Data Provider Withdrawal (~5%),s3_simulated_data_provider_withdrawal,0.015249372084678867,0.33884768967484313,0.732535719871521
Simulated Data Provider Withdrawal (~5%),s3_simulated_data_provider_withdrawal,0.015428776462145676,0.33884768967484313,0.7324953675270081
Simulated Data Provider Withdrawal (~5%),s3_simulated_data_provider_withdrawal,0.015428776462145676,0.3394181403308614,0.7308036088943481
Simulated Data Provider Withdrawal (~5%),s3_simulated_data_provider_withdrawal,0.015608180839612486,0.3394181403308614,0.7302666902542114
Simulated Data Provider Withdrawal (~5%),s3_simulated_data_provider_withdrawal,0.015608180839612486,0.34455219623502564,0.7256840467453003
Simulated Data Provider Withdrawal (~5%),s3_simulated_data_provider_withdrawal,0.015787585217079295,0.34455219623502564,0.7249419689178467
Simulated Data Provider Withdrawal (~5%),s3_simulated_data_provider_withdrawal,0.015787585217079295,0.3462635482030804,0.7243883013725281
Simulated Data Provider Withdrawal (~5%),s3_simulated_data_provider_withdrawal,0.01632579834947973,0.3462635482030804,0.7234240770339966
Simulated Data Provider Withdrawal (~5%),s3_simulated_data_provider_withdrawal,0.01632579834947973,0.3502567027952082,0.7214272618293762
Simulated Data Provider Withdrawal (~5%),s3_simulated_data_provider_withdrawal,0.016505202726946538,0.3502567027952082,0.7210949063301086
Simulated Data Provider Withdrawal (~5%),s3_simulated_data_provider_withdrawal,0.016505202726946538,0.35139760410724474,0.7205636501312256
Simulated Data Provider Withdrawal (~5%),s3_simulated_data_provider_withdrawal,0.016684607104413347,0.35139760410724474,0.7202865481376648
Simulated Data Provider Withdrawal (~5%),s3_simulated_data_provider_withdrawal,0.016684607104413347,0.354249857387336,0.7184215784072876
Simulated Data Provider Withdrawal (~5%),s3_simulated_data_provider_withdrawal,0.01686401148188016,0.354249857387336,0.7182729840278625
Simulated Data Provider Withdrawal (~5%),s3_simulated_data_provider_withdrawal,0.01686401148188016,0.35482030804335424,0.7180105447769165
Simulated Data Provider Withdrawal (~5%),s3_simulated_data_provider_withdrawal,0.017043415859346968,0.35482030804335424,0.7169488072395325
Simulated Data Provider Withdrawal (~5%),s3_simulated_data_provider_withdrawal,0.017043415859346968,0.3559612093553908,0.7165701389312744
Simulated Data Provider Withdrawal (~5%),s3_simulated_data_provider_withdrawal,0.017222820236813777,0.3559612093553908,0.7164709568023682
Simulated Data Provider Withdrawal (~5%),s3_simulated_data_provider_withdrawal,0.017222820236813777,0.35881346263548203,0.7149745225906372
Simulated Data Provider Withdrawal (~5%),s3_simulated_data_provider_withdrawal,0.01740222461428059,0.35881346263548203,0.7149338126182556
Simulated Data Provider Withdrawal (~5%),s3_simulated_data_provider_withdrawal,0.01740222461428059,0.3628066172276098,0.7141364216804504
Simulated Data Provider Withdrawal (~5%),s3_simulated_data_provider_withdrawal,0.01829924650161464,0.3628066172276098,0.7131297588348389
Simulated Data Provider Withdrawal (~5%),s3_simulated_data_provider_withdrawal,0.01829924650161464,0.36337706788362806,0.7130255103111267
Simulated Data Provider Withdrawal (~5%),s3_simulated_data_provider_withdrawal,0.01847865087908145,0.36337706788362806,0.7130081653594971
Simulated Data Provider Withdrawal (~5%),s3_simulated_data_provider_withdrawal,0.01847865087908145,0.36737022247575585,0.7107754945755005
Simulated Data Provider Withdrawal (~5%),s3_simulated_data_provider_withdrawal,0.01883745963401507,0.36737022247575585,0.7101395130157471
Simulated Data Provider Withdrawal (~5%),s3_simulated_data_provider_withdrawal,0.01883745963401507,0.3685111237877924,0.7098706960678101
Simulated Data Provider Withdrawal (~5%),s3_simulated_data_provider_withdrawal,0.01901686401148188,0.3685111237877924,0.7097477316856384
Simulated Data Provider Withdrawal (~5%),s3_simulated_data_provider_withdrawal,0.01901686401148188,0.3690815744438106,0.7097406983375549
Simulated Data Provider Withdrawal (~5%),s3_simulated_data_provider_withdrawal,0.01919626838894869,0.3690815744438106,0.7089933753013611
Simulated Data Provider Withdrawal (~5%),s3_simulated_data_provider_withdrawal,0.01919626838894869,0.37478608100399313,0.7070206999778748
Simulated Data Provider Withdrawal (~5%),s3_simulated_data_provider_withdrawal,0.0193756727664155,0.37478608100399313,0.7070205807685852
Simulated Data Provider Withdrawal (~5%),s3_simulated_data_provider_withdrawal,0.0193756727664155,0.3753565316600114,0.706786036491394
Simulated Data Provider Withdrawal (~5%),s3_simulated_data_provider_withdrawal,0.01955507714388231,0.3753565316600114,0.7061141133308411
Simulated Data Provider Withdrawal (~5%),s3_simulated_data_provider_withdrawal,0.01955507714388231,0.37592698231602967,0.706043541431427
Simulated Data Provider Withdrawal (~5%),s3_simulated_data_provider_withdrawal,0.019734481521349122,0.37592698231602967,0.7058536410331726
Simulated Data Provider Withdrawal (~5%),s3_simulated_data_provider_withdrawal,0.019734481521349122,0.3764974329720479,0.7050467729568481
Simulated Data Provider Withdrawal (~5%),s3_simulated_data_provider_withdrawal,0.01991388589881593,0.3764974329720479,0.7048211693763733
Simulated Data Provider Withdrawal (~5%),s3_simulated_data_provider_withdrawal,0.01991388589881593,0.37706788362806615,0.7045183181762695
Simulated Data Provider Withdrawal (~5%),s3_simulated_data_provider_withdrawal,0.020093290276282743,0.37706788362806615,0.7036397457122803
Simulated Data Provider Withdrawal (~5%),s3_simulated_data_provider_withdrawal,0.020093290276282743,0.3827723901882487,0.7011883854866028
Simulated Data Provider Withdrawal (~5%),s3_simulated_data_provider_withdrawal,0.020272694653749552,0.3827723901882487,0.7002615332603455
Simulated Data Provider Withdrawal (~5%),s3_simulated_data_provider_withdrawal,0.020272694653749552,0.38562464346833997,0.6986308693885803
Simulated Data Provider Withdrawal (~5%),s3_simulated_data_provider_withdrawal,0.020631503408683173,0.38562464346833997,0.6983225345611572
Simulated Data Provider Withdrawal (~5%),s3_simulated_data_provider_withdrawal,0.020631503408683173,0.38619509412435826,0.6980618238449097
Simulated Data Provider Withdrawal (~5%),s3_simulated_data_provider_withdrawal,0.020810907786149982,0.38619509412435826,0.6980301141738892
Simulated Data Provider Withdrawal (~5%),s3_simulated_data_provider_withdrawal,0.020810907786149982,0.3884768967484313,0.6972712874412537
Simulated Data Provider Withdrawal (~5%),s3_simulated_data_provider_withdrawal,0.021169716541083603,0.3884768967484313,0.6968560218811035
Simulated Data Provider Withdrawal (~5%),s3_simulated_data_provider_withdrawal,0.021169716541083603,0.3890473474044495,0.6965109705924988
Simulated Data Provider Withdrawal (~5%),s3_simulated_data_provider_withdrawal,0.021349120918550412,0.3890473474044495,0.6963494420051575
Simulated Data Provider Withdrawal (~5%),s3_simulated_data_provider_withdrawal,0.021349120918550412,0.390188248716486,0.6955864429473877
Simulated Data Provider Withdrawal (~5%),s3_simulated_data_provider_withdrawal,0.021528525296017224,0.390188248716486,0.6953772902488708
Simulated Data Provider Withdrawal (~5%),s3_simulated_data_provider_withdrawal,0.021528525296017224,0.3907586993725043,0.6946083903312683
Simulated Data Provider Withdrawal (~5%),s3_simulated_data_provider_withdrawal,0.021528525296017224,0.39247005134055907,0.6944193243980408
Simulated Data Provider Withdrawal (~5%),s3_simulated_data_provider_withdrawal,0.021528525296017224,0.39361095265259555,0.693530797958374
Simulated Data Provider Withdrawal (~5%),s3_simulated_data_provider_withdrawal,0.021707929673484033,0.39361095265259555,0.6935250759124756
Simulated Data Provider Withdrawal (~5%),s3_simulated_data_provider_withdrawal,0.021707929673484033,0.3947518539646321,0.6931872367858887
Simulated Data Provider Withdrawal (~5%),s3_simulated_data_provider_withdrawal,0.021887334050950842,0.3947518539646321,0.6929919719696045
Simulated Data Provider Withdrawal (~5%),s3_simulated_data_provider_withdrawal,0.021887334050950842,0.39589275527666856,0.6914294958114624
Simulated Data Provider Withdrawal (~5%),s3_simulated_data_provider_withdrawal,0.022066738428417654,0.39589275527666856,0.6912758350372314
Simulated Data Provider Withdrawal (~5%),s3_simulated_data_provider_withdrawal,0.022066738428417654,0.3964632059326868,0.6909942030906677
Simulated Data Provider Withdrawal (~5%),s3_simulated_data_provider_withdrawal,0.022246142805884463,0.3964632059326868,0.6909761428833008
Simulated Data Provider Withdrawal (~5%),s3_simulated_data_provider_withdrawal,0.022246142805884463,0.3970336565887051,0.6906394362449646
Simulated Data Provider Withdrawal (~5%),s3_simulated_data_provider_withdrawal,0.022246142805884463,0.3981745579007416,0.6905524134635925
Simulated Data Provider Withdrawal (~5%),s3_simulated_data_provider_withdrawal,0.022246142805884463,0.4004563605248146,0.6897091269493103
Simulated Data Provider Withdrawal (~5%),s3_simulated_data_provider_withdrawal,0.022246142805884463,0.4015972618368511,0.6895297169685364
Simulated Data Provider Withdrawal (~5%),s3_simulated_data_provider_withdrawal,0.022246142805884463,0.4027381631488876,0.6888149976730347
Simulated Data Provider Withdrawal (~5%),s3_simulated_data_provider_withdrawal,0.022425547183351272,0.4027381631488876,0.6887288689613342
Simulated Data Provider Withdrawal (~5%),s3_simulated_data_provider_withdrawal,0.022425547183351272,0.40387906446092414,0.6881876587867737
Simulated Data Provider Withdrawal (~5%),s3_simulated_data_provider_withdrawal,0.022784355938284893,0.40387906446092414,0.6875501275062561
Simulated Data Provider Withdrawal (~5%),s3_simulated_data_provider_withdrawal,0.022784355938284893,0.4044495151169424,0.6875143647193909
Simulated Data Provider Withdrawal (~5%),s3_simulated_data_provider_withdrawal,0.022963760315751706,0.4044495151169424,0.6873833537101746
Simulated Data Provider Withdrawal (~5%),s3_simulated_data_provider_withdrawal,0.022963760315751706,0.41015402167712495,0.6858688592910767
Simulated Data Provider Withdrawal (~5%),s3_simulated_data_provider_withdrawal,0.023143164693218515,0.41015402167712495,0.6855615973472595
Simulated Data Provider Withdrawal (~5%),s3_simulated_data_provider_withdrawal,0.023143164693218515,0.41243582430119796,0.6843973398208618
Simulated Data Provider Withdrawal (~5%),s3_simulated_data_provider_withdrawal,0.023322569070685324,0.41243582430119796,0.6843762993812561
Simulated Data Provider Withdrawal (~5%),s3_simulated_data_provider_withdrawal,0.023322569070685324,0.41414717626925274,0.6828117370605469
Simulated Data Provider Withdrawal (~5%),s3_simulated_data_provider_withdrawal,0.023322569070685324,0.4152880775812892,0.6827779412269592
Simulated Data Provider Withdrawal (~5%),s3_simulated_data_provider_withdrawal,0.023501973448152136,0.4152880775812892,0.6826047897338867
Simulated Data Provider Withdrawal (~5%),s3_simulated_data_provider_withdrawal,0.023501973448152136,0.416999429549344,0.6820387840270996
Simulated Data Provider Withdrawal (~5%),s3_simulated_data_provider_withdrawal,0.023681377825618945,0.41756988020536223,0.6814387440681458
Simulated Data Provider Withdrawal (~5%),s3_simulated_data_provider_withdrawal,0.023860782203085754,0.41756988020536223,0.6809465885162354
Simulated Data Provider Withdrawal (~5%),s3_simulated_data_provider_withdrawal,0.023860782203085754,0.419281232173417,0.6809078454971313
Simulated Data Provider Withdrawal (~5%),s3_simulated_data_provider_withdrawal,0.024040186580552566,0.419281232173417,0.680759608745575
Simulated Data Provider Withdrawal (~5%),s3_simulated_data_provider_withdrawal,0.024040186580552566,0.41985168282943525,0.6806958913803101
Simulated Data Provider Withdrawal (~5%),s3_simulated_data_provider_withdrawal,0.024398995335486187,0.41985168282943525,0.6803534030914307
Simulated Data Provider Withdrawal (~5%),s3_simulated_data_provider_withdrawal,0.024398995335486187,0.4249857387335995,0.6769687533378601
Simulated Data Provider Withdrawal (~5%),s3_simulated_data_provider_withdrawal,0.024757804090419805,0.4249857387335995,0.6766517758369446
Simulated Data Provider Withdrawal (~5%),s3_simulated_data_provider_withdrawal,0.024757804090419805,0.43240159726183686,0.6727464199066162
Simulated Data Provider Withdrawal (~5%),s3_simulated_data_provider_withdrawal,0.025475421600287047,0.43240159726183686,0.6712514758110046
Simulated Data Provider Withdrawal (~5%),s3_simulated_data_provider_withdrawal,0.025475421600287047,0.4329720479178551,0.6711738705635071
Simulated Data Provider Withdrawal (~5%),s3_simulated_data_provider_withdrawal,0.025654825977753856,0.4329720479178551,0.6710234880447388
Simulated Data Provider Withdrawal (~5%),s3_simulated_data_provider_withdrawal,0.025654825977753856,0.43354249857387334,0.6704264879226685
Simulated Data Provider Withdrawal (~5%),s3_simulated_data_provider_withdrawal,0.026013634732687477,0.43354249857387334,0.66969895362854
Simulated Data Provider Withdrawal (~5%),s3_simulated_data_provider_withdrawal,0.026013634732687477,0.4352538505419281,0.6690964102745056
Simulated Data Provider Withdrawal (~5%),s3_simulated_data_provider_withdrawal,0.0263724434876211,0.4352538505419281,0.6681607961654663
Simulated Data Provider Withdrawal (~5%),s3_simulated_data_provider_withdrawal,0.0263724434876211,0.43639475185396465,0.6672642230987549
Simulated Data Provider Withdrawal (~5%),s3_simulated_data_provider_withdrawal,0.026551847865087908,0.43639475185396465,0.6670767068862915
Simulated Data Provider Withdrawal (~5%),s3_simulated_data_provider_withdrawal,0.026551847865087908,0.4369652025099829,0.666890561580658
Simulated Data Provider Withdrawal (~5%),s3_simulated_data_provider_withdrawal,0.02673125224255472,0.4369652025099829,0.666003942489624
Simulated Data Provider Withdrawal (~5%),s3_simulated_data_provider_withdrawal,0.02673125224255472,0.43867655447803766,0.6652202010154724
Simulated Data Provider Withdrawal (~5%),s3_simulated_data_provider_withdrawal,0.02691065662002153,0.43867655447803766,0.6636519432067871
Simulated Data Provider Withdrawal (~5%),s3_simulated_data_provider_withdrawal,0.02691065662002153,0.4392470051340559,0.663196325302124
Simulated Data Provider Withdrawal (~5%),s3_simulated_data_provider_withdrawal,0.02726946537495515,0.4392470051340559,0.6631422638893127
Simulated Data Provider Withdrawal (~5%),s3_simulated_data_provider_withdrawal,0.02726946537495515,0.4409583571021107,0.6619393825531006
Simulated Data Provider Withdrawal (~5%),s3_simulated_data_provider_withdrawal,0.02780767850735558,0.4409583571021107,0.6612175703048706
Simulated Data Provider Withdrawal (~5%),s3_simulated_data_provider_withdrawal,0.02780767850735558,0.44209925841414716,0.6609269380569458
Simulated Data Provider Withdrawal (~5%),s3_simulated_data_provider_withdrawal,0.02798708288482239,0.4432401597261837,0.6606223583221436
Simulated Data Provider Withdrawal (~5%),s3_simulated_data_provider_withdrawal,0.02798708288482239,0.44438106103822017,0.6601675748825073
Simulated Data Provider Withdrawal (~5%),s3_simulated_data_provider_withdrawal,0.0281664872622892,0.44438106103822017,0.6593689918518066
Simulated Data Provider Withdrawal (~5%),s3_simulated_data_provider_withdrawal,0.0281664872622892,0.4455219623502567,0.6591653227806091
Simulated Data Provider Withdrawal (~5%),s3_simulated_data_provider_withdrawal,0.0281664872622892,0.4472333143183115,0.657170295715332
Simulated Data Provider Withdrawal (~5%),s3_simulated_data_provider_withdrawal,0.02834589163975601,0.4472333143183115,0.6566718220710754
Simulated Data Provider Withdrawal (~5%),s3_simulated_data_provider_withdrawal,0.02834589163975601,0.44837421563034796,0.6562938094139099
Simulated Data Provider Withdrawal (~5%),s3_simulated_data_provider_withdrawal,0.02852529601722282,0.44837421563034796,0.6562274694442749
Simulated Data Provider Withdrawal (~5%),s3_simulated_data_provider_withdrawal,0.02852529601722282,0.4495151169423845,0.6560072302818298
Simulated Data Provider Withdrawal (~5%),s3_simulated_data_provider_withdrawal,0.02906350914962325,0.4495151169423845,0.6536005139350891
Simulated Data Provider Withdrawal (~5%),s3_simulated_data_provider_withdrawal,0.02906350914962325,0.4535082715345123,0.6526588201522827
Simulated Data Provider Withdrawal (~5%),s3_simulated_data_provider_withdrawal,0.02924291352709006,0.4535082715345123,0.6519894003868103
Simulated Data Provider Withdrawal (~5%),s3_simulated_data_provider_withdrawal,0.02942231790455687,0.4540787221905305,0.6519114971160889
Simulated Data Provider Withdrawal (~5%),s3_simulated_data_provider_withdrawal,0.02942231790455687,0.455219623502567,0.6519020795822144
Simulated Data Provider Withdrawal (~5%),s3_simulated_data_provider_withdrawal,0.02942231790455687,0.4620650313747861,0.6485432982444763
Simulated Data Provider Withdrawal (~5%),s3_simulated_data_provider_withdrawal,0.029601722282023683,0.4620650313747861,0.6485121846199036
Simulated Data Provider Withdrawal (~5%),s3_simulated_data_provider_withdrawal,0.029601722282023683,0.4637763833428408,0.6472899913787842
Simulated Data Provider Withdrawal (~5%),s3_simulated_data_provider_withdrawal,0.02978112665949049,0.4637763833428408,0.6463011503219604
Simulated Data Provider Withdrawal (~5%),s3_simulated_data_provider_withdrawal,0.02978112665949049,0.4654877353108956,0.6432907581329346
Simulated Data Provider Withdrawal (~5%),s3_simulated_data_provider_withdrawal,0.0299605310369573,0.46605818596691384,0.6431615948677063
Simulated Data Provider Withdrawal (~5%),s3_simulated_data_provider_withdrawal,0.030139935414424113,0.46605818596691384,0.6431601047515869
Simulated Data Provider Withdrawal (~5%),s3_simulated_data_provider_withdrawal,0.030139935414424113,0.4671990872789504,0.642524003982544
Simulated Data Provider Withdrawal (~5%),s3_simulated_data_provider_withdrawal,0.030678148546824543,0.4671990872789504,0.642270028591156
Simulated Data Provider Withdrawal (~5%),s3_simulated_data_provider_withdrawal,0.030678148546824543,0.4717626925270964,0.6404655575752258
Simulated Data Provider Withdrawal (~5%),s3_simulated_data_provider_withdrawal,0.031036957301758164,0.4717626925270964,0.6403924226760864
Simulated Data Provider Withdrawal (~5%),s3_simulated_data_provider_withdrawal,0.031036957301758164,0.47233314318311465,0.6403600573539734
Simulated Data Provider Withdrawal (~5%),s3_simulated_data_provider_withdrawal,0.031754574811625406,0.47233314318311465,0.6397340297698975
Simulated Data Provider Withdrawal (~5%),s3_simulated_data_provider_withdrawal,0.031754574811625406,0.47290359383913294,0.6396171450614929
Simulated Data Provider Withdrawal (~5%),s3_simulated_data_provider_withdrawal,0.03229278794402583,0.47290359383913294,0.639066219329834
Simulated Data Provider Withdrawal (~5%),s3_simulated_data_provider_withdrawal,0.03229278794402583,0.4734740444951512,0.6388267874717712
Simulated Data Provider Withdrawal (~5%),s3_simulated_data_provider_withdrawal,0.03247219232149264,0.4734740444951512,0.6379331350326538
Simulated Data Provider Withdrawal (~5%),s3_simulated_data_provider_withdrawal,0.03247219232149264,0.47461494580718766,0.6363910436630249
Simulated Data Provider Withdrawal (~5%),s3_simulated_data_provider_withdrawal,0.03265159669895946,0.47461494580718766,0.6360840797424316
Simulated Data Provider Withdrawal (~5%),s3_simulated_data_provider_withdrawal,0.03265159669895946,0.4757558471192242,0.6358452439308167
Simulated Data Provider Withdrawal (~5%),s3_simulated_data_provider_withdrawal,0.03283100107642627,0.4757558471192242,0.6356536149978638
Simulated Data Provider Withdrawal (~5%),s3_simulated_data_provider_withdrawal,0.03283100107642627,0.47632629777524244,0.6355026364326477
Simulated Data Provider Withdrawal (~5%),s3_simulated_data_provider_withdrawal,0.033010405453893076,0.47632629777524244,0.6352753639221191
Simulated Data Provider Withdrawal (~5%),s3_simulated_data_provider_withdrawal,0.033010405453893076,0.47746719908727897,0.6349730491638184
Simulated Data Provider Withdrawal (~5%),s3_simulated_data_provider_withdrawal,0.0335486185862935,0.47746719908727897,0.6342689990997314
Simulated Data Provider Withdrawal (~5%),s3_simulated_data_provider_withdrawal,0.0335486185862935,0.4780376497432972,0.634088397026062
Simulated Data Provider Withdrawal (~5%),s3_simulated_data_provider_withdrawal,0.03372802296376032,0.4780376497432972,0.6339175701141357
Simulated Data Provider Withdrawal (~5%),s3_simulated_data_provider_withdrawal,0.03372802296376032,0.47860810039931545,0.6338928937911987
Simulated Data Provider Withdrawal (~5%),s3_simulated_data_provider_withdrawal,0.034086831718693936,0.47860810039931545,0.6333773732185364
Simulated Data Provider Withdrawal (~5%),s3_simulated_data_provider_withdrawal,0.034086831718693936,0.479749001711352,0.6327587366104126
Simulated Data Provider Withdrawal (~5%),s3_simulated_data_provider_withdrawal,0.034266236096160745,0.479749001711352,0.6313560605049133
Simulated Data Provider Withdrawal (~5%),s3_simulated_data_provider_withdrawal,0.034266236096160745,0.4803194523673702,0.6301480531692505
Simulated Data Provider Withdrawal (~5%),s3_simulated_data_provider_withdrawal,0.03444564047362755,0.4803194523673702,0.6294735670089722
Simulated Data Provider Withdrawal (~5%),s3_simulated_data_provider_withdrawal,0.03444564047362755,0.48088990302338847,0.6294137239456177
Simulated Data Provider Withdrawal (~5%),s3_simulated_data_provider_withdrawal,0.03480444922856118,0.48088990302338847,0.6283249258995056
Simulated Data Provider Withdrawal (~5%),s3_simulated_data_provider_withdrawal,0.03480444922856118,0.4814603536794067,0.6282398700714111
Simulated Data Provider Withdrawal (~5%),s3_simulated_data_provider_withdrawal,0.03498385360602799,0.4814603536794067,0.6275506019592285
Simulated Data Provider Withdrawal (~5%),s3_simulated_data_provider_withdrawal,0.03498385360602799,0.48260125499144324,0.6273667812347412
Simulated Data Provider Withdrawal (~5%),s3_simulated_data_provider_withdrawal,0.035163257983494796,0.48260125499144324,0.6273648142814636
Simulated Data Provider Withdrawal (~5%),s3_simulated_data_provider_withdrawal,0.035163257983494796,0.4837421563034798,0.6271407008171082
Simulated Data Provider Withdrawal (~5%),s3_simulated_data_provider_withdrawal,0.035342662360961605,0.4837421563034798,0.6269623041152954
Simulated Data Provider Withdrawal (~5%),s3_simulated_data_provider_withdrawal,0.035342662360961605,0.48488305761551626,0.6267852783203125
Simulated Data Provider Withdrawal (~5%),s3_simulated_data_provider_withdrawal,0.03570147111589523,0.48488305761551626,0.6253154277801514
Simulated Data Provider Withdrawal (~5%),s3_simulated_data_provider_withdrawal,0.03570147111589523,0.4854535082715345,0.6251025795936584
Simulated Data Provider Withdrawal (~5%),s3_simulated_data_provider_withdrawal,0.03588087549336204,0.4854535082715345,0.6248419284820557
Simulated Data Provider Withdrawal (~5%),s3_simulated_data_provider_withdrawal,0.03588087549336204,0.48716486023958927,0.6222554445266724
Simulated Data Provider Withdrawal (~5%),s3_simulated_data_provider_withdrawal,0.03606027987082885,0.4877353108956075,0.6219624876976013
Simulated Data Provider Withdrawal (~5%),s3_simulated_data_provider_withdrawal,0.03606027987082885,0.4894466628636623,0.6206493377685547
Simulated Data Provider Withdrawal (~5%),s3_simulated_data_provider_withdrawal,0.03606027987082885,0.4905875641756988,0.6206094026565552
Simulated Data Provider Withdrawal (~5%),s3_simulated_data_provider_withdrawal,0.03606027987082885,0.49229891614375354,0.6199166774749756
Simulated Data Provider Withdrawal (~5%),s3_simulated_data_provider_withdrawal,0.036239684248295656,0.4940102681118083,0.6197410821914673
Simulated Data Provider Withdrawal (~5%),s3_simulated_data_provider_withdrawal,0.036239684248295656,0.4968625213918996,0.6175432205200195
Simulated Data Provider Withdrawal (~5%),s3_simulated_data_provider_withdrawal,0.03641908862576247,0.4968625213918996,0.6161306500434875
Simulated Data Provider Withdrawal (~5%),s3_simulated_data_provider_withdrawal,0.03641908862576247,0.5025670279520822,0.6126412153244019
Simulated Data Provider Withdrawal (~5%),s3_simulated_data_provider_withdrawal,0.03659849300322928,0.5025670279520822,0.6126230955123901
Simulated Data Provider Withdrawal (~5%),s3_simulated_data_provider_withdrawal,0.03659849300322928,0.5054192812321734,0.6102842092514038
Simulated Data Provider Withdrawal (~5%),s3_simulated_data_provider_withdrawal,0.03677789738069609,0.5054192812321734,0.609448254108429
Simulated Data Provider Withdrawal (~5%),s3_simulated_data_provider_withdrawal,0.03677789738069609,0.5071306332002282,0.6078795790672302
Simulated Data Provider Withdrawal (~5%),s3_simulated_data_provider_withdrawal,0.0369573017581629,0.5071306332002282,0.6068727970123291
Simulated Data Provider Withdrawal (~5%),s3_simulated_data_provider_withdrawal,0.0369573017581629,0.5077010838562465,0.6062197089195251
Simulated Data Provider Withdrawal (~5%),s3_simulated_data_provider_withdrawal,0.037316110513096516,0.5077010838562465,0.6047829389572144
Simulated Data Provider Withdrawal (~5%),s3_simulated_data_provider_withdrawal,0.037316110513096516,0.5082715345122647,0.604780912399292
Simulated Data Provider Withdrawal (~5%),s3_simulated_data_provider_withdrawal,0.03749551489056333,0.5082715345122647,0.6047191023826599
Simulated Data Provider Withdrawal (~5%),s3_simulated_data_provider_withdrawal,0.03749551489056333,0.5116942384483743,0.6036348938941956
Simulated Data Provider Withdrawal (~5%),s3_simulated_data_provider_withdrawal,0.03767491926803014,0.5116942384483743,0.6027047634124756
Simulated Data Provider Withdrawal (~5%),s3_simulated_data_provider_withdrawal,0.03767491926803014,0.5128351397604107,0.6024296879768372
Simulated Data Provider Withdrawal (~5%),s3_simulated_data_provider_withdrawal,0.03785432364549695,0.5128351397604107,0.6023261547088623
Simulated Data Provider Withdrawal (~5%),s3_simulated_data_provider_withdrawal,0.03785432364549695,0.513405590416429,0.6013333797454834
Simulated Data Provider Withdrawal (~5%),s3_simulated_data_provider_withdrawal,0.03803372802296376,0.513405590416429,0.6008248329162598
Simulated Data Provider Withdrawal (~5%),s3_simulated_data_provider_withdrawal,0.03803372802296376,0.5151169423844837,0.5988872051239014
Simulated Data Provider Withdrawal (~5%),s3_simulated_data_provider_withdrawal,0.03839253677789738,0.5151169423844837,0.5982751846313477
Simulated Data Provider Withdrawal (~5%),s3_simulated_data_provider_withdrawal,0.03839253677789738,0.517969195664575,0.5960352420806885
Simulated Data Provider Withdrawal (~5%),s3_simulated_data_provider_withdrawal,0.03911015428776462,0.517969195664575,0.5942244529724121
Simulated Data Provider Withdrawal (~5%),s3_simulated_data_provider_withdrawal,0.039289558665231435,0.5185396463205932,0.5932316780090332
Simulated Data Provider Withdrawal (~5%),s3_simulated_data_provider_withdrawal,0.039468963042698244,0.5185396463205932,0.5930235981941223
Simulated Data Provider Withdrawal (~5%),s3_simulated_data_provider_withdrawal,0.039468963042698244,0.5191100969766115,0.5922930836677551
Simulated Data Provider Withdrawal (~5%),s3_simulated_data_provider_withdrawal,0.03964836742016505,0.5191100969766115,0.5920466184616089
Simulated Data Provider Withdrawal (~5%),s3_simulated_data_provider_withdrawal,0.03964836742016505,0.5196805476326298,0.5919356942176819
Simulated Data Provider Withdrawal (~5%),s3_simulated_data_provider_withdrawal,0.03982777179763186,0.5196805476326298,0.5918987989425659
Simulated Data Provider Withdrawal (~5%),s3_simulated_data_provider_withdrawal,0.03982777179763186,0.522532800912721,0.5896248817443848
Simulated Data Provider Withdrawal (~5%),s3_simulated_data_provider_withdrawal,0.04000717617509867,0.522532800912721,0.588837206363678
Simulated Data Provider Withdrawal (~5%),s3_simulated_data_provider_withdrawal,0.04000717617509867,0.5242441528807759,0.5875977873802185
Simulated Data Provider Withdrawal (~5%),s3_simulated_data_provider_withdrawal,0.040365984930032295,0.5242441528807759,0.5870230197906494
Simulated Data Provider Withdrawal (~5%),s3_simulated_data_provider_withdrawal,0.040365984930032295,0.5282373074729035,0.5837910771369934
Simulated Data Provider Withdrawal (~5%),s3_simulated_data_provider_withdrawal,0.040545389307499104,0.5282373074729035,0.583505392074585
Simulated Data Provider Withdrawal (~5%),s3_simulated_data_provider_withdrawal,0.040545389307499104,0.5288077581289219,0.5834883451461792
Simulated Data Provider Withdrawal (~5%),s3_simulated_data_provider_withdrawal,0.04072479368496591,0.5288077581289219,0.5834472179412842
Simulated Data Provider Withdrawal (~5%),s3_simulated_data_provider_withdrawal,0.04072479368496591,0.5293782087849401,0.5833945870399475
Simulated Data Provider Withdrawal (~5%),s3_simulated_data_provider_withdrawal,0.04198062432723358,0.5293782087849401,0.5808511972427368
Simulated Data Provider Withdrawal (~5%),s3_simulated_data_provider_withdrawal,0.04198062432723358,0.5305191100969766,0.5804145932197571
Simulated Data Provider Withdrawal (~5%),s3_simulated_data_provider_withdrawal,0.042339433082167206,0.5305191100969766,0.5795108675956726
Simulated Data Provider Withdrawal (~5%),s3_simulated_data_provider_withdrawal,0.042339433082167206,0.5316600114090131,0.578935444355011
Simulated Data Provider Withdrawal (~5%),s3_simulated_data_provider_withdrawal,0.042518837459634015,0.5316600114090131,0.5788723230361938
Simulated Data Provider Withdrawal (~5%),s3_simulated_data_provider_withdrawal,0.042518837459634015,0.5350827153451226,0.5770045518875122
Simulated Data Provider Withdrawal (~5%),s3_simulated_data_provider_withdrawal,0.042698241837100824,0.5350827153451226,0.5765590071678162
Simulated Data Provider Withdrawal (~5%),s3_simulated_data_provider_withdrawal,0.042698241837100824,0.5362236166571591,0.5754026770591736
Simulated Data Provider Withdrawal (~5%),s3_simulated_data_provider_withdrawal,0.04305705059203445,0.5362236166571591,0.5745711922645569
Simulated Data Provider Withdrawal (~5%),s3_simulated_data_provider_withdrawal,0.04305705059203445,0.5367940673131774,0.5737911462783813
Simulated Data Provider Withdrawal (~5%),s3_simulated_data_provider_withdrawal,0.043415859346968066,0.5367940673131774,0.5724647045135498
Simulated Data Provider Withdrawal (~5%),s3_simulated_data_provider_withdrawal,0.043415859346968066,0.5402167712492869,0.5707636475563049
Simulated Data Provider Withdrawal (~5%),s3_simulated_data_provider_withdrawal,0.0439540724793685,0.5402167712492869,0.5695204734802246
Simulated Data Provider Withdrawal (~5%),s3_simulated_data_provider_withdrawal,0.0439540724793685,0.5430690245293782,0.567354142665863
Simulated Data Provider Withdrawal (~5%),s3_simulated_data_provider_withdrawal,0.04431288123430212,0.5430690245293782,0.5665336847305298
Simulated Data Provider Withdrawal (~5%),s3_simulated_data_provider_withdrawal,0.04431288123430212,0.5447803764974329,0.5647946000099182
Simulated Data Provider Withdrawal (~5%),s3_simulated_data_provider_withdrawal,0.044671689989235736,0.5447803764974329,0.5644958019256592
Simulated Data Provider Withdrawal (~5%),s3_simulated_data_provider_withdrawal,0.044671689989235736,0.5459212778094695,0.563518762588501
Simulated Data Provider Withdrawal (~5%),s3_simulated_data_provider_withdrawal,0.044851094366702544,0.5459212778094695,0.5633978843688965
Simulated Data Provider Withdrawal (~5%),s3_simulated_data_provider_withdrawal,0.044851094366702544,0.547062179121506,0.5627057552337646
Simulated Data Provider Withdrawal (~5%),s3_simulated_data_provider_withdrawal,0.04538930749910298,0.547062179121506,0.5622203946113586
Simulated Data Provider Withdrawal (~5%),s3_simulated_data_provider_withdrawal,0.04538930749910298,0.5482030804335425,0.5612252354621887
Simulated Data Provider Withdrawal (~5%),s3_simulated_data_provider_withdrawal,0.04556871187656979,0.5482030804335425,0.5607559680938721
Simulated Data Provider Withdrawal (~5%),s3_simulated_data_provider_withdrawal,0.04556871187656979,0.5487735310895607,0.560727596282959
Simulated Data Provider Withdrawal (~5%),s3_simulated_data_provider_withdrawal,0.04592752063150341,0.5487735310895607,0.5602644681930542
Simulated Data Provider Withdrawal (~5%),s3_simulated_data_provider_withdrawal,0.04592752063150341,0.549343981745579,0.559352457523346
Simulated Data Provider Withdrawal (~5%),s3_simulated_data_provider_withdrawal,0.04628632938643703,0.549343981745579,0.5591895580291748
Simulated Data Provider Withdrawal (~5%),s3_simulated_data_provider_withdrawal,0.04628632938643703,0.5499144324015972,0.5589272975921631
Simulated Data Provider Withdrawal (~5%),s3_simulated_data_provider_withdrawal,0.04646573376390384,0.5499144324015972,0.5586392879486084
Simulated Data Provider Withdrawal (~5%),s3_simulated_data_provider_withdrawal,0.04646573376390384,0.5510553337136338,0.5583282113075256
Simulated Data Provider Withdrawal (~5%),s3_simulated_data_provider_withdrawal,0.04646573376390384,0.551625784369652,0.5578289031982422
Simulated Data Provider Withdrawal (~5%),s3_simulated_data_provider_withdrawal,0.04664513814137065,0.5521962350256703,0.5576940774917603
Simulated Data Provider Withdrawal (~5%),s3_simulated_data_provider_withdrawal,0.04682454251883746,0.5521962350256703,0.557438313961029
Simulated Data Provider Withdrawal (~5%),s3_simulated_data_provider_withdrawal,0.04682454251883746,0.5533371363377068,0.5572811961174011
Simulated Data Provider Withdrawal (~5%),s3_simulated_data_provider_withdrawal,0.04682454251883746,0.5550484883057616,0.5567066669464111
Simulated Data Provider Withdrawal (~5%),s3_simulated_data_provider_withdrawal,0.04700394689630427,0.5550484883057616,0.5566909909248352
Simulated Data Provider Withdrawal (~5%),s3_simulated_data_provider_withdrawal,0.04700394689630427,0.5561893896177981,0.556459903717041
Simulated Data Provider Withdrawal (~5%),s3_simulated_data_provider_withdrawal,0.04790096878363832,0.5561893896177981,0.5544630289077759
Simulated Data Provider Withdrawal (~5%),s3_simulated_data_provider_withdrawal,0.04790096878363832,0.5567598402738163,0.5534273386001587
Simulated Data Provider Withdrawal (~5%),s3_simulated_data_provider_withdrawal,0.04808037316110513,0.5567598402738163,0.5533010959625244
Simulated Data Provider Withdrawal (~5%),s3_simulated_data_provider_withdrawal,0.04808037316110513,0.5579007415858528,0.553219199180603
Simulated Data Provider Withdrawal (~5%),s3_simulated_data_provider_withdrawal,0.04825977753857194,0.5590416428978894,0.5521107316017151
Simulated Data Provider Withdrawal (~5%),s3_simulated_data_provider_withdrawal,0.048797990670972374,0.5590416428978894,0.5503167510032654
Simulated Data Provider Withdrawal (~5%),s3_simulated_data_provider_withdrawal,0.048797990670972374,0.5596120935539076,0.5498424172401428
Simulated Data Provider Withdrawal (~5%),s3_simulated_data_provider_withdrawal,0.04897739504843918,0.5596120935539076,0.549829363822937
Simulated Data Provider Withdrawal (~5%),s3_simulated_data_provider_withdrawal,0.04897739504843918,0.5613234455219623,0.5492164492607117
Simulated Data Provider Withdrawal (~5%),s3_simulated_data_provider_withdrawal,0.04915679942590599,0.5613234455219623,0.5491839051246643
Simulated Data Provider Withdrawal (~5%),s3_simulated_data_provider_withdrawal,0.04915679942590599,0.5636052481460354,0.5486791133880615
Simulated Data Provider Withdrawal (~5%),s3_simulated_data_provider_withdrawal,0.04951560818083961,0.5636052481460354,0.5486127138137817
Simulated Data Provider Withdrawal (~5%),s3_simulated_data_provider_withdrawal,0.04951560818083961,0.5647461494580719,0.5477716326713562
Simulated Data Provider Withdrawal (~5%),s3_simulated_data_provider_withdrawal,0.049695012558306426,0.5647461494580719,0.5475032925605774
Simulated Data Provider Withdrawal (~5%),s3_simulated_data_provider_withdrawal,0.049695012558306426,0.5653166001140901,0.5473297834396362
Simulated Data Provider Withdrawal (~5%),s3_simulated_data_provider_withdrawal,0.05005382131324004,0.5653166001140901,0.5470923185348511
Simulated Data Provider Withdrawal (~5%),s3_simulated_data_provider_withdrawal,0.05005382131324004,0.5658870507701084,0.5469704270362854
Simulated Data Provider Withdrawal (~5%),s3_simulated_data_provider_withdrawal,0.05041263006817366,0.5658870507701084,0.5463681221008301
Simulated Data Provider Withdrawal (~5%),s3_simulated_data_provider_withdrawal,0.05041263006817366,0.5670279520821448,0.5460829138755798
Simulated Data Provider Withdrawal (~5%),s3_simulated_data_provider_withdrawal,0.05059203444564048,0.5670279520821448,0.5458890199661255
Simulated Data Provider Withdrawal (~5%),s3_simulated_data_provider_withdrawal,0.05059203444564048,0.5675984027381632,0.5456418991088867
Simulated Data Provider Withdrawal (~5%),s3_simulated_data_provider_withdrawal,0.050771438823107286,0.5675984027381632,0.5455445051193237
Simulated Data Provider Withdrawal (~5%),s3_simulated_data_provider_withdrawal,0.050771438823107286,0.5693097547062179,0.5448458790779114
Simulated Data Provider Withdrawal (~5%),s3_simulated_data_provider_withdrawal,0.051130247578040904,0.5693097547062179,0.5442917346954346
Simulated Data Provider Withdrawal (~5%),s3_simulated_data_provider_withdrawal,0.051130247578040904,0.5715915573302909,0.5436587333679199
Simulated Data Provider Withdrawal (~5%),s3_simulated_data_provider_withdrawal,0.05166846071044134,0.5715915573302909,0.5429064035415649
Simulated Data Provider Withdrawal (~5%),s3_simulated_data_provider_withdrawal,0.05166846071044134,0.5721620079863092,0.542732298374176
Simulated Data Provider Withdrawal (~5%),s3_simulated_data_provider_withdrawal,0.051847865087908146,0.5721620079863092,0.5427260398864746
Simulated Data Provider Withdrawal (~5%),s3_simulated_data_provider_withdrawal,0.051847865087908146,0.5727324586423275,0.5423151850700378
Simulated Data Provider Withdrawal (~5%),s3_simulated_data_provider_withdrawal,0.052027269465374955,0.5727324586423275,0.5420849919319153
Simulated Data Provider Withdrawal (~5%),s3_simulated_data_provider_withdrawal,0.052027269465374955,0.5733029092983457,0.5417188405990601
Simulated Data Provider Withdrawal (~5%),s3_simulated_data_provider_withdrawal,0.05256548259777539,0.5733029092983457,0.5409959554672241
Simulated Data Provider Withdrawal (~5%),s3_simulated_data_provider_withdrawal,0.05256548259777539,0.5744438106103822,0.5398145914077759
Simulated Data Provider Withdrawal (~5%),s3_simulated_data_provider_withdrawal,0.0527448869752422,0.5744438106103822,0.539804220199585
Simulated Data Provider Withdrawal (~5%),s3_simulated_data_provider_withdrawal,0.0527448869752422,0.5755847119224187,0.5393530130386353
Simulated Data Provider Withdrawal (~5%),s3_simulated_data_provider_withdrawal,0.053103695730175815,0.5755847119224187,0.5387184023857117
Simulated Data Provider Withdrawal (~5%),s3_simulated_data_provider_withdrawal,0.053103695730175815,0.5772960638904735,0.5382952094078064
Simulated Data Provider Withdrawal (~5%),s3_simulated_data_provider_withdrawal,0.053283100107642624,0.5772960638904735,0.538220226764679
Simulated Data Provider Withdrawal (~5%),s3_simulated_data_provider_withdrawal,0.053283100107642624,0.57843696520251,0.5375908017158508
Simulated Data Provider Withdrawal (~5%),s3_simulated_data_provider_withdrawal,0.05346250448510944,0.57843696520251,0.5373896360397339
Simulated Data Provider Withdrawal (~5%),s3_simulated_data_provider_withdrawal,0.05346250448510944,0.5790074158585282,0.5373165607452393
Simulated Data Provider Withdrawal (~5%),s3_simulated_data_provider_withdrawal,0.05382131324004306,0.5790074158585282,0.5362973809242249
Simulated Data Provider Withdrawal (~5%),s3_simulated_data_provider_withdrawal,0.05382131324004306,0.5801483171705647,0.5355143547058105
Simulated Data Provider Withdrawal (~5%),s3_simulated_data_provider_withdrawal,0.054000717617509866,0.5801483171705647,0.5354958772659302
Simulated Data Provider Withdrawal (~5%),s3_simulated_data_provider_withdrawal,0.054000717617509866,0.5812892184826013,0.5346266627311707
Simulated Data Provider Withdrawal (~5%),s3_simulated_data_provider_withdrawal,0.054180121994976675,0.5812892184826013,0.5343062281608582
Simulated Data Provider Withdrawal (~5%),s3_simulated_data_provider_withdrawal,0.054180121994976675,0.5818596691386195,0.5342344641685486
Simulated Data Provider Withdrawal (~5%),s3_simulated_data_provider_withdrawal,0.0545389307499103,0.5818596691386195,0.53284752368927
Simulated Data Provider Withdrawal (~5%),s3_simulated_data_provider_withdrawal,0.0545389307499103,0.5824301197946378,0.5321635007858276
Simulated Data Provider Withdrawal (~5%),s3_simulated_data_provider_withdrawal,0.05489773950484392,0.5824301197946378,0.5319552421569824
Simulated Data Provider Withdrawal (~5%),s3_simulated_data_provider_withdrawal,0.05489773950484392,0.5835710211066742,0.5317111611366272
Simulated Data Provider Withdrawal (~5%),s3_simulated_data_provider_withdrawal,0.055256548259777535,0.5835710211066742,0.530308723449707
Simulated Data Provider Withdrawal (~5%),s3_simulated_data_provider_withdrawal,0.055256548259777535,0.5841414717626925,0.5302676558494568
Simulated Data Provider Withdrawal (~5%),s3_simulated_data_provider_withdrawal,0.05543595263724435,0.5841414717626925,0.5300248265266418
Simulated Data Provider Withdrawal (~5%),s3_simulated_data_provider_withdrawal,0.05543595263724435,0.5864232743867656,0.528201162815094
Simulated Data Provider Withdrawal (~5%),s3_simulated_data_provider_withdrawal,0.05615357014711159,0.5864232743867656,0.5264936089515686
Simulated Data Provider Withdrawal (~5%),s3_simulated_data_provider_withdrawal,0.05615357014711159,0.587564175698802,0.5264003276824951
Simulated Data Provider Withdrawal (~5%),s3_simulated_data_provider_withdrawal,0.0563329745245784,0.587564175698802,0.526155948638916
Simulated Data Provider Withdrawal (~5%),s3_simulated_data_provider_withdrawal,0.0563329745245784,0.5881346263548203,0.5260415077209473
Simulated Data Provider Withdrawal (~5%),s3_simulated_data_provider_withdrawal,0.05669178327951202,0.5881346263548203,0.5254992246627808
Simulated Data Provider Withdrawal (~5%),s3_simulated_data_provider_withdrawal,0.05669178327951202,0.5887050770108385,0.5251138806343079
Simulated Data Provider Withdrawal (~5%),s3_simulated_data_provider_withdrawal,0.05740940078937926,0.5887050770108385,0.5245650410652161
Simulated Data Provider Withdrawal (~5%),s3_simulated_data_provider_withdrawal,0.05776820954431288,0.5887050770108385,0.5240116119384766
Simulated Data Provider Withdrawal (~5%),s3_simulated_data_provider_withdrawal,0.05794761392177969,0.5887050770108385,0.5239812135696411
Simulated Data Provider Withdrawal (~5%),s3_simulated_data_provider_withdrawal,0.05794761392177969,0.5892755276668569,0.5238499045372009
Simulated Data Provider Withdrawal (~5%),s3_simulated_data_provider_withdrawal,0.058306422676713314,0.5892755276668569,0.5224989056587219
Simulated Data Provider Withdrawal (~5%),s3_simulated_data_provider_withdrawal,0.058306422676713314,0.5904164289788933,0.5215645432472229
Simulated Data Provider Withdrawal (~5%),s3_simulated_data_provider_withdrawal,0.05866523143164693,0.5904164289788933,0.5209643244743347
Simulated Data Provider Withdrawal (~5%),s3_simulated_data_provider_withdrawal,0.05866523143164693,0.5915573302909298,0.5202229022979736
Simulated Data Provider Withdrawal (~5%),s3_simulated_data_provider_withdrawal,0.059203444564047365,0.5915573302909298,0.5185436010360718
Simulated Data Provider Withdrawal (~5%),s3_simulated_data_provider_withdrawal,0.059203444564047365,0.5926982316029663,0.517658531665802
Simulated Data Provider Withdrawal (~5%),s3_simulated_data_provider_withdrawal,0.059382848941514174,0.5926982316029663,0.5172574520111084
Simulated Data Provider Withdrawal (~5%),s3_simulated_data_provider_withdrawal,0.059382848941514174,0.5932686822589845,0.5168301463127136
Simulated Data Provider Withdrawal (~5%),s3_simulated_data_provider_withdrawal,0.05956225331898098,0.5932686822589845,0.515856146812439
Simulated Data Provider Withdrawal (~5%),s3_simulated_data_provider_withdrawal,0.05956225331898098,0.5938391329150029,0.5151848196983337
Simulated Data Provider Withdrawal (~5%),s3_simulated_data_provider_withdrawal,0.05974165769644779,0.5938391329150029,0.5148427486419678
Simulated Data Provider Withdrawal (~5%),s3_simulated_data_provider_withdrawal,0.05974165769644779,0.5949800342270394,0.5135629773139954
Simulated Data Provider Withdrawal (~5%),s3_simulated_data_provider_withdrawal,0.0599210620739146,0.5949800342270394,0.5134067535400391
Simulated Data Provider Withdrawal (~5%),s3_simulated_data_provider_withdrawal,0.0599210620739146,0.5961209355390759,0.5130395889282227
Simulated Data Provider Withdrawal (~5%),s3_simulated_data_provider_withdrawal,0.06010046645138142,0.5961209355390759,0.5128465294837952
Simulated Data Provider Withdrawal (~5%),s3_simulated_data_provider_withdrawal,0.06010046645138142,0.5966913861950941,0.5126166343688965
Simulated Data Provider Withdrawal (~5%),s3_simulated_data_provider_withdrawal,0.060459275206315034,0.5966913861950941,0.5122823715209961
Simulated Data Provider Withdrawal (~5%),s3_simulated_data_provider_withdrawal,0.060459275206315034,0.5972618368511123,0.5119768381118774
Simulated Data Provider Withdrawal (~5%),s3_simulated_data_provider_withdrawal,0.06063867958378184,0.5978322875071307,0.5118500590324402
Simulated Data Provider Withdrawal (~5%),s3_simulated_data_provider_withdrawal,0.06099748833871547,0.5978322875071307,0.5113422274589539
Simulated Data Provider Withdrawal (~5%),s3_simulated_data_provider_withdrawal,0.06099748833871547,0.5984027381631489,0.5112301707267761
Simulated Data Provider Withdrawal (~5%),s3_simulated_data_provider_withdrawal,0.06117689271618228,0.5984027381631489,0.511065661907196
Simulated Data Provider Withdrawal (~5%),s3_simulated_data_provider_withdrawal,0.06117689271618228,0.5989731888191672,0.5105707049369812
Simulated Data Provider Withdrawal (~5%),s3_simulated_data_provider_withdrawal,0.061356297093649086,0.5989731888191672,0.510008692741394
Simulated Data Provider Withdrawal (~5%),s3_simulated_data_provider_withdrawal,0.061356297093649086,0.6018254420992584,0.5083867907524109
Simulated Data Provider Withdrawal (~5%),s3_simulated_data_provider_withdrawal,0.061535701471115895,0.6018254420992584,0.5082260966300964
Simulated Data Provider Withdrawal (~5%),s3_simulated_data_provider_withdrawal,0.061535701471115895,0.6023958927552767,0.5081239342689514
Simulated Data Provider Withdrawal (~5%),s3_simulated_data_provider_withdrawal,0.06261212773591676,0.6023958927552767,0.506865382194519
Simulated Data Provider Withdrawal (~5%),s3_simulated_data_provider_withdrawal,0.06261212773591676,0.602966343411295,0.506829023361206
Simulated Data Provider Withdrawal (~5%),s3_simulated_data_provider_withdrawal,0.06297093649085038,0.602966343411295,0.506095826625824
Simulated Data Provider Withdrawal (~5%),s3_simulated_data_provider_withdrawal,0.06297093649085038,0.6035367940673132,0.5060532093048096
Simulated Data Provider Withdrawal (~5%),s3_simulated_data_provider_withdrawal,0.06476498026551848,0.6035367940673132,0.5028398036956787
Simulated Data Provider Withdrawal (~5%),s3_simulated_data_provider_withdrawal,0.06476498026551848,0.6046776953793497,0.5014119744300842
Simulated Data Provider Withdrawal (~5%),s3_simulated_data_provider_withdrawal,0.06494438464298528,0.6046776953793497,0.500999927520752
Simulated Data Provider Withdrawal (~5%),s3_simulated_data_provider_withdrawal,0.06494438464298528,0.6052481460353679,0.5005835294723511
Simulated Data Provider Withdrawal (~5%),s3_simulated_data_provider_withdrawal,0.0651237890204521,0.6052481460353679,0.5000784397125244
Simulated Data Provider Withdrawal (~5%),s3_simulated_data_provider_withdrawal,0.0651237890204521,0.6058185966913862,0.49938076734542847
Simulated Data Provider Withdrawal (~5%),s3_simulated_data_provider_withdrawal,0.06530319339791892,0.6058185966913862,0.49903473258018494
Simulated Data Provider Withdrawal (~5%),s3_simulated_data_provider_withdrawal,0.06548259777538572,0.6063890473474044,0.49856579303741455
Simulated Data Provider Withdrawal (~5%),s3_simulated_data_provider_withdrawal,0.06566200215285253,0.6063890473474044,0.4983033537864685
Simulated Data Provider Withdrawal (~5%),s3_simulated_data_provider_withdrawal,0.06566200215285253,0.6069594980034227,0.4980752468109131
Simulated Data Provider Withdrawal (~5%),s3_simulated_data_provider_withdrawal,0.06584140653031934,0.6069594980034227,0.49742835760116577
Simulated Data Provider Withdrawal (~5%),s3_simulated_data_provider_withdrawal,0.06584140653031934,0.6081003993154592,0.49562689661979675
Simulated Data Provider Withdrawal (~5%),s3_simulated_data_provider_withdrawal,0.06602081090778615,0.6081003993154592,0.4956255853176117
Simulated Data Provider Withdrawal (~5%),s3_simulated_data_provider_withdrawal,0.06602081090778615,0.6086708499714775,0.49501457810401917
Simulated Data Provider Withdrawal (~5%),s3_simulated_data_provider_withdrawal,0.06637961966271977,0.6086708499714775,0.49446460604667664
Simulated Data Provider Withdrawal (~5%),s3_simulated_data_provider_withdrawal,0.06637961966271977,0.6092413006274957,0.49378272891044617
Simulated Data Provider Withdrawal (~5%),s3_simulated_data_provider_withdrawal,0.06655902404018658,0.6092413006274957,0.49358347058296204
Simulated Data Provider Withdrawal (~5%),s3_simulated_data_provider_withdrawal,0.06655902404018658,0.6103822019395322,0.49252626299858093
Simulated Data Provider Withdrawal (~5%),s3_simulated_data_provider_withdrawal,0.06673842841765339,0.6103822019395322,0.4923003613948822
Simulated Data Provider Withdrawal (~5%),s3_simulated_data_provider_withdrawal,0.06673842841765339,0.6109526525955505,0.49174585938453674
Simulated Data Provider Withdrawal (~5%),s3_simulated_data_provider_withdrawal,0.067097237172587,0.6109526525955505,0.49154916405677795
Simulated Data Provider Withdrawal (~5%),s3_simulated_data_provider_withdrawal,0.067097237172587,0.6115231032515688,0.4912090599536896
Simulated Data Provider Withdrawal (~5%),s3_simulated_data_provider_withdrawal,0.06727664155005382,0.6115231032515688,0.49103716015815735
Simulated Data Provider Withdrawal (~5%),s3_simulated_data_provider_withdrawal,0.06727664155005382,0.6132344552196235,0.4900933802127838
Simulated Data Provider Withdrawal (~5%),s3_simulated_data_provider_withdrawal,0.06745604592752064,0.6132344552196235,0.48969805240631104
Simulated Data Provider Withdrawal (~5%),s3_simulated_data_provider_withdrawal,0.06745604592752064,0.6138049058756417,0.4896717667579651
Simulated Data Provider Withdrawal (~5%),s3_simulated_data_provider_withdrawal,0.06763545030498744,0.6138049058756417,0.4895930588245392
Simulated Data Provider Withdrawal (~5%),s3_simulated_data_provider_withdrawal,0.06763545030498744,0.6155162578436966,0.48884621262550354
Simulated Data Provider Withdrawal (~5%),s3_simulated_data_provider_withdrawal,0.06781485468245425,0.6155162578436966,0.4885518252849579
Simulated Data Provider Withdrawal (~5%),s3_simulated_data_provider_withdrawal,0.06781485468245425,0.6160867084997148,0.48844510316848755
Simulated Data Provider Withdrawal (~5%),s3_simulated_data_provider_withdrawal,0.06835306781485469,0.6160867084997148,0.4872977137565613
Simulated Data Provider Withdrawal (~5%),s3_simulated_data_provider_withdrawal,0.06835306781485469,0.616657159155733,0.4870821237564087
Simulated Data Provider Withdrawal (~5%),s3_simulated_data_provider_withdrawal,0.06853247219232149,0.616657159155733,0.48687776923179626
Simulated Data Provider Withdrawal (~5%),s3_simulated_data_provider_withdrawal,0.06853247219232149,0.6172276098117513,0.48631957173347473
Simulated Data Provider Withdrawal (~5%),s3_simulated_data_provider_withdrawal,0.0687118765697883,0.6177980604677695,0.4862770736217499
Simulated Data Provider Withdrawal (~5%),s3_simulated_data_provider_withdrawal,0.0688912809472551,0.6177980604677695,0.4862494468688965
Simulated Data Provider Withdrawal (~5%),s3_simulated_data_provider_withdrawal,0.0688912809472551,0.6200798630918426,0.4843566119670868
Simulated Data Provider Withdrawal (~5%),s3_simulated_data_provider_withdrawal,0.06907068532472192,0.6200798630918426,0.48399391770362854
Simulated Data Provider Withdrawal (~5%),s3_simulated_data_provider_withdrawal,0.06907068532472192,0.6223616657159156,0.4829727113246918
Simulated Data Provider Withdrawal (~5%),s3_simulated_data_provider_withdrawal,0.06942949407965554,0.6223616657159156,0.4825201630592346
Simulated Data Provider Withdrawal (~5%),s3_simulated_data_provider_withdrawal,0.06960889845712236,0.6223616657159156,0.48199936747550964
Simulated Data Provider Withdrawal (~5%),s3_simulated_data_provider_withdrawal,0.06960889845712236,0.6240730176839704,0.48081809282302856
Simulated Data Provider Withdrawal (~5%),s3_simulated_data_provider_withdrawal,0.06978830283458916,0.6240730176839704,0.4791770577430725
Simulated Data Provider Withdrawal (~5%),s3_simulated_data_provider_withdrawal,0.06996770721205597,0.6246434683399886,0.4790400266647339
Simulated Data Provider Withdrawal (~5%),s3_simulated_data_provider_withdrawal,0.07032651596698959,0.6246434683399886,0.4786059558391571
Simulated Data Provider Withdrawal (~5%),s3_simulated_data_provider_withdrawal,0.07032651596698959,0.6263548203080433,0.47766056656837463
Simulated Data Provider Withdrawal (~5%),s3_simulated_data_provider_withdrawal,0.07050592034445641,0.6263548203080433,0.47690054774284363
Simulated Data Provider Withdrawal (~5%),s3_simulated_data_provider_withdrawal,0.07050592034445641,0.6269252709640616,0.47682181000709534
Simulated Data Provider Withdrawal (~5%),s3_simulated_data_provider_withdrawal,0.07068532472192321,0.6269252709640616,0.4767342507839203
Simulated Data Provider Withdrawal (~5%),s3_simulated_data_provider_withdrawal,0.07068532472192321,0.6274957216200798,0.47571560740470886
Simulated Data Provider Withdrawal (~5%),s3_simulated_data_provider_withdrawal,0.07086472909939003,0.6274957216200798,0.4753641188144684
Simulated Data Provider Withdrawal (~5%),s3_simulated_data_provider_withdrawal,0.07086472909939003,0.6286366229321164,0.47397688031196594
Simulated Data Provider Withdrawal (~5%),s3_simulated_data_provider_withdrawal,0.07104413347685684,0.6286366229321164,0.4739587903022766
Simulated Data Provider Withdrawal (~5%),s3_simulated_data_provider_withdrawal,0.07104413347685684,0.6303479749001711,0.47366923093795776
Simulated Data Provider Withdrawal (~5%),s3_simulated_data_provider_withdrawal,0.07158234660925726,0.6303479749001711,0.47242259979248047
Simulated Data Provider Withdrawal (~5%),s3_simulated_data_provider_withdrawal,0.07158234660925726,0.6314888762122076,0.4720495641231537
Simulated Data Provider Withdrawal (~5%),s3_simulated_data_provider_withdrawal,0.07247936849659131,0.6314888762122076,0.47119250893592834
Simulated Data Provider Withdrawal (~5%),s3_simulated_data_provider_withdrawal,0.07247936849659131,0.6320593268682259,0.47105956077575684
Simulated Data Provider Withdrawal (~5%),s3_simulated_data_provider_withdrawal,0.07283817725152494,0.6320593268682259,0.47068530321121216
Simulated Data Provider Withdrawal (~5%),s3_simulated_data_provider_withdrawal,0.07283817725152494,0.6326297775242442,0.4704340994358063
Simulated Data Provider Withdrawal (~5%),s3_simulated_data_provider_withdrawal,0.07319698600645856,0.6326297775242442,0.46955040097236633
Simulated Data Provider Withdrawal (~5%),s3_simulated_data_provider_withdrawal,0.07319698600645856,0.6337706788362807,0.4691169261932373
Simulated Data Provider Withdrawal (~5%),s3_simulated_data_provider_withdrawal,0.073735199138859,0.6337706788362807,0.4684755802154541
Simulated Data Provider Withdrawal (~5%),s3_simulated_data_provider_withdrawal,0.073735199138859,0.6349115801483172,0.4682689905166626
Simulated Data Provider Withdrawal (~5%),s3_simulated_data_provider_withdrawal,0.0739146035163258,0.6349115801483172,0.4681415557861328
Simulated Data Provider Withdrawal (~5%),s3_simulated_data_provider_withdrawal,0.0739146035163258,0.6366229321163719,0.4676876366138458
Simulated Data Provider Withdrawal (~5%),s3_simulated_data_provider_withdrawal,0.07409400789379261,0.6366229321163719,0.4671923518180847
Simulated Data Provider Withdrawal (~5%),s3_simulated_data_provider_withdrawal,0.07409400789379261,0.6383342840844267,0.4665301740169525
Simulated Data Provider Withdrawal (~5%),s3_simulated_data_provider_withdrawal,0.07445281664872623,0.6383342840844267,0.46605178713798523
Simulated Data Provider Withdrawal (~5%),s3_simulated_data_provider_withdrawal,0.07445281664872623,0.638904734740445,0.4657800793647766
Simulated Data Provider Withdrawal (~5%),s3_simulated_data_provider_withdrawal,0.07481162540365985,0.638904734740445,0.4655608832836151
Simulated Data Provider Withdrawal (~5%),s3_simulated_data_provider_withdrawal,0.07481162540365985,0.6394751853964632,0.4646640419960022
Simulated Data Provider Withdrawal (~5%),s3_simulated_data_provider_withdrawal,0.07534983853606028,0.6394751853964632,0.4632727801799774
Simulated Data Provider Withdrawal (~5%),s3_simulated_data_provider_withdrawal,0.07534983853606028,0.6406160867084997,0.46302273869514465
Simulated Data Provider Withdrawal (~5%),s3_simulated_data_provider_withdrawal,0.07624686042339433,0.6406160867084997,0.4620282053947449
Simulated Data Provider Withdrawal (~5%),s3_simulated_data_provider_withdrawal,0.07624686042339433,0.6417569880205363,0.46142205595970154
Simulated Data Provider Withdrawal (~5%),s3_simulated_data_provider_withdrawal,0.07642626480086114,0.6417569880205363,0.4613584876060486
Simulated Data Provider Withdrawal (~5%),s3_simulated_data_provider_withdrawal,0.07642626480086114,0.6440387906446092,0.4608933925628662
Simulated Data Provider Withdrawal (~5%),s3_simulated_data_provider_withdrawal,0.07732328668819519,0.6440387906446092,0.4601207673549652
Simulated Data Provider Withdrawal (~5%),s3_simulated_data_provider_withdrawal,0.07732328668819519,0.6446092413006275,0.45963090658187866
Simulated Data Provider Withdrawal (~5%),s3_simulated_data_provider_withdrawal,0.077502691065662,0.6446092413006275,0.4595714807510376
Simulated Data Provider Withdrawal (~5%),s3_simulated_data_provider_withdrawal,0.077502691065662,0.6451796919566457,0.4590144157409668
Simulated Data Provider Withdrawal (~5%),s3_simulated_data_provider_withdrawal,0.07768209544312882,0.6451796919566457,0.45868372917175293
Simulated Data Provider Withdrawal (~5%),s3_simulated_data_provider_withdrawal,0.07768209544312882,0.6468910439247005,0.4581786096096039
Simulated Data Provider Withdrawal (~5%),s3_simulated_data_provider_withdrawal,0.07822030857552924,0.6468910439247005,0.4577350318431854
Simulated Data Provider Withdrawal (~5%),s3_simulated_data_provider_withdrawal,0.07822030857552924,0.6474614945807188,0.45768848061561584
Simulated Data Provider Withdrawal (~5%),s3_simulated_data_provider_withdrawal,0.07893792608539649,0.6474614945807188,0.4564802050590515
Simulated Data Provider Withdrawal (~5%),s3_simulated_data_provider_withdrawal,0.07893792608539649,0.6486023958927553,0.4563206434249878
Simulated Data Provider Withdrawal (~5%),s3_simulated_data_provider_withdrawal,0.07947613921779692,0.6486023958927553,0.4558613896369934
Simulated Data Provider Withdrawal (~5%),s3_simulated_data_provider_withdrawal,0.07947613921779692,0.6497432972047917,0.45559340715408325
Simulated Data Provider Withdrawal (~5%),s3_simulated_data_provider_withdrawal,0.08019375672766416,0.6497432972047917,0.45476776361465454
Simulated Data Provider Withdrawal (~5%),s3_simulated_data_provider_withdrawal,0.08019375672766416,0.6503137478608101,0.4546009600162506
Simulated Data Provider Withdrawal (~5%),s3_simulated_data_provider_withdrawal,0.08019375672766416,0.6514546491728466,0.45447102189064026
Simulated Data Provider Withdrawal (~5%),s3_simulated_data_provider_withdrawal,0.08037316110513097,0.6514546491728466,0.45444121956825256
Simulated Data Provider Withdrawal (~5%),s3_simulated_data_provider_withdrawal,0.08037316110513097,0.6520250998288648,0.45423582196235657
Simulated Data Provider Withdrawal (~5%),s3_simulated_data_provider_withdrawal,0.08055256548259777,0.6531660011409013,0.45363420248031616
Simulated Data Provider Withdrawal (~5%),s3_simulated_data_provider_withdrawal,0.08055256548259777,0.6543069024529378,0.4534322917461395
Simulated Data Provider Withdrawal (~5%),s3_simulated_data_provider_withdrawal,0.08091137423753139,0.6543069024529378,0.45311424136161804
Simulated Data Provider Withdrawal (~5%),s3_simulated_data_provider_withdrawal,0.08109077861499821,0.6548773531089561,0.452890545129776
Simulated Data Provider Withdrawal (~5%),s3_simulated_data_provider_withdrawal,0.08162899174739864,0.6548773531089561,0.45205122232437134
Simulated Data Provider Withdrawal (~5%),s3_simulated_data_provider_withdrawal,0.08162899174739864,0.6560182544209926,0.4517718553543091
Simulated Data Provider Withdrawal (~5%),s3_simulated_data_provider_withdrawal,0.08198780050233226,0.6560182544209926,0.45114585757255554
Simulated Data Provider Withdrawal (~5%),s3_simulated_data_provider_withdrawal,0.08198780050233226,0.6571591557330291,0.4506579637527466
Simulated Data Provider Withdrawal (~5%),s3_simulated_data_provider_withdrawal,0.08234660925726588,0.6571591557330291,0.4494403302669525
Simulated Data Provider Withdrawal (~5%),s3_simulated_data_provider_withdrawal,0.08234660925726588,0.6594409583571021,0.4487399458885193
Simulated Data Provider Withdrawal (~5%),s3_simulated_data_provider_withdrawal,0.08324363114459993,0.6594409583571021,0.4469239115715027
Simulated Data Provider Withdrawal (~5%),s3_simulated_data_provider_withdrawal,0.08324363114459993,0.6611523103251569,0.44589146971702576
Simulated Data Provider Withdrawal (~5%),s3_simulated_data_provider_withdrawal,0.08467886616433441,0.6611523103251569,0.44390633702278137
Simulated Data Provider Withdrawal (~5%),s3_simulated_data_provider_withdrawal,0.08467886616433441,0.6617227609811751,0.44386836886405945
Simulated Data Provider Withdrawal (~5%),s3_simulated_data_provider_withdrawal,0.08485827054180121,0.6617227609811751,0.4438020586967468
Simulated Data Provider Withdrawal (~5%),s3_simulated_data_provider_withdrawal,0.08485827054180121,0.6622932116371933,0.44376617670059204
Simulated Data Provider Withdrawal (~5%),s3_simulated_data_provider_withdrawal,0.08503767491926803,0.6628636622932116,0.4436095654964447
Simulated Data Provider Withdrawal (~5%),s3_simulated_data_provider_withdrawal,0.0862935055615357,0.6628636622932116,0.4418742060661316
Simulated Data Provider Withdrawal (~5%),s3_simulated_data_provider_withdrawal,0.08665231431646932,0.6628636622932116,0.4418168067932129
Simulated Data Provider Withdrawal (~5%),s3_simulated_data_provider_withdrawal,0.08736993182633657,0.6628636622932116,0.4413996636867523
Simulated Data Provider Withdrawal (~5%),s3_simulated_data_provider_withdrawal,0.08736993182633657,0.6634341129492299,0.4411511719226837
Simulated Data Provider Withdrawal (~5%),s3_simulated_data_provider_withdrawal,0.087908144958737,0.6634341129492299,0.43991929292678833
Simulated Data Provider Withdrawal (~5%),s3_simulated_data_provider_withdrawal,0.087908144958737,0.6645750142612664,0.43929073214530945
Simulated Data Provider Withdrawal (~5%),s3_simulated_data_provider_withdrawal,0.0880875493362038,0.6645750142612664,0.4391186237335205
Simulated Data Provider Withdrawal (~5%),s3_simulated_data_provider_withdrawal,0.0880875493362038,0.6657159155733029,0.43888887763023376
Simulated Data Provider Withdrawal (~5%),s3_simulated_data_provider_withdrawal,0.08826695371367062,0.6657159155733029,0.438660591840744
Simulated Data Provider Withdrawal (~5%),s3_simulated_data_provider_withdrawal,0.08826695371367062,0.6662863662293211,0.4380508363246918
Simulated Data Provider Withdrawal (~5%),s3_simulated_data_provider_withdrawal,0.08844635809113742,0.6662863662293211,0.4379260838031769
Simulated Data Provider Withdrawal (~5%),s3_simulated_data_provider_withdrawal,0.08844635809113742,0.6685681688533942,0.4365428388118744
Simulated Data Provider Withdrawal (~5%),s3_simulated_data_provider_withdrawal,0.08862576246860424,0.6685681688533942,0.436539888381958
Simulated Data Provider Withdrawal (~5%),s3_simulated_data_provider_withdrawal,0.08862576246860424,0.6691386195094124,0.4362189769744873
Simulated Data Provider Withdrawal (~5%),s3_simulated_data_provider_withdrawal,0.08934337997847147,0.6691386195094124,0.4351474940776825
Simulated Data Provider Withdrawal (~5%),s3_simulated_data_provider_withdrawal,0.08934337997847147,0.6702795208214489,0.4344610273838043
Simulated Data Provider Withdrawal (~5%),s3_simulated_data_provider_withdrawal,0.08952278435593829,0.6702795208214489,0.4344446659088135
Simulated Data Provider Withdrawal (~5%),s3_simulated_data_provider_withdrawal,0.08952278435593829,0.6708499714774672,0.4343847334384918
Simulated Data Provider Withdrawal (~5%),s3_simulated_data_provider_withdrawal,0.09006099748833872,0.6708499714774672,0.4340914785861969
Simulated Data Provider Withdrawal (~5%),s3_simulated_data_provider_withdrawal,0.09006099748833872,0.6719908727895038,0.4333702623844147
Simulated Data Provider Withdrawal (~5%),s3_simulated_data_provider_withdrawal,0.09041980624327234,0.6719908727895038,0.43277591466903687
Simulated Data Provider Withdrawal (~5%),s3_simulated_data_provider_withdrawal,0.09041980624327234,0.672561323445522,0.432478129863739
Simulated Data Provider Withdrawal (~5%),s3_simulated_data_provider_withdrawal,0.09059921062073914,0.672561323445522,0.4324762225151062
Simulated Data Provider Withdrawal (~5%),s3_simulated_data_provider_withdrawal,0.09059921062073914,0.6731317741015402,0.4323871433734894
Simulated Data Provider Withdrawal (~5%),s3_simulated_data_provider_withdrawal,0.09113742375313957,0.6731317741015402,0.43191733956336975
Simulated Data Provider Withdrawal (~5%),s3_simulated_data_provider_withdrawal,0.09113742375313957,0.6742726754135767,0.43111374974250793
Simulated Data Provider Withdrawal (~5%),s3_simulated_data_provider_withdrawal,0.09221385001794044,0.6742726754135767,0.4295140206813812
Simulated Data Provider Withdrawal (~5%),s3_simulated_data_provider_withdrawal,0.09221385001794044,0.6754135767256132,0.42818689346313477
Simulated Data Provider Withdrawal (~5%),s3_simulated_data_provider_withdrawal,0.09275206315034087,0.6754135767256132,0.427524596452713
Simulated Data Provider Withdrawal (~5%),s3_simulated_data_provider_withdrawal,0.09275206315034087,0.6765544780376498,0.4270339906215668
Simulated Data Provider Withdrawal (~5%),s3_simulated_data_provider_withdrawal,0.09293146752780768,0.6765544780376498,0.4265299141407013
Simulated Data Provider Withdrawal (~5%),s3_simulated_data_provider_withdrawal,0.09293146752780768,0.677124928693668,0.42644408345222473
Simulated Data Provider Withdrawal (~5%),s3_simulated_data_provider_withdrawal,0.09311087190527449,0.677124928693668,0.4264407157897949
Simulated Data Provider Withdrawal (~5%),s3_simulated_data_provider_withdrawal,0.09311087190527449,0.6788362806617227,0.4257540702819824
Simulated Data Provider Withdrawal (~5%),s3_simulated_data_provider_withdrawal,0.09364908503767493,0.6788362806617227,0.4245980978012085
Simulated Data Provider Withdrawal (~5%),s3_simulated_data_provider_withdrawal,0.09364908503767493,0.679406731317741,0.424486368894577
Simulated Data Provider Withdrawal (~5%),s3_simulated_data_provider_withdrawal,0.09472551130247578,0.679406731317741,0.4228324592113495
Simulated Data Provider Withdrawal (~5%),s3_simulated_data_provider_withdrawal,0.09472551130247578,0.6822589845978323,0.42209431529045105
Simulated Data Provider Withdrawal (~5%),s3_simulated_data_provider_withdrawal,0.0949049156799426,0.6822589845978323,0.4219764471054077
Simulated Data Provider Withdrawal (~5%),s3_simulated_data_provider_withdrawal,0.0949049156799426,0.6828294352538505,0.4214538037776947
Simulated Data Provider Withdrawal (~5%),s3_simulated_data_provider_withdrawal,0.0950843200574094,0.6833998859098688,0.4208886921405792
Simulated Data Provider Withdrawal (~5%),s3_simulated_data_provider_withdrawal,0.0950843200574094,0.683970336565887,0.4208614230155945
Simulated Data Provider Withdrawal (~5%),s3_simulated_data_provider_withdrawal,0.09526372443487621,0.683970336565887,0.42068251967430115
Simulated Data Provider Withdrawal (~5%),s3_simulated_data_provider_withdrawal,0.09526372443487621,0.6845407872219053,0.4204126000404358
Simulated Data Provider Withdrawal (~5%),s3_simulated_data_provider_withdrawal,0.09544312881234301,0.6845407872219053,0.420106440782547
Simulated Data Provider Withdrawal (~5%),s3_simulated_data_provider_withdrawal,0.09544312881234301,0.6851112378779236,0.4199640154838562
Simulated Data Provider Withdrawal (~5%),s3_simulated_data_provider_withdrawal,0.09598134194474345,0.6851112378779236,0.4189823865890503
Simulated Data Provider Withdrawal (~5%),s3_simulated_data_provider_withdrawal,0.09616074632221026,0.6856816885339418,0.41880208253860474
Simulated Data Provider Withdrawal (~5%),s3_simulated_data_provider_withdrawal,0.09616074632221026,0.6862521391899601,0.41874754428863525
Simulated Data Provider Withdrawal (~5%),s3_simulated_data_provider_withdrawal,0.09705776820954432,0.6862521391899601,0.4160839915275574
Simulated Data Provider Withdrawal (~5%),s3_simulated_data_provider_withdrawal,0.09705776820954432,0.6868225898459783,0.41598397493362427
Simulated Data Provider Withdrawal (~5%),s3_simulated_data_provider_withdrawal,0.09723717258701112,0.6868225898459783,0.41596946120262146
Simulated Data Provider Withdrawal (~5%),s3_simulated_data_provider_withdrawal,0.09723717258701112,0.6873930405019966,0.4155592918395996
Simulated Data Provider Withdrawal (~5%),s3_simulated_data_provider_withdrawal,0.09741657696447793,0.6873930405019966,0.4155435860157013
Simulated Data Provider Withdrawal (~5%),s3_simulated_data_provider_withdrawal,0.09777538571941155,0.6873930405019966,0.41547149419784546
Simulated Data Provider Withdrawal (~5%),s3_simulated_data_provider_withdrawal,0.09777538571941155,0.688533941814033,0.4143550395965576
Simulated Data Provider Withdrawal (~5%),s3_simulated_data_provider_withdrawal,0.09813419447434517,0.688533941814033,0.4136676788330078
Simulated Data Provider Withdrawal (~5%),s3_simulated_data_provider_withdrawal,0.09831359885181198,0.6891043924700513,0.4128142297267914
Simulated Data Provider Withdrawal (~5%),s3_simulated_data_provider_withdrawal,0.09831359885181198,0.6896748431260696,0.41255882382392883
Simulated Data Provider Withdrawal (~5%),s3_simulated_data_provider_withdrawal,0.0986724076067456,0.6896748431260696,0.4119962155818939
Simulated Data Provider Withdrawal (~5%),s3_simulated_data_provider_withdrawal,0.0986724076067456,0.6913861950941244,0.41147780418395996
Simulated Data Provider Withdrawal (~5%),s3_simulated_data_provider_withdrawal,0.09885181198421242,0.6913861950941244,0.4112999737262726
Simulated Data Provider Withdrawal (~5%),s3_simulated_data_provider_withdrawal,0.09885181198421242,0.6930975470621791,0.41039761900901794
Simulated Data Provider Withdrawal (~5%),s3_simulated_data_provider_withdrawal,0.09921062073914604,0.6930975470621791,0.4097071886062622
Simulated Data Provider Withdrawal (~5%),s3_simulated_data_provider_withdrawal,0.09921062073914604,0.6936679977181974,0.40954920649528503
Simulated Data Provider Withdrawal (~5%),s3_simulated_data_provider_withdrawal,0.09956942949407965,0.6936679977181974,0.4092688262462616
Simulated Data Provider Withdrawal (~5%),s3_simulated_data_provider_withdrawal,0.09956942949407965,0.6942384483742157,0.4089725911617279
Simulated Data Provider Withdrawal (~5%),s3_simulated_data_provider_withdrawal,0.09974883387154647,0.6942384483742157,0.40873435139656067
Simulated Data Provider Withdrawal (~5%),s3_simulated_data_provider_withdrawal,0.09974883387154647,0.6953793496862521,0.4081781506538391
Simulated Data Provider Withdrawal (~5%),s3_simulated_data_provider_withdrawal,0.10010764262648009,0.6953793496862521,0.4080520272254944
Simulated Data Provider Withdrawal (~5%),s3_simulated_data_provider_withdrawal,0.10010764262648009,0.6959498003422704,0.4080409109592438
Simulated Data Provider Withdrawal (~5%),s3_simulated_data_provider_withdrawal,0.1002870470039469,0.6959498003422704,0.4074746072292328
Simulated Data Provider Withdrawal (~5%),s3_simulated_data_provider_withdrawal,0.1002870470039469,0.6970907016543069,0.4068272113800049
Simulated Data Provider Withdrawal (~5%),s3_simulated_data_provider_withdrawal,0.1004664513814137,0.6970907016543069,0.4059094488620758
Simulated Data Provider Withdrawal (~5%),s3_simulated_data_provider_withdrawal,0.1004664513814137,0.6988020536223617,0.40469372272491455
Simulated Data Provider Withdrawal (~5%),s3_simulated_data_provider_withdrawal,0.10118406889128095,0.6988020536223617,0.40430861711502075
Simulated Data Provider Withdrawal (~5%),s3_simulated_data_provider_withdrawal,0.10118406889128095,0.6993725042783799,0.4040057063102722
Simulated Data Provider Withdrawal (~5%),s3_simulated_data_provider_withdrawal,0.10172228202368137,0.6993725042783799,0.40259724855422974
Simulated Data Provider Withdrawal (~5%),s3_simulated_data_provider_withdrawal,0.10172228202368137,0.6999429549343982,0.402551531791687
Simulated Data Provider Withdrawal (~5%),s3_simulated_data_provider_withdrawal,0.10190168640114819,0.6999429549343982,0.40248003602027893
Simulated Data Provider Withdrawal (~5%),s3_simulated_data_provider_withdrawal,0.102081090778615,0.7005134055904164,0.4024510383605957
Simulated Data Provider Withdrawal (~5%),s3_simulated_data_provider_withdrawal,0.10279870828848224,0.7005134055904164,0.40128669142723083
Simulated Data Provider Withdrawal (~5%),s3_simulated_data_provider_withdrawal,0.10279870828848224,0.7010838562464347,0.4012738764286041
Simulated Data Provider Withdrawal (~5%),s3_simulated_data_provider_withdrawal,0.10333692142088267,0.7010838562464347,0.40052589774131775
Simulated Data Provider Withdrawal (~5%),s3_simulated_data_provider_withdrawal,0.10333692142088267,0.7022247575584712,0.4003226161003113
Simulated Data Provider Withdrawal (~5%),s3_simulated_data_provider_withdrawal,0.10351632579834948,0.7022247575584712,0.4000929594039917
Simulated Data Provider Withdrawal (~5%),s3_simulated_data_provider_withdrawal,0.10369573017581629,0.7027952082144895,0.4000650942325592
Simulated Data Provider Withdrawal (~5%),s3_simulated_data_provider_withdrawal,0.1038751345532831,0.7027952082144895,0.39945903420448303
Simulated Data Provider Withdrawal (~5%),s3_simulated_data_provider_withdrawal,0.1038751345532831,0.703936109526526,0.3993711769580841
Simulated Data Provider Withdrawal (~5%),s3_simulated_data_provider_withdrawal,0.10405453893074991,0.703936109526526,0.3990539014339447
Simulated Data Provider Withdrawal (~5%),s3_simulated_data_provider_withdrawal,0.10405453893074991,0.7050770108385624,0.39852216839790344
Simulated Data Provider Withdrawal (~5%),s3_simulated_data_provider_withdrawal,0.10423394330821673,0.7050770108385624,0.3982781767845154
Simulated Data Provider Withdrawal (~5%),s3_simulated_data_provider_withdrawal,0.10423394330821673,0.7062179121505989,0.39786243438720703
Simulated Data Provider Withdrawal (~5%),s3_simulated_data_provider_withdrawal,0.10441334768568353,0.7062179121505989,0.3978131115436554
Simulated Data Provider Withdrawal (~5%),s3_simulated_data_provider_withdrawal,0.10441334768568353,0.7067883628066173,0.39780959486961365
Simulated Data Provider Withdrawal (~5%),s3_simulated_data_provider_withdrawal,0.10459275206315034,0.7067883628066173,0.39752137660980225
Simulated Data Provider Withdrawal (~5%),s3_simulated_data_provider_withdrawal,0.10459275206315034,0.7073588134626355,0.3972206711769104
Simulated Data Provider Withdrawal (~5%),s3_simulated_data_provider_withdrawal,0.10477215644061715,0.7073588134626355,0.39689919352531433
Simulated Data Provider Withdrawal (~5%),s3_simulated_data_provider_withdrawal,0.10477215644061715,0.7096406160867085,0.3959483802318573
Simulated Data Provider Withdrawal (~5%),s3_simulated_data_provider_withdrawal,0.10513096519555078,0.7096406160867085,0.3958240747451782
Simulated Data Provider Withdrawal (~5%),s3_simulated_data_provider_withdrawal,0.10513096519555078,0.7102110667427267,0.39548707008361816
Simulated Data Provider Withdrawal (~5%),s3_simulated_data_provider_withdrawal,0.10531036957301758,0.7102110667427267,0.39515531063079834
Simulated Data Provider Withdrawal (~5%),s3_simulated_data_provider_withdrawal,0.10531036957301758,0.710781517398745,0.3951057195663452
Simulated Data Provider Withdrawal (~5%),s3_simulated_data_provider_withdrawal,0.1054897739504844,0.710781517398745,0.39486783742904663
Simulated Data Provider Withdrawal (~5%),s3_simulated_data_provider_withdrawal,0.1054897739504844,0.7113519680547633,0.39456847310066223
Simulated Data Provider Withdrawal (~5%),s3_simulated_data_provider_withdrawal,0.1056691783279512,0.7113519680547633,0.39413926005363464
Simulated Data Provider Withdrawal (~5%),s3_simulated_data_provider_withdrawal,0.1056691783279512,0.7119224187107815,0.39337024092674255
Simulated Data Provider Withdrawal (~5%),s3_simulated_data_provider_withdrawal,0.10584858270541801,0.7119224187107815,0.39328527450561523
Simulated Data Provider Withdrawal (~5%),s3_simulated_data_provider_withdrawal,0.10584858270541801,0.7124928693667998,0.39295896887779236
Simulated Data Provider Withdrawal (~5%),s3_simulated_data_provider_withdrawal,0.10656620021528525,0.7124928693667998,0.3922283947467804
Simulated Data Provider Withdrawal (~5%),s3_simulated_data_provider_withdrawal,0.10656620021528525,0.7136337706788363,0.3918170630931854
Simulated Data Provider Withdrawal (~5%),s3_simulated_data_provider_withdrawal,0.10710441334768568,0.7136337706788363,0.3914283215999603
Simulated Data Provider Withdrawal (~5%),s3_simulated_data_provider_withdrawal,0.10710441334768568,0.7142042213348545,0.3913990259170532
Simulated Data Provider Withdrawal (~5%),s3_simulated_data_provider_withdrawal,0.1072838177251525,0.7142042213348545,0.3913135826587677
Simulated Data Provider Withdrawal (~5%),s3_simulated_data_provider_withdrawal,0.1072838177251525,0.7164860239589276,0.3901752531528473
Simulated Data Provider Withdrawal (~5%),s3_simulated_data_provider_withdrawal,0.1074632221026193,0.7164860239589276,0.3901488780975342
Simulated Data Provider Withdrawal (~5%),s3_simulated_data_provider_withdrawal,0.1074632221026193,0.7170564746149458,0.389974981546402
Simulated Data Provider Withdrawal (~5%),s3_simulated_data_provider_withdrawal,0.10764262648008611,0.7170564746149458,0.38994428515434265
Simulated Data Provider Withdrawal (~5%),s3_simulated_data_provider_withdrawal,0.10764262648008611,0.7193382772390188,0.38924622535705566
Simulated Data Provider Withdrawal (~5%),s3_simulated_data_provider_withdrawal,0.10818083961248655,0.7193382772390188,0.3890002369880676
Simulated Data Provider Withdrawal (~5%),s3_simulated_data_provider_withdrawal,0.10818083961248655,0.7199087278950371,0.3887151777744293
Simulated Data Provider Withdrawal (~5%),s3_simulated_data_provider_withdrawal,0.10853964836742017,0.7199087278950371,0.387457013130188
Simulated Data Provider Withdrawal (~5%),s3_simulated_data_provider_withdrawal,0.10853964836742017,0.7239018824871648,0.38610953092575073
Simulated Data Provider Withdrawal (~5%),s3_simulated_data_provider_withdrawal,0.10871905274488698,0.7239018824871648,0.3855002224445343
Simulated Data Provider Withdrawal (~5%),s3_simulated_data_provider_withdrawal,0.10871905274488698,0.7244723331431832,0.3854784667491913
Simulated Data Provider Withdrawal (~5%),s3_simulated_data_provider_withdrawal,0.1090778614998206,0.7244723331431832,0.384487122297287
Simulated Data Provider Withdrawal (~5%),s3_simulated_data_provider_withdrawal,0.10943667025475422,0.7244723331431832,0.38413989543914795
Simulated Data Provider Withdrawal (~5%),s3_simulated_data_provider_withdrawal,0.10961607463222102,0.7244723331431832,0.3839358985424042
Simulated Data Provider Withdrawal (~5%),s3_simulated_data_provider_withdrawal,0.10961607463222102,0.7256132344552196,0.38339608907699585
Simulated Data Provider Withdrawal (~5%),s3_simulated_data_provider_withdrawal,0.11015428776462145,0.7256132344552196,0.3817790448665619
Simulated Data Provider Withdrawal (~5%),s3_simulated_data_provider_withdrawal,0.11015428776462145,0.7261836851112379,0.3815593421459198
Simulated Data Provider Withdrawal (~5%),s3_simulated_data_provider_withdrawal,0.1108719052744887,0.7261836851112379,0.3806878626346588
Simulated Data Provider Withdrawal (~5%),s3_simulated_data_provider_withdrawal,0.11123071402942232,0.7261836851112379,0.3806701898574829
Simulated Data Provider Withdrawal (~5%),s3_simulated_data_provider_withdrawal,0.11141011840688912,0.7261836851112379,0.3804470896720886
Simulated Data Provider Withdrawal (~5%),s3_simulated_data_provider_withdrawal,0.11141011840688912,0.7267541357672561,0.3804008960723877
Simulated Data Provider Withdrawal (~5%),s3_simulated_data_provider_withdrawal,0.11230714029422317,0.7267541357672561,0.37878626585006714
Simulated Data Provider Withdrawal (~5%),s3_simulated_data_provider_withdrawal,0.11230714029422317,0.728465487735311,0.3781464695930481
Simulated Data Provider Withdrawal (~5%),s3_simulated_data_provider_withdrawal,0.1128453534266236,0.728465487735311,0.37730640172958374
Simulated Data Provider Withdrawal (~5%),s3_simulated_data_provider_withdrawal,0.1128453534266236,0.7290359383913292,0.3772422671318054
Simulated Data Provider Withdrawal (~5%),s3_simulated_data_provider_withdrawal,0.11302475780409042,0.7290359383913292,0.377190500497818
Simulated Data Provider Withdrawal (~5%),s3_simulated_data_provider_withdrawal,0.11302475780409042,0.7296063890473474,0.3768318295478821
Simulated Data Provider Withdrawal (~5%),s3_simulated_data_provider_withdrawal,0.11356297093649086,0.7296063890473474,0.3763091564178467
Simulated Data Provider Withdrawal (~5%),s3_simulated_data_provider_withdrawal,0.11374237531395766,0.7301768397033657,0.37621334195137024
Simulated Data Provider Withdrawal (~5%),s3_simulated_data_provider_withdrawal,0.11428058844635809,0.7301768397033657,0.37582001090049744
Simulated Data Provider Withdrawal (~5%),s3_simulated_data_provider_withdrawal,0.11428058844635809,0.7313177410154021,0.3748528063297272
Simulated Data Provider Withdrawal (~5%),s3_simulated_data_provider_withdrawal,0.11445999282382491,0.7313177410154021,0.3748091459274292
Simulated Data Provider Withdrawal (~5%),s3_simulated_data_provider_withdrawal,0.11481880157875853,0.7313177410154021,0.3747604489326477
Simulated Data Provider Withdrawal (~5%),s3_simulated_data_provider_withdrawal,0.11481880157875853,0.7318881916714204,0.37442222237586975
Simulated Data Provider Withdrawal (~5%),s3_simulated_data_provider_withdrawal,0.11535701471115896,0.7318881916714204,0.3737695813179016
Simulated Data Provider Withdrawal (~5%),s3_simulated_data_provider_withdrawal,0.11553641908862576,0.7324586423274386,0.3722279369831085
Simulated Data Provider Withdrawal (~5%),s3_simulated_data_provider_withdrawal,0.11571582346609258,0.7324586423274386,0.3710539638996124
Simulated Data Provider Withdrawal (~5%),s3_simulated_data_provider_withdrawal,0.11571582346609258,0.733029092983457,0.3706202208995819
Simulated Data Provider Withdrawal (~5%),s3_simulated_data_provider_withdrawal,0.11643344097595981,0.733029092983457,0.369855672121048
Simulated Data Provider Withdrawal (~5%),s3_simulated_data_provider_withdrawal,0.11643344097595981,0.7335995436394752,0.36973798274993896
Simulated Data Provider Withdrawal (~5%),s3_simulated_data_provider_withdrawal,0.11661284535342663,0.7335995436394752,0.3697011470794678
Simulated Data Provider Withdrawal (~5%),s3_simulated_data_provider_withdrawal,0.11661284535342663,0.7341699942954935,0.36923545598983765
Simulated Data Provider Withdrawal (~5%),s3_simulated_data_provider_withdrawal,0.11697165410836025,0.7341699942954935,0.3689112365245819
Simulated Data Provider Withdrawal (~5%),s3_simulated_data_provider_withdrawal,0.11697165410836025,0.7358813462635482,0.36834755539894104
Simulated Data Provider Withdrawal (~5%),s3_simulated_data_provider_withdrawal,0.11768927161822748,0.7358813462635482,0.36782562732696533
Simulated Data Provider Withdrawal (~5%),s3_simulated_data_provider_withdrawal,0.11768927161822748,0.7364517969195664,0.3675588071346283
Simulated Data Provider Withdrawal (~5%),s3_simulated_data_provider_withdrawal,0.11894510226049515,0.7364517969195664,0.36582452058792114
Simulated Data Provider Withdrawal (~5%),s3_simulated_data_provider_withdrawal,0.11894510226049515,0.737592698231603,0.3654278814792633
Simulated Data Provider Withdrawal (~5%),s3_simulated_data_provider_withdrawal,0.11912450663796197,0.737592698231603,0.3653259873390198
Simulated Data Provider Withdrawal (~5%),s3_simulated_data_provider_withdrawal,0.11912450663796197,0.7381631488876212,0.3652707040309906
Simulated Data Provider Withdrawal (~5%),s3_simulated_data_provider_withdrawal,0.12020093290276283,0.7381631488876212,0.3648459315299988
Simulated Data Provider Withdrawal (~5%),s3_simulated_data_provider_withdrawal,0.12020093290276283,0.7387335995436395,0.36453282833099365
Simulated Data Provider Withdrawal (~5%),s3_simulated_data_provider_withdrawal,0.12055974165769645,0.7387335995436395,0.3643985390663147
Simulated Data Provider Withdrawal (~5%),s3_simulated_data_provider_withdrawal,0.12055974165769645,0.7393040501996577,0.3643706440925598
Simulated Data Provider Withdrawal (~5%),s3_simulated_data_provider_withdrawal,0.12073914603516325,0.7393040501996577,0.3642062246799469
Simulated Data Provider Withdrawal (~5%),s3_simulated_data_provider_withdrawal,0.12073914603516325,0.739874500855676,0.3639640212059021
Simulated Data Provider Withdrawal (~5%),s3_simulated_data_provider_withdrawal,0.12235378543236455,0.739874500855676,0.3619777262210846
Simulated Data Provider Withdrawal (~5%),s3_simulated_data_provider_withdrawal,0.12235378543236455,0.7404449515116942,0.3612094223499298
Simulated Data Provider Withdrawal (~5%),s3_simulated_data_provider_withdrawal,0.12271259418729817,0.7404449515116942,0.3605915606021881
Simulated Data Provider Withdrawal (~5%),s3_simulated_data_provider_withdrawal,0.12271259418729817,0.7415858528237308,0.35957491397857666
Simulated Data Provider Withdrawal (~5%),s3_simulated_data_provider_withdrawal,0.12289199856476499,0.7415858528237308,0.35868966579437256
Simulated Data Provider Withdrawal (~5%),s3_simulated_data_provider_withdrawal,0.12289199856476499,0.742156303479749,0.35812363028526306
Simulated Data Provider Withdrawal (~5%),s3_simulated_data_provider_withdrawal,0.1232508073196986,0.742156303479749,0.3575865626335144
Simulated Data Provider Withdrawal (~5%),s3_simulated_data_provider_withdrawal,0.1232508073196986,0.7427267541357673,0.3575636148452759
Simulated Data Provider Withdrawal (~5%),s3_simulated_data_provider_withdrawal,0.12360961607463222,0.7427267541357673,0.35734620690345764
Simulated Data Provider Withdrawal (~5%),s3_simulated_data_provider_withdrawal,0.12360961607463222,0.7438676554478038,0.3569624722003937
Simulated Data Provider Withdrawal (~5%),s3_simulated_data_provider_withdrawal,0.12558306422676713,0.7438676554478038,0.35453474521636963
Simulated Data Provider Withdrawal (~5%),s3_simulated_data_provider_withdrawal,0.12558306422676713,0.744438106103822,0.3544265925884247
Simulated Data Provider Withdrawal (~5%),s3_simulated_data_provider_withdrawal,0.12594187298170076,0.744438106103822,0.3534221649169922
Simulated Data Provider Withdrawal (~5%),s3_simulated_data_provider_withdrawal,0.12594187298170076,0.7450085567598402,0.3534022271633148
Simulated Data Provider Withdrawal (~5%),s3_simulated_data_provider_withdrawal,0.12630068173663436,0.7450085567598402,0.3526781499385834
Simulated Data Provider Withdrawal (~5%),s3_simulated_data_provider_withdrawal,0.12630068173663436,0.7455790074158585,0.35215339064598083
Simulated Data Provider Withdrawal (~5%),s3_simulated_data_provider_withdrawal,0.12719770362396843,0.7455790074158585,0.35099276900291443
Simulated Data Provider Withdrawal (~5%),s3_simulated_data_provider_withdrawal,0.12719770362396843,0.7461494580718768,0.3509134352207184
Simulated Data Provider Withdrawal (~5%),s3_simulated_data_provider_withdrawal,0.12809472551130247,0.7461494580718768,0.3496588468551636
Simulated Data Provider Withdrawal (~5%),s3_simulated_data_provider_withdrawal,0.12809472551130247,0.7467199087278951,0.34912657737731934
Simulated Data Provider Withdrawal (~5%),s3_simulated_data_provider_withdrawal,0.1284535342662361,0.7467199087278951,0.34885790944099426
Simulated Data Provider Withdrawal (~5%),s3_simulated_data_provider_withdrawal,0.1284535342662361,0.7472903593839133,0.3488118350505829
Simulated Data Provider Withdrawal (~5%),s3_simulated_data_provider_withdrawal,0.12935055615357013,0.7472903593839133,0.3465766906738281
Simulated Data Provider Withdrawal (~5%),s3_simulated_data_provider_withdrawal,0.12935055615357013,0.749001711351968,0.34594348073005676
Simulated Data Provider Withdrawal (~5%),s3_simulated_data_provider_withdrawal,0.12952996053103696,0.749001711351968,0.3455674946308136
Simulated Data Provider Withdrawal (~5%),s3_simulated_data_provider_withdrawal,0.12952996053103696,0.7495721620079863,0.3455037772655487
Simulated Data Provider Withdrawal (~5%),s3_simulated_data_provider_withdrawal,0.12988876928597057,0.7495721620079863,0.34499987959861755
Simulated Data Provider Withdrawal (~5%),s3_simulated_data_provider_withdrawal,0.12988876928597057,0.7507130633200229,0.3446142375469208
Simulated Data Provider Withdrawal (~5%),s3_simulated_data_provider_withdrawal,0.1302475780409042,0.7507130633200229,0.3442750871181488
Simulated Data Provider Withdrawal (~5%),s3_simulated_data_provider_withdrawal,0.1302475780409042,0.7512835139760411,0.34392136335372925
Simulated Data Provider Withdrawal (~5%),s3_simulated_data_provider_withdrawal,0.13060638679583783,0.7512835139760411,0.34348276257514954
Simulated Data Provider Withdrawal (~5%),s3_simulated_data_provider_withdrawal,0.13060638679583783,0.7518539646320593,0.34302398562431335
Simulated Data Provider Withdrawal (~5%),s3_simulated_data_provider_withdrawal,0.13132400430570507,0.7518539646320593,0.3417130410671234
Simulated Data Provider Withdrawal (~5%),s3_simulated_data_provider_withdrawal,0.13150340868317187,0.7524244152880776,0.3416809141635895
Simulated Data Provider Withdrawal (~5%),s3_simulated_data_provider_withdrawal,0.13168281306063867,0.7524244152880776,0.3415606617927551
Simulated Data Provider Withdrawal (~5%),s3_simulated_data_provider_withdrawal,0.13168281306063867,0.7529948659440958,0.3414807915687561
Simulated Data Provider Withdrawal (~5%),s3_simulated_data_provider_withdrawal,0.1318622174381055,0.753565316600114,0.34138816595077515
Simulated Data Provider Withdrawal (~5%),s3_simulated_data_provider_withdrawal,0.13240043057050593,0.753565316600114,0.34091445803642273
Simulated Data Provider Withdrawal (~5%),s3_simulated_data_provider_withdrawal,0.13240043057050593,0.7541357672561323,0.34085097908973694
Simulated Data Provider Withdrawal (~5%),s3_simulated_data_provider_withdrawal,0.13257983494797274,0.7541357672561323,0.34064528346061707
Simulated Data Provider Withdrawal (~5%),s3_simulated_data_provider_withdrawal,0.13257983494797274,0.7558471192241871,0.34012359380722046
Simulated Data Provider Withdrawal (~5%),s3_simulated_data_provider_withdrawal,0.13293864370290634,0.7575584711922418,0.3400725722312927
Simulated Data Provider Withdrawal (~5%),s3_simulated_data_provider_withdrawal,0.13293864370290634,0.7581289218482601,0.339628130197525
Simulated Data Provider Withdrawal (~5%),s3_simulated_data_provider_withdrawal,0.13311804808037317,0.7581289218482601,0.33893823623657227
Simulated Data Provider Withdrawal (~5%),s3_simulated_data_provider_withdrawal,0.13311804808037317,0.7586993725042784,0.3388902246952057
Simulated Data Provider Withdrawal (~5%),s3_simulated_data_provider_withdrawal,0.13347685683530677,0.7586993725042784,0.3385494351387024
Simulated Data Provider Withdrawal (~5%),s3_simulated_data_provider_withdrawal,0.1340150699677072,0.7586993725042784,0.3384678363800049
Simulated Data Provider Withdrawal (~5%),s3_simulated_data_provider_withdrawal,0.1340150699677072,0.7592698231602967,0.33825257420539856
Simulated Data Provider Withdrawal (~5%),s3_simulated_data_provider_withdrawal,0.13473268747757444,0.7592698231602967,0.3372226655483246
Simulated Data Provider Withdrawal (~5%),s3_simulated_data_provider_withdrawal,0.13491209185504127,0.7598402738163149,0.3368668556213379
Simulated Data Provider Withdrawal (~5%),s3_simulated_data_provider_withdrawal,0.13509149623250807,0.7598402738163149,0.3366515636444092
Simulated Data Provider Withdrawal (~5%),s3_simulated_data_provider_withdrawal,0.13509149623250807,0.7604107244723332,0.33651238679885864
Simulated Data Provider Withdrawal (~5%),s3_simulated_data_provider_withdrawal,0.1356297093649085,0.7609811751283514,0.3362216651439667
Simulated Data Provider Withdrawal (~5%),s3_simulated_data_provider_withdrawal,0.13670613562970937,0.7609811751283514,0.3354794383049011
Simulated Data Provider Withdrawal (~5%),s3_simulated_data_provider_withdrawal,0.13688554000717618,0.7621220764403879,0.33532023429870605
Simulated Data Provider Withdrawal (~5%),s3_simulated_data_provider_withdrawal,0.13688554000717618,0.7649743297204792,0.33429786562919617
Simulated Data Provider Withdrawal (~5%),s3_simulated_data_provider_withdrawal,0.1372443487621098,0.7649743297204792,0.333982914686203
Simulated Data Provider Withdrawal (~5%),s3_simulated_data_provider_withdrawal,0.1374237531395766,0.7661152310325157,0.3337831497192383
Simulated Data Provider Withdrawal (~5%),s3_simulated_data_provider_withdrawal,0.13814137064944385,0.7661152310325157,0.33308035135269165
Simulated Data Provider Withdrawal (~5%),s3_simulated_data_provider_withdrawal,0.13814137064944385,0.7672561323445521,0.33281201124191284
Simulated Data Provider Withdrawal (~5%),s3_simulated_data_provider_withdrawal,0.13850017940437748,0.7672561323445521,0.33260276913642883
Simulated Data Provider Withdrawal (~5%),s3_simulated_data_provider_withdrawal,0.13850017940437748,0.7678265830005705,0.3325352370738983
Simulated Data Provider Withdrawal (~5%),s3_simulated_data_provider_withdrawal,0.13850017940437748,0.768967484312607,0.3320836126804352
Simulated Data Provider Withdrawal (~5%),s3_simulated_data_provider_withdrawal,0.13867958378184428,0.768967484312607,0.3319518268108368
Simulated Data Provider Withdrawal (~5%),s3_simulated_data_provider_withdrawal,0.13867958378184428,0.7706788362806617,0.3314908444881439
Simulated Data Provider Withdrawal (~5%),s3_simulated_data_provider_withdrawal,0.13885898815931108,0.7706788362806617,0.3308185935020447
Simulated Data Provider Withdrawal (~5%),s3_simulated_data_provider_withdrawal,0.13885898815931108,0.7712492869366799,0.3307184875011444
Simulated Data Provider Withdrawal (~5%),s3_simulated_data_provider_withdrawal,0.13975601004664515,0.7712492869366799,0.3290676772594452
Simulated Data Provider Withdrawal (~5%),s3_simulated_data_provider_withdrawal,0.13975601004664515,0.7718197375926983,0.3282008469104767
Simulated Data Provider Withdrawal (~5%),s3_simulated_data_provider_withdrawal,0.13993541442411195,0.7718197375926983,0.32799914479255676
Simulated Data Provider Withdrawal (~5%),s3_simulated_data_provider_withdrawal,0.13993541442411195,0.7723901882487165,0.3276873826980591
Simulated Data Provider Withdrawal (~5%),s3_simulated_data_provider_withdrawal,0.14029422317904558,0.7723901882487165,0.32759496569633484
Simulated Data Provider Withdrawal (~5%),s3_simulated_data_provider_withdrawal,0.14065303193397918,0.7723901882487165,0.3274894654750824
Simulated Data Provider Withdrawal (~5%),s3_simulated_data_provider_withdrawal,0.14137064944384642,0.7723901882487165,0.32681843638420105
Simulated Data Provider Withdrawal (~5%),s3_simulated_data_provider_withdrawal,0.14137064944384642,0.773531089560753,0.3265599012374878
Simulated Data Provider Withdrawal (~5%),s3_simulated_data_provider_withdrawal,0.14172945819878005,0.773531089560753,0.32647886872291565
Simulated Data Provider Withdrawal (~5%),s3_simulated_data_provider_withdrawal,0.14208826695371368,0.7741015402167712,0.32645800709724426
Simulated Data Provider Withdrawal (~5%),s3_simulated_data_provider_withdrawal,0.14208826695371368,0.7746719908727895,0.3262811005115509
Simulated Data Provider Withdrawal (~5%),s3_simulated_data_provider_withdrawal,0.1426264800861141,0.7746719908727895,0.32539188861846924
Simulated Data Provider Withdrawal (~5%),s3_simulated_data_provider_withdrawal,0.1426264800861141,0.7752424415288077,0.32506299018859863
Simulated Data Provider Withdrawal (~5%),s3_simulated_data_provider_withdrawal,0.14334409759598135,0.7752424415288077,0.3242148160934448
Simulated Data Provider Withdrawal (~5%),s3_simulated_data_provider_withdrawal,0.14334409759598135,0.7763833428408443,0.3236033022403717
Simulated Data Provider Withdrawal (~5%),s3_simulated_data_provider_withdrawal,0.14388231072838178,0.7763833428408443,0.3230058252811432
Simulated Data Provider Withdrawal (~5%),s3_simulated_data_provider_withdrawal,0.14388231072838178,0.7769537934968626,0.3226667046546936
Simulated Data Provider Withdrawal (~5%),s3_simulated_data_provider_withdrawal,0.1440617151058486,0.7769537934968626,0.32219234108924866
Simulated Data Provider Withdrawal (~5%),s3_simulated_data_provider_withdrawal,0.1440617151058486,0.7775242441528808,0.32195112109184265
Simulated Data Provider Withdrawal (~5%),s3_simulated_data_provider_withdrawal,0.1442411194833154,0.778094694808899,0.3216376304626465
Simulated Data Provider Withdrawal (~5%),s3_simulated_data_provider_withdrawal,0.1442411194833154,0.7786651454649173,0.32160013914108276
Simulated Data Provider Withdrawal (~5%),s3_simulated_data_provider_withdrawal,0.14513814137064945,0.7786651454649173,0.31865832209587097
Simulated Data Provider Withdrawal (~5%),s3_simulated_data_provider_withdrawal,0.14513814137064945,0.7792355961209355,0.3186054825782776
Simulated Data Provider Withdrawal (~5%),s3_simulated_data_provider_withdrawal,0.14531754574811626,0.7792355961209355,0.3185412883758545
Simulated Data Provider Withdrawal (~5%),s3_simulated_data_provider_withdrawal,0.14531754574811626,0.7798060467769538,0.3182225227355957
Simulated Data Provider Withdrawal (~5%),s3_simulated_data_provider_withdrawal,0.1460351632579835,0.7798060467769538,0.3169051706790924
Simulated Data Provider Withdrawal (~5%),s3_simulated_data_provider_withdrawal,0.1460351632579835,0.780376497432972,0.3166919946670532
Simulated Data Provider Withdrawal (~5%),s3_simulated_data_provider_withdrawal,0.14639397201291712,0.780376497432972,0.3166644871234894
Simulated Data Provider Withdrawal (~5%),s3_simulated_data_provider_withdrawal,0.14729099390025116,0.7809469480889903,0.31591591238975525
Simulated Data Provider Withdrawal (~5%),s3_simulated_data_provider_withdrawal,0.14729099390025116,0.7815173987450086,0.31575408577919006
Simulated Data Provider Withdrawal (~5%),s3_simulated_data_provider_withdrawal,0.147470398277718,0.7815173987450086,0.31536582112312317
Simulated Data Provider Withdrawal (~5%),s3_simulated_data_provider_withdrawal,0.147470398277718,0.7826583000570451,0.3153057098388672
Simulated Data Provider Withdrawal (~5%),s3_simulated_data_provider_withdrawal,0.14908503767491926,0.7826583000570451,0.31278863549232483
Simulated Data Provider Withdrawal (~5%),s3_simulated_data_provider_withdrawal,0.14908503767491926,0.7837992013690815,0.3119867146015167
Simulated Data Provider Withdrawal (~5%),s3_simulated_data_provider_withdrawal,0.14926444205238606,0.7837992013690815,0.3116823434829712
Simulated Data Provider Withdrawal (~5%),s3_simulated_data_provider_withdrawal,0.1494438464298529,0.7843696520250998,0.3112422227859497
Simulated Data Provider Withdrawal (~5%),s3_simulated_data_provider_withdrawal,0.1494438464298529,0.7855105533371364,0.3107924461364746
Simulated Data Provider Withdrawal (~5%),s3_simulated_data_provider_withdrawal,0.1496232508073197,0.7855105533371364,0.310646116733551
Simulated Data Provider Withdrawal (~5%),s3_simulated_data_provider_withdrawal,0.1496232508073197,0.7860810039931546,0.3105926811695099
Simulated Data Provider Withdrawal (~5%),s3_simulated_data_provider_withdrawal,0.15016146393972013,0.7860810039931546,0.3100685775279999
Simulated Data Provider Withdrawal (~5%),s3_simulated_data_provider_withdrawal,0.15016146393972013,0.7866514546491729,0.3100265562534332
Simulated Data Provider Withdrawal (~5%),s3_simulated_data_provider_withdrawal,0.15052027269465376,0.7866514546491729,0.31000012159347534
Simulated Data Provider Withdrawal (~5%),s3_simulated_data_provider_withdrawal,0.15052027269465376,0.7872219053051911,0.30997592210769653
Simulated Data Provider Withdrawal (~5%),s3_simulated_data_provider_withdrawal,0.15105848582705417,0.7872219053051911,0.30865877866744995
Simulated Data Provider Withdrawal (~5%),s3_simulated_data_provider_withdrawal,0.151237890204521,0.7877923559612093,0.30842071771621704
Simulated Data Provider Withdrawal (~5%),s3_simulated_data_provider_withdrawal,0.1514172945819878,0.7877923559612093,0.30833691358566284
Simulated Data Provider Withdrawal (~5%),s3_simulated_data_provider_withdrawal,0.1514172945819878,0.7883628066172276,0.30829739570617676
Simulated Data Provider Withdrawal (~5%),s3_simulated_data_provider_withdrawal,0.15267312522425547,0.7883628066172276,0.30644986033439636
Simulated Data Provider Withdrawal (~5%),s3_simulated_data_provider_withdrawal,0.1530319339791891,0.7883628066172276,0.3059700131416321
Simulated Data Provider Withdrawal (~5%),s3_simulated_data_provider_withdrawal,0.1533907427341227,0.7883628066172276,0.3052588403224945
Simulated Data Provider Withdrawal (~5%),s3_simulated_data_provider_withdrawal,0.1533907427341227,0.7889332572732458,0.3048440217971802
Simulated Data Provider Withdrawal (~5%),s3_simulated_data_provider_withdrawal,0.15374955148905634,0.7889332572732458,0.30442091822624207
Simulated Data Provider Withdrawal (~5%),s3_simulated_data_provider_withdrawal,0.15392895586652314,0.7895037079292642,0.3043622374534607
Simulated Data Provider Withdrawal (~5%),s3_simulated_data_provider_withdrawal,0.15410836024398997,0.7895037079292642,0.30369803309440613
Simulated Data Provider Withdrawal (~5%),s3_simulated_data_provider_withdrawal,0.15410836024398997,0.7912150598973189,0.30280181765556335
Simulated Data Provider Withdrawal (~5%),s3_simulated_data_provider_withdrawal,0.15428776462145677,0.7912150598973189,0.3027407228946686
Simulated Data Provider Withdrawal (~5%),s3_simulated_data_provider_withdrawal,0.15428776462145677,0.7917855105533371,0.3022770285606384
Simulated Data Provider Withdrawal (~5%),s3_simulated_data_provider_withdrawal,0.15590240401865804,0.7917855105533371,0.3009304702281952
Simulated Data Provider Withdrawal (~5%),s3_simulated_data_provider_withdrawal,0.15590240401865804,0.7923559612093554,0.3002949357032776
Simulated Data Provider Withdrawal (~5%),s3_simulated_data_provider_withdrawal,0.15626121277359167,0.7923559612093554,0.30010220408439636
Simulated Data Provider Withdrawal (~5%),s3_simulated_data_provider_withdrawal,0.15626121277359167,0.7929264118653736,0.2999497056007385
Simulated Data Provider Withdrawal (~5%),s3_simulated_data_provider_withdrawal,0.1566200215285253,0.793496862521392,0.29975414276123047
Simulated Data Provider Withdrawal (~5%),s3_simulated_data_provider_withdrawal,0.1566200215285253,0.7940673131774102,0.29934626817703247
Simulated Data Provider Withdrawal (~5%),s3_simulated_data_provider_withdrawal,0.15715823466092574,0.7940673131774102,0.2975196838378906
Simulated Data Provider Withdrawal (~5%),s3_simulated_data_provider_withdrawal,0.15715823466092574,0.7957786651454649,0.2970702648162842
Simulated Data Provider Withdrawal (~5%),s3_simulated_data_provider_withdrawal,0.15733763903839254,0.7957786651454649,0.29706305265426636
Simulated Data Provider Withdrawal (~5%),s3_simulated_data_provider_withdrawal,0.15733763903839254,0.7969195664575014,0.29605725407600403
Simulated Data Provider Withdrawal (~5%),s3_simulated_data_provider_withdrawal,0.15769644779332614,0.7969195664575014,0.2949816584587097
Simulated Data Provider Withdrawal (~5%),s3_simulated_data_provider_withdrawal,0.15769644779332614,0.7974900171135196,0.2949472963809967
Simulated Data Provider Withdrawal (~5%),s3_simulated_data_provider_withdrawal,0.15823466092572658,0.7974900171135196,0.2947208881378174
Simulated Data Provider Withdrawal (~5%),s3_simulated_data_provider_withdrawal,0.15823466092572658,0.798060467769538,0.2943779528141022
Simulated Data Provider Withdrawal (~5%),s3_simulated_data_provider_withdrawal,0.1584140653031934,0.798060467769538,0.2941579818725586
Simulated Data Provider Withdrawal (~5%),s3_simulated_data_provider_withdrawal,0.1584140653031934,0.7992013690815745,0.2937048375606537
Simulated Data Provider Withdrawal (~5%),s3_simulated_data_provider_withdrawal,0.1585934696806602,0.7992013690815745,0.29365476965904236
Simulated Data Provider Withdrawal (~5%),s3_simulated_data_provider_withdrawal,0.15895227843559384,0.8003422703936109,0.29347240924835205
Simulated Data Provider Withdrawal (~5%),s3_simulated_data_provider_withdrawal,0.15913168281306064,0.8003422703936109,0.2931820750236511
Simulated Data Provider Withdrawal (~5%),s3_simulated_data_provider_withdrawal,0.15913168281306064,0.8020536223616657,0.29313549399375916
Simulated Data Provider Withdrawal (~5%),s3_simulated_data_provider_withdrawal,0.15949049156799425,0.8020536223616657,0.2927638292312622
Simulated Data Provider Withdrawal (~5%),s3_simulated_data_provider_withdrawal,0.15949049156799425,0.8031945236737023,0.29209470748901367
Simulated Data Provider Withdrawal (~5%),s3_simulated_data_provider_withdrawal,0.15984930032292788,0.8031945236737023,0.29179510474205017
Simulated Data Provider Withdrawal (~5%),s3_simulated_data_provider_withdrawal,0.15984930032292788,0.8037649743297205,0.29164808988571167
Simulated Data Provider Withdrawal (~5%),s3_simulated_data_provider_withdrawal,0.16002870470039468,0.8037649743297205,0.2916088402271271
Simulated Data Provider Withdrawal (~5%),s3_simulated_data_provider_withdrawal,0.16002870470039468,0.8043354249857387,0.2915164828300476
Simulated Data Provider Withdrawal (~5%),s3_simulated_data_provider_withdrawal,0.1603875134553283,0.8043354249857387,0.290418416261673
Simulated Data Provider Withdrawal (~5%),s3_simulated_data_provider_withdrawal,0.16056691783279511,0.804905875641757,0.2902342677116394
Simulated Data Provider Withdrawal (~5%),s3_simulated_data_provider_withdrawal,0.16056691783279511,0.8060467769537935,0.28993865847587585
Simulated Data Provider Withdrawal (~5%),s3_simulated_data_provider_withdrawal,0.16110513096519555,0.8060467769537935,0.2895755171775818
Simulated Data Provider Withdrawal (~5%),s3_simulated_data_provider_withdrawal,0.16110513096519555,0.8066172276098118,0.28947627544403076
Simulated Data Provider Withdrawal (~5%),s3_simulated_data_provider_withdrawal,0.16146393972012918,0.8066172276098118,0.2887391746044159
Simulated Data Provider Withdrawal (~5%),s3_simulated_data_provider_withdrawal,0.16146393972012918,0.8077581289218483,0.2884676158428192
Simulated Data Provider Withdrawal (~5%),s3_simulated_data_provider_withdrawal,0.16164334409759598,0.8077581289218483,0.2882755398750305
Simulated Data Provider Withdrawal (~5%),s3_simulated_data_provider_withdrawal,0.16164334409759598,0.809469480889903,0.28650906682014465
Simulated Data Provider Withdrawal (~5%),s3_simulated_data_provider_withdrawal,0.16236096160746322,0.809469480889903,0.2854516804218292
Simulated Data Provider Withdrawal (~5%),s3_simulated_data_provider_withdrawal,0.16236096160746322,0.8106103822019395,0.2851663827896118
Simulated Data Provider Withdrawal (~5%),s3_simulated_data_provider_withdrawal,0.16271977036239685,0.8106103822019395,0.28501835465431213
Simulated Data Provider Withdrawal (~5%),s3_simulated_data_provider_withdrawal,0.16271977036239685,0.8111808328579578,0.28475356101989746
Simulated Data Provider Withdrawal (~5%),s3_simulated_data_provider_withdrawal,0.16289917473986365,0.8111808328579578,0.28464275598526
Simulated Data Provider Withdrawal (~5%),s3_simulated_data_provider_withdrawal,0.16361679224973089,0.8111808328579578,0.28460693359375
Simulated Data Provider Withdrawal (~5%),s3_simulated_data_provider_withdrawal,0.16361679224973089,0.8117512835139761,0.28455889225006104
Simulated Data Provider Withdrawal (~5%),s3_simulated_data_provider_withdrawal,0.16415500538213132,0.8117512835139761,0.28441980481147766
Simulated Data Provider Withdrawal (~5%),s3_simulated_data_provider_withdrawal,0.16415500538213132,0.8123217341699943,0.28438395261764526
Simulated Data Provider Withdrawal (~5%),s3_simulated_data_provider_withdrawal,0.16469321851453175,0.8123217341699943,0.28404492139816284
Simulated Data Provider Withdrawal (~5%),s3_simulated_data_provider_withdrawal,0.1652314316469322,0.8123217341699943,0.28392428159713745
Simulated Data Provider Withdrawal (~5%),s3_simulated_data_provider_withdrawal,0.1652314316469322,0.8128921848260126,0.28389909863471985
Simulated Data Provider Withdrawal (~5%),s3_simulated_data_provider_withdrawal,0.165410836024399,0.8128921848260126,0.28368979692459106
Simulated Data Provider Withdrawal (~5%),s3_simulated_data_provider_withdrawal,0.165410836024399,0.8134626354820308,0.28330227732658386
Simulated Data Provider Withdrawal (~5%),s3_simulated_data_provider_withdrawal,0.16559024040186582,0.814033086138049,0.2832607328891754
Simulated Data Provider Withdrawal (~5%),s3_simulated_data_provider_withdrawal,0.16576964477933262,0.814033086138049,0.283126562833786
Simulated Data Provider Withdrawal (~5%),s3_simulated_data_provider_withdrawal,0.16630785791173305,0.814033086138049,0.28304818272590637
Simulated Data Provider Withdrawal (~5%),s3_simulated_data_provider_withdrawal,0.16810190168640116,0.814033086138049,0.28108710050582886
Simulated Data Provider Withdrawal (~5%),s3_simulated_data_provider_withdrawal,0.16810190168640116,0.8146035367940673,0.28064295649528503
Simulated Data Provider Withdrawal (~5%),s3_simulated_data_provider_withdrawal,0.16828130606386796,0.8146035367940673,0.2805965840816498
Simulated Data Provider Withdrawal (~5%),s3_simulated_data_provider_withdrawal,0.16828130606386796,0.8151739874500855,0.28044039011001587
Simulated Data Provider Withdrawal (~5%),s3_simulated_data_provider_withdrawal,0.1686401148188016,0.8151739874500855,0.2801803946495056
Simulated Data Provider Withdrawal (~5%),s3_simulated_data_provider_withdrawal,0.1686401148188016,0.8157444381061039,0.2801104485988617
Simulated Data Provider Withdrawal (~5%),s3_simulated_data_provider_withdrawal,0.16953713670613563,0.8163148887621221,0.27979665994644165
Simulated Data Provider Withdrawal (~5%),s3_simulated_data_provider_withdrawal,0.17007534983853606,0.8163148887621221,0.27926942706108093
Simulated Data Provider Withdrawal (~5%),s3_simulated_data_provider_withdrawal,0.17007534983853606,0.8180262407301768,0.2786925435066223
Simulated Data Provider Withdrawal (~5%),s3_simulated_data_provider_withdrawal,0.1706135629709365,0.8180262407301768,0.27817827463150024
Simulated Data Provider Withdrawal (~5%),s3_simulated_data_provider_withdrawal,0.1707929673484033,0.8185966913861951,0.27807697653770447
Simulated Data Provider Withdrawal (~5%),s3_simulated_data_provider_withdrawal,0.17115177610333693,0.8185966913861951,0.2774708569049835
Simulated Data Provider Withdrawal (~5%),s3_simulated_data_provider_withdrawal,0.17204879799067097,0.8185966913861951,0.2768559455871582
Simulated Data Provider Withdrawal (~5%),s3_simulated_data_provider_withdrawal,0.17204879799067097,0.8191671420422133,0.2767130434513092
Simulated Data Provider Withdrawal (~5%),s3_simulated_data_provider_withdrawal,0.1722282023681378,0.8197375926982317,0.27657872438430786
Simulated Data Provider Withdrawal (~5%),s3_simulated_data_provider_withdrawal,0.1724076067456046,0.8197375926982317,0.2765202820301056
Simulated Data Provider Withdrawal (~5%),s3_simulated_data_provider_withdrawal,0.1724076067456046,0.8208784940102681,0.2762138545513153
Simulated Data Provider Withdrawal (~5%),s3_simulated_data_provider_withdrawal,0.17563688554000717,0.8208784940102681,0.2737064063549042
Simulated Data Provider Withdrawal (~5%),s3_simulated_data_provider_withdrawal,0.17563688554000717,0.8220193953223046,0.27331337332725525
Simulated Data Provider Withdrawal (~5%),s3_simulated_data_provider_withdrawal,0.1759956942949408,0.8220193953223046,0.27319276332855225
Simulated Data Provider Withdrawal (~5%),s3_simulated_data_provider_withdrawal,0.1759956942949408,0.8225898459783229,0.27297988533973694
Simulated Data Provider Withdrawal (~5%),s3_simulated_data_provider_withdrawal,0.17653390742734124,0.8225898459783229,0.27204132080078125
Simulated Data Provider Withdrawal (~5%),s3_simulated_data_provider_withdrawal,0.17653390742734124,0.8231602966343411,0.2718198001384735
Simulated Data Provider Withdrawal (~5%),s3_simulated_data_provider_withdrawal,0.17689271618227484,0.8231602966343411,0.27128544449806213
Simulated Data Provider Withdrawal (~5%),s3_simulated_data_provider_withdrawal,0.17689271618227484,0.8243011979463777,0.2710493505001068
Simulated Data Provider Withdrawal (~5%),s3_simulated_data_provider_withdrawal,0.1777897380696089,0.8243011979463777,0.27028700709342957
Simulated Data Provider Withdrawal (~5%),s3_simulated_data_provider_withdrawal,0.1777897380696089,0.8254420992584142,0.2701851725578308
Simulated Data Provider Withdrawal (~5%),s3_simulated_data_provider_withdrawal,0.1779691424470757,0.8254420992584142,0.27005040645599365
Simulated Data Provider Withdrawal (~5%),s3_simulated_data_provider_withdrawal,0.1779691424470757,0.8260125499144324,0.26991626620292664
Simulated Data Provider Withdrawal (~5%),s3_simulated_data_provider_withdrawal,0.17832795120200934,0.8260125499144324,0.2695237696170807
Simulated Data Provider Withdrawal (~5%),s3_simulated_data_provider_withdrawal,0.17832795120200934,0.8277239018824871,0.26849690079689026
Simulated Data Provider Withdrawal (~5%),s3_simulated_data_provider_withdrawal,0.17886616433440977,0.8277239018824871,0.26752907037734985
Simulated Data Provider Withdrawal (~5%),s3_simulated_data_provider_withdrawal,0.17886616433440977,0.8282943525385055,0.2673467695713043
Simulated Data Provider Withdrawal (~5%),s3_simulated_data_provider_withdrawal,0.1797631862217438,0.8282943525385055,0.26702743768692017
Simulated Data Provider Withdrawal (~5%),s3_simulated_data_provider_withdrawal,0.1797631862217438,0.8288648031945237,0.26661717891693115
Simulated Data Provider Withdrawal (~5%),s3_simulated_data_provider_withdrawal,0.1799425905992106,0.829435253850542,0.2661871314048767
Simulated Data Provider Withdrawal (~5%),s3_simulated_data_provider_withdrawal,0.18012199497667744,0.829435253850542,0.2661762833595276
Simulated Data Provider Withdrawal (~5%),s3_simulated_data_provider_withdrawal,0.18012199497667744,0.8300057045065602,0.2660418450832367
Simulated Data Provider Withdrawal (~5%),s3_simulated_data_provider_withdrawal,0.18048080373161104,0.8300057045065602,0.2657633423805237
Simulated Data Provider Withdrawal (~5%),s3_simulated_data_provider_withdrawal,0.18048080373161104,0.8305761551625784,0.2655569314956665
Simulated Data Provider Withdrawal (~5%),s3_simulated_data_provider_withdrawal,0.18066020810907787,0.8305761551625784,0.2655191123485565
Simulated Data Provider Withdrawal (~5%),s3_simulated_data_provider_withdrawal,0.18066020810907787,0.8311466058185967,0.2653209865093231
Simulated Data Provider Withdrawal (~5%),s3_simulated_data_provider_withdrawal,0.18083961248654468,0.8311466058185967,0.26516586542129517
Simulated Data Provider Withdrawal (~5%),s3_simulated_data_provider_withdrawal,0.18119842124147828,0.8311466058185967,0.2650851607322693
Simulated Data Provider Withdrawal (~5%),s3_simulated_data_provider_withdrawal,0.1813778256189451,0.8311466058185967,0.26504990458488464
Simulated Data Provider Withdrawal (~5%),s3_simulated_data_provider_withdrawal,0.1813778256189451,0.8322875071306332,0.2649151086807251
Simulated Data Provider Withdrawal (~5%),s3_simulated_data_provider_withdrawal,0.1815572299964119,0.8322875071306332,0.2648427188396454
Simulated Data Provider Withdrawal (~5%),s3_simulated_data_provider_withdrawal,0.1815572299964119,0.8334284084426697,0.2633354067802429
Simulated Data Provider Withdrawal (~5%),s3_simulated_data_provider_withdrawal,0.18245425188374598,0.8334284084426697,0.26190656423568726
Simulated Data Provider Withdrawal (~5%),s3_simulated_data_provider_withdrawal,0.18245425188374598,0.833998859098688,0.26184308528900146
Simulated Data Provider Withdrawal (~5%),s3_simulated_data_provider_withdrawal,0.18335127377108001,0.833998859098688,0.26073622703552246
Simulated Data Provider Withdrawal (~5%),s3_simulated_data_provider_withdrawal,0.18335127377108001,0.8345693097547062,0.26063650846481323
Simulated Data Provider Withdrawal (~5%),s3_simulated_data_provider_withdrawal,0.18371008252601365,0.8345693097547062,0.25940898060798645
Simulated Data Provider Withdrawal (~5%),s3_simulated_data_provider_withdrawal,0.18371008252601365,0.8351397604107245,0.2593715488910675
Simulated Data Provider Withdrawal (~5%),s3_simulated_data_provider_withdrawal,0.18388948690348045,0.8351397604107245,0.25899821519851685
Simulated Data Provider Withdrawal (~5%),s3_simulated_data_provider_withdrawal,0.18424829565841405,0.8351397604107245,0.2586260735988617
Simulated Data Provider Withdrawal (~5%),s3_simulated_data_provider_withdrawal,0.18442770003588088,0.8351397604107245,0.2585003077983856
Simulated Data Provider Withdrawal (~5%),s3_simulated_data_provider_withdrawal,0.18442770003588088,0.8357102110667427,0.2584854066371918
Simulated Data Provider Withdrawal (~5%),s3_simulated_data_provider_withdrawal,0.18568353067814855,0.8357102110667427,0.2567667067050934
Simulated Data Provider Withdrawal (~5%),s3_simulated_data_provider_withdrawal,0.18568353067814855,0.8362806617227609,0.25665897130966187
Simulated Data Provider Withdrawal (~5%),s3_simulated_data_provider_withdrawal,0.18604233943308215,0.8362806617227609,0.25657710433006287
Simulated Data Provider Withdrawal (~5%),s3_simulated_data_provider_withdrawal,0.18604233943308215,0.8368511123787792,0.2565504014492035
Simulated Data Provider Withdrawal (~5%),s3_simulated_data_provider_withdrawal,0.18622174381054898,0.8368511123787792,0.25636935234069824
Simulated Data Provider Withdrawal (~5%),s3_simulated_data_provider_withdrawal,0.18622174381054898,0.8374215630347975,0.2562330663204193
Simulated Data Provider Withdrawal (~5%),s3_simulated_data_provider_withdrawal,0.18693936132041622,0.8374215630347975,0.25584927201271057
Simulated Data Provider Withdrawal (~5%),s3_simulated_data_provider_withdrawal,0.18729817007534985,0.8374215630347975,0.2558225989341736
Simulated Data Provider Withdrawal (~5%),s3_simulated_data_provider_withdrawal,0.1898098313598852,0.8374215630347975,0.2536689341068268
Simulated Data Provider Withdrawal (~5%),s3_simulated_data_provider_withdrawal,0.1898098313598852,0.8379920136908158,0.2530907988548279
Simulated Data Provider Withdrawal (~5%),s3_simulated_data_provider_withdrawal,0.189989235737352,0.8379920136908158,0.253060907125473
Simulated Data Provider Withdrawal (~5%),s3_simulated_data_provider_withdrawal,0.189989235737352,0.838562464346834,0.2529934048652649
Simulated Data Provider Withdrawal (~5%),s3_simulated_data_provider_withdrawal,0.1917832795120201,0.838562464346834,0.2512744665145874
Simulated Data Provider Withdrawal (~5%),s3_simulated_data_provider_withdrawal,0.1917832795120201,0.8391329150028523,0.25086653232574463
Simulated Data Provider Withdrawal (~5%),s3_simulated_data_provider_withdrawal,0.19250089702188733,0.8391329150028523,0.2503204047679901
Simulated Data Provider Withdrawal (~5%),s3_simulated_data_provider_withdrawal,0.19250089702188733,0.8397033656588705,0.24998420476913452
Simulated Data Provider Withdrawal (~5%),s3_simulated_data_provider_withdrawal,0.19268030139935413,0.8397033656588705,0.24976538121700287
Simulated Data Provider Withdrawal (~5%),s3_simulated_data_provider_withdrawal,0.1933979189092214,0.8419851682829436,0.24970227479934692
Simulated Data Provider Withdrawal (~5%),s3_simulated_data_provider_withdrawal,0.1933979189092214,0.8425556189389618,0.24950654804706573
Simulated Data Provider Withdrawal (~5%),s3_simulated_data_provider_withdrawal,0.19429494079655543,0.8425556189389618,0.24870963394641876
Simulated Data Provider Withdrawal (~5%),s3_simulated_data_provider_withdrawal,0.19429494079655543,0.84312606959498,0.24864161014556885
Simulated Data Provider Withdrawal (~5%),s3_simulated_data_provider_withdrawal,0.19465374955148906,0.84312606959498,0.2480497807264328
Simulated Data Provider Withdrawal (~5%),s3_simulated_data_provider_withdrawal,0.19465374955148906,0.8436965202509983,0.24784724414348602
Simulated Data Provider Withdrawal (~5%),s3_simulated_data_provider_withdrawal,0.1951919626838895,0.8436965202509983,0.24738477170467377
Simulated Data Provider Withdrawal (~5%),s3_simulated_data_provider_withdrawal,0.1951919626838895,0.8442669709070165,0.2472890317440033
Simulated Data Provider Withdrawal (~5%),s3_simulated_data_provider_withdrawal,0.19608898457122353,0.8442669709070165,0.2465294450521469
Simulated Data Provider Withdrawal (~5%),s3_simulated_data_provider_withdrawal,0.19644779332615717,0.8442669709070165,0.24645425379276276
Simulated Data Provider Withdrawal (~5%),s3_simulated_data_provider_withdrawal,0.19644779332615717,0.8448374215630348,0.24620933830738068
Simulated Data Provider Withdrawal (~5%),s3_simulated_data_provider_withdrawal,0.19680660208109077,0.8448374215630348,0.24565330147743225
Simulated Data Provider Withdrawal (~5%),s3_simulated_data_provider_withdrawal,0.19680660208109077,0.845407872219053,0.2447294145822525
Simulated Data Provider Withdrawal (~5%),s3_simulated_data_provider_withdrawal,0.1971654108360244,0.845407872219053,0.24439650774002075
Simulated Data Provider Withdrawal (~5%),s3_simulated_data_provider_withdrawal,0.197524219590958,0.845407872219053,0.24403762817382812
Simulated Data Provider Withdrawal (~5%),s3_simulated_data_provider_withdrawal,0.19806243272335844,0.845407872219053,0.2434578835964203
Simulated Data Provider Withdrawal (~5%),s3_simulated_data_provider_withdrawal,0.19806243272335844,0.8459783228750714,0.24340543150901794
Simulated Data Provider Withdrawal (~5%),s3_simulated_data_provider_withdrawal,0.1993182633656261,0.8459783228750714,0.24265846610069275
Simulated Data Provider Withdrawal (~5%),s3_simulated_data_provider_withdrawal,0.1993182633656261,0.8465487735310896,0.24265138804912567
Simulated Data Provider Withdrawal (~5%),s3_simulated_data_provider_withdrawal,0.19985647649802654,0.8465487735310896,0.24248909950256348
Simulated Data Provider Withdrawal (~5%),s3_simulated_data_provider_withdrawal,0.19985647649802654,0.8476896748431261,0.242311030626297
Simulated Data Provider Withdrawal (~5%),s3_simulated_data_provider_withdrawal,0.2005740940078938,0.8476896748431261,0.241273894906044
Simulated Data Provider Withdrawal (~5%),s3_simulated_data_provider_withdrawal,0.2005740940078938,0.8482601254991443,0.24122075736522675
Simulated Data Provider Withdrawal (~5%),s3_simulated_data_provider_withdrawal,0.2007534983853606,0.8482601254991443,0.24094432592391968
Simulated Data Provider Withdrawal (~5%),s3_simulated_data_provider_withdrawal,0.2007534983853606,0.8488305761551626,0.2406625747680664
Simulated Data Provider Withdrawal (~5%),s3_simulated_data_provider_withdrawal,0.20147111589522784,0.8488305761551626,0.2401372194290161
Simulated Data Provider Withdrawal (~5%),s3_simulated_data_provider_withdrawal,0.20147111589522784,0.8494010268111808,0.2399531900882721
Simulated Data Provider Withdrawal (~5%),s3_simulated_data_provider_withdrawal,0.20165052027269464,0.8494010268111808,0.23993171751499176
Simulated Data Provider Withdrawal (~5%),s3_simulated_data_provider_withdrawal,0.20165052027269464,0.8511123787792356,0.239396870136261
Simulated Data Provider Withdrawal (~5%),s3_simulated_data_provider_withdrawal,0.20200932902762828,0.8511123787792356,0.23916377127170563
Simulated Data Provider Withdrawal (~5%),s3_simulated_data_provider_withdrawal,0.20200932902762828,0.8533941814033086,0.23857231438159943
Simulated Data Provider Withdrawal (~5%),s3_simulated_data_provider_withdrawal,0.2023681377825619,0.8533941814033086,0.2385595291852951
Simulated Data Provider Withdrawal (~5%),s3_simulated_data_provider_withdrawal,0.2025475421600287,0.8533941814033086,0.23826390504837036
Simulated Data Provider Withdrawal (~5%),s3_simulated_data_provider_withdrawal,0.2025475421600287,0.8539646320593268,0.23775885999202728
Simulated Data Provider Withdrawal (~5%),s3_simulated_data_provider_withdrawal,0.20326515966989595,0.8539646320593268,0.23714827001094818
Simulated Data Provider Withdrawal (~5%),s3_simulated_data_provider_withdrawal,0.20326515966989595,0.8545350827153452,0.23701238632202148
Simulated Data Provider Withdrawal (~5%),s3_simulated_data_provider_withdrawal,0.2043415859346968,0.8545350827153452,0.23621585965156555
Simulated Data Provider Withdrawal (~5%),s3_simulated_data_provider_withdrawal,0.2043415859346968,0.8551055333713634,0.23602096736431122
Simulated Data Provider Withdrawal (~5%),s3_simulated_data_provider_withdrawal,0.20470039468963042,0.8551055333713634,0.23513774573802948
Simulated Data Provider Withdrawal (~5%),s3_simulated_data_provider_withdrawal,0.20505920344456405,0.8551055333713634,0.2351086288690567
Simulated Data Provider Withdrawal (~5%),s3_simulated_data_provider_withdrawal,0.20505920344456405,0.8562464346833999,0.23508308827877045
Simulated Data Provider Withdrawal (~5%),s3_simulated_data_provider_withdrawal,0.20577682095443128,0.8562464346833999,0.23449210822582245
Simulated Data Provider Withdrawal (~5%),s3_simulated_data_provider_withdrawal,0.20577682095443128,0.8568168853394181,0.23449037969112396
Simulated Data Provider Withdrawal (~5%),s3_simulated_data_provider_withdrawal,0.20595622533189809,0.8568168853394181,0.2344149947166443
Simulated Data Provider Withdrawal (~5%),s3_simulated_data_provider_withdrawal,0.20595622533189809,0.8573873359954364,0.2343454211950302
Simulated Data Provider Withdrawal (~5%),s3_simulated_data_provider_withdrawal,0.20613562970936491,0.8573873359954364,0.23392947018146515
Simulated Data Provider Withdrawal (~5%),s3_simulated_data_provider_withdrawal,0.20613562970936491,0.8579577866514546,0.23390844464302063
Simulated Data Provider Withdrawal (~5%),s3_simulated_data_provider_withdrawal,0.20792967348403302,0.8579577866514546,0.23181341588497162
Simulated Data Provider Withdrawal (~5%),s3_simulated_data_provider_withdrawal,0.20792967348403302,0.8585282373074729,0.23149217665195465
Simulated Data Provider Withdrawal (~5%),s3_simulated_data_provider_withdrawal,0.21026193039110155,0.8585282373074729,0.22810715436935425
Simulated Data Provider Withdrawal (~5%),s3_simulated_data_provider_withdrawal,0.21026193039110155,0.8590986879634912,0.2275511920452118
Simulated Data Provider Withdrawal (~5%),s3_simulated_data_provider_withdrawal,0.2111589522784356,0.8590986879634912,0.22553761303424835
Simulated Data Provider Withdrawal (~5%),s3_simulated_data_provider_withdrawal,0.21151776103336922,0.8590986879634912,0.22553353011608124
Simulated Data Provider Withdrawal (~5%),s3_simulated_data_provider_withdrawal,0.21169716541083602,0.8590986879634912,0.22542420029640198
Simulated Data Provider Withdrawal (~5%),s3_simulated_data_provider_withdrawal,0.21205597416576966,0.8590986879634912,0.2252112179994583
Simulated Data Provider Withdrawal (~5%),s3_simulated_data_provider_withdrawal,0.21259418729817006,0.8590986879634912,0.22511345148086548
Simulated Data Provider Withdrawal (~5%),s3_simulated_data_provider_withdrawal,0.21259418729817006,0.8596691386195094,0.22478178143501282
Simulated Data Provider Withdrawal (~5%),s3_simulated_data_provider_withdrawal,0.214567635450305,0.8596691386195094,0.22315193712711334
Simulated Data Provider Withdrawal (~5%),s3_simulated_data_provider_withdrawal,0.2149264442052386,0.8602395892755277,0.223102867603302
Simulated Data Provider Withdrawal (~5%),s3_simulated_data_provider_withdrawal,0.21510584858270543,0.8608100399315459,0.22292540967464447
Simulated Data Provider Withdrawal (~5%),s3_simulated_data_provider_withdrawal,0.21510584858270543,0.8613804905875642,0.2224501073360443
Simulated Data Provider Withdrawal (~5%),s3_simulated_data_provider_withdrawal,0.21546465733763903,0.8613804905875642,0.22217869758605957
Simulated Data Provider Withdrawal (~5%),s3_simulated_data_provider_withdrawal,0.21600287047003947,0.8619509412435824,0.2217898666858673
Simulated Data Provider Withdrawal (~5%),s3_simulated_data_provider_withdrawal,0.2165410836024399,0.8619509412435824,0.22065363824367523
Simulated Data Provider Withdrawal (~5%),s3_simulated_data_provider_withdrawal,0.21689989235737353,0.8619509412435824,0.22040559351444244
Simulated Data Provider Withdrawal (~5%),s3_simulated_data_provider_withdrawal,0.21689989235737353,0.8625213918996006,0.21951422095298767
Simulated Data Provider Withdrawal (~5%),s3_simulated_data_provider_withdrawal,0.218335127377108,0.8625213918996006,0.21792367100715637
Simulated Data Provider Withdrawal (~5%),s3_simulated_data_provider_withdrawal,0.218335127377108,0.863091842555619,0.217611625790596
Simulated Data Provider Withdrawal (~5%),s3_simulated_data_provider_withdrawal,0.21905274488697524,0.863091842555619,0.21738067269325256
Simulated Data Provider Withdrawal (~5%),s3_simulated_data_provider_withdrawal,0.21905274488697524,0.8636622932116372,0.2173643857240677
Simulated Data Provider Withdrawal (~5%),s3_simulated_data_provider_withdrawal,0.21923214926444204,0.8636622932116372,0.21730053424835205
Simulated Data Provider Withdrawal (~5%),s3_simulated_data_provider_withdrawal,0.21923214926444204,0.8642327438676555,0.21702036261558533
Simulated Data Provider Withdrawal (~5%),s3_simulated_data_provider_withdrawal,0.21977036239684247,0.8642327438676555,0.21657311916351318
Simulated Data Provider Withdrawal (~5%),s3_simulated_data_provider_withdrawal,0.21977036239684247,0.8648031945236737,0.2163071185350418
Simulated Data Provider Withdrawal (~5%),s3_simulated_data_provider_withdrawal,0.2201291711517761,0.8648031945236737,0.21609856188297272
Simulated Data Provider Withdrawal (~5%),s3_simulated_data_provider_withdrawal,0.22048797990670974,0.8648031945236737,0.21593619883060455
Simulated Data Provider Withdrawal (~5%),s3_simulated_data_provider_withdrawal,0.2217438105489774,0.8648031945236737,0.2143997997045517
Simulated Data Provider Withdrawal (~5%),s3_simulated_data_provider_withdrawal,0.2217438105489774,0.865373645179692,0.21426744759082794
Simulated Data Provider Withdrawal (~5%),s3_simulated_data_provider_withdrawal,0.22246142805884464,0.865373645179692,0.21350887417793274
Simulated Data Provider Withdrawal (~5%),s3_simulated_data_provider_withdrawal,0.22246142805884464,0.8659440958357102,0.21328970789909363
Simulated Data Provider Withdrawal (~5%),s3_simulated_data_provider_withdrawal,0.2238966630785791,0.8659440958357102,0.21204811334609985
Simulated Data Provider Withdrawal (~5%),s3_simulated_data_provider_withdrawal,0.22461428058844635,0.8659440958357102,0.211915984749794
Simulated Data Provider Withdrawal (~5%),s3_simulated_data_provider_withdrawal,0.22479368496591318,0.8659440958357102,0.2114163041114807
Simulated Data Provider Withdrawal (~5%),s3_simulated_data_provider_withdrawal,0.22479368496591318,0.8665145464917284,0.21122592687606812
Simulated Data Provider Withdrawal (~5%),s3_simulated_data_provider_withdrawal,0.22497308934337998,0.8665145464917284,0.21108557283878326
Simulated Data Provider Withdrawal (~5%),s3_simulated_data_provider_withdrawal,0.22497308934337998,0.8670849971477467,0.21089252829551697
Simulated Data Provider Withdrawal (~5%),s3_simulated_data_provider_withdrawal,0.2271259418729817,0.8670849971477467,0.20998108386993408
Simulated Data Provider Withdrawal (~5%),s3_simulated_data_provider_withdrawal,0.2271259418729817,0.867655447803765,0.20972442626953125
Simulated Data Provider Withdrawal (~5%),s3_simulated_data_provider_withdrawal,0.22802296376031575,0.867655447803765,0.20923343300819397
Simulated Data Provider Withdrawal (~5%),s3_simulated_data_provider_withdrawal,0.22802296376031575,0.8682258984597833,0.20906995236873627
Simulated Data Provider Withdrawal (~5%),s3_simulated_data_provider_withdrawal,0.22856117689271618,0.8682258984597833,0.2089056670665741
Simulated Data Provider Withdrawal (~5%),s3_simulated_data_provider_withdrawal,0.22856117689271618,0.8687963491158015,0.208841934800148
Simulated Data Provider Withdrawal (~5%),s3_simulated_data_provider_withdrawal,0.22874058127018299,0.8687963491158015,0.20879271626472473
Simulated Data Provider Withdrawal (~5%),s3_simulated_data_provider_withdrawal,0.22891998564764982,0.8693667997718197,0.2087038904428482
Simulated Data Provider Withdrawal (~5%),s3_simulated_data_provider_withdrawal,0.22927879440258342,0.8693667997718197,0.20826499164104462
Simulated Data Provider Withdrawal (~5%),s3_simulated_data_provider_withdrawal,0.22927879440258342,0.8705077010838562,0.20816223323345184
Simulated Data Provider Withdrawal (~5%),s3_simulated_data_provider_withdrawal,0.22981700753498385,0.8705077010838562,0.2077755481004715
Simulated Data Provider Withdrawal (~5%),s3_simulated_data_provider_withdrawal,0.23017581628991748,0.8705077010838562,0.20774251222610474
Simulated Data Provider Withdrawal (~5%),s3_simulated_data_provider_withdrawal,0.23071402942231792,0.8705077010838562,0.20704665780067444
Simulated Data Provider Withdrawal (~5%),s3_simulated_data_provider_withdrawal,0.23071402942231792,0.872219053051911,0.20676128566265106
Simulated Data Provider Withdrawal (~5%),s3_simulated_data_provider_withdrawal,0.23107283817725152,0.872219053051911,0.2065071165561676
Simulated Data Provider Withdrawal (~5%),s3_simulated_data_provider_withdrawal,0.23107283817725152,0.8727895037079293,0.20630763471126556
Simulated Data Provider Withdrawal (~5%),s3_simulated_data_provider_withdrawal,0.23179045568711876,0.8727895037079293,0.2056797593832016
Simulated Data Provider Withdrawal (~5%),s3_simulated_data_provider_withdrawal,0.23179045568711876,0.8739304050199658,0.2050171047449112
Simulated Data Provider Withdrawal (~5%),s3_simulated_data_provider_withdrawal,0.2321492644420524,0.8739304050199658,0.20391471683979034
Simulated Data Provider Withdrawal (~5%),s3_simulated_data_provider_withdrawal,0.2321492644420524,0.874500855675984,0.20352217555046082
Simulated Data Provider Withdrawal (~5%),s3_simulated_data_provider_withdrawal,0.2323286688195192,0.874500855675984,0.2034803330898285
Simulated Data Provider Withdrawal (~5%),s3_simulated_data_provider_withdrawal,0.2323286688195192,0.8750713063320023,0.20341457426548004
Simulated Data Provider Withdrawal (~5%),s3_simulated_data_provider_withdrawal,0.23286688195191962,0.8750713063320023,0.20250526070594788
Simulated Data Provider Withdrawal (~5%),s3_simulated_data_provider_withdrawal,0.23286688195191962,0.8756417569880205,0.20202937722206116
Simulated Data Provider Withdrawal (~5%),s3_simulated_data_provider_withdrawal,0.23358449946178686,0.8756417569880205,0.2013566493988037
Simulated Data Provider Withdrawal (~5%),s3_simulated_data_provider_withdrawal,0.23358449946178686,0.8762122076440388,0.2011512666940689
Simulated Data Provider Withdrawal (~5%),s3_simulated_data_provider_withdrawal,0.2343021169716541,0.8762122076440388,0.20052282512187958
Simulated Data Provider Withdrawal (~5%),s3_simulated_data_provider_withdrawal,0.2343021169716541,0.8773531089560753,0.20025700330734253
Simulated Data Provider Withdrawal (~5%),s3_simulated_data_provider_withdrawal,0.2357373519913886,0.8773531089560753,0.19833169877529144
Simulated Data Provider Withdrawal (~5%),s3_simulated_data_provider_withdrawal,0.2357373519913886,0.8779235596120936,0.19815373420715332
Simulated Data Provider Withdrawal (~5%),s3_simulated_data_provider_withdrawal,0.2360961607463222,0.8779235596120936,0.1981319934129715
Simulated Data Provider Withdrawal (~5%),s3_simulated_data_provider_withdrawal,0.23645496950125583,0.8779235596120936,0.19793419539928436
Simulated Data Provider Withdrawal (~5%),s3_simulated_data_provider_withdrawal,0.23645496950125583,0.8784940102681118,0.1978236436843872
Simulated Data Provider Withdrawal (~5%),s3_simulated_data_provider_withdrawal,0.2373519913885899,0.8784940102681118,0.19693678617477417
Simulated Data Provider Withdrawal (~5%),s3_simulated_data_provider_withdrawal,0.2373519913885899,0.87906446092413,0.19686046242713928
Simulated Data Provider Withdrawal (~5%),s3_simulated_data_provider_withdrawal,0.2377108001435235,0.87906446092413,0.1966952681541443
Simulated Data Provider Withdrawal (~5%),s3_simulated_data_provider_withdrawal,0.23806960889845713,0.87906446092413,0.1966162770986557
Simulated Data Provider Withdrawal (~5%),s3_simulated_data_provider_withdrawal,0.23806960889845713,0.8796349115801483,0.19656209647655487
Simulated Data Provider Withdrawal (~5%),s3_simulated_data_provider_withdrawal,0.23824901327592393,0.8796349115801483,0.1963893175125122
Simulated Data Provider Withdrawal (~5%),s3_simulated_data_provider_withdrawal,0.23824901327592393,0.8802053622361665,0.1963847577571869
Simulated Data Provider Withdrawal (~5%),s3_simulated_data_provider_withdrawal,0.23860782203085756,0.8802053622361665,0.19549942016601562
Simulated Data Provider Withdrawal (~5%),s3_simulated_data_provider_withdrawal,0.23878722640832437,0.8807758128921849,0.1954279989004135
Simulated Data Provider Withdrawal (~5%),s3_simulated_data_provider_withdrawal,0.23986365267312523,0.8807758128921849,0.19443009793758392
Simulated Data Provider Withdrawal (~5%),s3_simulated_data_provider_withdrawal,0.23986365267312523,0.8813462635482031,0.194344624876976
Simulated Data Provider Withdrawal (~5%),s3_simulated_data_provider_withdrawal,0.2412988876928597,0.8813462635482031,0.19328786432743073
Simulated Data Provider Withdrawal (~5%),s3_simulated_data_provider_withdrawal,0.24273412271259417,0.8819167142042214,0.1925821602344513
Simulated Data Provider Withdrawal (~5%),s3_simulated_data_provider_withdrawal,0.24273412271259417,0.8836280661722761,0.19232536852359772
Simulated Data Provider Withdrawal (~5%),s3_simulated_data_provider_withdrawal,0.2432723358449946,0.8836280661722761,0.19221791625022888
Simulated Data Provider Withdrawal (~5%),s3_simulated_data_provider_withdrawal,0.2432723358449946,0.8853394181403309,0.19163472950458527
Simulated Data Provider Withdrawal (~5%),s3_simulated_data_provider_withdrawal,0.24345174022246144,0.8853394181403309,0.19158244132995605
Simulated Data Provider Withdrawal (~5%),s3_simulated_data_provider_withdrawal,0.24345174022246144,0.8859098687963491,0.19155637919902802
Simulated Data Provider Withdrawal (~5%),s3_simulated_data_provider_withdrawal,0.24398995335486187,0.8859098687963491,0.19088317453861237
Simulated Data Provider Withdrawal (~5%),s3_simulated_data_provider_withdrawal,0.24398995335486187,0.8864803194523674,0.19070245325565338
Simulated Data Provider Withdrawal (~5%),s3_simulated_data_provider_withdrawal,0.2450663796196627,0.8864803194523674,0.19009652733802795
Simulated Data Provider Withdrawal (~5%),s3_simulated_data_provider_withdrawal,0.2450663796196627,0.8887621220764403,0.18932494521141052
Simulated Data Provider Withdrawal (~5%),s3_simulated_data_provider_withdrawal,0.24560459275206314,0.8887621220764403,0.18893684446811676
Simulated Data Provider Withdrawal (~5%),s3_simulated_data_provider_withdrawal,0.24614280588446358,0.8887621220764403,0.18732412159442902
Simulated Data Provider Withdrawal (~5%),s3_simulated_data_provider_withdrawal,0.24614280588446358,0.8893325727324587,0.187139093875885
Simulated Data Provider Withdrawal (~5%),s3_simulated_data_provider_withdrawal,0.24739863652673125,0.8893325727324587,0.18606644868850708
Simulated Data Provider Withdrawal (~5%),s3_simulated_data_provider_withdrawal,0.24739863652673125,0.8899030233884769,0.18586984276771545
Simulated Data Provider Withdrawal (~5%),s3_simulated_data_provider_withdrawal,0.24811625403659848,0.8899030233884769,0.1848893016576767
Simulated Data Provider Withdrawal (~5%),s3_simulated_data_provider_withdrawal,0.24811625403659848,0.8904734740444952,0.1847124993801117
Simulated Data Provider Withdrawal (~5%),s3_simulated_data_provider_withdrawal,0.24847506279153211,0.8904734740444952,0.18425914645195007
Simulated Data Provider Withdrawal (~5%),s3_simulated_data_provider_withdrawal,0.24847506279153211,0.8910439247005134,0.18412986397743225
Simulated Data Provider Withdrawal (~5%),s3_simulated_data_provider_withdrawal,0.24883387154646575,0.8910439247005134,0.18393753468990326
Simulated Data Provider Withdrawal (~5%),s3_simulated_data_provider_withdrawal,0.24883387154646575,0.8916143753565317,0.18393325805664062
Simulated Data Provider Withdrawal (~5%),s3_simulated_data_provider_withdrawal,0.24937208467886615,0.8916143753565317,0.18319542706012726
Simulated Data Provider Withdrawal (~5%),s3_simulated_data_provider_withdrawal,0.24955148905633298,0.8921848260125499,0.18318849802017212
Simulated Data Provider Withdrawal (~5%),s3_simulated_data_provider_withdrawal,0.25313957660566916,0.8921848260125499,0.17919763922691345
Simulated Data Provider Withdrawal (~5%),s3_simulated_data_provider_withdrawal,0.2534983853606028,0.8921848260125499,0.17918579280376434
Simulated Data Provider Withdrawal (~5%),s3_simulated_data_provider_withdrawal,0.25403659849300325,0.8921848260125499,0.17890577018260956
Simulated Data Provider Withdrawal (~5%),s3_simulated_data_provider_withdrawal,0.25403659849300325,0.8927552766685681,0.17861305177211761
Simulated Data Provider Withdrawal (~5%),s3_simulated_data_provider_withdrawal,0.25421600287047,0.8927552766685681,0.17853964865207672
Simulated Data Provider Withdrawal (~5%),s3_simulated_data_provider_withdrawal,0.25439540724793686,0.8933257273245864,0.1784859299659729
Simulated Data Provider Withdrawal (~5%),s3_simulated_data_provider_withdrawal,0.25511302475780406,0.8933257273245864,0.17781206965446472
Simulated Data Provider Withdrawal (~5%),s3_simulated_data_provider_withdrawal,0.2554718335127377,0.8933257273245864,0.17736850678920746
Simulated Data Provider Withdrawal (~5%),s3_simulated_data_provider_withdrawal,0.2556512378902045,0.8938961779806047,0.17711131274700165
Simulated Data Provider Withdrawal (~5%),s3_simulated_data_provider_withdrawal,0.2556512378902045,0.894466628636623,0.1769966185092926
Simulated Data Provider Withdrawal (~5%),s3_simulated_data_provider_withdrawal,0.25636885540007176,0.894466628636623,0.17639543116092682
Simulated Data Provider Withdrawal (~5%),s3_simulated_data_provider_withdrawal,0.25636885540007176,0.8950370792926412,0.17632557451725006
Simulated Data Provider Withdrawal (~5%),s3_simulated_data_provider_withdrawal,0.25672766415500536,0.8950370792926412,0.17626707255840302
Simulated Data Provider Withdrawal (~5%),s3_simulated_data_provider_withdrawal,0.257086472909939,0.8950370792926412,0.17623640596866608
Simulated Data Provider Withdrawal (~5%),s3_simulated_data_provider_withdrawal,0.25762468604233946,0.8950370792926412,0.17564065754413605
Simulated Data Provider Withdrawal (~5%),s3_simulated_data_provider_withdrawal,0.25762468604233946,0.8956075299486594,0.17562974989414215
Simulated Data Provider Withdrawal (~5%),s3_simulated_data_provider_withdrawal,0.2588805166846071,0.8956075299486594,0.17446087300777435
Simulated Data Provider Withdrawal (~5%),s3_simulated_data_provider_withdrawal,0.2588805166846071,0.8967484312606959,0.17346903681755066
Simulated Data Provider Withdrawal (~5%),s3_simulated_data_provider_withdrawal,0.25905992106207393,0.8973188819167142,0.1733131855726242
Simulated Data Provider Withdrawal (~5%),s3_simulated_data_provider_withdrawal,0.25941872981700753,0.8973188819167142,0.17308777570724487
Simulated Data Provider Withdrawal (~5%),s3_simulated_data_provider_withdrawal,0.25941872981700753,0.8978893325727325,0.17299389839172363
Simulated Data Provider Withdrawal (~5%),s3_simulated_data_provider_withdrawal,0.25959813419447436,0.8978893325727325,0.17293709516525269
Simulated Data Provider Withdrawal (~5%),s3_simulated_data_provider_withdrawal,0.25959813419447436,0.899030233884769,0.1728828400373459
Simulated Data Provider Withdrawal (~5%),s3_simulated_data_provider_withdrawal,0.2601363473268748,0.899030233884769,0.17202810943126678
Simulated Data Provider Withdrawal (~5%),s3_simulated_data_provider_withdrawal,0.2601363473268748,0.8996006845407872,0.17188701033592224
Simulated Data Provider Withdrawal (~5%),s3_simulated_data_provider_withdrawal,0.2604951560818084,0.8996006845407872,0.17155402898788452
Simulated Data Provider Withdrawal (~5%),s3_simulated_data_provider_withdrawal,0.2604951560818084,0.9001711351968055,0.17151866853237152
Simulated Data Provider Withdrawal (~5%),s3_simulated_data_provider_withdrawal,0.26193039110154287,0.9001711351968055,0.1702921837568283
Simulated Data Provider Withdrawal (~5%),s3_simulated_data_provider_withdrawal,0.26193039110154287,0.9007415858528237,0.17022497951984406
Simulated Data Provider Withdrawal (~5%),s3_simulated_data_provider_withdrawal,0.2621097954790097,0.9007415858528237,0.1702040731906891
Simulated Data Provider Withdrawal (~5%),s3_simulated_data_provider_withdrawal,0.2628274129888769,0.9007415858528237,0.17011159658432007
Simulated Data Provider Withdrawal (~5%),s3_simulated_data_provider_withdrawal,0.26300681736634374,0.9007415858528237,0.17003098130226135
Simulated Data Provider Withdrawal (~5%),s3_simulated_data_provider_withdrawal,0.26300681736634374,0.901312036508842,0.16994257271289825
Simulated Data Provider Withdrawal (~5%),s3_simulated_data_provider_withdrawal,0.26318622174381057,0.901312036508842,0.16989095509052277
Simulated Data Provider Withdrawal (~5%),s3_simulated_data_provider_withdrawal,0.26318622174381057,0.9018824871648602,0.16986913979053497
Simulated Data Provider Withdrawal (~5%),s3_simulated_data_provider_withdrawal,0.263724434876211,0.9018824871648602,0.16932952404022217
Simulated Data Provider Withdrawal (~5%),s3_simulated_data_provider_withdrawal,0.263724434876211,0.9030233884768968,0.16910944879055023
Simulated Data Provider Withdrawal (~5%),s3_simulated_data_provider_withdrawal,0.2644420523860782,0.9030233884768968,0.1679975837469101
Simulated Data Provider Withdrawal (~5%),s3_simulated_data_provider_withdrawal,0.2644420523860782,0.903593839132915,0.16786904633045197
Simulated Data Provider Withdrawal (~5%),s3_simulated_data_provider_withdrawal,0.2655184786508791,0.903593839132915,0.16698816418647766
Simulated Data Provider Withdrawal (~5%),s3_simulated_data_provider_withdrawal,0.2658772874058127,0.903593839132915,0.16691842675209045
Simulated Data Provider Withdrawal (~5%),s3_simulated_data_provider_withdrawal,0.2660566917832795,0.903593839132915,0.16690240800380707
Simulated Data Provider Withdrawal (~5%),s3_simulated_data_provider_withdrawal,0.2660566917832795,0.9047347404449515,0.1667162925004959
Simulated Data Provider Withdrawal (~5%),s3_simulated_data_provider_withdrawal,0.2664155005382131,0.9047347404449515,0.16670994460582733
Simulated Data Provider Withdrawal (~5%),s3_simulated_data_provider_withdrawal,0.26785073555794764,0.9047347404449515,0.1658376157283783
Simulated Data Provider Withdrawal (~5%),s3_simulated_data_provider_withdrawal,0.26856835306781485,0.9047347404449515,0.1657114326953888
Simulated Data Provider Withdrawal (~5%),s3_simulated_data_provider_withdrawal,0.2692859705776821,0.9047347404449515,0.16504120826721191
Simulated Data Provider Withdrawal (~5%),s3_simulated_data_provider_withdrawal,0.2692859705776821,0.905875641756988,0.1646888107061386
Simulated Data Provider Withdrawal (~5%),s3_simulated_data_provider_withdrawal,0.27018299246501615,0.905875641756988,0.1638365238904953
Simulated Data Provider Withdrawal (~5%),s3_simulated_data_provider_withdrawal,0.27054180121994975,0.905875641756988,0.16357845067977905
Simulated Data Provider Withdrawal (~5%),s3_simulated_data_provider_withdrawal,0.2709006099748834,0.905875641756988,0.16352517902851105
Simulated Data Provider Withdrawal (~5%),s3_simulated_data_provider_withdrawal,0.2709006099748834,0.9064460924130062,0.16331394016742706
Simulated Data Provider Withdrawal (~5%),s3_simulated_data_provider_withdrawal,0.2710800143523502,0.9064460924130062,0.16316579282283783
Simulated Data Provider Withdrawal (~5%),s3_simulated_data_provider_withdrawal,0.2710800143523502,0.9070165430690246,0.16301700472831726
Simulated Data Provider Withdrawal (~5%),s3_simulated_data_provider_withdrawal,0.271259418729817,0.9070165430690246,0.16290777921676636
Simulated Data Provider Withdrawal (~5%),s3_simulated_data_provider_withdrawal,0.271259418729817,0.9075869937250428,0.16277843713760376
Simulated Data Provider Withdrawal (~5%),s3_simulated_data_provider_withdrawal,0.27143882310728384,0.9075869937250428,0.1623111367225647
Simulated Data Provider Withdrawal (~5%),s3_simulated_data_provider_withdrawal,0.27143882310728384,0.908157444381061,0.16214968264102936
Simulated Data Provider Withdrawal (~5%),s3_simulated_data_provider_withdrawal,0.27215644061715105,0.908157444381061,0.16195806860923767
Simulated Data Provider Withdrawal (~5%),s3_simulated_data_provider_withdrawal,0.27215644061715105,0.9087278950370793,0.1618676632642746
Simulated Data Provider Withdrawal (~5%),s3_simulated_data_provider_withdrawal,0.27377108001435235,0.9087278950370793,0.16062723100185394
Simulated Data Provider Withdrawal (~5%),s3_simulated_data_provider_withdrawal,0.27377108001435235,0.9092983456930975,0.16017617285251617
Simulated Data Provider Withdrawal (~5%),s3_simulated_data_provider_withdrawal,0.2746681019016864,0.9092983456930975,0.1596551090478897
Simulated Data Provider Withdrawal (~5%),s3_simulated_data_provider_withdrawal,0.2746681019016864,0.910439247005134,0.15919648110866547
Simulated Data Provider Withdrawal (~5%),s3_simulated_data_provider_withdrawal,0.2748475062791532,0.910439247005134,0.15902356803417206
Simulated Data Provider Withdrawal (~5%),s3_simulated_data_provider_withdrawal,0.2748475062791532,0.9110096976611524,0.15879805386066437
Simulated Data Provider Withdrawal (~5%),s3_simulated_data_provider_withdrawal,0.2755651237890204,0.9110096976611524,0.15801289677619934
Simulated Data Provider Withdrawal (~5%),s3_simulated_data_provider_withdrawal,0.2755651237890204,0.9115801483171706,0.15764880180358887
Simulated Data Provider Withdrawal (~5%),s3_simulated_data_provider_withdrawal,0.2762827412988877,0.9115801483171706,0.15713223814964294
Simulated Data Provider Withdrawal (~5%),s3_simulated_data_provider_withdrawal,0.2762827412988877,0.9121505989731888,0.1568378210067749
Simulated Data Provider Withdrawal (~5%),s3_simulated_data_provider_withdrawal,0.2800502332256907,0.9121505989731888,0.15331818163394928
Simulated Data Provider Withdrawal (~5%),s3_simulated_data_provider_withdrawal,0.28076785073555793,0.9121505989731888,0.15321597456932068
Simulated Data Provider Withdrawal (~5%),s3_simulated_data_provider_withdrawal,0.2818442770003588,0.9121505989731888,0.15250523388385773
Simulated Data Provider Withdrawal (~5%),s3_simulated_data_provider_withdrawal,0.2818442770003588,0.9132915002852253,0.1523049771785736
Simulated Data Provider Withdrawal (~5%),s3_simulated_data_provider_withdrawal,0.2822030857552924,0.9132915002852253,0.15201443433761597
Simulated Data Provider Withdrawal (~5%),s3_simulated_data_provider_withdrawal,0.2822030857552924,0.9138619509412436,0.1519831120967865
Simulated Data Provider Withdrawal (~5%),s3_simulated_data_provider_withdrawal,0.2831001076426265,0.9138619509412436,0.15099288523197174
Simulated Data Provider Withdrawal (~5%),s3_simulated_data_provider_withdrawal,0.2831001076426265,0.9144324015972618,0.15080900490283966
Simulated Data Provider Withdrawal (~5%),s3_simulated_data_provider_withdrawal,0.28399712952996053,0.9144324015972618,0.14990505576133728
Simulated Data Provider Withdrawal (~5%),s3_simulated_data_provider_withdrawal,0.28399712952996053,0.91500285225328,0.14972209930419922
Simulated Data Provider Withdrawal (~5%),s3_simulated_data_provider_withdrawal,0.28435593828489414,0.91500285225328,0.14961877465248108
Simulated Data Provider Withdrawal (~5%),s3_simulated_data_provider_withdrawal,0.28435593828489414,0.9155733029092984,0.14953982830047607
Simulated Data Provider Withdrawal (~5%),s3_simulated_data_provider_withdrawal,0.2857911733046286,0.9155733029092984,0.14854708313941956
Simulated Data Provider Withdrawal (~5%),s3_simulated_data_provider_withdrawal,0.2857911733046286,0.9167142042213349,0.1484781950712204
Simulated Data Provider Withdrawal (~5%),s3_simulated_data_provider_withdrawal,0.28632938643702904,0.9167142042213349,0.14827854931354523
Simulated Data Provider Withdrawal (~5%),s3_simulated_data_provider_withdrawal,0.28632938643702904,0.9172846548773531,0.14796823263168335
Simulated Data Provider Withdrawal (~5%),s3_simulated_data_provider_withdrawal,0.28722640832436314,0.9172846548773531,0.14762702584266663
Simulated Data Provider Withdrawal (~5%),s3_simulated_data_provider_withdrawal,0.28722640832436314,0.9178551055333714,0.1475684493780136
Simulated Data Provider Withdrawal (~5%),s3_simulated_data_provider_withdrawal,0.2874058127018299,0.9178551055333714,0.14708083868026733
Simulated Data Provider Withdrawal (~5%),s3_simulated_data_provider_withdrawal,0.2874058127018299,0.9189960068454078,0.1467301994562149
Simulated Data Provider Withdrawal (~5%),s3_simulated_data_provider_withdrawal,0.28991747398636525,0.9189960068454078,0.1444033533334732
Simulated Data Provider Withdrawal (~5%),s3_simulated_data_provider_withdrawal,0.28991747398636525,0.9195664575014262,0.1442359983921051
Simulated Data Provider Withdrawal (~5%),s3_simulated_data_provider_withdrawal,0.29117330462863295,0.9195664575014262,0.14352171123027802
Simulated Data Provider Withdrawal (~5%),s3_simulated_data_provider_withdrawal,0.29117330462863295,0.9207073588134627,0.14331191778182983
Simulated Data Provider Withdrawal (~5%),s3_simulated_data_provider_withdrawal,0.2922497308934338,0.9207073588134627,0.14293597638607025
Simulated Data Provider Withdrawal (~5%),s3_simulated_data_provider_withdrawal,0.2922497308934338,0.9212778094694809,0.14252568781375885
Simulated Data Provider Withdrawal (~5%),s3_simulated_data_provider_withdrawal,0.2926085396483674,0.9212778094694809,0.14242929220199585
Simulated Data Provider Withdrawal (~5%),s3_simulated_data_provider_withdrawal,0.2926085396483674,0.9224187107815174,0.1419588178396225
Simulated Data Provider Withdrawal (~5%),s3_simulated_data_provider_withdrawal,0.29278794402583425,0.9224187107815174,0.1419399082660675
Simulated Data Provider Withdrawal (~5%),s3_simulated_data_provider_withdrawal,0.29278794402583425,0.9229891614375356,0.1419360488653183
Simulated Data Provider Withdrawal (~5%),s3_simulated_data_provider_withdrawal,0.29314675278076785,0.9229891614375356,0.14172272384166718
Simulated Data Provider Withdrawal (~5%),s3_simulated_data_provider_withdrawal,0.29314675278076785,0.9235596120935539,0.14166933298110962
Simulated Data Provider Withdrawal (~5%),s3_simulated_data_provider_withdrawal,0.29350556153570145,0.9235596120935539,0.14164958894252777
Simulated Data Provider Withdrawal (~5%),s3_simulated_data_provider_withdrawal,0.29350556153570145,0.9241300627495722,0.14151136577129364
Simulated Data Provider Withdrawal (~5%),s3_simulated_data_provider_withdrawal,0.2940437746681019,0.9241300627495722,0.14129751920700073
Simulated Data Provider Withdrawal (~5%),s3_simulated_data_provider_withdrawal,0.2945819878005023,0.9241300627495722,0.14124947786331177
Simulated Data Provider Withdrawal (~5%),s3_simulated_data_provider_withdrawal,0.29512020093290275,0.9241300627495722,0.14047640562057495
Simulated Data Provider Withdrawal (~5%),s3_simulated_data_provider_withdrawal,0.29512020093290275,0.9247005134055905,0.140468567609787
Simulated Data Provider Withdrawal (~5%),s3_simulated_data_provider_withdrawal,0.29547900968783636,0.9247005134055905,0.14030548930168152
Simulated Data Provider Withdrawal (~5%),s3_simulated_data_provider_withdrawal,0.29547900968783636,0.9252709640616087,0.14025326073169708
Simulated Data Provider Withdrawal (~5%),s3_simulated_data_provider_withdrawal,0.29583781844277,0.9252709640616087,0.13991141319274902
Simulated Data Provider Withdrawal (~5%),s3_simulated_data_provider_withdrawal,0.29583781844277,0.9258414147176269,0.13980166614055634
Simulated Data Provider Withdrawal (~5%),s3_simulated_data_provider_withdrawal,0.29709364908503766,0.9258414147176269,0.13916289806365967
Simulated Data Provider Withdrawal (~5%),s3_simulated_data_provider_withdrawal,0.29709364908503766,0.9264118653736452,0.1389603316783905
Simulated Data Provider Withdrawal (~5%),s3_simulated_data_provider_withdrawal,0.2974524578399713,0.9264118653736452,0.13851727545261383
Simulated Data Provider Withdrawal (~5%),s3_simulated_data_provider_withdrawal,0.2974524578399713,0.9269823160296634,0.1385086178779602
Simulated Data Provider Withdrawal (~5%),s3_simulated_data_provider_withdrawal,0.2978112665949049,0.9269823160296634,0.1382053941488266
Simulated Data Provider Withdrawal (~5%),s3_simulated_data_provider_withdrawal,0.2981700753498385,0.9269823160296634,0.1374371498823166
Simulated Data Provider Withdrawal (~5%),s3_simulated_data_provider_withdrawal,0.2981700753498385,0.9275527666856817,0.1373709738254547
Simulated Data Provider Withdrawal (~5%),s3_simulated_data_provider_withdrawal,0.30068173663437386,0.9275527666856817,0.13599175214767456
Simulated Data Provider Withdrawal (~5%),s3_simulated_data_provider_withdrawal,0.30068173663437386,0.9281232173416999,0.13597863912582397
Simulated Data Provider Withdrawal (~5%),s3_simulated_data_provider_withdrawal,0.3010405453893075,0.9281232173416999,0.13595661520957947
Simulated Data Provider Withdrawal (~5%),s3_simulated_data_provider_withdrawal,0.3010405453893075,0.9286936679977182,0.13567721843719482
Simulated Data Provider Withdrawal (~5%),s3_simulated_data_provider_withdrawal,0.30265518478650877,0.9286936679977182,0.1339576095342636
Simulated Data Provider Withdrawal (~5%),s3_simulated_data_provider_withdrawal,0.30265518478650877,0.9292641186537365,0.13352759182453156
Simulated Data Provider Withdrawal (~5%),s3_simulated_data_provider_withdrawal,0.30391101542877647,0.9292641186537365,0.13221034407615662
Simulated Data Provider Withdrawal (~5%),s3_simulated_data_provider_withdrawal,0.30391101542877647,0.9298345693097547,0.13217368721961975
Simulated Data Provider Withdrawal (~5%),s3_simulated_data_provider_withdrawal,0.3040904198062433,0.9298345693097547,0.13195054233074188
Simulated Data Provider Withdrawal (~5%),s3_simulated_data_provider_withdrawal,0.3040904198062433,0.930405019965773,0.1317463219165802
Simulated Data Provider Withdrawal (~5%),s3_simulated_data_provider_withdrawal,0.30498744169357733,0.930405019965773,0.1306210160255432
Simulated Data Provider Withdrawal (~5%),s3_simulated_data_provider_withdrawal,0.30498744169357733,0.9309754706217912,0.13060283660888672
Simulated Data Provider Withdrawal (~5%),s3_simulated_data_provider_withdrawal,0.30534625044851094,0.9309754706217912,0.13044653832912445
Simulated Data Provider Withdrawal (~5%),s3_simulated_data_provider_withdrawal,0.30534625044851094,0.9315459212778094,0.13043610751628876
Simulated Data Provider Withdrawal (~5%),s3_simulated_data_provider_withdrawal,0.3060638679583782,0.9315459212778094,0.130022332072258
Simulated Data Provider Withdrawal (~5%),s3_simulated_data_provider_withdrawal,0.3060638679583782,0.9321163719338277,0.12981896102428436
Simulated Data Provider Withdrawal (~5%),s3_simulated_data_provider_withdrawal,0.3067814854682454,0.9321163719338277,0.12887077033519745
Simulated Data Provider Withdrawal (~5%),s3_simulated_data_provider_withdrawal,0.3067814854682454,0.932686822589846,0.1287268102169037
Simulated Data Provider Withdrawal (~5%),s3_simulated_data_provider_withdrawal,0.3076785073555795,0.932686822589846,0.1282707005739212
Simulated Data Provider Withdrawal (~5%),s3_simulated_data_provider_withdrawal,0.3076785073555795,0.9332572732458643,0.12759150564670563
Simulated Data Provider Withdrawal (~5%),s3_simulated_data_provider_withdrawal,0.30929314675278075,0.9332572732458643,0.12570789456367493
Simulated Data Provider Withdrawal (~5%),s3_simulated_data_provider_withdrawal,0.30929314675278075,0.9338277239018825,0.12557870149612427
Simulated Data Provider Withdrawal (~5%),s3_simulated_data_provider_withdrawal,0.3094725511302476,0.9338277239018825,0.12554091215133667
Simulated Data Provider Withdrawal (~5%),s3_simulated_data_provider_withdrawal,0.3094725511302476,0.9343981745579008,0.1249309852719307
Simulated Data Provider Withdrawal (~5%),s3_simulated_data_provider_withdrawal,0.3096519555077144,0.9343981745579008,0.12492544949054718
Simulated Data Provider Withdrawal (~5%),s3_simulated_data_provider_withdrawal,0.3096519555077144,0.934968625213919,0.12472272664308548
Simulated Data Provider Withdrawal (~5%),s3_simulated_data_provider_withdrawal,0.31054897739504844,0.934968625213919,0.12433025240898132
Simulated Data Provider Withdrawal (~5%),s3_simulated_data_provider_withdrawal,0.31054897739504844,0.9366799771819737,0.12407327443361282
Simulated Data Provider Withdrawal (~5%),s3_simulated_data_provider_withdrawal,0.31288123430211695,0.9366799771819737,0.12240913510322571
Simulated Data Provider Withdrawal (~5%),s3_simulated_data_provider_withdrawal,0.31288123430211695,0.9372504278379921,0.12224874645471573
Simulated Data Provider Withdrawal (~5%),s3_simulated_data_provider_withdrawal,0.3135988518119842,0.9372504278379921,0.12189240753650665
Simulated Data Provider Withdrawal (~5%),s3_simulated_data_provider_withdrawal,0.3135988518119842,0.9378208784940103,0.1218758299946785
Simulated Data Provider Withdrawal (~5%),s3_simulated_data_provider_withdrawal,0.3139576605669178,0.9378208784940103,0.1217944473028183
Simulated Data Provider Withdrawal (~5%),s3_simulated_data_provider_withdrawal,0.3139576605669178,0.9383913291500285,0.12163010239601135
Simulated Data Provider Withdrawal (~5%),s3_simulated_data_provider_withdrawal,0.31413706494438465,0.9383913291500285,0.12159714847803116
Simulated Data Provider Withdrawal (~5%),s3_simulated_data_provider_withdrawal,0.31413706494438465,0.939532230462065,0.12109105288982391
Simulated Data Provider Withdrawal (~5%),s3_simulated_data_provider_withdrawal,0.3152134912091855,0.939532230462065,0.1203942596912384
Simulated Data Provider Withdrawal (~5%),s3_simulated_data_provider_withdrawal,0.3152134912091855,0.9401026811180833,0.1203172579407692
Simulated Data Provider Withdrawal (~5%),s3_simulated_data_provider_withdrawal,0.3153928955866523,0.9401026811180833,0.12022155523300171
Simulated Data Provider Withdrawal (~5%),s3_simulated_data_provider_withdrawal,0.3153928955866523,0.9406731317741015,0.12015160173177719
Simulated Data Provider Withdrawal (~5%),s3_simulated_data_provider_withdrawal,0.3155722999641191,0.9406731317741015,0.12014684081077576
Simulated Data Provider Withdrawal (~5%),s3_simulated_data_provider_withdrawal,0.3155722999641191,0.9412435824301197,0.11983589082956314
Simulated Data Provider Withdrawal (~5%),s3_simulated_data_provider_withdrawal,0.31575170434158595,0.9412435824301197,0.11972120404243469
Simulated Data Provider Withdrawal (~5%),s3_simulated_data_provider_withdrawal,0.31575170434158595,0.9418140330861381,0.11966124922037125
Simulated Data Provider Withdrawal (~5%),s3_simulated_data_provider_withdrawal,0.317545748116254,0.9418140330861381,0.11821950227022171
Simulated Data Provider Withdrawal (~5%),s3_simulated_data_provider_withdrawal,0.31772515249372085,0.9423844837421563,0.1182129830121994
Simulated Data Provider Withdrawal (~5%),s3_simulated_data_provider_withdrawal,0.32292787944025836,0.9423844837421563,0.11483589559793472
Simulated Data Provider Withdrawal (~5%),s3_simulated_data_provider_withdrawal,0.32292787944025836,0.9429549343981746,0.11482121050357819
Simulated Data Provider Withdrawal (~5%),s3_simulated_data_provider_withdrawal,0.327054180121995,0.9429549343981746,0.11181926727294922
Simulated Data Provider Withdrawal (~5%),s3_simulated_data_provider_withdrawal,0.327054180121995,0.944095835710211,0.11146654188632965
Simulated Data Provider Withdrawal (~5%),s3_simulated_data_provider_withdrawal,0.3297452457839971,0.944095835710211,0.1090959906578064
Simulated Data Provider Withdrawal (~5%),s3_simulated_data_provider_withdrawal,0.3297452457839971,0.9446662863662293,0.10871482640504837
Simulated Data Provider Withdrawal (~5%),s3_simulated_data_provider_withdrawal,0.330821672048798,0.9446662863662293,0.10785619914531708
Simulated Data Provider Withdrawal (~5%),s3_simulated_data_provider_withdrawal,0.33118048080373164,0.9452367370222475,0.10785137116909027
Simulated Data Provider Withdrawal (~5%),s3_simulated_data_provider_withdrawal,0.33153928955866524,0.9452367370222475,0.10784939676523209
Simulated Data Provider Withdrawal (~5%),s3_simulated_data_provider_withdrawal,0.33225690706853245,0.9452367370222475,0.10682052373886108
Simulated Data Provider Withdrawal (~5%),s3_simulated_data_provider_withdrawal,0.33225690706853245,0.9458071876782659,0.10668566077947617
Simulated Data Provider Withdrawal (~5%),s3_simulated_data_provider_withdrawal,0.3353067814854682,0.9458071876782659,0.10502208769321442
Simulated Data Provider Withdrawal (~5%),s3_simulated_data_provider_withdrawal,0.3356655902404019,0.9458071876782659,0.10495764762163162
Simulated Data Provider Withdrawal (~5%),s3_simulated_data_provider_withdrawal,0.3362038033728023,0.9458071876782659,0.10488425195217133
Simulated Data Provider Withdrawal (~5%),s3_simulated_data_provider_withdrawal,0.3362038033728023,0.9469480889903024,0.10481787472963333
Simulated Data Provider Withdrawal (~5%),s3_simulated_data_provider_withdrawal,0.3376390383925368,0.9469480889903024,0.10423628240823746
Simulated Data Provider Withdrawal (~5%),s3_simulated_data_provider_withdrawal,0.3376390383925368,0.9475185396463206,0.10404448956251144
Simulated Data Provider Withdrawal (~5%),s3_simulated_data_provider_withdrawal,0.3385360602798708,0.9475185396463206,0.10324438661336899
Simulated Data Provider Withdrawal (~5%),s3_simulated_data_provider_withdrawal,0.3385360602798708,0.9480889903023388,0.10321275144815445
Simulated Data Provider Withdrawal (~5%),s3_simulated_data_provider_withdrawal,0.3396124865446717,0.9480889903023388,0.10272281616926193
Simulated Data Provider Withdrawal (~5%),s3_simulated_data_provider_withdrawal,0.3396124865446717,0.9486594409583571,0.10255186259746552
Simulated Data Provider Withdrawal (~5%),s3_simulated_data_provider_withdrawal,0.34104772156440616,0.9486594409583571,0.10188622027635574
Simulated Data Provider Withdrawal (~5%),s3_simulated_data_provider_withdrawal,0.34104772156440616,0.9492298916143753,0.10170380771160126
Simulated Data Provider Withdrawal (~5%),s3_simulated_data_provider_withdrawal,0.341227125941873,0.9492298916143753,0.10162822157144547
Simulated Data Provider Withdrawal (~5%),s3_simulated_data_provider_withdrawal,0.341227125941873,0.9498003422703936,0.10153669118881226
Simulated Data Provider Withdrawal (~5%),s3_simulated_data_provider_withdrawal,0.34409759598134193,0.9498003422703936,0.10002920031547546
Simulated Data Provider Withdrawal (~5%),s3_simulated_data_provider_withdrawal,0.34409759598134193,0.9509412435824302,0.09987601637840271
Simulated Data Provider Withdrawal (~5%),s3_simulated_data_provider_withdrawal,0.3451740222461428,0.9509412435824302,0.0993594080209732
Simulated Data Provider Withdrawal (~5%),s3_simulated_data_provider_withdrawal,0.3451740222461428,0.9520821448944666,0.09921496361494064
Simulated Data Provider Withdrawal (~5%),s3_simulated_data_provider_withdrawal,0.3453534266236096,0.9520821448944666,0.09921304881572723
Simulated Data Provider Withdrawal (~5%),s3_simulated_data_provider_withdrawal,0.3453534266236096,0.9526525955504849,0.09873326122760773
Simulated Data Provider Withdrawal (~5%),s3_simulated_data_provider_withdrawal,0.34786508790814497,0.9526525955504849,0.09775439649820328
Simulated Data Provider Withdrawal (~5%),s3_simulated_data_provider_withdrawal,0.34786508790814497,0.9532230462065031,0.09759583324193954
Simulated Data Provider Withdrawal (~5%),s3_simulated_data_provider_withdrawal,0.3484033010405454,0.9532230462065031,0.09715806692838669
Simulated Data Provider Withdrawal (~5%),s3_simulated_data_provider_withdrawal,0.3484033010405454,0.9537934968625214,0.09706094861030579
Simulated Data Provider Withdrawal (~5%),s3_simulated_data_provider_withdrawal,0.34983853606027987,0.9537934968625214,0.09648922830820084
Simulated Data Provider Withdrawal (~5%),s3_simulated_data_provider_withdrawal,0.34983853606027987,0.9543639475185397,0.09626880288124084
Simulated Data Provider Withdrawal (~5%),s3_simulated_data_provider_withdrawal,0.35055615357014713,0.9543639475185397,0.09549810737371445
Simulated Data Provider Withdrawal (~5%),s3_simulated_data_provider_withdrawal,0.35091496232508074,0.9543639475185397,0.09543727338314056
Simulated Data Provider Withdrawal (~5%),s3_simulated_data_provider_withdrawal,0.35145317545748117,0.9543639475185397,0.0952950045466423
Simulated Data Provider Withdrawal (~5%),s3_simulated_data_provider_withdrawal,0.35450304987441694,0.9543639475185397,0.0938040092587471
Simulated Data Provider Withdrawal (~5%),s3_simulated_data_provider_withdrawal,0.35450304987441694,0.9549343981745579,0.09365975856781006
Simulated Data Provider Withdrawal (~5%),s3_simulated_data_provider_withdrawal,0.3550412630068174,0.9549343981745579,0.09324048459529877
Simulated Data Provider Withdrawal (~5%),s3_simulated_data_provider_withdrawal,0.3550412630068174,0.9555048488305762,0.09287812560796738
Simulated Data Provider Withdrawal (~5%),s3_simulated_data_provider_withdrawal,0.35809113742375315,0.9555048488305762,0.09050600230693817
Simulated Data Provider Withdrawal (~5%),s3_simulated_data_provider_withdrawal,0.35809113742375315,0.9560752994865944,0.09036299586296082
Simulated Data Provider Withdrawal (~5%),s3_simulated_data_provider_withdrawal,0.36006458557588805,0.9560752994865944,0.08955075591802597
Simulated Data Provider Withdrawal (~5%),s3_simulated_data_provider_withdrawal,0.36042339433082166,0.9560752994865944,0.08950366824865341
Simulated Data Provider Withdrawal (~5%),s3_simulated_data_provider_withdrawal,0.36042339433082166,0.9566457501426127,0.08905874937772751
Simulated Data Provider Withdrawal (~5%),s3_simulated_data_provider_withdrawal,0.3622174381054898,0.9566457501426127,0.08828651905059814
Simulated Data Provider Withdrawal (~5%),s3_simulated_data_provider_withdrawal,0.3622174381054898,0.9572162007986309,0.08827894926071167
Simulated Data Provider Withdrawal (~5%),s3_simulated_data_provider_withdrawal,0.36401148188015786,0.9572162007986309,0.08690629154443741
Simulated Data Provider Withdrawal (~5%),s3_simulated_data_provider_withdrawal,0.36401148188015786,0.9577866514546491,0.08687102794647217
Simulated Data Provider Withdrawal (~5%),s3_simulated_data_provider_withdrawal,0.36508790814495873,0.9577866514546491,0.08648158609867096
Simulated Data Provider Withdrawal (~5%),s3_simulated_data_provider_withdrawal,0.36508790814495873,0.9583571021106674,0.08641771227121353
Simulated Data Provider Withdrawal (~5%),s3_simulated_data_provider_withdrawal,0.36562612127735916,0.9583571021106674,0.08610714972019196
Simulated Data Provider Withdrawal (~5%),s3_simulated_data_provider_withdrawal,0.36562612127735916,0.9589275527666857,0.08610069006681442
Simulated Data Provider Withdrawal (~5%),s3_simulated_data_provider_withdrawal,0.365805525654826,0.9589275527666857,0.08601128309965134
Simulated Data Provider Withdrawal (~5%),s3_simulated_data_provider_withdrawal,0.365805525654826,0.959498003422704,0.08600038290023804
Simulated Data Provider Withdrawal (~5%),s3_simulated_data_provider_withdrawal,0.3679583781844277,0.959498003422704,0.0850052610039711
Simulated Data Provider Withdrawal (~5%),s3_simulated_data_provider_withdrawal,0.3684965913168281,0.959498003422704,0.08493581414222717
Simulated Data Provider Withdrawal (~5%),s3_simulated_data_provider_withdrawal,0.3684965913168281,0.9600684540787222,0.0848967656493187
Simulated Data Provider Withdrawal (~5%),s3_simulated_data_provider_withdrawal,0.36921420882669537,0.9600684540787222,0.08417268842458725
Simulated Data Provider Withdrawal (~5%),s3_simulated_data_provider_withdrawal,0.36921420882669537,0.9606389047347405,0.08409162610769272
Simulated Data Provider Withdrawal (~5%),s3_simulated_data_provider_withdrawal,0.37047003946896306,0.9606389047347405,0.08351006358861923
Simulated Data Provider Withdrawal (~5%),s3_simulated_data_provider_withdrawal,0.37047003946896306,0.9612093553907587,0.0834147110581398
Simulated Data Provider Withdrawal (~5%),s3_simulated_data_provider_withdrawal,0.37064944384642984,0.9612093553907587,0.08337046951055527
Simulated Data Provider Withdrawal (~5%),s3_simulated_data_provider_withdrawal,0.37064944384642984,0.9617798060467769,0.08331108838319778
Simulated Data Provider Withdrawal (~5%),s3_simulated_data_provider_withdrawal,0.37082884822389667,0.9617798060467769,0.08320361375808716
Simulated Data Provider Withdrawal (~5%),s3_simulated_data_provider_withdrawal,0.37082884822389667,0.9623502567027952,0.08302998542785645
Simulated Data Provider Withdrawal (~5%),s3_simulated_data_provider_withdrawal,0.37280229637603157,0.9623502567027952,0.08190515637397766
Simulated Data Provider Withdrawal (~5%),s3_simulated_data_provider_withdrawal,0.37280229637603157,0.9629207073588134,0.08177824318408966
Simulated Data Provider Withdrawal (~5%),s3_simulated_data_provider_withdrawal,0.373340509508432,0.9629207073588134,0.08162689208984375
Simulated Data Provider Withdrawal (~5%),s3_simulated_data_provider_withdrawal,0.373340509508432,0.9634911580148318,0.08160499483346939
Simulated Data Provider Withdrawal (~5%),s3_simulated_data_provider_withdrawal,0.37621097954790095,0.9634911580148318,0.08004459738731384
Simulated Data Provider Withdrawal (~5%),s3_simulated_data_provider_withdrawal,0.37621097954790095,0.96406160867085,0.0798625648021698
Simulated Data Provider Withdrawal (~5%),s3_simulated_data_provider_withdrawal,0.37979906709723715,0.96406160867085,0.0776304081082344
Simulated Data Provider Withdrawal (~5%),s3_simulated_data_provider_withdrawal,0.37979906709723715,0.9646320593268682,0.07758603245019913
Simulated Data Provider Withdrawal (~5%),s3_simulated_data_provider_withdrawal,0.38141370649443845,0.9646320593268682,0.07654628157615662
Simulated Data Provider Withdrawal (~5%),s3_simulated_data_provider_withdrawal,0.38141370649443845,0.9652025099828865,0.07649979740381241
Simulated Data Provider Withdrawal (~5%),s3_simulated_data_provider_withdrawal,0.3815931108719053,0.9652025099828865,0.07642754912376404
Simulated Data Provider Withdrawal (~5%),s3_simulated_data_provider_withdrawal,0.3815931108719053,0.9657729606389047,0.07641872018575668
Simulated Data Provider Withdrawal (~5%),s3_simulated_data_provider_withdrawal,0.3819519196268389,0.9657729606389047,0.07630717754364014
Simulated Data Provider Withdrawal (~5%),s3_simulated_data_provider_withdrawal,0.3828489415141729,0.9657729606389047,0.07582119852304459
Simulated Data Provider Withdrawal (~5%),s3_simulated_data_provider_withdrawal,0.3828489415141729,0.966343411294923,0.07553644478321075
Simulated Data Provider Withdrawal (~5%),s3_simulated_data_provider_withdrawal,0.3876928597057768,0.966343411294923,0.0738295167684555
Simulated Data Provider Withdrawal (~5%),s3_simulated_data_provider_withdrawal,0.3876928597057768,0.9669138619509412,0.07382884621620178
Simulated Data Provider Withdrawal (~5%),s3_simulated_data_provider_withdrawal,0.38894869034804447,0.9669138619509412,0.0733204036951065
Simulated Data Provider Withdrawal (~5%),s3_simulated_data_provider_withdrawal,0.38894869034804447,0.9674843126069596,0.07325787097215652
Simulated Data Provider Withdrawal (~5%),s3_simulated_data_provider_withdrawal,0.39289558665231433,0.9674843126069596,0.07075674831867218
Simulated Data Provider Withdrawal (~5%),s3_simulated_data_provider_withdrawal,0.39289558665231433,0.968625213918996,0.07047674059867859
Simulated Data Provider Withdrawal (~5%),s3_simulated_data_provider_withdrawal,0.3959454610692501,0.968625213918996,0.06942221522331238
Simulated Data Provider Withdrawal (~5%),s3_simulated_data_provider_withdrawal,0.3959454610692501,0.9691956645750143,0.06929300725460052
Simulated Data Provider Withdrawal (~5%),s3_simulated_data_provider_withdrawal,0.39648367420165054,0.9691956645750143,0.06887726485729218
Simulated Data Provider Withdrawal (~5%),s3_simulated_data_provider_withdrawal,0.39648367420165054,0.9697661152310325,0.06879784166812897
Simulated Data Provider Withdrawal (~5%),s3_simulated_data_provider_withdrawal,0.3975601004664514,0.9697661152310325,0.06834825128316879
Simulated Data Provider Withdrawal (~5%),s3_simulated_data_provider_withdrawal,0.3975601004664514,0.9703365658870508,0.06833377480506897
Simulated Data Provider Withdrawal (~5%),s3_simulated_data_provider_withdrawal,0.40007176175098674,0.9703365658870508,0.06712859123945236
Simulated Data Provider Withdrawal (~5%),s3_simulated_data_provider_withdrawal,0.4002511661284535,0.970907016543069,0.06707482784986496
Simulated Data Provider Withdrawal (~5%),s3_simulated_data_provider_withdrawal,0.40276282741298886,0.970907016543069,0.06608366966247559
Simulated Data Provider Withdrawal (~5%),s3_simulated_data_provider_withdrawal,0.40276282741298886,0.9714774671990872,0.0660727247595787
Simulated Data Provider Withdrawal (~5%),s3_simulated_data_provider_withdrawal,0.4049156799425906,0.9714774671990872,0.06525550782680511
Simulated Data Provider Withdrawal (~5%),s3_simulated_data_provider_withdrawal,0.4049156799425906,0.9720479178551056,0.0652080699801445
Simulated Data Provider Withdrawal (~5%),s3_simulated_data_provider_withdrawal,0.405453893074991,0.9720479178551056,0.06507514417171478
Simulated Data Provider Withdrawal (~5%),s3_simulated_data_provider_withdrawal,0.405453893074991,0.9726183685111238,0.06505637615919113
Simulated Data Provider Withdrawal (~5%),s3_simulated_data_provider_withdrawal,0.40993900251166127,0.9726183685111238,0.06302598863840103
Simulated Data Provider Withdrawal (~5%),s3_simulated_data_provider_withdrawal,0.40993900251166127,0.9731888191671421,0.06297488510608673
Simulated Data Provider Withdrawal (~5%),s3_simulated_data_provider_withdrawal,0.4124506637961966,0.9731888191671421,0.062388550490140915
Simulated Data Provider Withdrawal (~5%),s3_simulated_data_provider_withdrawal,0.4124506637961966,0.9737592698231603,0.06226884573698044
Simulated Data Provider Withdrawal (~5%),s3_simulated_data_provider_withdrawal,0.41478292070326517,0.9737592698231603,0.06125641241669655
Simulated Data Provider Withdrawal (~5%),s3_simulated_data_provider_withdrawal,0.41478292070326517,0.9743297204791785,0.06123065948486328
Simulated Data Provider Withdrawal (~5%),s3_simulated_data_provider_withdrawal,0.41639756010046647,0.9743297204791785,0.06039757654070854
Simulated Data Provider Withdrawal (~5%),s3_simulated_data_provider_withdrawal,0.41639756010046647,0.975470621791215,0.06033103168010712
Simulated Data Provider Withdrawal (~5%),s3_simulated_data_provider_withdrawal,0.4199856476498027,0.975470621791215,0.059065718203783035
Simulated Data Provider Withdrawal (~5%),s3_simulated_data_provider_withdrawal,0.4203444564047363,0.975470621791215,0.05904380977153778
Simulated Data Provider Withdrawal (~5%),s3_simulated_data_provider_withdrawal,0.4259059921062074,0.975470621791215,0.05594056472182274
Simulated Data Provider Withdrawal (~5%),s3_simulated_data_provider_withdrawal,0.4259059921062074,0.9760410724472333,0.055919211357831955
Simulated Data Provider Withdrawal (~5%),s3_simulated_data_provider_withdrawal,0.42734122712594186,0.9760410724472333,0.05539117008447647
Simulated Data Provider Withdrawal (~5%),s3_simulated_data_provider_withdrawal,0.42734122712594186,0.9771819737592699,0.0552201047539711
Simulated Data Provider Withdrawal (~5%),s3_simulated_data_provider_withdrawal,0.42895586652314316,0.9771819737592699,0.054267529398202896
Simulated Data Provider Withdrawal (~5%),s3_simulated_data_provider_withdrawal,0.42931467527807676,0.9771819737592699,0.05422436445951462
Simulated Data Provider Withdrawal (~5%),s3_simulated_data_provider_withdrawal,0.43092931467527806,0.9771819737592699,0.05380649492144585
Simulated Data Provider Withdrawal (~5%),s3_simulated_data_provider_withdrawal,0.43092931467527806,0.9777524244152881,0.053731244057416916
Simulated Data Provider Withdrawal (~5%),s3_simulated_data_provider_withdrawal,0.43290276282741297,0.9777524244152881,0.053020771592855453
Simulated Data Provider Withdrawal (~5%),s3_simulated_data_provider_withdrawal,0.43290276282741297,0.9783228750713063,0.05297800526022911
Simulated Data Provider Withdrawal (~5%),s3_simulated_data_provider_withdrawal,0.43738787226408327,0.9783228750713063,0.05095542222261429
Simulated Data Provider Withdrawal (~5%),s3_simulated_data_provider_withdrawal,0.43738787226408327,0.9788933257273246,0.050952840596437454
Simulated Data Provider Withdrawal (~5%),s3_simulated_data_provider_withdrawal,0.4413347685683531,0.9788933257273246,0.04973631352186203
Simulated Data Provider Withdrawal (~5%),s3_simulated_data_provider_withdrawal,0.4416935773232867,0.9788933257273246,0.04968278855085373
Simulated Data Provider Withdrawal (~5%),s3_simulated_data_provider_withdrawal,0.444205238607822,0.9788933257273246,0.048971522599458694
Simulated Data Provider Withdrawal (~5%),s3_simulated_data_provider_withdrawal,0.444205238607822,0.9794637763833428,0.048792313784360886
Simulated Data Provider Withdrawal (~5%),s3_simulated_data_provider_withdrawal,0.4461786867599569,0.9794637763833428,0.04841452091932297
Simulated Data Provider Withdrawal (~5%),s3_simulated_data_provider_withdrawal,0.4461786867599569,0.980034227039361,0.0483400858938694
Simulated Data Provider Withdrawal (~5%),s3_simulated_data_provider_withdrawal,0.45227843559382847,0.980034227039361,0.04672636091709137
Simulated Data Provider Withdrawal (~5%),s3_simulated_data_provider_withdrawal,0.45227843559382847,0.9806046776953794,0.04664434492588043
Simulated Data Provider Withdrawal (~5%),s3_simulated_data_provider_withdrawal,0.45748116254036597,0.9806046776953794,0.04472724720835686
Simulated Data Provider Withdrawal (~5%),s3_simulated_data_provider_withdrawal,0.45783997129529963,0.9806046776953794,0.044633906334638596
Simulated Data Provider Withdrawal (~5%),s3_simulated_data_provider_withdrawal,0.46376031575170434,0.9806046776953794,0.04307070001959801
Simulated Data Provider Withdrawal (~5%),s3_simulated_data_provider_withdrawal,0.46376031575170434,0.9811751283513976,0.04303577542304993
Simulated Data Provider Withdrawal (~5%),s3_simulated_data_provider_withdrawal,0.46537495514890564,0.9811751283513976,0.04225951433181763
Simulated Data Provider Withdrawal (~5%),s3_simulated_data_provider_withdrawal,0.46537495514890564,0.9823160296634341,0.042174823582172394
Simulated Data Provider Withdrawal (~5%),s3_simulated_data_provider_withdrawal,0.46573376390383925,0.9823160296634341,0.04204745963215828
Simulated Data Provider Withdrawal (~5%),s3_simulated_data_provider_withdrawal,0.46609257265877285,0.9823160296634341,0.0420011468231678
Simulated Data Provider Withdrawal (~5%),s3_simulated_data_provider_withdrawal,0.47326874775744526,0.9823160296634341,0.03952656686306
Simulated Data Provider Withdrawal (~5%),s3_simulated_data_provider_withdrawal,0.47326874775744526,0.9828864803194524,0.039511702954769135
Simulated Data Provider Withdrawal (~5%),s3_simulated_data_provider_withdrawal,0.4772156440617151,0.9828864803194524,0.03846648335456848
Simulated Data Provider Withdrawal (~5%),s3_simulated_data_provider_withdrawal,0.4772156440617151,0.9834569309754706,0.0384557768702507
Simulated Data Provider Withdrawal (~5%),s3_simulated_data_provider_withdrawal,0.47811266594904916,0.9834569309754706,0.03830571100115776
Simulated Data Provider Withdrawal (~5%),s3_simulated_data_provider_withdrawal,0.47811266594904916,0.9840273816314888,0.038237862288951874
Simulated Data Provider Withdrawal (~5%),s3_simulated_data_provider_withdrawal,0.47954790096878364,0.9840273816314888,0.03764937072992325
Simulated Data Provider Withdrawal (~5%),s3_simulated_data_provider_withdrawal,0.47954790096878364,0.9845978322875071,0.0376252681016922
Simulated Data Provider Withdrawal (~5%),s3_simulated_data_provider_withdrawal,0.47972730534625047,0.9845978322875071,0.037555135786533356
Simulated Data Provider Withdrawal (~5%),s3_simulated_data_provider_withdrawal,0.48008611410118407,0.9845978322875071,0.03755473718047142
Simulated Data Provider Withdrawal (~5%),s3_simulated_data_provider_withdrawal,0.4802655184786509,0.9845978322875071,0.03750398010015488
Simulated Data Provider Withdrawal (~5%),s3_simulated_data_provider_withdrawal,0.48080373161105133,0.9845978322875071,0.03749746456742287
Simulated Data Provider Withdrawal (~5%),s3_simulated_data_provider_withdrawal,0.48510943667025475,0.9845978322875071,0.03618045896291733
Simulated Data Provider Withdrawal (~5%),s3_simulated_data_provider_withdrawal,0.48546824542518835,0.9845978322875071,0.03615633025765419
Simulated Data Provider Withdrawal (~5%),s3_simulated_data_provider_withdrawal,0.4912091855041263,0.9845978322875071,0.03460117056965828
Simulated Data Provider Withdrawal (~5%),s3_simulated_data_provider_withdrawal,0.4912091855041263,0.9851682829435254,0.03451698273420334
Simulated Data Provider Withdrawal (~5%),s3_simulated_data_provider_withdrawal,0.5016146393972013,0.9851682829435254,0.03166915476322174
Simulated Data Provider Withdrawal (~5%),s3_simulated_data_provider_withdrawal,0.5016146393972013,0.9857387335995437,0.031649406999349594
Simulated Data Provider Withdrawal (~5%),s3_simulated_data_provider_withdrawal,0.5023322569070685,0.9857387335995437,0.03149478882551193
Simulated Data Provider Withdrawal (~5%),s3_simulated_data_provider_withdrawal,0.5026910656620022,0.9857387335995437,0.031245596706867218
Simulated Data Provider Withdrawal (~5%),s3_simulated_data_provider_withdrawal,0.50843200574094,0.9857387335995437,0.03041098825633526
Simulated Data Provider Withdrawal (~5%),s3_simulated_data_provider_withdrawal,0.50843200574094,0.9863091842555619,0.030318334698677063
Simulated Data Provider Withdrawal (~5%),s3_simulated_data_provider_withdrawal,0.5089702188733405,0.9863091842555619,0.03029809519648552
Simulated Data Provider Withdrawal (~5%),s3_simulated_data_provider_withdrawal,0.5089702188733405,0.9868796349115802,0.030165674164891243
Simulated Data Provider Withdrawal (~5%),s3_simulated_data_provider_withdrawal,0.5107642626480086,0.9868796349115802,0.02976040169596672
Simulated Data Provider Withdrawal (~5%),s3_simulated_data_provider_withdrawal,0.5111230714029422,0.9868796349115802,0.029734008014202118
Simulated Data Provider Withdrawal (~5%),s3_simulated_data_provider_withdrawal,0.5165052027269466,0.9868796349115802,0.028315981850028038
Simulated Data Provider Withdrawal (~5%),s3_simulated_data_provider_withdrawal,0.5165052027269466,0.9874500855675984,0.028260106220841408
Simulated Data Provider Withdrawal (~5%),s3_simulated_data_provider_withdrawal,0.5263724434876211,0.9874500855675984,0.02620515041053295
Simulated Data Provider Withdrawal (~5%),s3_simulated_data_provider_withdrawal,0.5263724434876211,0.9880205362236166,0.026166755706071854
Simulated Data Provider Withdrawal (~5%),s3_simulated_data_provider_withdrawal,0.5299605310369573,0.9880205362236166,0.025394326075911522
Simulated Data Provider Withdrawal (~5%),s3_simulated_data_provider_withdrawal,0.5299605310369573,0.9885909868796349,0.02535211108624935
Simulated Data Provider Withdrawal (~5%),s3_simulated_data_provider_withdrawal,0.534086831718694,0.9885909868796349,0.024481195956468582
Simulated Data Provider Withdrawal (~5%),s3_simulated_data_provider_withdrawal,0.534086831718694,0.9891614375356532,0.024454504251480103
Simulated Data Provider Withdrawal (~5%),s3_simulated_data_provider_withdrawal,0.5385719411553642,0.9891614375356532,0.02362523227930069
Simulated Data Provider Withdrawal (~5%),s3_simulated_data_provider_withdrawal,0.5389307499102978,0.9891614375356532,0.02359548583626747
Simulated Data Provider Withdrawal (~5%),s3_simulated_data_provider_withdrawal,0.5437746681019017,0.9891614375356532,0.022397438064217567
Simulated Data Provider Withdrawal (~5%),s3_simulated_data_provider_withdrawal,0.5441334768568353,0.9891614375356532,0.022357963025569916
Simulated Data Provider Withdrawal (~5%),s3_simulated_data_provider_withdrawal,0.5466451381413706,0.9891614375356532,0.02183924801647663
Simulated Data Provider Withdrawal (~5%),s3_simulated_data_provider_withdrawal,0.5470039468963043,0.9891614375356532,0.021834945306181908
Simulated Data Provider Withdrawal (~5%),s3_simulated_data_provider_withdrawal,0.5496950125583064,0.9891614375356532,0.021406538784503937
Simulated Data Provider Withdrawal (~5%),s3_simulated_data_provider_withdrawal,0.55005382131324,0.9891614375356532,0.021386390551924706
Simulated Data Provider Withdrawal (~5%),s3_simulated_data_provider_withdrawal,0.5548977395048439,0.9891614375356532,0.020406898111104965
Simulated Data Provider Withdrawal (~5%),s3_simulated_data_provider_withdrawal,0.5548977395048439,0.9897318881916715,0.020366372540593147
Simulated Data Provider Withdrawal (~5%),s3_simulated_data_provider_withdrawal,0.5601004664513815,0.9897318881916715,0.019393816590309143
Simulated Data Provider Withdrawal (~5%),s3_simulated_data_provider_withdrawal,0.560459275206315,0.9897318881916715,0.01939164102077484
Simulated Data Provider Withdrawal (~5%),s3_simulated_data_provider_withdrawal,0.57086472909939,0.9897318881916715,0.017592715099453926
Simulated Data Provider Withdrawal (~5%),s3_simulated_data_provider_withdrawal,0.5712235378543237,0.9897318881916715,0.01757817529141903
Simulated Data Provider Withdrawal (~5%),s3_simulated_data_provider_withdrawal,0.5749910297811267,0.9897318881916715,0.016781987622380257
Simulated Data Provider Withdrawal (~5%),s3_simulated_data_provider_withdrawal,0.5753498385360603,0.9897318881916715,0.016747450456023216
Simulated Data Provider Withdrawal (~5%),s3_simulated_data_provider_withdrawal,0.5767850735557948,0.9897318881916715,0.016577040776610374
Simulated Data Provider Withdrawal (~5%),s3_simulated_data_provider_withdrawal,0.5767850735557948,0.9903023388476897,0.016556615009903908
Simulated Data Provider Withdrawal (~5%),s3_simulated_data_provider_withdrawal,0.5913168281306064,0.9903023388476897,0.014881478622555733
Simulated Data Provider Withdrawal (~5%),s3_simulated_data_provider_withdrawal,0.59167563688554,0.9903023388476897,0.014865952543914318
Simulated Data Provider Withdrawal (~5%),s3_simulated_data_provider_withdrawal,0.6026193039110155,0.9903023388476897,0.013365356251597404
Simulated Data Provider Withdrawal (~5%),s3_simulated_data_provider_withdrawal,0.6026193039110155,0.9908727895037079,0.013356792740523815
Simulated Data Provider Withdrawal (~5%),s3_simulated_data_provider_withdrawal,0.6072838177251525,0.9908727895037079,0.012904397211968899
Simulated Data Provider Withdrawal (~5%),s3_simulated_data_provider_withdrawal,0.6072838177251525,0.9914432401597262,0.012889961712062359
Simulated Data Provider Withdrawal (~5%),s3_simulated_data_provider_withdrawal,0.6336562612127736,0.9914432401597262,0.010395203717052937
Simulated Data Provider Withdrawal (~5%),s3_simulated_data_provider_withdrawal,0.6336562612127736,0.9920136908157444,0.010377696715295315
Simulated Data Provider Withdrawal (~5%),s3_simulated_data_provider_withdrawal,0.6359885181198421,0.9920136908157444,0.010215884074568748
Simulated Data Provider Withdrawal (~5%),s3_simulated_data_provider_withdrawal,0.6359885181198421,0.9925841414717627,0.010205763392150402
Simulated Data Provider Withdrawal (~5%),s3_simulated_data_provider_withdrawal,0.6395766056691783,0.9925841414717627,0.009959026239812374
Simulated Data Provider Withdrawal (~5%),s3_simulated_data_provider_withdrawal,0.6395766056691783,0.9931545921277809,0.009951360523700714
Simulated Data Provider Withdrawal (~5%),s3_simulated_data_provider_withdrawal,0.6406530319339792,0.9931545921277809,0.009878069162368774
Simulated Data Provider Withdrawal (~5%),s3_simulated_data_provider_withdrawal,0.6406530319339792,0.9937250427837993,0.009843826293945312
Simulated Data Provider Withdrawal (~5%),s3_simulated_data_provider_withdrawal,0.6447793326157158,0.9937250427837993,0.009484839625656605
Simulated Data Provider Withdrawal (~5%),s3_simulated_data_provider_withdrawal,0.6449587369931826,0.9942954934398175,0.009455251507461071
Simulated Data Provider Withdrawal (~5%),s3_simulated_data_provider_withdrawal,0.6562612127735917,0.9942954934398175,0.008412973955273628
Simulated Data Provider Withdrawal (~5%),s3_simulated_data_provider_withdrawal,0.6566200215285253,0.9942954934398175,0.008370224386453629
Simulated Data Provider Withdrawal (~5%),s3_simulated_data_provider_withdrawal,0.6698959454610692,0.9942954934398175,0.0074791014194488525
Simulated Data Provider Withdrawal (~5%),s3_simulated_data_provider_withdrawal,0.6698959454610692,0.9948659440958357,0.007443069014698267
Simulated Data Provider Withdrawal (~5%),s3_simulated_data_provider_withdrawal,0.6756368855400072,0.9948659440958357,0.006997202523052692
Simulated Data Provider Withdrawal (~5%),s3_simulated_data_provider_withdrawal,0.6756368855400072,0.995436394751854,0.006990634836256504
Simulated Data Provider Withdrawal (~5%),s3_simulated_data_provider_withdrawal,0.6772515249372084,0.995436394751854,0.0068920389749109745
Simulated Data Provider Withdrawal (~5%),s3_simulated_data_provider_withdrawal,0.6776103336921421,0.995436394751854,0.006886766757816076
Simulated Data Provider Withdrawal (~5%),s3_simulated_data_provider_withdrawal,0.6790455687118766,0.995436394751854,0.0068190377205610275
Simulated Data Provider Withdrawal (~5%),s3_simulated_data_provider_withdrawal,0.6790455687118766,0.9960068454078722,0.006794831249862909
Simulated Data Provider Withdrawal (~5%),s3_simulated_data_provider_withdrawal,0.6946537495514891,0.9960068454078722,0.005517198238521814
Simulated Data Provider Withdrawal (~5%),s3_simulated_data_provider_withdrawal,0.6950125583064227,0.9960068454078722,0.00549111794680357
Simulated Data Provider Withdrawal (~5%),s3_simulated_data_provider_withdrawal,0.6987800502332256,0.9960068454078722,0.005275672767311335
Simulated Data Provider Withdrawal (~5%),s3_simulated_data_provider_withdrawal,0.6987800502332256,0.9965772960638904,0.0052666570991277695
Simulated Data Provider Withdrawal (~5%),s3_simulated_data_provider_withdrawal,0.7039827771797632,0.9965772960638904,0.004994799382984638
Simulated Data Provider Withdrawal (~5%),s3_simulated_data_provider_withdrawal,0.7039827771797632,0.9971477467199087,0.004970693029463291
Simulated Data Provider Withdrawal (~5%),s3_simulated_data_provider_withdrawal,0.7095443128812343,0.9971477467199087,0.004709221422672272
Simulated Data Provider Withdrawal (~5%),s3_simulated_data_provider_withdrawal,0.709903121636168,0.9971477467199087,0.004704695660620928
Simulated Data Provider Withdrawal (~5%),s3_simulated_data_provider_withdrawal,0.709903121636168,0.9977181973759269,0.004694879520684481
Simulated Data Provider Withdrawal (~5%),s3_simulated_data_provider_withdrawal,0.7134912091855041,0.9977181973759269,0.0045576514676213264
Simulated Data Provider Withdrawal (~5%),s3_simulated_data_provider_withdrawal,0.7138500179404378,0.9977181973759269,0.004556481260806322
Simulated Data Provider Withdrawal (~5%),s3_simulated_data_provider_withdrawal,0.71654108360244,0.9977181973759269,0.004468029830604792
Simulated Data Provider Withdrawal (~5%),s3_simulated_data_provider_withdrawal,0.7168998923573735,0.9977181973759269,0.004465762991458178
Simulated Data Provider Withdrawal (~5%),s3_simulated_data_provider_withdrawal,0.7231790455687119,0.9977181973759269,0.0041658226400613785
Simulated Data Provider Withdrawal (~5%),s3_simulated_data_provider_withdrawal,0.7235378543236455,0.9977181973759269,0.004161392338573933
Simulated Data Provider Withdrawal (~5%),s3_simulated_data_provider_withdrawal,0.7274847506279153,0.9977181973759269,0.00389914121478796
Simulated Data Provider Withdrawal (~5%),s3_simulated_data_provider_withdrawal,0.7274847506279153,0.9982886480319453,0.003898481372743845
Simulated Data Provider Withdrawal (~5%),s3_simulated_data_provider_withdrawal,0.7407606745604592,0.9982886480319453,0.003430647077038884
Simulated Data Provider Withdrawal (~5%),s3_simulated_data_provider_withdrawal,0.7412988876928597,0.9982886480319453,0.0034293802455067635
Simulated Data Provider Withdrawal (~5%),s3_simulated_data_provider_withdrawal,0.7425547183351274,0.9982886480319453,0.0033730212599039078
Simulated Data Provider Withdrawal (~5%),s3_simulated_data_provider_withdrawal,0.742913527090061,0.9982886480319453,0.0033625925425440073
Simulated Data Provider Withdrawal (~5%),s3_simulated_data_provider_withdrawal,0.7465016146393972,0.9982886480319453,0.0032015671022236347
Simulated Data Provider Withdrawal (~5%),s3_simulated_data_provider_withdrawal,0.7468604233943308,0.9982886480319453,0.0031977572944015265
Simulated Data Provider Withdrawal (~5%),s3_simulated_data_provider_withdrawal,0.748654467168999,0.9982886480319453,0.003145056776702404
Simulated Data Provider Withdrawal (~5%),s3_simulated_data_provider_withdrawal,0.7490132759239325,0.9982886480319453,0.0031411871314048767
Simulated Data Provider Withdrawal (~5%),s3_simulated_data_provider_withdrawal,0.7493720846788662,0.9982886480319453,0.0031351069919764996
Simulated Data Provider Withdrawal (~5%),s3_simulated_data_provider_withdrawal,0.7499102978112666,0.9982886480319453,0.003130472730845213
Simulated Data Provider Withdrawal (~5%),s3_simulated_data_provider_withdrawal,0.7536777897380696,0.9982886480319453,0.00302707077935338
Simulated Data Provider Withdrawal (~5%),s3_simulated_data_provider_withdrawal,0.7540365984930032,0.9982886480319453,0.0030258274637162685
Simulated Data Provider Withdrawal (~5%),s3_simulated_data_provider_withdrawal,0.7587011123071403,0.9982886480319453,0.0028529928531497717
Simulated Data Provider Withdrawal (~5%),s3_simulated_data_provider_withdrawal,0.7590599210620739,0.9982886480319453,0.0028426717035472393
Simulated Data Provider Withdrawal (~5%),s3_simulated_data_provider_withdrawal,0.7619303911015429,0.9982886480319453,0.0027689500711858273
Simulated Data Provider Withdrawal (~5%),s3_simulated_data_provider_withdrawal,0.7622891998564765,0.9982886480319453,0.0027599534951150417
Simulated Data Provider Withdrawal (~5%),s3_simulated_data_provider_withdrawal,0.7673125224255471,0.9982886480319453,0.0026213335804641247
Simulated Data Provider Withdrawal (~5%),s3_simulated_data_provider_withdrawal,0.7678507355579476,0.9982886480319453,0.0026213040109723806
Simulated Data Provider Withdrawal (~5%),s3_simulated_data_provider_withdrawal,0.7682095443128812,0.9982886480319453,0.002589860698208213
Simulated Data Provider Withdrawal (~5%),s3_simulated_data_provider_withdrawal,0.7682095443128812,0.9988590986879635,0.0025841528549790382
Simulated Data Provider Withdrawal (~5%),s3_simulated_data_provider_withdrawal,0.7694653749551489,0.9988590986879635,0.0025518066249787807
Simulated Data Provider Withdrawal (~5%),s3_simulated_data_provider_withdrawal,0.7698241837100825,0.9988590986879635,0.002548042219132185
Simulated Data Provider Withdrawal (~5%),s3_simulated_data_provider_withdrawal,0.772156440617151,0.9988590986879635,0.0024769229348748922
Simulated Data Provider Withdrawal (~5%),s3_simulated_data_provider_withdrawal,0.7725152493720847,0.9988590986879635,0.002469852566719055
Simulated Data Provider Withdrawal (~5%),s3_simulated_data_provider_withdrawal,0.7918909221385002,0.9988590986879635,0.002026767935603857
Simulated Data Provider Withdrawal (~5%),s3_simulated_data_provider_withdrawal,0.7922497308934338,0.9988590986879635,0.0020243350882083178
Simulated Data Provider Withdrawal (~5%),s3_simulated_data_provider_withdrawal,0.7927879440258342,0.9988590986879635,0.001993439858779311
Simulated Data Provider Withdrawal (~5%),s3_simulated_data_provider_withdrawal,0.7931467527807678,0.9988590986879635,0.0019894009456038475
Simulated Data Provider Withdrawal (~5%),s3_simulated_data_provider_withdrawal,0.7951202009329028,0.9988590986879635,0.001927394070662558
Simulated Data Provider Withdrawal (~5%),s3_simulated_data_provider_withdrawal,0.7954790096878364,0.9988590986879635,0.0019179688533768058
Simulated Data Provider Withdrawal (~5%),s3_simulated_data_provider_withdrawal,0.807140294223179,0.9988590986879635,0.0016636754153296351
Simulated Data Provider Withdrawal (~5%),s3_simulated_data_provider_withdrawal,0.8074991029781127,0.9988590986879635,0.0016623249975964427
Simulated Data Provider Withdrawal (~5%),s3_simulated_data_provider_withdrawal,0.8087549336203803,0.9988590986879635,0.0016344196628779173
Simulated Data Provider Withdrawal (~5%),s3_simulated_data_provider_withdrawal,0.809113742375314,0.9988590986879635,0.001632296247407794
Simulated Data Provider Withdrawal (~5%),s3_simulated_data_provider_withdrawal,0.8168281306063868,0.9988590986879635,0.001464469125494361
Simulated Data Provider Withdrawal (~5%),s3_simulated_data_provider_withdrawal,0.8173663437387872,0.9988590986879635,0.0014526504091918468
Simulated Data Provider Withdrawal (~5%),s3_simulated_data_provider_withdrawal,0.8188015787585217,0.9988590986879635,0.0014293279964476824
Simulated Data Provider Withdrawal (~5%),s3_simulated_data_provider_withdrawal,0.819519196268389,0.9988590986879635,0.001424554269760847
Simulated Data Provider Withdrawal (~5%),s3_simulated_data_provider_withdrawal,0.8200574094007894,0.9988590986879635,0.0014193711103871465
Simulated Data Provider Withdrawal (~5%),s3_simulated_data_provider_withdrawal,0.820416218155723,0.9988590986879635,0.0014120901469141245
Simulated Data Provider Withdrawal (~5%),s3_simulated_data_provider_withdrawal,0.8283100107642627,0.9988590986879635,0.001271961024031043
Simulated Data Provider Withdrawal (~5%),s3_simulated_data_provider_withdrawal,0.8286688195191962,0.9988590986879635,0.0012629348784685135
Simulated Data Provider Withdrawal (~5%),s3_simulated_data_provider_withdrawal,0.8356655902404019,0.9988590986879635,0.0011744596995413303
Simulated Data Provider Withdrawal (~5%),s3_simulated_data_provider_withdrawal,0.8362038033728023,0.9988590986879635,0.001174226519651711
Simulated Data Provider Withdrawal (~5%),s3_simulated_data_provider_withdrawal,0.8396124865446717,0.9988590986879635,0.0011199696455150843
Simulated Data Provider Withdrawal (~5%),s3_simulated_data_provider_withdrawal,0.8399712952996053,0.9988590986879635,0.0011196309933438897
Simulated Data Provider Withdrawal (~5%),s3_simulated_data_provider_withdrawal,0.8405095084320058,0.9988590986879635,0.0011050711618736386
Simulated Data Provider Withdrawal (~5%),s3_simulated_data_provider_withdrawal,0.8408683171869393,0.9988590986879635,0.001104832161217928
Simulated Data Provider Withdrawal (~5%),s3_simulated_data_provider_withdrawal,0.8414065303193398,0.9988590986879635,0.001098592416383326
Simulated Data Provider Withdrawal (~5%),s3_simulated_data_provider_withdrawal,0.8419447434517402,0.9988590986879635,0.0010966162662953138
Simulated Data Provider Withdrawal (~5%),s3_simulated_data_provider_withdrawal,0.8426623609616075,0.9988590986879635,0.0010884787188842893
Simulated Data Provider Withdrawal (~5%),s3_simulated_data_provider_withdrawal,0.8430211697165411,0.9988590986879635,0.0010849760146811604
Simulated Data Provider Withdrawal (~5%),s3_simulated_data_provider_withdrawal,0.8453534266236096,0.9988590986879635,0.0010411414550617337
Simulated Data Provider Withdrawal (~5%),s3_simulated_data_provider_withdrawal,0.8457122353785432,0.9988590986879635,0.0010409574024379253
Simulated Data Provider Withdrawal (~5%),s3_simulated_data_provider_withdrawal,0.8466092572658773,0.9988590986879635,0.0010267900070175529
Simulated Data Provider Withdrawal (~5%),s3_simulated_data_provider_withdrawal,0.8466092572658773,0.9994295493439818,0.001021345960907638
Simulated Data Provider Withdrawal (~5%),s3_simulated_data_provider_withdrawal,0.849659131682813,0.9994295493439818,0.0009766401490196586
Simulated Data Provider Withdrawal (~5%),s3_simulated_data_provider_withdrawal,0.8500179404377467,0.9994295493439818,0.0009744545677676797
Simulated Data Provider Withdrawal (~5%),s3_simulated_data_provider_withdrawal,0.8507355579476139,0.9994295493439818,0.0009700388181954622
Simulated Data Provider Withdrawal (~5%),s3_simulated_data_provider_withdrawal,0.8510943667025476,0.9994295493439818,0.0009638644987717271
Simulated Data Provider Withdrawal (~5%),s3_simulated_data_provider_withdrawal,0.851632579834948,0.9994295493439818,0.0009587082313373685
Simulated Data Provider Withdrawal (~5%),s3_simulated_data_provider_withdrawal,0.8519913885898815,0.9994295493439818,0.0009582890197634697
Simulated Data Provider Withdrawal (~5%),s3_simulated_data_provider_withdrawal,0.8577323286688195,0.9994295493439818,0.0008834325126372278
Simulated Data Provider Withdrawal (~5%),s3_simulated_data_provider_withdrawal,0.8586293505561535,0.9994295493439818,0.0008799183997325599
Simulated Data Provider Withdrawal (~5%),s3_simulated_data_provider_withdrawal,0.8589881593110872,0.9994295493439818,0.000876144040375948
Simulated Data Provider Withdrawal (~5%),s3_simulated_data_provider_withdrawal,0.860064585575888,0.9994295493439818,0.0008624322363175452
Simulated Data Provider Withdrawal (~5%),s3_simulated_data_provider_withdrawal,0.8604233943308217,0.9994295493439818,0.0008622154127806425
Simulated Data Provider Withdrawal (~5%),s3_simulated_data_provider_withdrawal,0.8735199138858988,0.9994295493439818,0.000707062950823456
Simulated Data Provider Withdrawal (~5%),s3_simulated_data_provider_withdrawal,0.8744169357732329,0.9994295493439818,0.0007053968729451299
Simulated Data Provider Withdrawal (~5%),s3_simulated_data_provider_withdrawal,0.8783638320775027,0.9994295493439818,0.0006748709129169583
Simulated Data Provider Withdrawal (~5%),s3_simulated_data_provider_withdrawal,0.8787226408324363,0.9994295493439818,0.0006748455343768001
Simulated Data Provider Withdrawal (~5%),s3_simulated_data_provider_withdrawal,0.8808754933620381,0.9994295493439818,0.0006440080469474196
Simulated Data Provider Withdrawal (~5%),s3_simulated_data_provider_withdrawal,0.8812343021169716,0.9994295493439818,0.0006400796119123697
Simulated Data Provider Withdrawal (~5%),s3_simulated_data_provider_withdrawal,0.8821313240043057,0.9994295493439818,0.0006304077687673271
Simulated Data Provider Withdrawal (~5%),s3_simulated_data_provider_withdrawal,0.8828489415141729,0.9994295493439818,0.0006296142237260938
Simulated Data Provider Withdrawal (~5%),s3_simulated_data_provider_withdrawal,0.8839253677789738,0.9994295493439818,0.0006162657518871129
Simulated Data Provider Withdrawal (~5%),s3_simulated_data_provider_withdrawal,0.8842841765339075,0.9994295493439818,0.0006160355405882001
Simulated Data Provider Withdrawal (~5%),s3_simulated_data_provider_withdrawal,0.8878722640832436,0.9994295493439818,0.0005802855594083667
Simulated Data Provider Withdrawal (~5%),s3_simulated_data_provider_withdrawal,0.8882310728381773,0.9994295493439818,0.0005795526085421443
Simulated Data Provider Withdrawal (~5%),s3_simulated_data_provider_withdrawal,0.8894869034804449,0.9994295493439818,0.0005707050440832973
Simulated Data Provider Withdrawal (~5%),s3_simulated_data_provider_withdrawal,0.8900251166128453,0.9994295493439818,0.0005668859812431037
Simulated Data Provider Withdrawal (~5%),s3_simulated_data_provider_withdrawal,0.8930749910297812,0.9994295493439818,0.0005265413201414049
Simulated Data Provider Withdrawal (~5%),s3_simulated_data_provider_withdrawal,0.8934337997847147,0.9994295493439818,0.000524345668964088
Simulated Data Provider Withdrawal (~5%),s3_simulated_data_provider_withdrawal,0.898815931108719,0.9994295493439818,0.00047813361743465066
Simulated Data Provider Withdrawal (~5%),s3_simulated_data_provider_withdrawal,0.8991747398636527,0.9994295493439818,0.00047596273361705244
Simulated Data Provider Withdrawal (~5%),s3_simulated_data_provider_withdrawal,0.9045568711876569,0.9994295493439818,0.00043789652409031987
Simulated Data Provider Withdrawal (~5%),s3_simulated_data_provider_withdrawal,0.9049156799425906,0.9994295493439818,0.0004376325523480773
Simulated Data Provider Withdrawal (~5%),s3_simulated_data_provider_withdrawal,0.9061715105848582,0.9994295493439818,0.00042806720011867583
Simulated Data Provider Withdrawal (~5%),s3_simulated_data_provider_withdrawal,0.9065303193397919,0.9994295493439818,0.0004264191666152328
Simulated Data Provider Withdrawal (~5%),s3_simulated_data_provider_withdrawal,0.9201650520272695,0.9994295493439818,0.0003137701714877039
Simulated Data Provider Withdrawal (~5%),s3_simulated_data_provider_withdrawal,0.920523860782203,0.9994295493439818,0.00031368312193080783
Simulated Data Provider Withdrawal (~5%),s3_simulated_data_provider_withdrawal,0.925367778973807,0.9994295493439818,0.00027961103478446603
Simulated Data Provider Withdrawal (~5%),s3_simulated_data_provider_withdrawal,0.9257265877287406,0.9994295493439818,0.0002793760213535279
Simulated Data Provider Withdrawal (~5%),s3_simulated_data_provider_withdrawal,0.936670254754216,0.9994295493439818,0.00020740753097925335
Simulated Data Provider Withdrawal (~5%),s3_simulated_data_provider_withdrawal,0.9370290635091496,0.9994295493439818,0.00020731658150907606
Simulated Data Provider Withdrawal (~5%),s3_simulated_data_provider_withdrawal,0.9384642985288841,0.9994295493439818,0.00020239190780557692
Simulated Data Provider Withdrawal (~5%),s3_simulated_data_provider_withdrawal,0.9388231072838177,0.9994295493439818,0.0002020456304308027
Simulated Data Provider Withdrawal (~5%),s3_simulated_data_provider_withdrawal,0.9391819160387513,0.9994295493439818,0.00020095663785468787
Simulated Data Provider Withdrawal (~5%),s3_simulated_data_provider_withdrawal,0.939540724793685,0.9994295493439818,0.00020064954878762364
Simulated Data Provider Withdrawal (~5%),s3_simulated_data_provider_withdrawal,0.9429494079655544,0.9994295493439818,0.00018124448251910508
Simulated Data Provider Withdrawal (~5%),s3_simulated_data_provider_withdrawal,0.9434876210979548,0.9994295493439818,0.00018051444203592837
Simulated Data Provider Withdrawal (~5%),s3_simulated_data_provider_withdrawal,0.9438464298528884,0.9994295493439818,0.00017937738448381424
Simulated Data Provider Withdrawal (~5%),s3_simulated_data_provider_withdrawal,0.944205238607822,0.9994295493439818,0.0001789586676750332
Simulated Data Provider Withdrawal (~5%),s3_simulated_data_provider_withdrawal,0.9454610692500897,0.9994295493439818,0.00017312911222688854
Simulated Data Provider Withdrawal (~5%),s3_simulated_data_provider_withdrawal,0.9458198780050233,0.9994295493439818,0.00017205318727064878
Simulated Data Provider Withdrawal (~5%),s3_simulated_data_provider_withdrawal,0.947972730534625,0.9994295493439818,0.00016065422096289694
Simulated Data Provider Withdrawal (~5%),s3_simulated_data_provider_withdrawal,0.9485109436670255,0.9994295493439818,0.00015891826478764415
Simulated Data Provider Withdrawal (~5%),s3_simulated_data_provider_withdrawal,0.9512020093290277,0.9994295493439818,0.00014220862067304552
Simulated Data Provider Withdrawal (~5%),s3_simulated_data_provider_withdrawal,0.9517402224614281,0.9994295493439818,0.00014207862841431051
Simulated Data Provider Withdrawal (~5%),s3_simulated_data_provider_withdrawal,0.9596340150699677,0.9994295493439818,0.00010557494533713907
Simulated Data Provider Withdrawal (~5%),s3_simulated_data_provider_withdrawal,0.9599928238249014,0.9994295493439818,0.00010417050361866131
Simulated Data Provider Withdrawal (~5%),s3_simulated_data_provider_withdrawal,0.961248654467169,0.9994295493439818,0.00010076817125082016
Simulated Data Provider Withdrawal (~5%),s3_simulated_data_provider_withdrawal,0.9616074632221027,0.9994295493439818,9.958624286809936e-05
Simulated Data Provider Withdrawal (~5%),s3_simulated_data_provider_withdrawal,0.9680660208109078,0.9994295493439818,7.99507979536429e-05
Simulated Data Provider Withdrawal (~5%),s3_simulated_data_provider_withdrawal,0.9684248295658414,0.9994295493439818,7.948072016006336e-05
Simulated Data Provider Withdrawal (~5%),s3_simulated_data_provider_withdrawal,0.9723717258701112,0.9994295493439818,6.65299958200194e-05
Simulated Data Provider Withdrawal (~5%),s3_simulated_data_provider_withdrawal,0.9729099390025117,0.9994295493439818,6.46944681648165e-05
Simulated Data Provider Withdrawal (~5%),s3_simulated_data_provider_withdrawal,0.976318622174381,0.9994295493439818,5.6030385167105123e-05
Simulated Data Provider Withdrawal (~5%),s3_simulated_data_provider_withdrawal,0.9766774309293147,0.9994295493439818,5.59153595531825e-05
Simulated Data Provider Withdrawal (~5%),s3_simulated_data_provider_withdrawal,0.9797273053462504,0.9994295493439818,4.997935320716351e-05
Simulated Data Provider Withdrawal (~5%),s3_simulated_data_provider_withdrawal,0.9800861141011841,0.9994295493439818,4.990705201635137e-05
Simulated Data Provider Withdrawal (~5%),s3_simulated_data_provider_withdrawal,0.9822389666307858,0.9994295493439818,4.2868552554864436e-05
Simulated Data Provider Withdrawal (~5%),s3_simulated_data_provider_withdrawal,0.982956584140653,0.9994295493439818,4.2235849832650274e-05
Simulated Data Provider Withdrawal (~5%),s3_simulated_data_provider_withdrawal,0.9865446716899893,0.9994295493439818,3.553455462679267e-05
Simulated Data Provider Withdrawal (~5%),s3_simulated_data_provider_withdrawal,0.9865446716899893,1.0,3.517243021633476e-05
Simulated Data Provider Withdrawal (~5%),s3_simulated_data_provider_withdrawal,0.9869034804449228,1.0,3.469570947345346e-05
Simulated Data Provider Withdrawal (~5%),s3_simulated_data_provider_withdrawal,0.9872622891998565,1.0,3.3104086469393224e-05
Simulated Data Provider Withdrawal (~5%),s3_simulated_data_provider_withdrawal,0.9878005023322569,1.0,3.2151099730981514e-05
Simulated Data Provider Withdrawal (~5%),s3_simulated_data_provider_withdrawal,0.9881593110871906,1.0,3.097720764344558e-05
Simulated Data Provider Withdrawal (~5%),s3_simulated_data_provider_withdrawal,0.9885181198421241,1.0,3.030570223927498e-05
Simulated Data Provider Withdrawal (~5%),s3_simulated_data_provider_withdrawal,0.9890563329745246,1.0,2.969437264255248e-05
Simulated Data Provider Withdrawal (~5%),s3_simulated_data_provider_withdrawal,0.9899533548618586,1.0,2.7699772545020096e-05
Simulated Data Provider Withdrawal (~5%),s3_simulated_data_provider_withdrawal,0.9903121636167922,1.0,2.7110609153169207e-05
Simulated Data Provider Withdrawal (~5%),s3_simulated_data_provider_withdrawal,1.0,1.0,5.678112302121008e-06
Random 10%,s4_random_10_percent,0.0,0.0,inf
Random 10%,s4_random_10_percent,0.0,0.022818026240730177,1.0
Random 10%,s4_random_10_percent,0.0,0.09982886480319453,0.9697089791297913
Random 10%,s4_random_10_percent,0.0,0.10096976611523104,0.969001054763794
Random 10%,s4_random_10_percent,0.0,0.11237877923559612,0.9573298096656799
Random 10%,s4_random_10_percent,0.0001794043774668102,0.11237877923559612,0.9572271108627319
Random 10%,s4_random_10_percent,0.0001794043774668102,0.11580148317170565,0.9540687203407288
Random 10%,s4_random_10_percent,0.0001794043774668102,0.11694238448374215,0.9539768099784851
Random 10%,s4_random_10_percent,0.0001794043774668102,0.14489446662863661,0.9281483888626099
Random 10%,s4_random_10_percent,0.0003588087549336204,0.14489446662863661,0.9280290007591248
Random 10%,s4_random_10_percent,0.0003588087549336204,0.15059897318881918,0.9221418499946594
Random 10%,s4_random_10_percent,0.0005382131324004305,0.15059897318881918,0.9217378497123718
Random 10%,s4_random_10_percent,0.0005382131324004305,0.1517398745008557,0.921495258808136
Random 10%,s4_random_10_percent,0.0007176175098672408,0.1517398745008557,0.9213147759437561
Random 10%,s4_random_10_percent,0.0007176175098672408,0.15345122646891043,0.9168408513069153
Random 10%,s4_random_10_percent,0.000897021887334051,0.15345122646891043,0.915671169757843
Random 10%,s4_random_10_percent,0.000897021887334051,0.15573302909298345,0.9138637781143188
Random 10%,s4_random_10_percent,0.0012558306422676714,0.15573302909298345,0.9131401777267456
Random 10%,s4_random_10_percent,0.0012558306422676714,0.15630347974900172,0.9125047922134399
Random 10%,s4_random_10_percent,0.0014352350197344816,0.15630347974900172,0.9124805331230164
Random 10%,s4_random_10_percent,0.0014352350197344816,0.15801483171705646,0.9108049273490906
Random 10%,s4_random_10_percent,0.001794043774668102,0.15801483171705646,0.9091852903366089
Random 10%,s4_random_10_percent,0.001794043774668102,0.16143753565316601,0.905297577381134
Random 10%,s4_random_10_percent,0.001973448152134912,0.16143753565316601,0.904425859451294
Random 10%,s4_random_10_percent,0.001973448152134912,0.16828294352538506,0.899163007736206
Random 10%,s4_random_10_percent,0.002152852529601722,0.16828294352538506,0.899030864238739
Random 10%,s4_random_10_percent,0.002152852529601722,0.17455790074158586,0.8921245336532593
Random 10%,s4_random_10_percent,0.0023322569070685323,0.17455790074158586,0.891628086566925
Random 10%,s4_random_10_percent,0.0023322569070685323,0.1751283513976041,0.8915857672691345
Random 10%,s4_random_10_percent,0.002511661284535343,0.1751283513976041,0.890783429145813
Random 10%,s4_random_10_percent,0.002511661284535343,0.18311466058185966,0.8830425143241882
Random 10%,s4_random_10_percent,0.0028704700394689632,0.18311466058185966,0.8828696608543396
Random 10%,s4_random_10_percent,0.0028704700394689632,0.18710781517398745,0.8806474208831787
Random 10%,s4_random_10_percent,0.0030498744169357734,0.18710781517398745,0.879111647605896
Random 10%,s4_random_10_percent,0.0030498744169357734,0.1876782658300057,0.8790836334228516
Random 10%,s4_random_10_percent,0.0032292787944025836,0.1876782658300057,0.8781687021255493
Random 10%,s4_random_10_percent,0.0032292787944025836,0.18881916714204222,0.8769240379333496
Random 10%,s4_random_10_percent,0.003588087549336204,0.18881916714204222,0.8759227395057678
Random 10%,s4_random_10_percent,0.003588087549336204,0.19110096976611524,0.8752881288528442
Random 10%,s4_random_10_percent,0.003767491926803014,0.19110096976611524,0.874294638633728
Random 10%,s4_random_10_percent,0.003767491926803014,0.195094124358243,0.8722843527793884
Random 10%,s4_random_10_percent,0.0041263006817366344,0.195094124358243,0.8710923790931702
Random 10%,s4_random_10_percent,0.0041263006817366344,0.19623502567027953,0.8701534271240234
Random 10%,s4_random_10_percent,0.004305705059203444,0.19623502567027953,0.8699480295181274
Random 10%,s4_random_10_percent,0.004305705059203444,0.20193953223046207,0.8659718036651611
Random 10%,s4_random_10_percent,0.004485109436670255,0.20193953223046207,0.8654323220252991
Random 10%,s4_random_10_percent,0.004485109436670255,0.20593268682258983,0.8617269992828369
Random 10%,s4_random_10_percent,0.0046645138141370645,0.20593268682258983,0.8616994619369507
Random 10%,s4_random_10_percent,0.0046645138141370645,0.2104962920707359,0.860110878944397
Random 10%,s4_random_10_percent,0.0046645138141370645,0.2116371933827724,0.8600678443908691
Random 10%,s4_random_10_percent,0.0046645138141370645,0.21563034797490016,0.8576598167419434
Random 10%,s4_random_10_percent,0.004843918191603875,0.21563034797490016,0.8573121428489685
Random 10%,s4_random_10_percent,0.004843918191603875,0.22247575584711923,0.85354083776474
Random 10%,s4_random_10_percent,0.005023322569070686,0.22247575584711923,0.853164792060852
Random 10%,s4_random_10_percent,0.005023322569070686,0.2253280091272105,0.8516215085983276
Random 10%,s4_random_10_percent,0.005023322569070686,0.226468910439247,0.8515495657920837
Random 10%,s4_random_10_percent,0.005023322569070686,0.2276098117512835,0.850818395614624
Random 10%,s4_random_10_percent,0.005382131324004306,0.2276098117512835,0.8504410982131958
Random 10%,s4_random_10_percent,0.005382131324004306,0.2316029663434113,0.847732663154602
Random 10%,s4_random_10_percent,0.005561535701471116,0.2316029663434113,0.8477128148078918
Random 10%,s4_random_10_percent,0.005561535701471116,0.23616657159155732,0.8460243344306946
Random 10%,s4_random_10_percent,0.0057409400789379264,0.23616657159155732,0.8460080623626709
Random 10%,s4_random_10_percent,0.0057409400789379264,0.23844837421563034,0.8434627056121826
Random 10%,s4_random_10_percent,0.0057409400789379264,0.23958927552766685,0.8434078097343445
Random 10%,s4_random_10_percent,0.0057409400789379264,0.24073017683970335,0.8428850769996643
Random 10%,s4_random_10_percent,0.005920344456404736,0.24073017683970335,0.8425226807594299
Random 10%,s4_random_10_percent,0.005920344456404736,0.24757558471192243,0.8404086828231812
Random 10%,s4_random_10_percent,0.006099748833871547,0.24757558471192243,0.8403017520904541
Random 10%,s4_random_10_percent,0.006099748833871547,0.24814603536794066,0.8399953842163086
Random 10%,s4_random_10_percent,0.0062791532113383565,0.24814603536794066,0.8399771451950073
Random 10%,s4_random_10_percent,0.0062791532113383565,0.24871648602395893,0.8397512435913086
Random 10%,s4_random_10_percent,0.006458557588805167,0.24871648602395893,0.8395179510116577
Random 10%,s4_random_10_percent,0.006458557588805167,0.24985738733599544,0.8393134474754333
Random 10%,s4_random_10_percent,0.006637961966271977,0.24985738733599544,0.8392598032951355
Random 10%,s4_random_10_percent,0.006637961966271977,0.25213918996006845,0.8384438157081604
Random 10%,s4_random_10_percent,0.0068173663437387875,0.25213918996006845,0.8383677005767822
Random 10%,s4_random_10_percent,0.0068173663437387875,0.2527096406160867,0.837367832660675
Random 10%,s4_random_10_percent,0.007355579476139218,0.2527096406160867,0.8358566761016846
Random 10%,s4_random_10_percent,0.007355579476139218,0.253280091272105,0.8350814580917358
Random 10%,s4_random_10_percent,0.007534983853606028,0.253280091272105,0.835049569606781
Random 10%,s4_random_10_percent,0.007534983853606028,0.25442099258414147,0.8339558243751526
Random 10%,s4_random_10_percent,0.007714388231072838,0.25442099258414147,0.8334656357765198
Random 10%,s4_random_10_percent,0.007714388231072838,0.2549914432401597,0.8331744074821472
Random 10%,s4_random_10_percent,0.007893792608539648,0.2549914432401597,0.8329973220825195
Random 10%,s4_random_10_percent,0.007893792608539648,0.2572732458642327,0.8311257362365723
Random 10%,s4_random_10_percent,0.008073196986006458,0.2572732458642327,0.830971896648407
Random 10%,s4_random_10_percent,0.008073196986006458,0.2606959498003423,0.8291825652122498
Random 10%,s4_random_10_percent,0.008252601363473269,0.2606959498003423,0.8285258412361145
Random 10%,s4_random_10_percent,0.008252601363473269,0.26240730176839705,0.8272883892059326
Random 10%,s4_random_10_percent,0.00843200574094008,0.26240730176839705,0.827167809009552
Random 10%,s4_random_10_percent,0.00843200574094008,0.26868225898459785,0.8238080739974976
Random 10%,s4_random_10_percent,0.008790814495873699,0.26868225898459785,0.8231611251831055
Random 10%,s4_random_10_percent,0.008790814495873699,0.27438676554478036,0.8209028244018555
Random 10%,s4_random_10_percent,0.00897021887334051,0.27438676554478036,0.820754885673523
Random 10%,s4_random_10_percent,0.00897021887334051,0.2749572162007986,0.820411205291748
Random 10%,s4_random_10_percent,0.009329027628274129,0.2749572162007986,0.8196035027503967
Random 10%,s4_random_10_percent,0.009329027628274129,0.2766685681688534,0.8191021680831909
Random 10%,s4_random_10_percent,0.00950843200574094,0.2766685681688534,0.8190286159515381
Random 10%,s4_random_10_percent,0.00950843200574094,0.28579577866514544,0.8134709000587463
Random 10%,s4_random_10_percent,0.00968783638320775,0.28579577866514544,0.8134080171585083
Random 10%,s4_random_10_percent,0.00968783638320775,0.286936679977182,0.813258707523346
Random 10%,s4_random_10_percent,0.010046645138141371,0.286936679977182,0.8126201629638672
Random 10%,s4_random_10_percent,0.010046645138141371,0.28864803194523675,0.8120048642158508
Random 10%,s4_random_10_percent,0.010405453893074991,0.28864803194523675,0.811373233795166
Random 10%,s4_random_10_percent,0.010405453893074991,0.289218482601255,0.8106619119644165
Random 10%,s4_random_10_percent,0.010405453893074991,0.2903593839132915,0.8100340962409973
Random 10%,s4_random_10_percent,0.010584858270541802,0.2903593839132915,0.8099085092544556
Random 10%,s4_random_10_percent,0.010584858270541802,0.291500285225328,0.807693362236023
Random 10%,s4_random_10_percent,0.010943667025475421,0.291500285225328,0.8075091242790222
Random 10%,s4_random_10_percent,0.010943667025475421,0.29207073588134624,0.8073188662528992
Random 10%,s4_random_10_percent,0.011123071402942232,0.29207073588134624,0.8072667121887207
Random 10%,s4_random_10_percent,0.011123071402942232,0.2954934398174558,0.80544114112854
Random 10%,s4_random_10_percent,0.011302475780409042,0.29606389047347403,0.8053915500640869
Random 10%,s4_random_10_percent,0.011302475780409042,0.2977752424415288,0.8044744729995728
Random 10%,s4_random_10_percent,0.011481880157875853,0.29834569309754705,0.8044033646583557
Random 10%,s4_random_10_percent,0.011481880157875853,0.30119794637763836,0.8024448752403259
Random 10%,s4_random_10_percent,0.011661284535342662,0.30119794637763836,0.80235755443573
Random 10%,s4_random_10_percent,0.011661284535342662,0.3029092983456931,0.8013930916786194
Random 10%,s4_random_10_percent,0.011840688912809472,0.3029092983456931,0.801185131072998
Random 10%,s4_random_10_percent,0.011840688912809472,0.3057615516257844,0.799020528793335
Random 10%,s4_random_10_percent,0.012020093290276283,0.3057615516257844,0.7989196181297302
Random 10%,s4_random_10_percent,0.012020093290276283,0.30690245293782087,0.7981515526771545
Random 10%,s4_random_10_percent,0.012199497667743094,0.3074729035938391,0.7976227402687073
Random 10%,s4_random_10_percent,0.012378902045209902,0.3074729035938391,0.7956401705741882
Random 10%,s4_random_10_percent,0.012378902045209902,0.31260695949800343,0.7916719317436218
Random 10%,s4_random_10_percent,0.012737710800143524,0.31260695949800343,0.7911747694015503
Random 10%,s4_random_10_percent,0.012737710800143524,0.3154592127780947,0.7871417999267578
Random 10%,s4_random_10_percent,0.012917115177610334,0.3154592127780947,0.7870914340019226
Random 10%,s4_random_10_percent,0.012917115177610334,0.3217341699942955,0.783339262008667
Random 10%,s4_random_10_percent,0.013096519555077143,0.3217341699942955,0.7829485535621643
Random 10%,s4_random_10_percent,0.013096519555077143,0.32287507130633203,0.7810019254684448
Random 10%,s4_random_10_percent,0.013275923932543954,0.32287507130633203,0.780841052532196
Random 10%,s4_random_10_percent,0.013275923932543954,0.32515687393040504,0.777955174446106
Random 10%,s4_random_10_percent,0.013455328310010764,0.32515687393040504,0.7779452800750732
Random 10%,s4_random_10_percent,0.013455328310010764,0.3262977752424415,0.7778393030166626
Random 10%,s4_random_10_percent,0.013455328310010764,0.32857957786651454,0.7763013243675232
Random 10%,s4_random_10_percent,0.013634732687477575,0.32857957786651454,0.7755884528160095
Random 10%,s4_random_10_percent,0.013634732687477575,0.3297204791785511,0.7755587697029114
Random 10%,s4_random_10_percent,0.013634732687477575,0.3302909298345693,0.7754160761833191
Random 10%,s4_random_10_percent,0.013993541442411194,0.3302909298345693,0.7750253677368164
Random 10%,s4_random_10_percent,0.013993541442411194,0.33086138049058755,0.774772047996521
Random 10%,s4_random_10_percent,0.014531754574811625,0.33086138049058755,0.7728267908096313
Random 10%,s4_random_10_percent,0.014531754574811625,0.3342840844266971,0.7702010869979858
Random 10%,s4_random_10_percent,0.014711158952278435,0.3342840844266971,0.7695859670639038
Random 10%,s4_random_10_percent,0.014711158952278435,0.3354249857387336,0.7675305008888245
Random 10%,s4_random_10_percent,0.014890563329745246,0.3354249857387336,0.7665610313415527
Random 10%,s4_random_10_percent,0.014890563329745246,0.3377067883628066,0.76540207862854
Random 10%,s4_random_10_percent,0.015069967707212056,0.3377067883628066,0.7646425366401672
Random 10%,s4_random_10_percent,0.015069967707212056,0.3399885909868796,0.7624252438545227
Random 10%,s4_random_10_percent,0.015428776462145676,0.3399885909868796,0.762349009513855
Random 10%,s4_random_10_percent,0.015428776462145676,0.34227039361095263,0.7611855864524841
Random 10%,s4_random_10_percent,0.015608180839612486,0.34227039361095263,0.7609714269638062
Random 10%,s4_random_10_percent,0.015608180839612486,0.3462635482030804,0.7568932771682739
Random 10%,s4_random_10_percent,0.015787585217079295,0.3462635482030804,0.7568613886833191
Random 10%,s4_random_10_percent,0.015787585217079295,0.3468339988590987,0.7564926743507385
Random 10%,s4_random_10_percent,0.015966989594546108,0.3468339988590987,0.7564449906349182
Random 10%,s4_random_10_percent,0.015966989594546108,0.34740444951511695,0.7555894255638123
Random 10%,s4_random_10_percent,0.016146393972012917,0.34740444951511695,0.7553813457489014
Random 10%,s4_random_10_percent,0.016146393972012917,0.35139760410724474,0.7533572316169739
Random 10%,s4_random_10_percent,0.016505202726946538,0.35139760410724474,0.7527500987052917
Random 10%,s4_random_10_percent,0.016505202726946538,0.3525385054192812,0.7519262433052063
Random 10%,s4_random_10_percent,0.016684607104413347,0.3525385054192812,0.7509940266609192
Random 10%,s4_random_10_percent,0.016684607104413347,0.35310895607529946,0.7509355545043945
Random 10%,s4_random_10_percent,0.01686401148188016,0.35310895607529946,0.7505925893783569
Random 10%,s4_random_10_percent,0.01686401148188016,0.35482030804335424,0.750457763671875
Random 10%,s4_random_10_percent,0.017043415859346968,0.35482030804335424,0.7500947117805481
Random 10%,s4_random_10_percent,0.017043415859346968,0.35767256132344555,0.7493191957473755
Random 10%,s4_random_10_percent,0.017222820236813777,0.35767256132344555,0.748858630657196
Random 10%,s4_random_10_percent,0.017222820236813777,0.35938391329150027,0.7484599947929382
Random 10%,s4_random_10_percent,0.017222820236813777,0.35995436394751856,0.7476283311843872
Random 10%,s4_random_10_percent,0.01740222461428059,0.35995436394751856,0.7469227910041809
Random 10%,s4_random_10_percent,0.01740222461428059,0.3605248146035368,0.7465910911560059
Random 10%,s4_random_10_percent,0.017581628991747398,0.3605248146035368,0.7465370297431946
Random 10%,s4_random_10_percent,0.017581628991747398,0.36337706788362806,0.7457939386367798
Random 10%,s4_random_10_percent,0.01776103336921421,0.36337706788362806,0.7457694411277771
Random 10%,s4_random_10_percent,0.01776103336921421,0.36508841985168283,0.7445726990699768
Random 10%,s4_random_10_percent,0.01794043774668102,0.36508841985168283,0.744378387928009
Random 10%,s4_random_10_percent,0.01794043774668102,0.3656588705077011,0.7442581057548523
Random 10%,s4_random_10_percent,0.018119842124147828,0.3656588705077011,0.7432265281677246
Random 10%,s4_random_10_percent,0.018119842124147828,0.36737022247575585,0.7424935698509216
Random 10%,s4_random_10_percent,0.01829924650161464,0.36737022247575585,0.7424644827842712
Random 10%,s4_random_10_percent,0.01829924650161464,0.3679406731317741,0.7420964241027832
Random 10%,s4_random_10_percent,0.018658055256548258,0.3679406731317741,0.7417824864387512
Random 10%,s4_random_10_percent,0.018658055256548258,0.37592698231602967,0.7387224435806274
Random 10%,s4_random_10_percent,0.01883745963401507,0.37592698231602967,0.7379575371742249
Random 10%,s4_random_10_percent,0.01883745963401507,0.3764974329720479,0.7374683618545532
Random 10%,s4_random_10_percent,0.01901686401148188,0.3764974329720479,0.7374517917633057
Random 10%,s4_random_10_percent,0.01901686401148188,0.3787792355961209,0.7357727885246277
Random 10%,s4_random_10_percent,0.01919626838894869,0.3787792355961209,0.7354538440704346
Random 10%,s4_random_10_percent,0.01919626838894869,0.3793496862521392,0.7349113821983337
Random 10%,s4_random_10_percent,0.0193756727664155,0.3793496862521392,0.734778106212616
Random 10%,s4_random_10_percent,0.0193756727664155,0.3844837421563035,0.7317339777946472
Random 10%,s4_random_10_percent,0.019734481521349122,0.3844837421563035,0.730881929397583
Random 10%,s4_random_10_percent,0.019734481521349122,0.3890473474044495,0.7281333804130554
Random 10%,s4_random_10_percent,0.020272694653749552,0.3890473474044495,0.7274625897407532
Random 10%,s4_random_10_percent,0.020272694653749552,0.38961779806046776,0.7272763252258301
Random 10%,s4_random_10_percent,0.020810907786149982,0.38961779806046776,0.7267736196517944
Random 10%,s4_random_10_percent,0.020810907786149982,0.39189960068454077,0.7258512377738953
Random 10%,s4_random_10_percent,0.02099031216361679,0.39189960068454077,0.7254224419593811
Random 10%,s4_random_10_percent,0.02099031216361679,0.39760410724472334,0.7223929762840271
Random 10%,s4_random_10_percent,0.021169716541083603,0.39760410724472334,0.7222006916999817
Random 10%,s4_random_10_percent,0.021169716541083603,0.40102681118083283,0.7207295894622803
Random 10%,s4_random_10_percent,0.021349120918550412,0.40102681118083283,0.7202389240264893
Random 10%,s4_random_10_percent,0.021349120918550412,0.4015972618368511,0.7198259234428406
Random 10%,s4_random_10_percent,0.021707929673484033,0.4015972618368511,0.7196231484413147
Random 10%,s4_random_10_percent,0.021707929673484033,0.40387906446092414,0.7175343632698059
Random 10%,s4_random_10_percent,0.021887334050950842,0.40387906446092414,0.7174310088157654
Random 10%,s4_random_10_percent,0.021887334050950842,0.40787221905305193,0.7149460911750793
Random 10%,s4_random_10_percent,0.022066738428417654,0.40787221905305193,0.7147210240364075
Random 10%,s4_random_10_percent,0.022066738428417654,0.4130062749572162,0.7112036347389221
Random 10%,s4_random_10_percent,0.022425547183351272,0.4130062749572162,0.7106730341911316
Random 10%,s4_random_10_percent,0.022425547183351272,0.41414717626925274,0.7106170058250427
Random 10%,s4_random_10_percent,0.022604951560818085,0.414717626925271,0.7105117440223694
Random 10%,s4_random_10_percent,0.022604951560818085,0.4152880775812892,0.7103443145751953
Random 10%,s4_random_10_percent,0.022604951560818085,0.41642897889332575,0.7094760537147522
Random 10%,s4_random_10_percent,0.022604951560818085,0.41814033086138047,0.7084755301475525
Random 10%,s4_random_10_percent,0.022784355938284893,0.41814033086138047,0.7084393501281738
Random 10%,s4_random_10_percent,0.022784355938284893,0.41871078151739877,0.7083057165145874
Random 10%,s4_random_10_percent,0.023322569070685324,0.41871078151739877,0.7065285444259644
Random 10%,s4_random_10_percent,0.023322569070685324,0.41985168282943525,0.7060562968254089
Random 10%,s4_random_10_percent,0.023501973448152136,0.41985168282943525,0.7059511542320251
Random 10%,s4_random_10_percent,0.023501973448152136,0.4209925841414718,0.7058811783790588
Random 10%,s4_random_10_percent,0.023501973448152136,0.42213348545350826,0.7057237029075623
Random 10%,s4_random_10_percent,0.023501973448152136,0.42384483742156304,0.7046522498130798
Random 10%,s4_random_10_percent,0.023860782203085754,0.42384483742156304,0.7040478587150574
Random 10%,s4_random_10_percent,0.023860782203085754,0.4255561893896178,0.7027730345726013
Random 10%,s4_random_10_percent,0.024040186580552566,0.4255561893896178,0.7026810050010681
Random 10%,s4_random_10_percent,0.024040186580552566,0.4266970907016543,0.7026602029800415
Random 10%,s4_random_10_percent,0.024040186580552566,0.4272675413576726,0.7024280428886414
Random 10%,s4_random_10_percent,0.024219590958019375,0.4272675413576726,0.7023753523826599
Random 10%,s4_random_10_percent,0.024219590958019375,0.4295493439817456,0.7017175555229187
Random 10%,s4_random_10_percent,0.024398995335486187,0.4295493439817456,0.701693058013916
Random 10%,s4_random_10_percent,0.024398995335486187,0.4318311466058186,0.6985254883766174
Random 10%,s4_random_10_percent,0.024578399712952996,0.4318311466058186,0.6982510685920715
Random 10%,s4_random_10_percent,0.024578399712952996,0.43411294922989163,0.6977294087409973
Random 10%,s4_random_10_percent,0.024937208467886617,0.43411294922989163,0.6973626017570496
Random 10%,s4_random_10_percent,0.024937208467886617,0.4369652025099829,0.6955382823944092
Random 10%,s4_random_10_percent,0.025116612845353426,0.4369652025099829,0.6951927542686462
Random 10%,s4_random_10_percent,0.025116612845353426,0.4375356531660011,0.6943257451057434
Random 10%,s4_random_10_percent,0.02529601722282024,0.4375356531660011,0.6941191554069519
Random 10%,s4_random_10_percent,0.02529601722282024,0.43867655447803766,0.6935127973556519
Random 10%,s4_random_10_percent,0.025475421600287047,0.43867655447803766,0.6934827566146851
Random 10%,s4_random_10_percent,0.025475421600287047,0.4392470051340559,0.6933228373527527
Random 10%,s4_random_10_percent,0.02583423035522067,0.4392470051340559,0.6931911110877991
Random 10%,s4_random_10_percent,0.02583423035522067,0.44038790644609244,0.6929373145103455
Random 10%,s4_random_10_percent,0.026013634732687477,0.44038790644609244,0.6928983926773071
Random 10%,s4_random_10_percent,0.026193039110154286,0.4409583571021107,0.692552387714386
Random 10%,s4_random_10_percent,0.0263724434876211,0.4409583571021107,0.692124605178833
Random 10%,s4_random_10_percent,0.0263724434876211,0.4415288077581289,0.6918763518333435
Random 10%,s4_random_10_percent,0.026551847865087908,0.4415288077581289,0.6914569139480591
Random 10%,s4_random_10_percent,0.026551847865087908,0.44209925841414716,0.6913278698921204
Random 10%,s4_random_10_percent,0.02673125224255472,0.44209925841414716,0.6913142800331116
Random 10%,s4_random_10_percent,0.02673125224255472,0.44266970907016545,0.690867006778717
Random 10%,s4_random_10_percent,0.02691065662002153,0.44381061038220193,0.6905345320701599
Random 10%,s4_random_10_percent,0.02691065662002153,0.44495151169423847,0.6901914477348328
Random 10%,s4_random_10_percent,0.02726946537495515,0.44495151169423847,0.6899950504302979
Random 10%,s4_random_10_percent,0.02726946537495515,0.4466628636622932,0.6892059445381165
Random 10%,s4_random_10_percent,0.02744886975242196,0.4466628636622932,0.6882462501525879
Random 10%,s4_random_10_percent,0.02744886975242196,0.4478037649743297,0.6880664825439453
Random 10%,s4_random_10_percent,0.027628274129888768,0.4478037649743297,0.6879638433456421
Random 10%,s4_random_10_percent,0.027628274129888768,0.44894466628636626,0.6872203946113586
Random 10%,s4_random_10_percent,0.02780767850735558,0.44894466628636626,0.6865054368972778
Random 10%,s4_random_10_percent,0.02780767850735558,0.4495151169423845,0.6864452362060547
Random 10%,s4_random_10_percent,0.02798708288482239,0.4495151169423845,0.6861501336097717
Random 10%,s4_random_10_percent,0.02798708288482239,0.450656018254421,0.6852104663848877
Random 10%,s4_random_10_percent,0.02834589163975601,0.450656018254421,0.6844515800476074
Random 10%,s4_random_10_percent,0.02834589163975601,0.452937820878494,0.6834583282470703
Random 10%,s4_random_10_percent,0.02852529601722282,0.452937820878494,0.6832793951034546
Random 10%,s4_random_10_percent,0.02852529601722282,0.45636052481460354,0.6814635396003723
Random 10%,s4_random_10_percent,0.02852529601722282,0.45750142612664,0.6813831329345703
Random 10%,s4_random_10_percent,0.02852529601722282,0.4580718767826583,0.6811395287513733
Random 10%,s4_random_10_percent,0.02870470039468963,0.4580718767826583,0.6811308264732361
Random 10%,s4_random_10_percent,0.02870470039468963,0.46035367940673133,0.6795555949211121
Random 10%,s4_random_10_percent,0.02924291352709006,0.46035367940673133,0.6785818934440613
Random 10%,s4_random_10_percent,0.02924291352709006,0.46263548203080435,0.6777632832527161
Random 10%,s4_random_10_percent,0.029601722282023683,0.46263548203080435,0.6771587133407593
Random 10%,s4_random_10_percent,0.029601722282023683,0.4632059326868226,0.6769775748252869
Random 10%,s4_random_10_percent,0.03031933979189092,0.4632059326868226,0.6755168437957764
Random 10%,s4_random_10_percent,0.03031933979189092,0.46491728465487736,0.6745196580886841
Random 10%,s4_random_10_percent,0.030498744169357734,0.46491728465487736,0.6742950677871704
Random 10%,s4_random_10_percent,0.030498744169357734,0.46605818596691384,0.6741258502006531
Random 10%,s4_random_10_percent,0.030498744169357734,0.4677695379349686,0.6725730299949646
Random 10%,s4_random_10_percent,0.030678148546824543,0.4677695379349686,0.6723573803901672
Random 10%,s4_random_10_percent,0.030678148546824543,0.4694808899030234,0.6716142296791077
Random 10%,s4_random_10_percent,0.03085755292429135,0.4694808899030234,0.6715567708015442
Random 10%,s4_random_10_percent,0.03085755292429135,0.47005134055904163,0.6714739799499512
Random 10%,s4_random_10_percent,0.031036957301758164,0.47005134055904163,0.6705989241600037
Random 10%,s4_random_10_percent,0.031036957301758164,0.47119224187107817,0.6702167391777039
Random 10%,s4_random_10_percent,0.03139576605669178,0.47119224187107817,0.6697098612785339
Random 10%,s4_random_10_percent,0.03139576605669178,0.4717626925270964,0.6693389415740967
Random 10%,s4_random_10_percent,0.031754574811625406,0.4717626925270964,0.6687076091766357
Random 10%,s4_random_10_percent,0.031754574811625406,0.47290359383913294,0.6681865453720093
Random 10%,s4_random_10_percent,0.031933979189092215,0.4734740444951512,0.6680720448493958
Random 10%,s4_random_10_percent,0.031933979189092215,0.4740444951511694,0.6678674817085266
Random 10%,s4_random_10_percent,0.032113383566559024,0.4740444951511694,0.6678593754768372
Random 10%,s4_random_10_percent,0.032113383566559024,0.47518539646320596,0.6675877571105957
Random 10%,s4_random_10_percent,0.03229278794402583,0.47518539646320596,0.667323112487793
Random 10%,s4_random_10_percent,0.03229278794402583,0.4757558471192242,0.6672948002815247
Random 10%,s4_random_10_percent,0.03247219232149264,0.4757558471192242,0.6670508980751038
Random 10%,s4_random_10_percent,0.03247219232149264,0.47632629777524244,0.6667552590370178
Random 10%,s4_random_10_percent,0.03265159669895946,0.47632629777524244,0.6667433381080627
Random 10%,s4_random_10_percent,0.03265159669895946,0.47860810039931545,0.6658746004104614
Random 10%,s4_random_10_percent,0.03283100107642627,0.47860810039931545,0.6656267642974854
Random 10%,s4_random_10_percent,0.03283100107642627,0.4791785510553337,0.665468692779541
Random 10%,s4_random_10_percent,0.03336921420882669,0.4791785510553337,0.6649208068847656
Random 10%,s4_random_10_percent,0.0335486185862935,0.479749001711352,0.6646248698234558
Random 10%,s4_random_10_percent,0.0335486185862935,0.4803194523673702,0.6640379428863525
Random 10%,s4_random_10_percent,0.03372802296376032,0.4803194523673702,0.6639795899391174
Random 10%,s4_random_10_percent,0.03372802296376032,0.4814603536794067,0.6636722683906555
Random 10%,s4_random_10_percent,0.034086831718693936,0.4814603536794067,0.662820041179657
Random 10%,s4_random_10_percent,0.034086831718693936,0.48260125499144324,0.6625882983207703
Random 10%,s4_random_10_percent,0.034266236096160745,0.48260125499144324,0.6624131202697754
Random 10%,s4_random_10_percent,0.034266236096160745,0.484312606959498,0.6613942980766296
Random 10%,s4_random_10_percent,0.03444564047362755,0.484312606959498,0.6613343358039856
Random 10%,s4_random_10_percent,0.03444564047362755,0.4854535082715345,0.6600484848022461
Random 10%,s4_random_10_percent,0.03480444922856118,0.4854535082715345,0.6586763858795166
Random 10%,s4_random_10_percent,0.03480444922856118,0.4860239589275528,0.6580107808113098
Random 10%,s4_random_10_percent,0.035163257983494796,0.4860239589275528,0.6578359007835388
Random 10%,s4_random_10_percent,0.035163257983494796,0.4883057615516258,0.65575110912323
Random 10%,s4_random_10_percent,0.035342662360961605,0.4883057615516258,0.6555308103561401
Random 10%,s4_random_10_percent,0.035342662360961605,0.49229891614375354,0.6526739597320557
Random 10%,s4_random_10_percent,0.03570147111589523,0.49229891614375354,0.6520247459411621
Random 10%,s4_random_10_percent,0.03570147111589523,0.4945807187678266,0.6507583260536194
Random 10%,s4_random_10_percent,0.03588087549336204,0.4945807187678266,0.6500988006591797
Random 10%,s4_random_10_percent,0.03588087549336204,0.49515116942384485,0.6485267281532288
Random 10%,s4_random_10_percent,0.036239684248295656,0.49515116942384485,0.6481773853302002
Random 10%,s4_random_10_percent,0.036239684248295656,0.49629207073588133,0.6472932696342468
Random 10%,s4_random_10_percent,0.03641908862576247,0.49629207073588133,0.6468524932861328
Random 10%,s4_random_10_percent,0.03641908862576247,0.49743297204791787,0.6431145668029785
Random 10%,s4_random_10_percent,0.03659849300322928,0.49743297204791787,0.642600417137146
Random 10%,s4_random_10_percent,0.03659849300322928,0.49914432401597264,0.642454206943512
Random 10%,s4_random_10_percent,0.0369573017581629,0.49914432401597264,0.6416177749633789
Random 10%,s4_random_10_percent,0.0369573017581629,0.4997147746719909,0.6413640379905701
Random 10%,s4_random_10_percent,0.03713670613562971,0.4997147746719909,0.6399019956588745
Random 10%,s4_random_10_percent,0.037316110513096516,0.5014261266400456,0.6397778391838074
Random 10%,s4_random_10_percent,0.03767491926803014,0.5014261266400456,0.6381433606147766
Random 10%,s4_random_10_percent,0.03767491926803014,0.5042783799201369,0.6364853978157043
Random 10%,s4_random_10_percent,0.03785432364549695,0.5042783799201369,0.636174201965332
Random 10%,s4_random_10_percent,0.03785432364549695,0.5048488305761551,0.6360936760902405
Random 10%,s4_random_10_percent,0.03839253677789738,0.5048488305761551,0.6349927186965942
Random 10%,s4_random_10_percent,0.03839253677789738,0.5059897318881916,0.6345439553260803
Random 10%,s4_random_10_percent,0.03857194115536419,0.5059897318881916,0.6342107653617859
Random 10%,s4_random_10_percent,0.03857194115536419,0.50656018254421,0.6342042088508606
Random 10%,s4_random_10_percent,0.038751345532831,0.50656018254421,0.6332951188087463
Random 10%,s4_random_10_percent,0.038751345532831,0.5122646891043925,0.6298241019248962
Random 10%,s4_random_10_percent,0.03911015428776462,0.5122646891043925,0.6267204284667969
Random 10%,s4_random_10_percent,0.03911015428776462,0.5139760410724472,0.6261597275733948
Random 10%,s4_random_10_percent,0.039468963042698244,0.5139760410724472,0.6256237030029297
Random 10%,s4_random_10_percent,0.039468963042698244,0.5151169423844837,0.6248636245727539
Random 10%,s4_random_10_percent,0.03982777179763186,0.5151169423844837,0.6232876181602478
Random 10%,s4_random_10_percent,0.03982777179763186,0.5162578436965203,0.6221511363983154
Random 10%,s4_random_10_percent,0.040186580552565486,0.5162578436965203,0.6214452981948853
Random 10%,s4_random_10_percent,0.040186580552565486,0.5168282943525385,0.621314287185669
Random 10%,s4_random_10_percent,0.04072479368496591,0.5168282943525385,0.6198475956916809
Random 10%,s4_random_10_percent,0.04072479368496591,0.5173987450085568,0.6197528839111328
Random 10%,s4_random_10_percent,0.04090419806243272,0.5173987450085568,0.6195186376571655
Random 10%,s4_random_10_percent,0.04090419806243272,0.517969195664575,0.6192091107368469
Random 10%,s4_random_10_percent,0.04108360243989953,0.5185396463205932,0.6186317205429077
Random 10%,s4_random_10_percent,0.041263006817366346,0.5185396463205932,0.6168784499168396
Random 10%,s4_random_10_percent,0.041263006817366346,0.5213918996006845,0.6149333715438843
Random 10%,s4_random_10_percent,0.041621815572299964,0.5213918996006845,0.6141968965530396
Random 10%,s4_random_10_percent,0.041621815572299964,0.5231032515687393,0.6124979257583618
Random 10%,s4_random_10_percent,0.0421600287047004,0.5231032515687393,0.6109585762023926
Random 10%,s4_random_10_percent,0.0421600287047004,0.5248146035367941,0.6090248227119446
Random 10%,s4_random_10_percent,0.042339433082167206,0.5248146035367941,0.6089330315589905
Random 10%,s4_random_10_percent,0.042339433082167206,0.5259555048488306,0.6080919504165649
Random 10%,s4_random_10_percent,0.042698241837100824,0.5259555048488306,0.6074163913726807
Random 10%,s4_random_10_percent,0.042698241837100824,0.5270964061608671,0.6069608330726624
Random 10%,s4_random_10_percent,0.04287764621456763,0.5270964061608671,0.6069340705871582
Random 10%,s4_random_10_percent,0.04287764621456763,0.5293782087849401,0.6051396727561951
Random 10%,s4_random_10_percent,0.04413347685683531,0.5293782087849401,0.601959764957428
Random 10%,s4_random_10_percent,0.04413347685683531,0.5299486594409584,0.6015529036521912
Random 10%,s4_random_10_percent,0.04431288123430212,0.5299486594409584,0.6014329791069031
Random 10%,s4_random_10_percent,0.04431288123430212,0.5310895607529948,0.6013420820236206
Random 10%,s4_random_10_percent,0.04449228561176893,0.5310895607529948,0.6007900238037109
Random 10%,s4_random_10_percent,0.04449228561176893,0.5328009127210497,0.5999161601066589
Random 10%,s4_random_10_percent,0.044671689989235736,0.5328009127210497,0.5997467637062073
Random 10%,s4_random_10_percent,0.044671689989235736,0.5345122646891044,0.5979476571083069
Random 10%,s4_random_10_percent,0.044851094366702544,0.5345122646891044,0.5975635647773743
Random 10%,s4_random_10_percent,0.044851094366702544,0.5373645179691957,0.5955942273139954
Random 10%,s4_random_10_percent,0.04520990312163617,0.5373645179691957,0.5935119986534119
Random 10%,s4_random_10_percent,0.04520990312163617,0.5402167712492869,0.5915636420249939
Random 10%,s4_random_10_percent,0.04538930749910298,0.5402167712492869,0.5910606980323792
Random 10%,s4_random_10_percent,0.04538930749910298,0.5407872219053051,0.5907494425773621
Random 10%,s4_random_10_percent,0.04556871187656979,0.5407872219053051,0.5906031131744385
Random 10%,s4_random_10_percent,0.04556871187656979,0.54249857387336,0.5898708701133728
Random 10%,s4_random_10_percent,0.045748116254036596,0.54249857387336,0.5898126363754272
Random 10%,s4_random_10_percent,0.045748116254036596,0.5430690245293782,0.5890735983848572
Random 10%,s4_random_10_percent,0.04646573376390384,0.5430690245293782,0.5874999165534973
Random 10%,s4_random_10_percent,0.04646573376390384,0.5442099258414147,0.5873839855194092
Random 10%,s4_random_10_percent,0.04646573376390384,0.5447803764974329,0.5873144865036011
Random 10%,s4_random_10_percent,0.04664513814137065,0.5447803764974329,0.587133526802063
Random 10%,s4_random_10_percent,0.04664513814137065,0.5453508271534512,0.5861867666244507
Random 10%,s4_random_10_percent,0.04718335127377108,0.5453508271534512,0.5841242671012878
Random 10%,s4_random_10_percent,0.04718335127377108,0.5482030804335425,0.582764744758606
Random 10%,s4_random_10_percent,0.04736275565123789,0.5482030804335425,0.5825814604759216
Random 10%,s4_random_10_percent,0.04736275565123789,0.549343981745579,0.5822852253913879
Random 10%,s4_random_10_percent,0.04772156440617151,0.549343981745579,0.5810438394546509
Random 10%,s4_random_10_percent,0.04772156440617151,0.5499144324015972,0.5809564590454102
Random 10%,s4_random_10_percent,0.04790096878363832,0.5499144324015972,0.5809181332588196
Random 10%,s4_random_10_percent,0.04790096878363832,0.5504848830576156,0.5807771682739258
Random 10%,s4_random_10_percent,0.04843918191603875,0.5504848830576156,0.5795966386795044
Random 10%,s4_random_10_percent,0.04843918191603875,0.5533371363377068,0.5777262449264526
Random 10%,s4_random_10_percent,0.048797990670972374,0.5533371363377068,0.5772970914840698
Random 10%,s4_random_10_percent,0.048797990670972374,0.553907586993725,0.5766701698303223
Random 10%,s4_random_10_percent,0.0493362038033728,0.553907586993725,0.5757703185081482
Random 10%,s4_random_10_percent,0.0493362038033728,0.5544780376497433,0.5750543475151062
Random 10%,s4_random_10_percent,0.04951560818083961,0.5544780376497433,0.5741645097732544
Random 10%,s4_random_10_percent,0.04951560818083961,0.5556189389617798,0.5737839937210083
Random 10%,s4_random_10_percent,0.049695012558306426,0.5556189389617798,0.573714017868042
Random 10%,s4_random_10_percent,0.049695012558306426,0.5567598402738163,0.5727123022079468
Random 10%,s4_random_10_percent,0.05005382131324004,0.5567598402738163,0.5722061991691589
Random 10%,s4_random_10_percent,0.05023322569070685,0.5573302909298345,0.572203516960144
Random 10%,s4_random_10_percent,0.050950843200574095,0.5573302909298345,0.5713521838188171
Random 10%,s4_random_10_percent,0.050950843200574095,0.5613234455219623,0.569715678691864
Random 10%,s4_random_10_percent,0.051130247578040904,0.5613234455219623,0.5695509314537048
Random 10%,s4_random_10_percent,0.051130247578040904,0.5618938961779806,0.5694952607154846
Random 10%,s4_random_10_percent,0.05130965195550771,0.5618938961779806,0.5684580206871033
Random 10%,s4_random_10_percent,0.05130965195550771,0.5636052481460354,0.5673684477806091
Random 10%,s4_random_10_percent,0.05148905633297452,0.5636052481460354,0.567318856716156
Random 10%,s4_random_10_percent,0.05148905633297452,0.5647461494580719,0.5668150186538696
Random 10%,s4_random_10_percent,0.052206673842841764,0.5647461494580719,0.5663787722587585
Random 10%,s4_random_10_percent,0.052206673842841764,0.5653166001140901,0.5660197138786316
Random 10%,s4_random_10_percent,0.05238607822030857,0.5653166001140901,0.5658841133117676
Random 10%,s4_random_10_percent,0.05238607822030857,0.5658870507701084,0.5657259225845337
Random 10%,s4_random_10_percent,0.05256548259777539,0.5658870507701084,0.5657215714454651
Random 10%,s4_random_10_percent,0.05256548259777539,0.5664575014261266,0.5654492378234863
Random 10%,s4_random_10_percent,0.0527448869752422,0.5664575014261266,0.5652362704277039
Random 10%,s4_random_10_percent,0.0527448869752422,0.5670279520821448,0.5645511746406555
Random 10%,s4_random_10_percent,0.053103695730175815,0.5670279520821448,0.5641207695007324
Random 10%,s4_random_10_percent,0.053103695730175815,0.5681688533941814,0.5634910464286804
Random 10%,s4_random_10_percent,0.05346250448510944,0.5681688533941814,0.562947154045105
Random 10%,s4_random_10_percent,0.05346250448510944,0.5687393040501997,0.5629253387451172
Random 10%,s4_random_10_percent,0.054000717617509866,0.5687393040501997,0.5610334277153015
Random 10%,s4_random_10_percent,0.054000717617509866,0.5693097547062179,0.5604434013366699
Random 10%,s4_random_10_percent,0.05435952637244349,0.5693097547062179,0.5599061250686646
Random 10%,s4_random_10_percent,0.05435952637244349,0.5710211066742726,0.5590632557868958
Random 10%,s4_random_10_percent,0.0545389307499103,0.5710211066742726,0.5588516592979431
Random 10%,s4_random_10_percent,0.0545389307499103,0.5715915573302909,0.5588077902793884
Random 10%,s4_random_10_percent,0.05543595263724435,0.5715915573302909,0.5580008625984192
Random 10%,s4_random_10_percent,0.05543595263724435,0.5721620079863092,0.5576679110527039
Random 10%,s4_random_10_percent,0.05561535701471116,0.5721620079863092,0.5574409365653992
Random 10%,s4_random_10_percent,0.05561535701471116,0.573873359954364,0.5541607141494751
Random 10%,s4_random_10_percent,0.05579476139217797,0.573873359954364,0.5530116558074951
Random 10%,s4_random_10_percent,0.05579476139217797,0.5744438106103822,0.5529536604881287
Random 10%,s4_random_10_percent,0.05579476139217797,0.5755847119224187,0.552951991558075
Random 10%,s4_random_10_percent,0.05597416576964478,0.5755847119224187,0.5528873205184937
Random 10%,s4_random_10_percent,0.05597416576964478,0.5767256132344553,0.5527164936065674
Random 10%,s4_random_10_percent,0.05615357014711159,0.5767256132344553,0.5523211359977722
Random 10%,s4_random_10_percent,0.05651237890204521,0.5767256132344553,0.5522319674491882
Random 10%,s4_random_10_percent,0.05651237890204521,0.5772960638904735,0.5518087148666382
Random 10%,s4_random_10_percent,0.05651237890204521,0.57843696520251,0.5515639185905457
Random 10%,s4_random_10_percent,0.05669178327951202,0.57843696520251,0.5511242747306824
Random 10%,s4_random_10_percent,0.05669178327951202,0.5801483171705647,0.5498678088188171
Random 10%,s4_random_10_percent,0.05687118765697883,0.5801483171705647,0.5497828125953674
Random 10%,s4_random_10_percent,0.05687118765697883,0.580718767826583,0.5494687557220459
Random 10%,s4_random_10_percent,0.057229996411912454,0.580718767826583,0.54944908618927
Random 10%,s4_random_10_percent,0.057229996411912454,0.5824301197946378,0.5474528074264526
Random 10%,s4_random_10_percent,0.05776820954431288,0.5824301197946378,0.5462319254875183
Random 10%,s4_random_10_percent,0.05776820954431288,0.583000570450656,0.5461927652359009
Random 10%,s4_random_10_percent,0.0581270182992465,0.583000570450656,0.5459774732589722
Random 10%,s4_random_10_percent,0.0581270182992465,0.5841414717626925,0.5457504987716675
Random 10%,s4_random_10_percent,0.058306422676713314,0.5841414717626925,0.5451201796531677
Random 10%,s4_random_10_percent,0.058306422676713314,0.5852823730747291,0.5449543595314026
Random 10%,s4_random_10_percent,0.05848582705418012,0.5852823730747291,0.5448201894760132
Random 10%,s4_random_10_percent,0.05848582705418012,0.5864232743867656,0.5434744358062744
Random 10%,s4_random_10_percent,0.059203444564047365,0.5864232743867656,0.5415595769882202
Random 10%,s4_random_10_percent,0.059203444564047365,0.587564175698802,0.5407934784889221
Random 10%,s4_random_10_percent,0.05974165769644779,0.587564175698802,0.5404810905456543
Random 10%,s4_random_10_percent,0.05974165769644779,0.5904164289788933,0.5394716262817383
Random 10%,s4_random_10_percent,0.0599210620739146,0.5904164289788933,0.5392017364501953
Random 10%,s4_random_10_percent,0.0599210620739146,0.5915573302909298,0.5375941395759583
Random 10%,s4_random_10_percent,0.06063867958378184,0.5915573302909298,0.5356738567352295
Random 10%,s4_random_10_percent,0.06063867958378184,0.5949800342270394,0.5336575508117676
Random 10%,s4_random_10_percent,0.06081808396124865,0.5949800342270394,0.5324059724807739
Random 10%,s4_random_10_percent,0.06081808396124865,0.5961209355390759,0.5306360721588135
Random 10%,s4_random_10_percent,0.06099748833871547,0.5972618368511123,0.53012615442276
Random 10%,s4_random_10_percent,0.06099748833871547,0.5984027381631489,0.5290877223014832
Random 10%,s4_random_10_percent,0.061356297093649086,0.5984027381631489,0.5281007289886475
Random 10%,s4_random_10_percent,0.061356297093649086,0.5989731888191672,0.528049647808075
Random 10%,s4_random_10_percent,0.061535701471115895,0.5989731888191672,0.5279309153556824
Random 10%,s4_random_10_percent,0.061535701471115895,0.6001140901312036,0.5274356603622437
Random 10%,s4_random_10_percent,0.0617151058485827,0.6001140901312036,0.5271908044815063
Random 10%,s4_random_10_percent,0.0617151058485827,0.6006845407872219,0.5270411372184753
Random 10%,s4_random_10_percent,0.06207391460351633,0.6006845407872219,0.52699875831604
Random 10%,s4_random_10_percent,0.06207391460351633,0.6012549914432401,0.5268756151199341
Random 10%,s4_random_10_percent,0.06225331898098314,0.6012549914432401,0.5266651511192322
Random 10%,s4_random_10_percent,0.06225331898098314,0.602966343411295,0.5262460708618164
Random 10%,s4_random_10_percent,0.06297093649085038,0.602966343411295,0.5239283442497253
Random 10%,s4_random_10_percent,0.06297093649085038,0.6041072447233314,0.5231855511665344
Random 10%,s4_random_10_percent,0.06350914962325081,0.6041072447233314,0.522158145904541
Random 10%,s4_random_10_percent,0.06368855400071761,0.6046776953793497,0.5221570730209351
Random 10%,s4_random_10_percent,0.06386795837818443,0.6046776953793497,0.5220726132392883
Random 10%,s4_random_10_percent,0.06386795837818443,0.6063890473474044,0.5210611820220947
Random 10%,s4_random_10_percent,0.06422676713311805,0.6063890473474044,0.5207624435424805
Random 10%,s4_random_10_percent,0.06422676713311805,0.6092413006274957,0.5192537903785706
Random 10%,s4_random_10_percent,0.06440617151058486,0.6092413006274957,0.519009530544281
Random 10%,s4_random_10_percent,0.06440617151058486,0.609811751283514,0.5189096927642822
Random 10%,s4_random_10_percent,0.06458557588805167,0.609811751283514,0.5188618302345276
Random 10%,s4_random_10_percent,0.06458557588805167,0.6103822019395322,0.5186362862586975
Random 10%,s4_random_10_percent,0.06476498026551848,0.6103822019395322,0.5177152156829834
Random 10%,s4_random_10_percent,0.06476498026551848,0.6109526525955505,0.5175363421440125
Random 10%,s4_random_10_percent,0.06584140653031934,0.6109526525955505,0.516603946685791
Random 10%,s4_random_10_percent,0.06584140653031934,0.6115231032515688,0.516551673412323
Random 10%,s4_random_10_percent,0.06602081090778615,0.6115231032515688,0.5163590908050537
Random 10%,s4_random_10_percent,0.06602081090778615,0.6126640045636053,0.5153152942657471
Random 10%,s4_random_10_percent,0.06637961966271977,0.6126640045636053,0.5140381455421448
Random 10%,s4_random_10_percent,0.06637961966271977,0.6138049058756417,0.513177216053009
Random 10%,s4_random_10_percent,0.06763545030498744,0.6138049058756417,0.5105936527252197
Random 10%,s4_random_10_percent,0.06763545030498744,0.61437535653166,0.5101797580718994
Random 10%,s4_random_10_percent,0.06799425905992106,0.61437535653166,0.5091707706451416
Random 10%,s4_random_10_percent,0.06799425905992106,0.6149458071876782,0.5089643001556396
Random 10%,s4_random_10_percent,0.0687118765697883,0.6149458071876782,0.5072047710418701
Random 10%,s4_random_10_percent,0.0687118765697883,0.6160867084997148,0.5068841576576233
Random 10%,s4_random_10_percent,0.0688912809472551,0.6160867084997148,0.5068563222885132
Random 10%,s4_random_10_percent,0.0688912809472551,0.616657159155733,0.5068114399909973
Random 10%,s4_random_10_percent,0.06907068532472192,0.616657159155733,0.5065389275550842
Random 10%,s4_random_10_percent,0.06907068532472192,0.6183685111237878,0.5062099695205688
Random 10%,s4_random_10_percent,0.06925008970218874,0.6183685111237878,0.5053912997245789
Random 10%,s4_random_10_percent,0.06925008970218874,0.618938961779806,0.50509113073349
Random 10%,s4_random_10_percent,0.06942949407965554,0.6195094124358242,0.5047718286514282
Random 10%,s4_random_10_percent,0.06942949407965554,0.6200798630918426,0.5045021772384644
Random 10%,s4_random_10_percent,0.07086472909939003,0.6200798630918426,0.5031992197036743
Random 10%,s4_random_10_percent,0.07086472909939003,0.6206503137478608,0.5031773447990417
Random 10%,s4_random_10_percent,0.07140294223179046,0.6206503137478608,0.5028176307678223
Random 10%,s4_random_10_percent,0.07140294223179046,0.6240730176839704,0.5011067390441895
Random 10%,s4_random_10_percent,0.07194115536419089,0.6240730176839704,0.49990084767341614
Random 10%,s4_random_10_percent,0.07194115536419089,0.6246434683399886,0.4996996521949768
Random 10%,s4_random_10_percent,0.0721205597416577,0.6246434683399886,0.4986485540866852
Random 10%,s4_random_10_percent,0.0721205597416577,0.6252139189960069,0.49850577116012573
Random 10%,s4_random_10_percent,0.07229996411912451,0.6252139189960069,0.49816402792930603
Random 10%,s4_random_10_percent,0.07229996411912451,0.6263548203080433,0.4978015422821045
Random 10%,s4_random_10_percent,0.07247936849659131,0.6263548203080433,0.4976147413253784
Random 10%,s4_random_10_percent,0.07247936849659131,0.6269252709640616,0.497245192527771
Random 10%,s4_random_10_percent,0.07265877287405813,0.6269252709640616,0.49723872542381287
Random 10%,s4_random_10_percent,0.07265877287405813,0.6286366229321164,0.4952234625816345
Random 10%,s4_random_10_percent,0.07283817725152494,0.6286366229321164,0.4951469898223877
Random 10%,s4_random_10_percent,0.07283817725152494,0.6292070735881347,0.494497150182724
Random 10%,s4_random_10_percent,0.07301758162899175,0.6292070735881347,0.4938414394855499
Random 10%,s4_random_10_percent,0.07301758162899175,0.6297775242441529,0.4938174784183502
Random 10%,s4_random_10_percent,0.07319698600645856,0.6297775242441529,0.4935632050037384
Random 10%,s4_random_10_percent,0.07319698600645856,0.6303479749001711,0.4933214783668518
Random 10%,s4_random_10_percent,0.07337639038392536,0.6303479749001711,0.4931507110595703
Random 10%,s4_random_10_percent,0.07337639038392536,0.6309184255561894,0.49292051792144775
Random 10%,s4_random_10_percent,0.07355579476139218,0.6309184255561894,0.49260246753692627
Random 10%,s4_random_10_percent,0.07355579476139218,0.6320593268682259,0.49178409576416016
Random 10%,s4_random_10_percent,0.0739146035163258,0.6320593268682259,0.4913448095321655
Random 10%,s4_random_10_percent,0.0739146035163258,0.6326297775242442,0.49132490158081055
Random 10%,s4_random_10_percent,0.07445281664872623,0.6326297775242442,0.4902571141719818
Random 10%,s4_random_10_percent,0.07445281664872623,0.6343411294922989,0.4881620407104492
Random 10%,s4_random_10_percent,0.07517043415859347,0.6343411294922989,0.48643168807029724
Random 10%,s4_random_10_percent,0.07517043415859347,0.6360524814603536,0.48550039529800415
Random 10%,s4_random_10_percent,0.07534983853606028,0.6360524814603536,0.4854130446910858
Random 10%,s4_random_10_percent,0.07534983853606028,0.6366229321163719,0.4852434992790222
Random 10%,s4_random_10_percent,0.07624686042339433,0.6366229321163719,0.4846707582473755
Random 10%,s4_random_10_percent,0.07624686042339433,0.6371933827723902,0.48394981026649475
Random 10%,s4_random_10_percent,0.07714388231072838,0.6371933827723902,0.48288995027542114
Random 10%,s4_random_10_percent,0.07714388231072838,0.6377638334284085,0.48234695196151733
Random 10%,s4_random_10_percent,0.077502691065662,0.6377638334284085,0.4822474718093872
Random 10%,s4_random_10_percent,0.077502691065662,0.6394751853964632,0.48121488094329834
Random 10%,s4_random_10_percent,0.07768209544312882,0.6394751853964632,0.47988539934158325
Random 10%,s4_random_10_percent,0.07768209544312882,0.6406160867084997,0.4794254004955292
Random 10%,s4_random_10_percent,0.07786149982059562,0.6406160867084997,0.47912463545799255
Random 10%,s4_random_10_percent,0.07786149982059562,0.6411865373645179,0.47876620292663574
Random 10%,s4_random_10_percent,0.07804090419806244,0.6417569880205363,0.4787372946739197
Random 10%,s4_random_10_percent,0.07857911733046287,0.6417569880205363,0.4782353639602661
Random 10%,s4_random_10_percent,0.07857911733046287,0.6423274386765545,0.4779689311981201
Random 10%,s4_random_10_percent,0.0792967348403301,0.6423274386765545,0.47714826464653015
Random 10%,s4_random_10_percent,0.0792967348403301,0.6428978893325727,0.47707945108413696
Random 10%,s4_random_10_percent,0.07947613921779692,0.6428978893325727,0.47652217745780945
Random 10%,s4_random_10_percent,0.07965554359526372,0.643468339988591,0.47551804780960083
Random 10%,s4_random_10_percent,0.07965554359526372,0.6440387906446092,0.4753538966178894
Random 10%,s4_random_10_percent,0.07983494797273054,0.6440387906446092,0.47519323229789734
Random 10%,s4_random_10_percent,0.07983494797273054,0.6446092413006275,0.47482526302337646
Random 10%,s4_random_10_percent,0.08019375672766416,0.6446092413006275,0.47373148798942566
Random 10%,s4_random_10_percent,0.08037316110513097,0.6446092413006275,0.47356221079826355
Random 10%,s4_random_10_percent,0.08037316110513097,0.6451796919566457,0.47344595193862915
Random 10%,s4_random_10_percent,0.08055256548259777,0.6451796919566457,0.4733945429325104
Random 10%,s4_random_10_percent,0.08055256548259777,0.6463205932686823,0.47301745414733887
Random 10%,s4_random_10_percent,0.08091137423753139,0.6463205932686823,0.4727717339992523
Random 10%,s4_random_10_percent,0.08091137423753139,0.6491728465487735,0.4719080924987793
Random 10%,s4_random_10_percent,0.08198780050233226,0.6491728465487735,0.47000741958618164
Random 10%,s4_random_10_percent,0.08198780050233226,0.6497432972047917,0.46992960572242737
Random 10%,s4_random_10_percent,0.08252601363473269,0.6497432972047917,0.46960338950157166
Random 10%,s4_random_10_percent,0.08252601363473269,0.6503137478608101,0.4692469835281372
Random 10%,s4_random_10_percent,0.08306422676713311,0.6503137478608101,0.46880054473876953
Random 10%,s4_random_10_percent,0.08306422676713311,0.6520250998288648,0.46843770146369934
Random 10%,s4_random_10_percent,0.08342303552206674,0.6520250998288648,0.467860609292984
Random 10%,s4_random_10_percent,0.08360243989953355,0.652595550484883,0.46760252118110657
Random 10%,s4_random_10_percent,0.08378184427700036,0.652595550484883,0.4666830897331238
Random 10%,s4_random_10_percent,0.08378184427700036,0.6537364517969195,0.4660331606864929
Random 10%,s4_random_10_percent,0.0844994617868676,0.6537364517969195,0.46571066975593567
Random 10%,s4_random_10_percent,0.0844994617868676,0.6548773531089561,0.4654020667076111
Random 10%,s4_random_10_percent,0.08485827054180121,0.6548773531089561,0.4638541340827942
Random 10%,s4_random_10_percent,0.08485827054180121,0.6554478037649744,0.4637375473976135
Random 10%,s4_random_10_percent,0.08503767491926803,0.6554478037649744,0.4632326662540436
Random 10%,s4_random_10_percent,0.08503767491926803,0.6560182544209926,0.4629935622215271
Random 10%,s4_random_10_percent,0.08593469680660208,0.6560182544209926,0.4623575210571289
Random 10%,s4_random_10_percent,0.08593469680660208,0.6565887050770108,0.46235284209251404
Random 10%,s4_random_10_percent,0.0861141011840689,0.6565887050770108,0.4620480537414551
Random 10%,s4_random_10_percent,0.0861141011840689,0.6577296063890473,0.46138426661491394
Random 10%,s4_random_10_percent,0.0862935055615357,0.6577296063890473,0.4612351357936859
Random 10%,s4_random_10_percent,0.0862935055615357,0.6588705077010839,0.4610479176044464
Random 10%,s4_random_10_percent,0.08647290993900252,0.6588705077010839,0.4600411355495453
Random 10%,s4_random_10_percent,0.08647290993900252,0.6611523103251569,0.4589187502861023
Random 10%,s4_random_10_percent,0.08665231431646932,0.6611523103251569,0.45808103680610657
Random 10%,s4_random_10_percent,0.08665231431646932,0.6622932116371933,0.45783406496047974
Random 10%,s4_random_10_percent,0.08683171869393613,0.6622932116371933,0.45755696296691895
Random 10%,s4_random_10_percent,0.08683171869393613,0.6628636622932116,0.45744359493255615
Random 10%,s4_random_10_percent,0.08701112307140295,0.6628636622932116,0.45737865567207336
Random 10%,s4_random_10_percent,0.08701112307140295,0.6634341129492299,0.45732876658439636
Random 10%,s4_random_10_percent,0.08719052744886975,0.6634341129492299,0.4571252763271332
Random 10%,s4_random_10_percent,0.08719052744886975,0.6640045636052482,0.45647647976875305
Random 10%,s4_random_10_percent,0.08736993182633657,0.6640045636052482,0.45624369382858276
Random 10%,s4_random_10_percent,0.08736993182633657,0.6645750142612664,0.456146240234375
Random 10%,s4_random_10_percent,0.087908144958737,0.6645750142612664,0.4545302093029022
Random 10%,s4_random_10_percent,0.087908144958737,0.6651454649172847,0.4542554020881653
Random 10%,s4_random_10_percent,0.08844635809113742,0.6651454649172847,0.4538794755935669
Random 10%,s4_random_10_percent,0.08844635809113742,0.6657159155733029,0.4534122943878174
Random 10%,s4_random_10_percent,0.08862576246860424,0.6657159155733029,0.4531756341457367
Random 10%,s4_random_10_percent,0.08862576246860424,0.6662863662293211,0.45293059945106506
Random 10%,s4_random_10_percent,0.08880516684607104,0.6668568168853394,0.4527726173400879
Random 10%,s4_random_10_percent,0.08880516684607104,0.6685681688533942,0.4508928954601288
Random 10%,s4_random_10_percent,0.08898457122353785,0.6685681688533942,0.45073288679122925
Random 10%,s4_random_10_percent,0.08898457122353785,0.6691386195094124,0.44999873638153076
Random 10%,s4_random_10_percent,0.08916397560100467,0.6691386195094124,0.4499007761478424
Random 10%,s4_random_10_percent,0.08916397560100467,0.6697090701654307,0.44938910007476807
Random 10%,s4_random_10_percent,0.08934337997847147,0.6697090701654307,0.4488707482814789
Random 10%,s4_random_10_percent,0.08934337997847147,0.6708499714774672,0.4478013813495636
Random 10%,s4_random_10_percent,0.08952278435593829,0.6708499714774672,0.44743260741233826
Random 10%,s4_random_10_percent,0.08952278435593829,0.6714204221334854,0.44628554582595825
Random 10%,s4_random_10_percent,0.09024040186580552,0.6714204221334854,0.4449019134044647
Random 10%,s4_random_10_percent,0.09024040186580552,0.6719908727895038,0.4448108673095703
Random 10%,s4_random_10_percent,0.09059921062073914,0.6719908727895038,0.444467157125473
Random 10%,s4_random_10_percent,0.09095801937567277,0.6719908727895038,0.44424277544021606
Random 10%,s4_random_10_percent,0.09095801937567277,0.6731317741015402,0.44384846091270447
Random 10%,s4_random_10_percent,0.09113742375313957,0.6731317741015402,0.4437774419784546
Random 10%,s4_random_10_percent,0.09113742375313957,0.6737022247575585,0.44369399547576904
Random 10%,s4_random_10_percent,0.09131682813060639,0.6737022247575585,0.4433402717113495
Random 10%,s4_random_10_percent,0.09149623250807319,0.674843126069595,0.4430248439311981
Random 10%,s4_random_10_percent,0.09149623250807319,0.6759840273816314,0.44246214628219604
Random 10%,s4_random_10_percent,0.09167563688554001,0.6759840273816314,0.44215765595436096
Random 10%,s4_random_10_percent,0.09167563688554001,0.677124928693668,0.4417213499546051
Random 10%,s4_random_10_percent,0.09221385001794044,0.677124928693668,0.4405686557292938
Random 10%,s4_random_10_percent,0.09221385001794044,0.6788362806617227,0.4395260512828827
Random 10%,s4_random_10_percent,0.09275206315034087,0.6788362806617227,0.43850791454315186
Random 10%,s4_random_10_percent,0.09275206315034087,0.6799771819737592,0.43782949447631836
Random 10%,s4_random_10_percent,0.09293146752780768,0.6799771819737592,0.4377976655960083
Random 10%,s4_random_10_percent,0.09293146752780768,0.6822589845978323,0.4371469020843506
Random 10%,s4_random_10_percent,0.09311087190527449,0.6822589845978323,0.4371173083782196
Random 10%,s4_random_10_percent,0.09311087190527449,0.6833998859098688,0.4367305040359497
Random 10%,s4_random_10_percent,0.0932902762827413,0.6833998859098688,0.4366168677806854
Random 10%,s4_random_10_percent,0.09364908503767493,0.6833998859098688,0.43655577301979065
Random 10%,s4_random_10_percent,0.09382848941514173,0.6833998859098688,0.43625110387802124
Random 10%,s4_random_10_percent,0.09382848941514173,0.683970336565887,0.4362168610095978
Random 10%,s4_random_10_percent,0.09400789379260854,0.683970336565887,0.4361193776130676
Random 10%,s4_random_10_percent,0.09400789379260854,0.6856816885339418,0.4353543221950531
Random 10%,s4_random_10_percent,0.09472551130247578,0.6856816885339418,0.43474507331848145
Random 10%,s4_random_10_percent,0.09472551130247578,0.6868225898459783,0.43439602851867676
Random 10%,s4_random_10_percent,0.0950843200574094,0.6868225898459783,0.43414703011512756
Random 10%,s4_random_10_percent,0.09526372443487621,0.6868225898459783,0.4340982437133789
Random 10%,s4_random_10_percent,0.09526372443487621,0.6879634911580148,0.4333736002445221
Random 10%,s4_random_10_percent,0.09634015069967707,0.6879634911580148,0.4320152699947357
Random 10%,s4_random_10_percent,0.09634015069967707,0.688533941814033,0.43196606636047363
Random 10%,s4_random_10_percent,0.09651955507714388,0.688533941814033,0.4314604103565216
Random 10%,s4_random_10_percent,0.09651955507714388,0.6896748431260696,0.43129071593284607
Random 10%,s4_random_10_percent,0.0966989594546107,0.6902452937820879,0.4309236407279968
Random 10%,s4_random_10_percent,0.0968783638320775,0.6902452937820879,0.4306198060512543
Random 10%,s4_random_10_percent,0.0968783638320775,0.6913861950941244,0.43036413192749023
Random 10%,s4_random_10_percent,0.09705776820954432,0.6913861950941244,0.43023788928985596
Random 10%,s4_random_10_percent,0.09705776820954432,0.6930975470621791,0.4290831387042999
Random 10%,s4_random_10_percent,0.0986724076067456,0.6930975470621791,0.42765602469444275
Random 10%,s4_random_10_percent,0.09885181198421242,0.6936679977181974,0.42719635367393494
Random 10%,s4_random_10_percent,0.09921062073914604,0.6936679977181974,0.42700642347335815
Random 10%,s4_random_10_percent,0.09921062073914604,0.6942384483742157,0.426618754863739
Random 10%,s4_random_10_percent,0.09939002511661285,0.6942384483742157,0.42641907930374146
Random 10%,s4_random_10_percent,0.09939002511661285,0.6948088990302339,0.4264167249202728
Random 10%,s4_random_10_percent,0.09956942949407965,0.6948088990302339,0.42641279101371765
Random 10%,s4_random_10_percent,0.09956942949407965,0.6953793496862521,0.42573457956314087
Random 10%,s4_random_10_percent,0.10100466451381414,0.6953793496862521,0.4243546426296234
Random 10%,s4_random_10_percent,0.10100466451381414,0.6965202509982886,0.423206627368927
Random 10%,s4_random_10_percent,0.10172228202368137,0.6965202509982886,0.4217064380645752
Random 10%,s4_random_10_percent,0.10172228202368137,0.6970907016543069,0.42169901728630066
Random 10%,s4_random_10_percent,0.10190168640114819,0.6970907016543069,0.4216432273387909
Random 10%,s4_random_10_percent,0.10190168640114819,0.6976611523103251,0.4216298758983612
Random 10%,s4_random_10_percent,0.102081090778615,0.6976611523103251,0.4216044545173645
Random 10%,s4_random_10_percent,0.102081090778615,0.6982316029663435,0.4214743673801422
Random 10%,s4_random_10_percent,0.10226049515608181,0.6982316029663435,0.42131108045578003
Random 10%,s4_random_10_percent,0.10226049515608181,0.6993725042783799,0.42014649510383606
Random 10%,s4_random_10_percent,0.10261930391101542,0.6993725042783799,0.4200159013271332
Random 10%,s4_random_10_percent,0.10261930391101542,0.7005134055904164,0.41935819387435913
Random 10%,s4_random_10_percent,0.10333692142088267,0.7005134055904164,0.4186468720436096
Random 10%,s4_random_10_percent,0.10333692142088267,0.7016543069024529,0.41818755865097046
Random 10%,s4_random_10_percent,0.10351632579834948,0.7016543069024529,0.41815924644470215
Random 10%,s4_random_10_percent,0.10351632579834948,0.7022247575584712,0.4181045889854431
Random 10%,s4_random_10_percent,0.10369573017581629,0.7022247575584712,0.41800349950790405
Random 10%,s4_random_10_percent,0.10369573017581629,0.7027952082144895,0.41732367873191833
Random 10%,s4_random_10_percent,0.1038751345532831,0.7027952082144895,0.41717854142189026
Random 10%,s4_random_10_percent,0.1038751345532831,0.7050770108385624,0.41641363501548767
Random 10%,s4_random_10_percent,0.10405453893074991,0.7050770108385624,0.41610875725746155
Random 10%,s4_random_10_percent,0.10405453893074991,0.7056474614945807,0.4158691465854645
Random 10%,s4_random_10_percent,0.10423394330821673,0.7056474614945807,0.4158327877521515
Random 10%,s4_random_10_percent,0.10423394330821673,0.7062179121505989,0.4154498875141144
Random 10%,s4_random_10_percent,0.10441334768568353,0.7062179121505989,0.41525977849960327
Random 10%,s4_random_10_percent,0.10441334768568353,0.7067883628066173,0.4152347445487976
Random 10%,s4_random_10_percent,0.10495156081808396,0.7067883628066173,0.41504088044166565
Random 10%,s4_random_10_percent,0.10495156081808396,0.7073588134626355,0.4149496853351593
Random 10%,s4_random_10_percent,0.1054897739504844,0.7073588134626355,0.41443735361099243
Random 10%,s4_random_10_percent,0.1054897739504844,0.708499714774672,0.4142763912677765
Random 10%,s4_random_10_percent,0.10584858270541801,0.708499714774672,0.41417422890663147
Random 10%,s4_random_10_percent,0.10584858270541801,0.7090701654306902,0.41390886902809143
Random 10%,s4_random_10_percent,0.10674560459275206,0.7090701654306902,0.41293904185295105
Random 10%,s4_random_10_percent,0.10674560459275206,0.710781517398745,0.41168299317359924
Random 10%,s4_random_10_percent,0.10710441334768568,0.710781517398745,0.41142377257347107
Random 10%,s4_random_10_percent,0.10710441334768568,0.7119224187107815,0.41126319766044617
Random 10%,s4_random_10_percent,0.1072838177251525,0.7119224187107815,0.41093623638153076
Random 10%,s4_random_10_percent,0.1072838177251525,0.7136337706788363,0.41055828332901
Random 10%,s4_random_10_percent,0.1074632221026193,0.7136337706788363,0.41011321544647217
Random 10%,s4_random_10_percent,0.1074632221026193,0.7147746719908727,0.4098033905029297
Random 10%,s4_random_10_percent,0.10764262648008611,0.7147746719908727,0.4095640480518341
Random 10%,s4_random_10_percent,0.10764262648008611,0.7164860239589276,0.409013569355011
Random 10%,s4_random_10_percent,0.10836024398995335,0.7164860239589276,0.4079913794994354
Random 10%,s4_random_10_percent,0.10836024398995335,0.7170564746149458,0.40781477093696594
Random 10%,s4_random_10_percent,0.10836024398995335,0.7181973759269823,0.40756741166114807
Random 10%,s4_random_10_percent,0.10871905274488698,0.7181973759269823,0.4072367548942566
Random 10%,s4_random_10_percent,0.10871905274488698,0.7193382772390188,0.40705668926239014
Random 10%,s4_random_10_percent,0.1090778614998206,0.7193382772390188,0.40625473856925964
Random 10%,s4_random_10_percent,0.1090778614998206,0.7204791785510554,0.40594908595085144
Random 10%,s4_random_10_percent,0.10961607463222102,0.7204791785510554,0.40584874153137207
Random 10%,s4_random_10_percent,0.10961607463222102,0.7216200798630918,0.40568530559539795
Random 10%,s4_random_10_percent,0.11015428776462145,0.7216200798630918,0.4047428369522095
Random 10%,s4_random_10_percent,0.11033369214208827,0.7221905305191101,0.4047151207923889
Random 10%,s4_random_10_percent,0.11069250089702189,0.7221905305191101,0.40454429388046265
Random 10%,s4_random_10_percent,0.11069250089702189,0.7227609811751283,0.40448036789894104
Random 10%,s4_random_10_percent,0.1110513096519555,0.7227609811751283,0.40430915355682373
Random 10%,s4_random_10_percent,0.11141011840688912,0.7227609811751283,0.40420016646385193
Random 10%,s4_random_10_percent,0.11141011840688912,0.7233314318311466,0.40416648983955383
Random 10%,s4_random_10_percent,0.11158952278435594,0.7233314318311466,0.40391117334365845
Random 10%,s4_random_10_percent,0.11158952278435594,0.7244723331431832,0.40308278799057007
Random 10%,s4_random_10_percent,0.11176892716182275,0.7244723331431832,0.40297675132751465
Random 10%,s4_random_10_percent,0.11176892716182275,0.7250427837992014,0.4027373790740967
Random 10%,s4_random_10_percent,0.11248654467168999,0.7250427837992014,0.4017033278942108
Random 10%,s4_random_10_percent,0.11248654467168999,0.7256132344552196,0.4015297293663025
Random 10%,s4_random_10_percent,0.1126659490491568,0.7256132344552196,0.40124523639678955
Random 10%,s4_random_10_percent,0.1126659490491568,0.7261836851112379,0.4011649489402771
Random 10%,s4_random_10_percent,0.1128453534266236,0.7261836851112379,0.4007751941680908
Random 10%,s4_random_10_percent,0.1128453534266236,0.7278950370792926,0.40004029870033264
Random 10%,s4_random_10_percent,0.11338356655902404,0.7278950370792926,0.399529367685318
Random 10%,s4_random_10_percent,0.11356297093649086,0.728465487735311,0.3993161618709564
Random 10%,s4_random_10_percent,0.11410118406889128,0.728465487735311,0.3991588056087494
Random 10%,s4_random_10_percent,0.11410118406889128,0.7296063890473474,0.39840638637542725
Random 10%,s4_random_10_percent,0.11428058844635809,0.7296063890473474,0.39705875515937805
Random 10%,s4_random_10_percent,0.11428058844635809,0.7307472903593839,0.3960447609424591
Random 10%,s4_random_10_percent,0.11445999282382491,0.7307472903593839,0.3957032561302185
Random 10%,s4_random_10_percent,0.11445999282382491,0.7313177410154021,0.39555758237838745
Random 10%,s4_random_10_percent,0.11463939720129171,0.7313177410154021,0.3954612910747528
Random 10%,s4_random_10_percent,0.11463939720129171,0.7324586423274386,0.3947519361972809
Random 10%,s4_random_10_percent,0.11481880157875853,0.7324586423274386,0.39442503452301025
Random 10%,s4_random_10_percent,0.11481880157875853,0.733029092983457,0.39379510283470154
Random 10%,s4_random_10_percent,0.11517761033369214,0.733029092983457,0.3933992385864258
Random 10%,s4_random_10_percent,0.11517761033369214,0.7335995436394752,0.39278849959373474
Random 10%,s4_random_10_percent,0.11553641908862576,0.7335995436394752,0.39215895533561707
Random 10%,s4_random_10_percent,0.11553641908862576,0.7341699942954935,0.39208081364631653
Random 10%,s4_random_10_percent,0.1160746322210262,0.7341699942954935,0.3910695016384125
Random 10%,s4_random_10_percent,0.1160746322210262,0.7347404449515117,0.3898126780986786
Random 10%,s4_random_10_percent,0.116254036598493,0.7347404449515117,0.38973021507263184
Random 10%,s4_random_10_percent,0.116254036598493,0.7353108956075299,0.38958650827407837
Random 10%,s4_random_10_percent,0.11643344097595981,0.7353108956075299,0.3894462287425995
Random 10%,s4_random_10_percent,0.11643344097595981,0.7358813462635482,0.38907918334007263
Random 10%,s4_random_10_percent,0.11679224973089343,0.7358813462635482,0.3882521986961365
Random 10%,s4_random_10_percent,0.11679224973089343,0.7364517969195664,0.3882363438606262
Random 10%,s4_random_10_percent,0.11733046286329386,0.7364517969195664,0.3879656195640564
Random 10%,s4_random_10_percent,0.11733046286329386,0.7370222475755848,0.3878941535949707
Random 10%,s4_random_10_percent,0.11858629350556153,0.7370222475755848,0.3863827586174011
Random 10%,s4_random_10_percent,0.11858629350556153,0.737592698231603,0.38632795214653015
Random 10%,s4_random_10_percent,0.11912450663796197,0.737592698231603,0.3843671977519989
Random 10%,s4_random_10_percent,0.11912450663796197,0.7381631488876212,0.3843061327934265
Random 10%,s4_random_10_percent,0.11930391101542878,0.7381631488876212,0.38419464230537415
Random 10%,s4_random_10_percent,0.11930391101542878,0.7387335995436395,0.3836817741394043
Random 10%,s4_random_10_percent,0.11948331539289558,0.7387335995436395,0.383645623922348
Random 10%,s4_random_10_percent,0.11948331539289558,0.7393040501996577,0.3835388123989105
Random 10%,s4_random_10_percent,0.12073914603516325,0.7393040501996577,0.3814871609210968
Random 10%,s4_random_10_percent,0.12073914603516325,0.739874500855676,0.38133546710014343
Random 10%,s4_random_10_percent,0.12109795479009688,0.739874500855676,0.3808932602405548
Random 10%,s4_random_10_percent,0.12109795479009688,0.7404449515116942,0.3806701898574829
Random 10%,s4_random_10_percent,0.12253318980983136,0.7404449515116942,0.3786005973815918
Random 10%,s4_random_10_percent,0.12253318980983136,0.7415858528237308,0.37817880511283875
Random 10%,s4_random_10_percent,0.12271259418729817,0.742156303479749,0.37767183780670166
Random 10%,s4_random_10_percent,0.12289199856476499,0.742156303479749,0.37760603427886963
Random 10%,s4_random_10_percent,0.12289199856476499,0.7427267541357673,0.37717849016189575
Random 10%,s4_random_10_percent,0.1232508073196986,0.7427267541357673,0.37694641947746277
Random 10%,s4_random_10_percent,0.1232508073196986,0.7438676554478038,0.37613561749458313
Random 10%,s4_random_10_percent,0.12396842482956584,0.7438676554478038,0.37514370679855347
Random 10%,s4_random_10_percent,0.12396842482956584,0.7450085567598402,0.3747398853302002
Random 10%,s4_random_10_percent,0.12414782920703266,0.7450085567598402,0.37466657161712646
Random 10%,s4_random_10_percent,0.12414782920703266,0.7455790074158585,0.37389686703681946
Random 10%,s4_random_10_percent,0.12468604233943308,0.7455790074158585,0.3733070492744446
Random 10%,s4_random_10_percent,0.12468604233943308,0.7467199087278951,0.3729836046695709
Random 10%,s4_random_10_percent,0.12522425547183352,0.7467199087278951,0.3720405399799347
Random 10%,s4_random_10_percent,0.12522425547183352,0.7472903593839133,0.37145286798477173
Random 10%,s4_random_10_percent,0.12540365984930033,0.7472903593839133,0.3709423840045929
Random 10%,s4_random_10_percent,0.12540365984930033,0.7478608100399315,0.3708687722682953
Random 10%,s4_random_10_percent,0.12594187298170076,0.7478608100399315,0.3707703649997711
Random 10%,s4_random_10_percent,0.12594187298170076,0.7484312606959498,0.37071216106414795
Random 10%,s4_random_10_percent,0.1264800861141012,0.7484312606959498,0.36968207359313965
Random 10%,s4_random_10_percent,0.1264800861141012,0.7495721620079863,0.36905327439308167
Random 10%,s4_random_10_percent,0.1268388948690348,0.7495721620079863,0.36810028553009033
Random 10%,s4_random_10_percent,0.1268388948690348,0.7512835139760411,0.36753779649734497
Random 10%,s4_random_10_percent,0.12773591675636886,0.7512835139760411,0.36598554253578186
Random 10%,s4_random_10_percent,0.12773591675636886,0.7518539646320593,0.36528775095939636
Random 10%,s4_random_10_percent,0.12791532113383566,0.7518539646320593,0.36511552333831787
Random 10%,s4_random_10_percent,0.1282741298887693,0.7518539646320593,0.3644222915172577
Random 10%,s4_random_10_percent,0.1284535342662361,0.7518539646320593,0.36426594853401184
Random 10%,s4_random_10_percent,0.1284535342662361,0.7524244152880776,0.3641715347766876
Random 10%,s4_random_10_percent,0.12917115177610333,0.7524244152880776,0.36325597763061523
Random 10%,s4_random_10_percent,0.12935055615357013,0.753565316600114,0.36315712332725525
Random 10%,s4_random_10_percent,0.12952996053103696,0.753565316600114,0.36308032274246216
Random 10%,s4_random_10_percent,0.12952996053103696,0.7547062179121506,0.3625127673149109
Random 10%,s4_random_10_percent,0.12970936490850377,0.7547062179121506,0.3623006045818329
Random 10%,s4_random_10_percent,0.12988876928597057,0.7558471192241871,0.3622913956642151
Random 10%,s4_random_10_percent,0.1302475780409042,0.7558471192241871,0.3618529736995697
Random 10%,s4_random_10_percent,0.1302475780409042,0.7569880205362236,0.3615708351135254
Random 10%,s4_random_10_percent,0.130426982418371,0.7575584711922418,0.36153510212898254
Random 10%,s4_random_10_percent,0.130426982418371,0.7581289218482601,0.3611556887626648
Random 10%,s4_random_10_percent,0.13060638679583783,0.7581289218482601,0.36082395911216736
Random 10%,s4_random_10_percent,0.13060638679583783,0.7592698231602967,0.3598095774650574
Random 10%,s4_random_10_percent,0.13114459992823824,0.7592698231602967,0.35887056589126587
Random 10%,s4_random_10_percent,0.13168281306063867,0.7592698231602967,0.3583964705467224
Random 10%,s4_random_10_percent,0.1318622174381055,0.7592698231602967,0.3583575189113617
Random 10%,s4_random_10_percent,0.1322210261930391,0.7592698231602967,0.3583316206932068
Random 10%,s4_random_10_percent,0.13240043057050593,0.7592698231602967,0.35814565420150757
Random 10%,s4_random_10_percent,0.13240043057050593,0.7598402738163149,0.35784950852394104
Random 10%,s4_random_10_percent,0.13293864370290634,0.7598402738163149,0.35719940066337585
Random 10%,s4_random_10_percent,0.13293864370290634,0.7604107244723332,0.3568804860115051
Random 10%,s4_random_10_percent,0.13329745245783997,0.7604107244723332,0.35630637407302856
Random 10%,s4_random_10_percent,0.13329745245783997,0.7609811751283514,0.356275737285614
Random 10%,s4_random_10_percent,0.13347685683530677,0.7609811751283514,0.35574400424957275
Random 10%,s4_random_10_percent,0.13347685683530677,0.7615516257843696,0.3555218577384949
Random 10%,s4_random_10_percent,0.1338356655902404,0.7615516257843696,0.3553061783313751
Random 10%,s4_random_10_percent,0.134194474345174,0.7632629777524245,0.3552698791027069
Random 10%,s4_random_10_percent,0.13437387872264084,0.7638334284084427,0.3551526665687561
Random 10%,s4_random_10_percent,0.13509149623250807,0.7638334284084427,0.35422250628471375
Random 10%,s4_random_10_percent,0.13509149623250807,0.764403879064461,0.35400789976119995
Random 10%,s4_random_10_percent,0.13527090060997488,0.764403879064461,0.35391560196876526
Random 10%,s4_random_10_percent,0.13527090060997488,0.7655447803764974,0.3536633849143982
Random 10%,s4_random_10_percent,0.1356297093649085,0.7655447803764974,0.3535696268081665
Random 10%,s4_random_10_percent,0.1359885181198421,0.7655447803764974,0.35350582003593445
Random 10%,s4_random_10_percent,0.1359885181198421,0.7661152310325157,0.3535040020942688
Random 10%,s4_random_10_percent,0.13670613562970937,0.7661152310325157,0.3522776663303375
Random 10%,s4_random_10_percent,0.13670613562970937,0.7666856816885339,0.3518262207508087
Random 10%,s4_random_10_percent,0.13688554000717618,0.7666856816885339,0.3516566753387451
Random 10%,s4_random_10_percent,0.13706494438464298,0.7672561323445521,0.3516499698162079
Random 10%,s4_random_10_percent,0.1392177969142447,0.7672561323445521,0.3494560718536377
Random 10%,s4_random_10_percent,0.1392177969142447,0.7678265830005705,0.34925657510757446
Random 10%,s4_random_10_percent,0.13975601004664515,0.7678265830005705,0.3484676778316498
Random 10%,s4_random_10_percent,0.13993541442411195,0.7683970336565887,0.3479667901992798
Random 10%,s4_random_10_percent,0.14119124506637962,0.7683970336565887,0.34523069858551025
Random 10%,s4_random_10_percent,0.14119124506637962,0.7695379349686252,0.3442279100418091
Random 10%,s4_random_10_percent,0.14155005382131325,0.7695379349686252,0.3440386652946472
Random 10%,s4_random_10_percent,0.14172945819878005,0.7701083856246435,0.3432721793651581
Random 10%,s4_random_10_percent,0.1426264800861141,0.7701083856246435,0.34191733598709106
Random 10%,s4_random_10_percent,0.14280588446358092,0.7706788362806617,0.3415825068950653
Random 10%,s4_random_10_percent,0.14298528884104772,0.7706788362806617,0.34097403287887573
Random 10%,s4_random_10_percent,0.14298528884104772,0.7718197375926983,0.34079647064208984
Random 10%,s4_random_10_percent,0.14334409759598135,0.7718197375926983,0.3406824469566345
Random 10%,s4_random_10_percent,0.14334409759598135,0.7723901882487165,0.3405979871749878
Random 10%,s4_random_10_percent,0.14370290635091496,0.7723901882487165,0.3403024971485138
Random 10%,s4_random_10_percent,0.1442411194833154,0.7729606389047348,0.3400484323501587
Random 10%,s4_random_10_percent,0.1444205238607822,0.7729606389047348,0.3399587869644165
Random 10%,s4_random_10_percent,0.1444205238607822,0.773531089560753,0.3396182954311371
Random 10%,s4_random_10_percent,0.14477933261571582,0.773531089560753,0.33938074111938477
Random 10%,s4_random_10_percent,0.14477933261571582,0.7741015402167712,0.33936217427253723
Random 10%,s4_random_10_percent,0.14495873699318262,0.7741015402167712,0.339321494102478
Random 10%,s4_random_10_percent,0.14495873699318262,0.775812892184826,0.33859026432037354
Random 10%,s4_random_10_percent,0.1460351632579835,0.775812892184826,0.3379766643047333
Random 10%,s4_random_10_percent,0.1460351632579835,0.7775242441528808,0.3370648920536041
Random 10%,s4_random_10_percent,0.1462145676354503,0.7775242441528808,0.3370582163333893
Random 10%,s4_random_10_percent,0.1462145676354503,0.7792355961209355,0.3354008197784424
Random 10%,s4_random_10_percent,0.14675278076785073,0.7792355961209355,0.33461135625839233
Random 10%,s4_random_10_percent,0.14675278076785073,0.7798060467769538,0.3339884281158447
Random 10%,s4_random_10_percent,0.14693218514531756,0.7798060467769538,0.3339148759841919
Random 10%,s4_random_10_percent,0.14693218514531756,0.7809469480889903,0.3333301842212677
Random 10%,s4_random_10_percent,0.14711158952278436,0.7809469480889903,0.33321771025657654
Random 10%,s4_random_10_percent,0.14711158952278436,0.7820878494010268,0.33262404799461365
Random 10%,s4_random_10_percent,0.147470398277718,0.7820878494010268,0.33229586482048035
Random 10%,s4_random_10_percent,0.1478292070326516,0.7820878494010268,0.3314412236213684
Random 10%,s4_random_10_percent,0.14818801578758523,0.7820878494010268,0.3312094509601593
Random 10%,s4_random_10_percent,0.14818801578758523,0.7832287507130633,0.3308141827583313
Random 10%,s4_random_10_percent,0.14872622891998566,0.7832287507130633,0.33055123686790466
Random 10%,s4_random_10_percent,0.14872622891998566,0.7837992013690815,0.3303385078907013
Random 10%,s4_random_10_percent,0.14890563329745246,0.7837992013690815,0.3299693763256073
Random 10%,s4_random_10_percent,0.14890563329745246,0.7843696520250998,0.3298715353012085
Random 10%,s4_random_10_percent,0.14926444205238606,0.7849401026811181,0.32963529229164124
Random 10%,s4_random_10_percent,0.15052027269465376,0.7849401026811181,0.3280472755432129
Random 10%,s4_random_10_percent,0.15069967707212056,0.7855105533371364,0.3278074264526367
Random 10%,s4_random_10_percent,0.15087908144958737,0.7855105533371364,0.32776981592178345
Random 10%,s4_random_10_percent,0.15087908144958737,0.7860810039931546,0.3273835778236389
Random 10%,s4_random_10_percent,0.151237890204521,0.7860810039931546,0.3267420828342438
Random 10%,s4_random_10_percent,0.15213491209185503,0.7866514546491729,0.32668206095695496
Random 10%,s4_random_10_percent,0.15231431646932186,0.7866514546491729,0.3266170024871826
Random 10%,s4_random_10_percent,0.15231431646932186,0.7872219053051911,0.32649916410446167
Random 10%,s4_random_10_percent,0.1533907427341227,0.7872219053051911,0.32450854778289795
Random 10%,s4_random_10_percent,0.1533907427341227,0.7877923559612093,0.32429030537605286
Random 10%,s4_random_10_percent,0.15357014711158953,0.7877923559612093,0.32428503036499023
Random 10%,s4_random_10_percent,0.15357014711158953,0.7883628066172276,0.32360848784446716
Random 10%,s4_random_10_percent,0.15410836024398997,0.7883628066172276,0.3232108950614929
Random 10%,s4_random_10_percent,0.15410836024398997,0.7895037079292642,0.3228186368942261
Random 10%,s4_random_10_percent,0.15428776462145677,0.7895037079292642,0.3226228356361389
Random 10%,s4_random_10_percent,0.15428776462145677,0.7900741585852824,0.32232174277305603
Random 10%,s4_random_10_percent,0.1548259777538572,0.7900741585852824,0.3214138448238373
Random 10%,s4_random_10_percent,0.1548259777538572,0.7906446092413006,0.321358323097229
Random 10%,s4_random_10_percent,0.1551847865087908,0.7906446092413006,0.320846289396286
Random 10%,s4_random_10_percent,0.1551847865087908,0.7917855105533371,0.3207002282142639
Random 10%,s4_random_10_percent,0.15572299964119124,0.7917855105533371,0.32033827900886536
Random 10%,s4_random_10_percent,0.15572299964119124,0.7923559612093554,0.31987208127975464
Random 10%,s4_random_10_percent,0.15626121277359167,0.7923559612093554,0.31962111592292786
Random 10%,s4_random_10_percent,0.15626121277359167,0.793496862521392,0.3193534016609192
Random 10%,s4_random_10_percent,0.1566200215285253,0.793496862521392,0.319271057844162
Random 10%,s4_random_10_percent,0.1567994259059921,0.793496862521392,0.31917470693588257
Random 10%,s4_random_10_percent,0.1567994259059921,0.7946377638334284,0.31914469599723816
Random 10%,s4_random_10_percent,0.1569788302834589,0.7946377638334284,0.31907615065574646
Random 10%,s4_random_10_percent,0.1569788302834589,0.7952082144894467,0.3189998269081116
Random 10%,s4_random_10_percent,0.15733763903839254,0.7952082144894467,0.3180590867996216
Random 10%,s4_random_10_percent,0.15787585217079297,0.7952082144894467,0.3178340494632721
Random 10%,s4_random_10_percent,0.15823466092572658,0.7952082144894467,0.31693822145462036
Random 10%,s4_random_10_percent,0.15823466092572658,0.7957786651454649,0.31674641370773315
Random 10%,s4_random_10_percent,0.1584140653031934,0.7957786651454649,0.31586286425590515
Random 10%,s4_random_10_percent,0.1584140653031934,0.7963491158014832,0.31552085280418396
Random 10%,s4_random_10_percent,0.15931108719052745,0.7963491158014832,0.3150750398635864
Random 10%,s4_random_10_percent,0.15931108719052745,0.7969195664575014,0.31494948267936707
Random 10%,s4_random_10_percent,0.15984930032292788,0.7969195664575014,0.3139096796512604
Random 10%,s4_random_10_percent,0.15984930032292788,0.7974900171135196,0.31371569633483887
Random 10%,s4_random_10_percent,0.16002870470039468,0.7974900171135196,0.313493013381958
Random 10%,s4_random_10_percent,0.16002870470039468,0.798060467769538,0.313238263130188
Random 10%,s4_random_10_percent,0.1603875134553283,0.7986309184255562,0.31319019198417664
Random 10%,s4_random_10_percent,0.16056691783279511,0.7986309184255562,0.3129870295524597
Random 10%,s4_random_10_percent,0.16056691783279511,0.7992013690815745,0.31239667534828186
Random 10%,s4_random_10_percent,0.16110513096519555,0.7992013690815745,0.31154927611351013
Random 10%,s4_random_10_percent,0.16128453534266235,0.7997718197375927,0.31112009286880493
Random 10%,s4_random_10_percent,0.16128453534266235,0.8003422703936109,0.3110812306404114
Random 10%,s4_random_10_percent,0.16146393972012918,0.8003422703936109,0.31073227524757385
Random 10%,s4_random_10_percent,0.16146393972012918,0.8009127210496292,0.3102719783782959
Random 10%,s4_random_10_percent,0.16182274847506278,0.8009127210496292,0.30983835458755493
Random 10%,s4_random_10_percent,0.1620021528525296,0.8014831717056474,0.3097970485687256
Random 10%,s4_random_10_percent,0.1620021528525296,0.8020536223616657,0.30977311730384827
Random 10%,s4_random_10_percent,0.16236096160746322,0.8020536223616657,0.30942243337631226
Random 10%,s4_random_10_percent,0.16236096160746322,0.802624073017684,0.3089020848274231
Random 10%,s4_random_10_percent,0.16271977036239685,0.802624073017684,0.30873197317123413
Random 10%,s4_random_10_percent,0.16271977036239685,0.8031945236737023,0.3087131381034851
Random 10%,s4_random_10_percent,0.16307857911733045,0.8031945236737023,0.30864518880844116
Random 10%,s4_random_10_percent,0.16307857911733045,0.8037649743297205,0.30859214067459106
Random 10%,s4_random_10_percent,0.16325798349479728,0.8037649743297205,0.30831217765808105
Random 10%,s4_random_10_percent,0.16343738787226408,0.8043354249857387,0.3080998957157135
Random 10%,s4_random_10_percent,0.16415500538213132,0.8043354249857387,0.30745670199394226
Random 10%,s4_random_10_percent,0.16469321851453175,0.8043354249857387,0.3069119453430176
Random 10%,s4_random_10_percent,0.16469321851453175,0.804905875641757,0.3065143823623657
Random 10%,s4_random_10_percent,0.16505202726946538,0.804905875641757,0.30582860112190247
Random 10%,s4_random_10_percent,0.16505202726946538,0.8054763262977752,0.305395245552063
Random 10%,s4_random_10_percent,0.16594904915679942,0.8054763262977752,0.30361515283584595
Random 10%,s4_random_10_percent,0.16594904915679942,0.8060467769537935,0.30309945344924927
Random 10%,s4_random_10_percent,0.16648726228919986,0.8060467769537935,0.3021860122680664
Random 10%,s4_random_10_percent,0.16648726228919986,0.8066172276098118,0.30204328894615173
Random 10%,s4_random_10_percent,0.16666666666666666,0.8066172276098118,0.3018670678138733
Random 10%,s4_random_10_percent,0.16666666666666666,0.80718767826583,0.30178070068359375
Random 10%,s4_random_10_percent,0.16738428417653392,0.80718767826583,0.30048617720603943
Random 10%,s4_random_10_percent,0.16738428417653392,0.8077581289218483,0.3000570237636566
Random 10%,s4_random_10_percent,0.16774309293146752,0.8077581289218483,0.3000377416610718
Random 10%,s4_random_10_percent,0.16810190168640116,0.8077581289218483,0.2996067404747009
Random 10%,s4_random_10_percent,0.16810190168640116,0.8083285795778665,0.29886695742607117
Random 10%,s4_random_10_percent,0.16828130606386796,0.8083285795778665,0.2986033260822296
Random 10%,s4_random_10_percent,0.1689989235737352,0.8083285795778665,0.2983219027519226
Random 10%,s4_random_10_percent,0.17007534983853606,0.8083285795778665,0.2973591983318329
Random 10%,s4_random_10_percent,0.17007534983853606,0.8088990302338848,0.2966855466365814
Random 10%,s4_random_10_percent,0.1706135629709365,0.8088990302338848,0.2962146997451782
Random 10%,s4_random_10_percent,0.1706135629709365,0.809469480889903,0.29581668972969055
Random 10%,s4_random_10_percent,0.1707929673484033,0.809469480889903,0.29579317569732666
Random 10%,s4_random_10_percent,0.17115177610333693,0.8106103822019395,0.2952324151992798
Random 10%,s4_random_10_percent,0.17133118048080373,0.8111808328579578,0.29506853222846985
Random 10%,s4_random_10_percent,0.17186939361320416,0.8111808328579578,0.29456043243408203
Random 10%,s4_random_10_percent,0.17186939361320416,0.8117512835139761,0.2945341169834137
Random 10%,s4_random_10_percent,0.1722282023681378,0.8117512835139761,0.29420438408851624
Random 10%,s4_random_10_percent,0.1722282023681378,0.8123217341699943,0.29419758915901184
Random 10%,s4_random_10_percent,0.1724076067456046,0.8123217341699943,0.2939140200614929
Random 10%,s4_random_10_percent,0.1724076067456046,0.8128921848260126,0.29385706782341003
Random 10%,s4_random_10_percent,0.1725870111230714,0.8128921848260126,0.293777734041214
Random 10%,s4_random_10_percent,0.17294581987800503,0.8128921848260126,0.2937757968902588
Random 10%,s4_random_10_percent,0.17294581987800503,0.8134626354820308,0.29360637068748474
Random 10%,s4_random_10_percent,0.17330462863293863,0.8134626354820308,0.29313409328460693
Random 10%,s4_random_10_percent,0.17330462863293863,0.8146035367940673,0.2927814722061157
Random 10%,s4_random_10_percent,0.17366343738787227,0.8146035367940673,0.2927774488925934
Random 10%,s4_random_10_percent,0.17366343738787227,0.8151739874500855,0.2927504777908325
Random 10%,s4_random_10_percent,0.17384284176533907,0.8151739874500855,0.29255107045173645
Random 10%,s4_random_10_percent,0.17384284176533907,0.8157444381061039,0.2923179268836975
Random 10%,s4_random_10_percent,0.1742016505202727,0.8157444381061039,0.2916417121887207
Random 10%,s4_random_10_percent,0.1742016505202727,0.8174557900741586,0.2909204363822937
Random 10%,s4_random_10_percent,0.17473986365267313,0.8174557900741586,0.28990471363067627
Random 10%,s4_random_10_percent,0.17473986365267313,0.8180262407301768,0.2898344099521637
Random 10%,s4_random_10_percent,0.17509867240760674,0.8180262407301768,0.2887584865093231
Random 10%,s4_random_10_percent,0.17527807678507357,0.8185966913861951,0.28867998719215393
Random 10%,s4_random_10_percent,0.17527807678507357,0.8191671420422133,0.2885289788246155
Random 10%,s4_random_10_percent,0.17653390742734124,0.8191671420422133,0.28700050711631775
Random 10%,s4_random_10_percent,0.17653390742734124,0.8197375926982317,0.28697872161865234
Random 10%,s4_random_10_percent,0.1779691424470757,0.8197375926982317,0.28539514541625977
Random 10%,s4_random_10_percent,0.1779691424470757,0.8208784940102681,0.28534719347953796
Random 10%,s4_random_10_percent,0.17850735557947614,0.8208784940102681,0.28480464220046997
Random 10%,s4_random_10_percent,0.17850735557947614,0.8214489446662864,0.28448089957237244
Random 10%,s4_random_10_percent,0.17868675995694294,0.8214489446662864,0.28441643714904785
Random 10%,s4_random_10_percent,0.17868675995694294,0.8220193953223046,0.28378841280937195
Random 10%,s4_random_10_percent,0.17922497308934338,0.8220193953223046,0.28228580951690674
Random 10%,s4_random_10_percent,0.18012199497667744,0.8225898459783229,0.2822585701942444
Random 10%,s4_random_10_percent,0.18012199497667744,0.8237307472903593,0.28188180923461914
Random 10%,s4_random_10_percent,0.18101901686401148,0.8237307472903593,0.28075486421585083
Random 10%,s4_random_10_percent,0.18101901686401148,0.8243011979463777,0.28075435757637024
Random 10%,s4_random_10_percent,0.18119842124147828,0.8243011979463777,0.2804759740829468
Random 10%,s4_random_10_percent,0.18119842124147828,0.8248716486023959,0.28037914633750916
Random 10%,s4_random_10_percent,0.18191603875134554,0.8248716486023959,0.2798383831977844
Random 10%,s4_random_10_percent,0.18191603875134554,0.8254420992584142,0.27960464358329773
Random 10%,s4_random_10_percent,0.18245425188374598,0.8254420992584142,0.2793424725532532
Random 10%,s4_random_10_percent,0.18245425188374598,0.8260125499144324,0.2792723476886749
Random 10%,s4_random_10_percent,0.18263365626121278,0.8260125499144324,0.27922335267066956
Random 10%,s4_random_10_percent,0.18281306063867958,0.8265830005704506,0.27890491485595703
Random 10%,s4_random_10_percent,0.18299246501614638,0.8265830005704506,0.2787909507751465
Random 10%,s4_random_10_percent,0.18299246501614638,0.8271534512264689,0.27867114543914795
Random 10%,s4_random_10_percent,0.1831718693936132,0.8271534512264689,0.27862730622291565
Random 10%,s4_random_10_percent,0.1831718693936132,0.8277239018824871,0.2785482406616211
Random 10%,s4_random_10_percent,0.18353067814854682,0.8277239018824871,0.27835193276405334
Random 10%,s4_random_10_percent,0.18353067814854682,0.8282943525385055,0.27793604135513306
Random 10%,s4_random_10_percent,0.18388948690348045,0.8282943525385055,0.2778589725494385
Random 10%,s4_random_10_percent,0.18388948690348045,0.8288648031945237,0.2777326703071594
Random 10%,s4_random_10_percent,0.18478650879081449,0.8288648031945237,0.276141881942749
Random 10%,s4_random_10_percent,0.18478650879081449,0.829435253850542,0.27604877948760986
Random 10%,s4_random_10_percent,0.18496591316828132,0.829435253850542,0.276024729013443
Random 10%,s4_random_10_percent,0.18496591316828132,0.8300057045065602,0.2759135961532593
Random 10%,s4_random_10_percent,0.18568353067814855,0.8300057045065602,0.2752692997455597
Random 10%,s4_random_10_percent,0.18568353067814855,0.8322875071306332,0.27415931224823
Random 10%,s4_random_10_percent,0.18586293505561535,0.8322875071306332,0.27409979701042175
Random 10%,s4_random_10_percent,0.18586293505561535,0.8328579577866515,0.2738344967365265
Random 10%,s4_random_10_percent,0.18604233943308215,0.8328579577866515,0.27378684282302856
Random 10%,s4_random_10_percent,0.18622174381054898,0.8334284084426697,0.2735099494457245
Random 10%,s4_random_10_percent,0.18622174381054898,0.833998859098688,0.2734675109386444
Random 10%,s4_random_10_percent,0.18693936132041622,0.833998859098688,0.27275556325912476
Random 10%,s4_random_10_percent,0.18693936132041622,0.8351397604107245,0.27233707904815674
Random 10%,s4_random_10_percent,0.18711876569788302,0.8351397604107245,0.27161309123039246
Random 10%,s4_random_10_percent,0.18711876569788302,0.8362806617227609,0.2714272439479828
Random 10%,s4_random_10_percent,0.18783638320775026,0.8362806617227609,0.2702299952507019
Random 10%,s4_random_10_percent,0.18783638320775026,0.8368511123787792,0.26967939734458923
Random 10%,s4_random_10_percent,0.1881951919626839,0.8368511123787792,0.26961490511894226
Random 10%,s4_random_10_percent,0.18891280947255112,0.8368511123787792,0.26895928382873535
Random 10%,s4_random_10_percent,0.18891280947255112,0.8374215630347975,0.268534779548645
Random 10%,s4_random_10_percent,0.18963042698241836,0.8374215630347975,0.26826491951942444
Random 10%,s4_random_10_percent,0.18963042698241836,0.8379920136908158,0.2681252360343933
Random 10%,s4_random_10_percent,0.1898098313598852,0.8379920136908158,0.26790669560432434
Random 10%,s4_random_10_percent,0.1901686401148188,0.8379920136908158,0.2678055167198181
Random 10%,s4_random_10_percent,0.1901686401148188,0.8391329150028523,0.26715564727783203
Random 10%,s4_random_10_percent,0.19088625762468603,0.8391329150028523,0.26675376296043396
Random 10%,s4_random_10_percent,0.19088625762468603,0.8397033656588705,0.26663118600845337
Random 10%,s4_random_10_percent,0.1919626838894869,0.8397033656588705,0.2658305764198303
Random 10%,s4_random_10_percent,0.1919626838894869,0.8402738163148887,0.2652324140071869
Random 10%,s4_random_10_percent,0.19250089702188733,0.8402738163148887,0.2650053799152374
Random 10%,s4_random_10_percent,0.19250089702188733,0.840844266970907,0.2648020386695862
Random 10%,s4_random_10_percent,0.19268030139935413,0.840844266970907,0.26474815607070923
Random 10%,s4_random_10_percent,0.19268030139935413,0.8414147176269253,0.26470932364463806
Random 10%,s4_random_10_percent,0.193756727664155,0.8414147176269253,0.2638739049434662
Random 10%,s4_random_10_percent,0.193756727664155,0.8419851682829436,0.2637269198894501
Random 10%,s4_random_10_percent,0.19393613204162183,0.8419851682829436,0.263700932264328
Random 10%,s4_random_10_percent,0.19393613204162183,0.84312606959498,0.2636123597621918
Random 10%,s4_random_10_percent,0.19411553641908863,0.84312606959498,0.2633284330368042
Random 10%,s4_random_10_percent,0.19411553641908863,0.8436965202509983,0.26307985186576843
Random 10%,s4_random_10_percent,0.19483315392895587,0.8436965202509983,0.2621830403804779
Random 10%,s4_random_10_percent,0.1951919626838895,0.8436965202509983,0.26216667890548706
Random 10%,s4_random_10_percent,0.1951919626838895,0.8442669709070165,0.2621222138404846
Random 10%,s4_random_10_percent,0.1953713670613563,0.8442669709070165,0.26168763637542725
Random 10%,s4_random_10_percent,0.1953713670613563,0.845407872219053,0.2615312933921814
Random 10%,s4_random_10_percent,0.19626838894869034,0.845407872219053,0.26052582263946533
Random 10%,s4_random_10_percent,0.19626838894869034,0.8465487735310896,0.2604374885559082
Random 10%,s4_random_10_percent,0.197524219590958,0.8465487735310896,0.25926724076271057
Random 10%,s4_random_10_percent,0.197524219590958,0.8471192241871078,0.25905841588974
Random 10%,s4_random_10_percent,0.19824183710082527,0.8471192241871078,0.258480042219162
Random 10%,s4_random_10_percent,0.19824183710082527,0.8482601254991443,0.257605642080307
Random 10%,s4_random_10_percent,0.19842124147829207,0.8482601254991443,0.2574481964111328
Random 10%,s4_random_10_percent,0.19842124147829207,0.8488305761551626,0.2573760747909546
Random 10%,s4_random_10_percent,0.1993182633656261,0.8488305761551626,0.2564813494682312
Random 10%,s4_random_10_percent,0.1993182633656261,0.8494010268111808,0.2564103305339813
Random 10%,s4_random_10_percent,0.19949766774309294,0.8494010268111808,0.2561910152435303
Random 10%,s4_random_10_percent,0.20021528525296017,0.8516828294352539,0.25595197081565857
Random 10%,s4_random_10_percent,0.20021528525296017,0.8522532800912721,0.25559958815574646
Random 10%,s4_random_10_percent,0.20200932902762828,0.8522532800912721,0.2536681294441223
Random 10%,s4_random_10_percent,0.20200932902762828,0.8528237307472903,0.2535395920276642
Random 10%,s4_random_10_percent,0.2027269465374955,0.8528237307472903,0.2525676488876343
Random 10%,s4_random_10_percent,0.2027269465374955,0.8533941814033086,0.2525273561477661
Random 10%,s4_random_10_percent,0.2029063509149623,0.8533941814033086,0.2524550259113312
Random 10%,s4_random_10_percent,0.2029063509149623,0.8539646320593268,0.2524183988571167
Random 10%,s4_random_10_percent,0.20398277717976318,0.8539646320593268,0.2503785789012909
Random 10%,s4_random_10_percent,0.20398277717976318,0.8551055333713634,0.24977228045463562
Random 10%,s4_random_10_percent,0.20452099031216361,0.8551055333713634,0.249309241771698
Random 10%,s4_random_10_percent,0.20487979906709725,0.8551055333713634,0.2492809146642685
Random 10%,s4_random_10_percent,0.20631503408683172,0.8551055333713634,0.24691031873226166
Random 10%,s4_random_10_percent,0.20667384284176535,0.8551055333713634,0.2465362250804901
Random 10%,s4_random_10_percent,0.2077502691065662,0.8551055333713634,0.24554653465747833
Random 10%,s4_random_10_percent,0.2077502691065662,0.8556759840273817,0.24541983008384705
Random 10%,s4_random_10_percent,0.20846788661643345,0.8556759840273817,0.2441854476928711
Random 10%,s4_random_10_percent,0.20864729099390025,0.8562464346833999,0.24415457248687744
Random 10%,s4_random_10_percent,0.20864729099390025,0.8568168853394181,0.2440328598022461
Random 10%,s4_random_10_percent,0.20882669537136705,0.8568168853394181,0.2440047413110733
Random 10%,s4_random_10_percent,0.20882669537136705,0.8573873359954364,0.24396231770515442
Random 10%,s4_random_10_percent,0.20990312163616792,0.8573873359954364,0.2422192543745041
Random 10%,s4_random_10_percent,0.21026193039110155,0.8573873359954364,0.24193158745765686
Random 10%,s4_random_10_percent,0.21044133476856836,0.8573873359954364,0.24185515940189362
Random 10%,s4_random_10_percent,0.21044133476856836,0.8579577866514546,0.24160648882389069
Random 10%,s4_random_10_percent,0.2113383566559024,0.8579577866514546,0.24112839996814728
Random 10%,s4_random_10_percent,0.2113383566559024,0.8585282373074729,0.24105098843574524
Random 10%,s4_random_10_percent,0.21187656978830283,0.8585282373074729,0.24087603390216827
Random 10%,s4_random_10_percent,0.21187656978830283,0.8590986879634912,0.24087519943714142
Random 10%,s4_random_10_percent,0.21223537854323646,0.8590986879634912,0.24028046429157257
Random 10%,s4_random_10_percent,0.21223537854323646,0.8596691386195094,0.24016639590263367
Random 10%,s4_random_10_percent,0.2147470398277718,0.8596691386195094,0.2363090217113495
Random 10%,s4_random_10_percent,0.21510584858270543,0.8596691386195094,0.23599520325660706
Random 10%,s4_random_10_percent,0.2163616792249731,0.8596691386195094,0.23393550515174866
Random 10%,s4_random_10_percent,0.2163616792249731,0.8602395892755277,0.2333369255065918
Random 10%,s4_random_10_percent,0.2167204879799067,0.8602395892755277,0.23279976844787598
Random 10%,s4_random_10_percent,0.21707929673484033,0.8602395892755277,0.23277482390403748
Random 10%,s4_random_10_percent,0.21707929673484033,0.8608100399315459,0.2327203005552292
Random 10%,s4_random_10_percent,0.218335127377108,0.8608100399315459,0.23153573274612427
Random 10%,s4_random_10_percent,0.21869393613204163,0.8608100399315459,0.23133505880832672
Random 10%,s4_random_10_percent,0.21959095801937567,0.8608100399315459,0.23015518486499786
Random 10%,s4_random_10_percent,0.2199497667743093,0.8608100399315459,0.22955302894115448
Random 10%,s4_random_10_percent,0.2203085755292429,0.8608100399315459,0.2291218489408493
Random 10%,s4_random_10_percent,0.2203085755292429,0.8613804905875642,0.2287721037864685
Random 10%,s4_random_10_percent,0.22066738428417654,0.8613804905875642,0.22863487899303436
Random 10%,s4_random_10_percent,0.22066738428417654,0.8619509412435824,0.2284514158964157
Random 10%,s4_random_10_percent,0.22120559741657697,0.8619509412435824,0.2282024323940277
Random 10%,s4_random_10_percent,0.22120559741657697,0.8625213918996006,0.22817814350128174
Random 10%,s4_random_10_percent,0.22246142805884464,0.8625213918996006,0.22719155251979828
Random 10%,s4_random_10_percent,0.22246142805884464,0.863091842555619,0.22711773216724396
Random 10%,s4_random_10_percent,0.22299964119124507,0.863091842555619,0.22689151763916016
Random 10%,s4_random_10_percent,0.22299964119124507,0.8636622932116372,0.22681599855422974
Random 10%,s4_random_10_percent,0.22317904556871188,0.8636622932116372,0.22623169422149658
Random 10%,s4_random_10_percent,0.22317904556871188,0.8642327438676555,0.22596149146556854
Random 10%,s4_random_10_percent,0.22425547183351274,0.8642327438676555,0.22516357898712158
Random 10%,s4_random_10_percent,0.22425547183351274,0.8648031945236737,0.22468848526477814
Random 10%,s4_random_10_percent,0.22443487621097954,0.8648031945236737,0.2242220938205719
Random 10%,s4_random_10_percent,0.22443487621097954,0.865373645179692,0.22419443726539612
Random 10%,s4_random_10_percent,0.22461428058844635,0.865373645179692,0.22386346757411957
Random 10%,s4_random_10_percent,0.22461428058844635,0.8659440958357102,0.2237754613161087
Random 10%,s4_random_10_percent,0.22515249372084678,0.8659440958357102,0.2231052815914154
Random 10%,s4_random_10_percent,0.2256907068532472,0.8665145464917284,0.22302109003067017
Random 10%,s4_random_10_percent,0.22622891998564765,0.8665145464917284,0.22211000323295593
Random 10%,s4_random_10_percent,0.22658772874058128,0.8665145464917284,0.22159361839294434
Random 10%,s4_random_10_percent,0.22838177251524938,0.8665145464917284,0.21998603641986847
Random 10%,s4_random_10_percent,0.22838177251524938,0.8670849971477467,0.2197643667459488
Random 10%,s4_random_10_percent,0.22874058127018299,0.8670849971477467,0.21970492601394653
Random 10%,s4_random_10_percent,0.22874058127018299,0.867655447803765,0.21960660815238953
Random 10%,s4_random_10_percent,0.22999641191245065,0.867655447803765,0.2183627337217331
Random 10%,s4_random_10_percent,0.22999641191245065,0.8682258984597833,0.21827717125415802
Random 10%,s4_random_10_percent,0.23017581628991748,0.8682258984597833,0.21822015941143036
Random 10%,s4_random_10_percent,0.23017581628991748,0.8693667997718197,0.2174244225025177
Random 10%,s4_random_10_percent,0.23089343379978472,0.8693667997718197,0.21640591323375702
Random 10%,s4_random_10_percent,0.23089343379978472,0.8705077010838562,0.21609163284301758
Random 10%,s4_random_10_percent,0.23107283817725152,0.8705077010838562,0.2160562127828598
Random 10%,s4_random_10_percent,0.23107283817725152,0.8710781517398745,0.21589146554470062
Random 10%,s4_random_10_percent,0.2319698600645856,0.8710781517398745,0.21454480290412903
Random 10%,s4_random_10_percent,0.2323286688195192,0.8710781517398745,0.2143244445323944
Random 10%,s4_random_10_percent,0.2339433082167205,0.8710781517398745,0.21161726117134094
Random 10%,s4_random_10_percent,0.2339433082167205,0.8716486023958927,0.211295947432518
Random 10%,s4_random_10_percent,0.23466092572658773,0.8716486023958927,0.21060745418071747
Random 10%,s4_random_10_percent,0.23466092572658773,0.8727895037079293,0.21032015979290009
Random 10%,s4_random_10_percent,0.23519913885898816,0.8727895037079293,0.20934906601905823
Random 10%,s4_random_10_percent,0.2355579476139218,0.8727895037079293,0.20928826928138733
Random 10%,s4_random_10_percent,0.2360961607463222,0.8727895037079293,0.20905229449272156
Random 10%,s4_random_10_percent,0.23645496950125583,0.8727895037079293,0.2087305784225464
Random 10%,s4_random_10_percent,0.2373519913885899,0.8727895037079293,0.20779302716255188
Random 10%,s4_random_10_percent,0.2373519913885899,0.8739304050199658,0.2075953334569931
Random 10%,s4_random_10_percent,0.2375313957660567,0.8739304050199658,0.20751424133777618
Random 10%,s4_random_10_percent,0.2375313957660567,0.874500855675984,0.20734405517578125
Random 10%,s4_random_10_percent,0.2377108001435235,0.874500855675984,0.20706947147846222
Random 10%,s4_random_10_percent,0.2377108001435235,0.8750713063320023,0.20695532858371735
Random 10%,s4_random_10_percent,0.23806960889845713,0.8750713063320023,0.20690326392650604
Random 10%,s4_random_10_percent,0.24004305705059203,0.8750713063320023,0.20523294806480408
Random 10%,s4_random_10_percent,0.24004305705059203,0.8756417569880205,0.2051868885755539
Random 10%,s4_random_10_percent,0.24022246142805884,0.8756417569880205,0.20509013533592224
Random 10%,s4_random_10_percent,0.24022246142805884,0.8762122076440388,0.20470106601715088
Random 10%,s4_random_10_percent,0.24058127018299247,0.8762122076440388,0.20442180335521698
Random 10%,s4_random_10_percent,0.24058127018299247,0.8767826583000571,0.20411524176597595
Random 10%,s4_random_10_percent,0.24094007893792607,0.8767826583000571,0.20402152836322784
Random 10%,s4_random_10_percent,0.24094007893792607,0.8773531089560753,0.20385709404945374
Random 10%,s4_random_10_percent,0.24165769644779334,0.8773531089560753,0.20333901047706604
Random 10%,s4_random_10_percent,0.24165769644779334,0.8779235596120936,0.20304284989833832
Random 10%,s4_random_10_percent,0.24237531395766057,0.8779235596120936,0.20147933065891266
Random 10%,s4_random_10_percent,0.24237531395766057,0.8784940102681118,0.20139706134796143
Random 10%,s4_random_10_percent,0.242913527090061,0.8784940102681118,0.20122019946575165
Random 10%,s4_random_10_percent,0.242913527090061,0.87906446092413,0.20114007592201233
Random 10%,s4_random_10_percent,0.2432723358449946,0.87906446092413,0.2009275108575821
Random 10%,s4_random_10_percent,0.2432723358449946,0.8796349115801483,0.20071770250797272
Random 10%,s4_random_10_percent,0.24363114459992824,0.8796349115801483,0.2007131725549698
Random 10%,s4_random_10_percent,0.24363114459992824,0.8807758128921849,0.20050083100795746
Random 10%,s4_random_10_percent,0.24381054897739504,0.8813462635482031,0.2004462033510208
Random 10%,s4_random_10_percent,0.24416935773232867,0.8819167142042214,0.20043987035751343
Random 10%,s4_random_10_percent,0.24434876210979548,0.8819167142042214,0.2004270851612091
Random 10%,s4_random_10_percent,0.24434876210979548,0.8824871648602396,0.20038725435733795
Random 10%,s4_random_10_percent,0.2450663796196627,0.8824871648602396,0.19950523972511292
Random 10%,s4_random_10_percent,0.2450663796196627,0.8830576155162578,0.1991690993309021
Random 10%,s4_random_10_percent,0.24524578399712954,0.8836280661722761,0.19916574656963348
Random 10%,s4_random_10_percent,0.24632221026193038,0.8836280661722761,0.19798016548156738
Random 10%,s4_random_10_percent,0.24632221026193038,0.8841985168282943,0.1971263587474823
Random 10%,s4_random_10_percent,0.24703982777179764,0.8841985168282943,0.19591686129570007
Random 10%,s4_random_10_percent,0.24703982777179764,0.8847689674843126,0.19520658254623413
Random 10%,s4_random_10_percent,0.24739863652673125,0.8847689674843126,0.19474223256111145
Random 10%,s4_random_10_percent,0.24739863652673125,0.8853394181403309,0.19473674893379211
Random 10%,s4_random_10_percent,0.24865446716899892,0.8853394181403309,0.19425177574157715
Random 10%,s4_random_10_percent,0.24865446716899892,0.8859098687963491,0.19413447380065918
Random 10%,s4_random_10_percent,0.24973089343379978,0.8859098687963491,0.1930079162120819
Random 10%,s4_random_10_percent,0.24973089343379978,0.8864803194523674,0.1929100751876831
Random 10%,s4_random_10_percent,0.2506279153211338,0.8864803194523674,0.1925998479127884
Random 10%,s4_random_10_percent,0.2506279153211338,0.8870507701083856,0.19244089722633362
Random 10%,s4_random_10_percent,0.25116612845353425,0.8870507701083856,0.19222524762153625
Random 10%,s4_random_10_percent,0.25116612845353425,0.8876212207644039,0.192190021276474
Random 10%,s4_random_10_percent,0.2513455328310011,0.8876212207644039,0.19207094609737396
Random 10%,s4_random_10_percent,0.2513455328310011,0.8881916714204221,0.19200901687145233
Random 10%,s4_random_10_percent,0.2518837459634015,0.8881916714204221,0.1916680932044983
Random 10%,s4_random_10_percent,0.2518837459634015,0.8887621220764403,0.1916373372077942
Random 10%,s4_random_10_percent,0.2522425547183351,0.8887621220764403,0.19163185358047485
Random 10%,s4_random_10_percent,0.2526013634732687,0.8887621220764403,0.1910274773836136
Random 10%,s4_random_10_percent,0.2529601722282024,0.8887621220764403,0.1908295601606369
Random 10%,s4_random_10_percent,0.2536777897380696,0.8887621220764403,0.18975652754306793
Random 10%,s4_random_10_percent,0.2538571941155364,0.8893325727324587,0.18938849866390228
Random 10%,s4_random_10_percent,0.2545748116254037,0.8893325727324587,0.18768012523651123
Random 10%,s4_random_10_percent,0.2545748116254037,0.8899030233884769,0.18765245378017426
Random 10%,s4_random_10_percent,0.2574452816648726,0.8899030233884769,0.18471978604793549
Random 10%,s4_random_10_percent,0.2574452816648726,0.8904734740444952,0.18457365036010742
Random 10%,s4_random_10_percent,0.2588805166846071,0.8910439247005134,0.18427008390426636
Random 10%,s4_random_10_percent,0.25977753857194114,0.8910439247005134,0.1837717890739441
Random 10%,s4_random_10_percent,0.25977753857194114,0.8921848260125499,0.18322263658046722
Random 10%,s4_random_10_percent,0.26139217796914244,0.8921848260125499,0.18162228167057037
Random 10%,s4_random_10_percent,0.26139217796914244,0.8927552766685681,0.181610569357872
Random 10%,s4_random_10_percent,0.2624686042339433,0.8927552766685681,0.18076109886169434
Random 10%,s4_random_10_percent,0.2624686042339433,0.8933257273245864,0.18073078989982605
Random 10%,s4_random_10_percent,0.2640832436311446,0.8933257273245864,0.17855939269065857
Random 10%,s4_random_10_percent,0.26426264800861143,0.8938961779806047,0.17846012115478516
Random 10%,s4_random_10_percent,0.2644420523860782,0.8938961779806047,0.1782267987728119
Random 10%,s4_random_10_percent,0.2644420523860782,0.894466628636623,0.1781807392835617
Random 10%,s4_random_10_percent,0.26462145676354504,0.894466628636623,0.17789888381958008
Random 10%,s4_random_10_percent,0.26462145676354504,0.8950370792926412,0.17736929655075073
Random 10%,s4_random_10_percent,0.26480086114101187,0.8950370792926412,0.1770416498184204
Random 10%,s4_random_10_percent,0.26533907427341225,0.8950370792926412,0.17699874937534332
Random 10%,s4_random_10_percent,0.2656978830283459,0.8950370792926412,0.1768782138824463
Random 10%,s4_random_10_percent,0.2656978830283459,0.8956075299486594,0.1767992079257965
Random 10%,s4_random_10_percent,0.26623609616074634,0.8956075299486594,0.17644456028938293
Random 10%,s4_random_10_percent,0.26623609616074634,0.8967484312606959,0.1758737862110138
Random 10%,s4_random_10_percent,0.2664155005382131,0.8967484312606959,0.17547515034675598
Random 10%,s4_random_10_percent,0.2664155005382131,0.8973188819167142,0.17542828619480133
Random 10%,s4_random_10_percent,0.26659490491567994,0.8973188819167142,0.1753918081521988
Random 10%,s4_random_10_percent,0.26677430929314677,0.8978893325727325,0.1753331571817398
Random 10%,s4_random_10_percent,0.26695371367061355,0.8978893325727325,0.17494504153728485
Random 10%,s4_random_10_percent,0.26695371367061355,0.8984597832287508,0.17476075887680054
Random 10%,s4_random_10_percent,0.2671331180480804,0.8984597832287508,0.17465554177761078
Random 10%,s4_random_10_percent,0.2671331180480804,0.899030233884769,0.17459334433078766
Random 10%,s4_random_10_percent,0.267491926803014,0.899030233884769,0.1744479238986969
Random 10%,s4_random_10_percent,0.267491926803014,0.8996006845407872,0.17410334944725037
Random 10%,s4_random_10_percent,0.26820954431288124,0.8996006845407872,0.1737063229084015
Random 10%,s4_random_10_percent,0.26820954431288124,0.9001711351968055,0.17367762327194214
Random 10%,s4_random_10_percent,0.26856835306781485,0.9001711351968055,0.173569455742836
Random 10%,s4_random_10_percent,0.26856835306781485,0.901312036508842,0.17351701855659485
Random 10%,s4_random_10_percent,0.2687477574452817,0.901312036508842,0.17334586381912231
Random 10%,s4_random_10_percent,0.2687477574452817,0.9018824871648602,0.17316079139709473
Random 10%,s4_random_10_percent,0.2694653749551489,0.9018824871648602,0.17255644500255585
Random 10%,s4_random_10_percent,0.2694653749551489,0.9024529378208785,0.17254327237606049
Random 10%,s4_random_10_percent,0.27018299246501615,0.9024529378208785,0.17215994000434875
Random 10%,s4_random_10_percent,0.27018299246501615,0.9030233884768968,0.1720670461654663
Random 10%,s4_random_10_percent,0.270362396842483,0.9030233884768968,0.17194902896881104
Random 10%,s4_random_10_percent,0.270362396842483,0.903593839132915,0.17191901803016663
Random 10%,s4_random_10_percent,0.27054180121994975,0.903593839132915,0.1718321442604065
Random 10%,s4_random_10_percent,0.27054180121994975,0.9041642897889333,0.17178736627101898
Random 10%,s4_random_10_percent,0.2735916756368855,0.9041642897889333,0.16858583688735962
Random 10%,s4_random_10_percent,0.2735916756368855,0.9047347404449515,0.16855661571025848
Random 10%,s4_random_10_percent,0.27377108001435235,0.9047347404449515,0.16820457577705383
Random 10%,s4_random_10_percent,0.27377108001435235,0.905875641756988,0.16782748699188232
Random 10%,s4_random_10_percent,0.27412988876928596,0.905875641756988,0.16733598709106445
Random 10%,s4_random_10_percent,0.2743092931467528,0.9064460924130062,0.1672847419977188
Random 10%,s4_random_10_percent,0.27502691065662,0.9064460924130062,0.16681909561157227
Random 10%,s4_random_10_percent,0.27502691065662,0.9070165430690246,0.16672097146511078
Random 10%,s4_random_10_percent,0.2759239325439541,0.9070165430690246,0.16595137119293213
Random 10%,s4_random_10_percent,0.2759239325439541,0.908157444381061,0.16584834456443787
Random 10%,s4_random_10_percent,0.2768209544312881,0.908157444381061,0.16539761424064636
Random 10%,s4_random_10_percent,0.2768209544312881,0.9092983456930975,0.16512389481067657
Random 10%,s4_random_10_percent,0.27717976318622173,0.9092983456930975,0.1651165634393692
Random 10%,s4_random_10_percent,0.27717976318622173,0.9098687963491158,0.16494964063167572
Random 10%,s4_random_10_percent,0.27735916756368856,0.9098687963491158,0.16478323936462402
Random 10%,s4_random_10_percent,0.27735916756368856,0.910439247005134,0.16476784646511078
Random 10%,s4_random_10_percent,0.277897380696089,0.910439247005134,0.1637851893901825
Random 10%,s4_random_10_percent,0.2782561894510226,0.910439247005134,0.1631702482700348
Random 10%,s4_random_10_percent,0.2798708288482239,0.910439247005134,0.160857692360878
Random 10%,s4_random_10_percent,0.2798708288482239,0.9110096976611524,0.16069699823856354
Random 10%,s4_random_10_percent,0.2800502332256907,0.9110096976611524,0.16069498658180237
Random 10%,s4_random_10_percent,0.2800502332256907,0.9121505989731888,0.16024714708328247
Random 10%,s4_random_10_percent,0.2811266594904916,0.9121505989731888,0.15932349860668182
Random 10%,s4_random_10_percent,0.2811266594904916,0.9127210496292071,0.15894025564193726
Random 10%,s4_random_10_percent,0.28130606386795837,0.9127210496292071,0.15891604125499725
Random 10%,s4_random_10_percent,0.28130606386795837,0.9132915002852253,0.15889324247837067
Random 10%,s4_random_10_percent,0.2814854682454252,0.9132915002852253,0.15875104069709778
Random 10%,s4_random_10_percent,0.2814854682454252,0.9138619509412436,0.15857034921646118
Random 10%,s4_random_10_percent,0.28238249013275923,0.9138619509412436,0.15830792486667633
Random 10%,s4_random_10_percent,0.28238249013275923,0.9144324015972618,0.15830397605895996
Random 10%,s4_random_10_percent,0.28417653390742736,0.9144324015972618,0.1576555073261261
Random 10%,s4_random_10_percent,0.28417653390742736,0.9155733029092984,0.157598078250885
Random 10%,s4_random_10_percent,0.28489415141729457,0.9155733029092984,0.1568402349948883
Random 10%,s4_random_10_percent,0.28489415141729457,0.9161437535653166,0.1567951738834381
Random 10%,s4_random_10_percent,0.28561176892716184,0.9161437535653166,0.1557544618844986
Random 10%,s4_random_10_percent,0.28561176892716184,0.9167142042213349,0.15573398768901825
Random 10%,s4_random_10_percent,0.2857911733046286,0.9167142042213349,0.15570084750652313
Random 10%,s4_random_10_percent,0.2857911733046286,0.9172846548773531,0.1556539088487625
Random 10%,s4_random_10_percent,0.28632938643702904,0.9172846548773531,0.15533754229545593
Random 10%,s4_random_10_percent,0.28632938643702904,0.9178551055333714,0.1553131490945816
Random 10%,s4_random_10_percent,0.2868675995694295,0.9178551055333714,0.15499041974544525
Random 10%,s4_random_10_percent,0.2868675995694295,0.9184255561893896,0.15493369102478027
Random 10%,s4_random_10_percent,0.28776462145676357,0.9184255561893896,0.15409275889396667
Random 10%,s4_random_10_percent,0.2881234302116972,0.9184255561893896,0.15388205647468567
Random 10%,s4_random_10_percent,0.2897380696088985,0.9184255561893896,0.15253108739852905
Random 10%,s4_random_10_percent,0.2904556871187657,0.9184255561893896,0.1523222178220749
Random 10%,s4_random_10_percent,0.29081449587369934,0.9184255561893896,0.15215358138084412
Random 10%,s4_random_10_percent,0.29081449587369934,0.9189960068454078,0.15204712748527527
Random 10%,s4_random_10_percent,0.29278794402583425,0.9189960068454078,0.15039661526679993
Random 10%,s4_random_10_percent,0.29278794402583425,0.9195664575014262,0.15032099187374115
Random 10%,s4_random_10_percent,0.292967348403301,0.9195664575014262,0.1500723659992218
Random 10%,s4_random_10_percent,0.2933261571582347,0.9195664575014262,0.14984022080898285
Random 10%,s4_random_10_percent,0.2936849659131683,0.9195664575014262,0.14974938333034515
Random 10%,s4_random_10_percent,0.2936849659131683,0.9207073588134627,0.14937558770179749
Random 10%,s4_random_10_percent,0.29476139217796915,0.9207073588134627,0.14815263450145721
Random 10%,s4_random_10_percent,0.29476139217796915,0.9212778094694809,0.14808297157287598
Random 10%,s4_random_10_percent,0.29512020093290275,0.9212778094694809,0.1480804681777954
Random 10%,s4_random_10_percent,0.2961966271977036,0.9212778094694809,0.14752455055713654
Random 10%,s4_random_10_percent,0.2961966271977036,0.9218482601254991,0.14739374816417694
Random 10%,s4_random_10_percent,0.29637603157517045,0.9218482601254991,0.14711947739124298
Random 10%,s4_random_10_percent,0.29637603157517045,0.9224187107815174,0.14701144397258759
Random 10%,s4_random_10_percent,0.2969142447075709,0.9224187107815174,0.14652547240257263
Random 10%,s4_random_10_percent,0.2969142447075709,0.9229891614375356,0.14652448892593384
Random 10%,s4_random_10_percent,0.2981700753498385,0.9229891614375356,0.14511674642562866
Random 10%,s4_random_10_percent,0.2981700753498385,0.9235596120935539,0.1451144516468048
Random 10%,s4_random_10_percent,0.29852888410477213,0.9235596120935539,0.14498235285282135
Random 10%,s4_random_10_percent,0.29852888410477213,0.9241300627495722,0.14497500658035278
Random 10%,s4_random_10_percent,0.29870828848223896,0.9241300627495722,0.14480039477348328
Random 10%,s4_random_10_percent,0.29870828848223896,0.9252709640616087,0.14448712766170502
Random 10%,s4_random_10_percent,0.2994259059921062,0.9252709640616087,0.1439366191625595
Random 10%,s4_random_10_percent,0.2994259059921062,0.9258414147176269,0.14386874437332153
Random 10%,s4_random_10_percent,0.3010405453893075,0.9258414147176269,0.14217723906040192
Random 10%,s4_random_10_percent,0.3010405453893075,0.9264118653736452,0.1421714723110199
Random 10%,s4_random_10_percent,0.30157875852170796,0.9264118653736452,0.14167821407318115
Random 10%,s4_random_10_percent,0.30157875852170796,0.9269823160296634,0.14164979755878448
Random 10%,s4_random_10_percent,0.30211697165410833,0.9269823160296634,0.14122799038887024
Random 10%,s4_random_10_percent,0.30211697165410833,0.9275527666856817,0.14120817184448242
Random 10%,s4_random_10_percent,0.3060638679583782,0.9275527666856817,0.13878946006298065
Random 10%,s4_random_10_percent,0.3067814854682454,0.9275527666856817,0.13869930803775787
Random 10%,s4_random_10_percent,0.30749910297811267,0.9275527666856817,0.13747334480285645
Random 10%,s4_random_10_percent,0.30749910297811267,0.9281232173416999,0.1372509002685547
Random 10%,s4_random_10_percent,0.3078579117330463,0.9281232173416999,0.13714689016342163
Random 10%,s4_random_10_percent,0.3078579117330463,0.9286936679977182,0.13689088821411133
Random 10%,s4_random_10_percent,0.3083961248654467,0.9286936679977182,0.13632479310035706
Random 10%,s4_random_10_percent,0.3083961248654467,0.9292641186537365,0.13611264526844025
Random 10%,s4_random_10_percent,0.31054897739504844,0.9292641186537365,0.134006530046463
Random 10%,s4_random_10_percent,0.31054897739504844,0.9298345693097547,0.1340024620294571
Random 10%,s4_random_10_percent,0.31090778614998205,0.9298345693097547,0.13381707668304443
Random 10%,s4_random_10_percent,0.3112665949049157,0.9298345693097547,0.1334707885980606
Random 10%,s4_random_10_percent,0.3112665949049157,0.930405019965773,0.13332968950271606
Random 10%,s4_random_10_percent,0.3114459992823825,0.930405019965773,0.13317790627479553
Random 10%,s4_random_10_percent,0.3114459992823825,0.9309754706217912,0.13293945789337158
Random 10%,s4_random_10_percent,0.3116254036598493,0.9309754706217912,0.1328897923231125
Random 10%,s4_random_10_percent,0.3116254036598493,0.9321163719338277,0.13224121928215027
Random 10%,s4_random_10_percent,0.31216361679224974,0.9321163719338277,0.13182596862316132
Random 10%,s4_random_10_percent,0.31216361679224974,0.932686822589846,0.13158543407917023
Random 10%,s4_random_10_percent,0.3150340868317187,0.932686822589846,0.12961648404598236
Random 10%,s4_random_10_percent,0.3150340868317187,0.9332572732458643,0.12953220307826996
Random 10%,s4_random_10_percent,0.3155722999641191,0.9332572732458643,0.1290658414363861
Random 10%,s4_random_10_percent,0.3155722999641191,0.9338277239018825,0.12885428965091705
Random 10%,s4_random_10_percent,0.31808396124865446,0.9338277239018825,0.12680448591709137
Random 10%,s4_random_10_percent,0.31808396124865446,0.934968625213919,0.12671829760074615
Random 10%,s4_random_10_percent,0.3186221743810549,0.934968625213919,0.12657269835472107
Random 10%,s4_random_10_percent,0.3186221743810549,0.9355390758699372,0.12618446350097656
Random 10%,s4_random_10_percent,0.3191603875134553,0.9355390758699372,0.12611350417137146
Random 10%,s4_random_10_percent,0.32095443128812345,0.9355390758699372,0.12485851347446442
Random 10%,s4_random_10_percent,0.32095443128812345,0.9361095265259555,0.12483558803796768
Random 10%,s4_random_10_percent,0.32131324004305706,0.9361095265259555,0.12453420460224152
Random 10%,s4_random_10_percent,0.32131324004305706,0.9383913291500285,0.12402155995368958
Random 10%,s4_random_10_percent,0.32364549695012557,0.9383913291500285,0.12278082221746445
Random 10%,s4_random_10_percent,0.32364549695012557,0.9401026811180833,0.12180484086275101
Random 10%,s4_random_10_percent,0.3240043057050592,0.9401026811180833,0.12173233181238174
Random 10%,s4_random_10_percent,0.324183710082526,0.9401026811180833,0.12163636088371277
Random 10%,s4_random_10_percent,0.324183710082526,0.9406731317741015,0.12153922021389008
Random 10%,s4_random_10_percent,0.32490132759239326,0.9406731317741015,0.12112452834844589
Random 10%,s4_random_10_percent,0.32490132759239326,0.9412435824301197,0.1211230456829071
Random 10%,s4_random_10_percent,0.32813060638679586,0.9412435824301197,0.11866221576929092
Random 10%,s4_random_10_percent,0.32813060638679586,0.9418140330861381,0.1186257004737854
Random 10%,s4_random_10_percent,0.32831001076426264,0.9418140330861381,0.11843524128198624
Random 10%,s4_random_10_percent,0.32831001076426264,0.9423844837421563,0.11826197803020477
Random 10%,s4_random_10_percent,0.32866881951919624,0.9423844837421563,0.1177244633436203
Random 10%,s4_random_10_percent,0.32866881951919624,0.9429549343981746,0.11769086867570877
Random 10%,s4_random_10_percent,0.3297452457839971,0.9429549343981746,0.11724144965410233
Random 10%,s4_random_10_percent,0.3297452457839971,0.9435253850541928,0.11707974225282669
Random 10%,s4_random_10_percent,0.33153928955866524,0.9435253850541928,0.11577507108449936
Random 10%,s4_random_10_percent,0.33153928955866524,0.944095835710211,0.11566071212291718
Random 10%,s4_random_10_percent,0.3326157158234661,0.944095835710211,0.11491542309522629
Random 10%,s4_random_10_percent,0.3326157158234661,0.9446662863662293,0.11477616429328918
Random 10%,s4_random_10_percent,0.3327951202009329,0.9446662863662293,0.11471965909004211
Random 10%,s4_random_10_percent,0.3327951202009329,0.9452367370222475,0.114503875374794
Random 10%,s4_random_10_percent,0.333692142088267,0.9452367370222475,0.1140991747379303
Random 10%,s4_random_10_percent,0.333692142088267,0.9458071876782659,0.11393686383962631
Random 10%,s4_random_10_percent,0.3340509508432006,0.9458071876782659,0.11371923983097076
Random 10%,s4_random_10_percent,0.3340509508432006,0.9463776383342841,0.11366327852010727
Random 10%,s4_random_10_percent,0.3376390383925368,0.9463776383342841,0.11170908808708191
Random 10%,s4_random_10_percent,0.3376390383925368,0.9469480889903024,0.11132500320672989
Random 10%,s4_random_10_percent,0.3381772515249372,0.9469480889903024,0.11089780181646347
Random 10%,s4_random_10_percent,0.3381772515249372,0.9475185396463206,0.11064037680625916
Random 10%,s4_random_10_percent,0.338356655902404,0.9475185396463206,0.11058543622493744
Random 10%,s4_random_10_percent,0.338356655902404,0.9480889903023388,0.11032550781965256
Random 10%,s4_random_10_percent,0.3388948690348044,0.9480889903023388,0.10986856371164322
Random 10%,s4_random_10_percent,0.3388948690348044,0.9486594409583571,0.10983334481716156
Random 10%,s4_random_10_percent,0.34033010405453895,0.9486594409583571,0.10900013893842697
Random 10%,s4_random_10_percent,0.34033010405453895,0.9492298916143753,0.10890024900436401
Random 10%,s4_random_10_percent,0.34104772156440616,0.9492298916143753,0.10823389887809753
Random 10%,s4_random_10_percent,0.34104772156440616,0.9498003422703936,0.10815311968326569
Random 10%,s4_random_10_percent,0.341227125941873,0.9498003422703936,0.1078994944691658
Random 10%,s4_random_10_percent,0.341227125941873,0.9503707929264119,0.10787339508533478
Random 10%,s4_random_10_percent,0.3417653390742734,0.9503707929264119,0.10711359232664108
Random 10%,s4_random_10_percent,0.3417653390742734,0.9509412435824302,0.10704772919416428
Random 10%,s4_random_10_percent,0.34230355220667386,0.9509412435824302,0.10689660906791687
Random 10%,s4_random_10_percent,0.34230355220667386,0.9515116942384484,0.1065930500626564
Random 10%,s4_random_10_percent,0.34248295658414063,0.9515116942384484,0.10655592381954193
Random 10%,s4_random_10_percent,0.3428417653390743,0.9515116942384484,0.10653619468212128
Random 10%,s4_random_10_percent,0.34571223537854323,0.9515116942384484,0.10452830791473389
Random 10%,s4_random_10_percent,0.34571223537854323,0.9520821448944666,0.1045149490237236
Random 10%,s4_random_10_percent,0.34607104413347684,0.9520821448944666,0.10424228012561798
Random 10%,s4_random_10_percent,0.34607104413347684,0.9526525955504849,0.104219950735569
Random 10%,s4_random_10_percent,0.34625044851094366,0.9532230462065031,0.1041918471455574
Random 10%,s4_random_10_percent,0.3467886616433441,0.9532230462065031,0.10414443910121918
Random 10%,s4_random_10_percent,0.3467886616433441,0.9537934968625214,0.10407719016075134
Random 10%,s4_random_10_percent,0.348762109795479,0.9537934968625214,0.10317065566778183
Random 10%,s4_random_10_percent,0.3491209185504126,0.9537934968625214,0.10310835391283035
Random 10%,s4_random_10_percent,0.3519913885898816,0.9537934968625214,0.10088104009628296
Random 10%,s4_random_10_percent,0.3523501973448152,0.9537934968625214,0.10082655400037766
Random 10%,s4_random_10_percent,0.35468245425188377,0.9537934968625214,0.09913188219070435
Random 10%,s4_random_10_percent,0.35468245425188377,0.9543639475185397,0.09903538972139359
Random 10%,s4_random_10_percent,0.3550412630068174,0.9543639475185397,0.09887370467185974
Random 10%,s4_random_10_percent,0.3550412630068174,0.9549343981745579,0.09878602623939514
Random 10%,s4_random_10_percent,0.3557588805166846,0.9549343981745579,0.09784283488988876
Random 10%,s4_random_10_percent,0.3557588805166846,0.9555048488305762,0.09777923673391342
Random 10%,s4_random_10_percent,0.3559382848941514,0.9555048488305762,0.09771405160427094
Random 10%,s4_random_10_percent,0.3559382848941514,0.9560752994865944,0.09760332852602005
Random 10%,s4_random_10_percent,0.3573735199138859,0.9560752994865944,0.09693095833063126
Random 10%,s4_random_10_percent,0.3573735199138859,0.9572162007986309,0.09688761830329895
Random 10%,s4_random_10_percent,0.36203803372802296,0.9572162007986309,0.09416655451059341
Random 10%,s4_random_10_percent,0.36239684248295656,0.9577866514546491,0.09415688365697861
Random 10%,s4_random_10_percent,0.3627556512378902,0.9577866514546491,0.09412597119808197
Random 10%,s4_random_10_percent,0.3627556512378902,0.9583571021106674,0.0940413773059845
Random 10%,s4_random_10_percent,0.36526731252242556,0.9583571021106674,0.09213567525148392
Random 10%,s4_random_10_percent,0.36526731252242556,0.9589275527666857,0.09212027490139008
Random 10%,s4_random_10_percent,0.3661643344097596,0.9589275527666857,0.09142593294382095
Random 10%,s4_random_10_percent,0.3661643344097596,0.959498003422704,0.09142209589481354
Random 10%,s4_random_10_percent,0.36921420882669537,0.959498003422704,0.08978825062513351
Random 10%,s4_random_10_percent,0.36921420882669537,0.9600684540787222,0.0897880494594574
Random 10%,s4_random_10_percent,0.37029063509149623,0.9600684540787222,0.08926919847726822
Random 10%,s4_random_10_percent,0.37029063509149623,0.9606389047347405,0.08907531201839447
Random 10%,s4_random_10_percent,0.37118765697883027,0.9606389047347405,0.08853661268949509
Random 10%,s4_random_10_percent,0.37118765697883027,0.9612093553907587,0.08849284797906876
Random 10%,s4_random_10_percent,0.3713670613562971,0.9612093553907587,0.08840208500623703
Random 10%,s4_random_10_percent,0.3713670613562971,0.9617798060467769,0.08835459500551224
Random 10%,s4_random_10_percent,0.3717258701112307,0.9617798060467769,0.08827192336320877
Random 10%,s4_random_10_percent,0.3717258701112307,0.9629207073588134,0.0879320427775383
Random 10%,s4_random_10_percent,0.37280229637603157,0.9629207073588134,0.08720698207616806
Random 10%,s4_random_10_percent,0.3731611051309652,0.9629207073588134,0.08707297593355179
Random 10%,s4_random_10_percent,0.373340509508432,0.9629207073588134,0.08689989149570465
Random 10%,s4_random_10_percent,0.373340509508432,0.9634911580148318,0.08686991780996323
Random 10%,s4_random_10_percent,0.3747757445281665,0.9634911580148318,0.08634810894727707
Random 10%,s4_random_10_percent,0.3747757445281665,0.96406160867085,0.08630599081516266
Random 10%,s4_random_10_percent,0.3844635809113742,0.96406160867085,0.08082440495491028
Random 10%,s4_random_10_percent,0.3844635809113742,0.9646320593268682,0.08069605380296707
Random 10%,s4_random_10_percent,0.3851811984212415,0.9646320593268682,0.08050587028265
Random 10%,s4_random_10_percent,0.3851811984212415,0.9652025099828865,0.08043673634529114
Random 10%,s4_random_10_percent,0.38536060279870826,0.9652025099828865,0.08039107173681259
Random 10%,s4_random_10_percent,0.38536060279870826,0.9657729606389047,0.08036547154188156
Random 10%,s4_random_10_percent,0.38625762468604236,0.9657729606389047,0.08009554445743561
Random 10%,s4_random_10_percent,0.38625762468604236,0.966343411294923,0.08007849752902985
Random 10%,s4_random_10_percent,0.38787226408324366,0.966343411294923,0.07877910137176514
Random 10%,s4_random_10_percent,0.38841047721564403,0.966343411294923,0.07867420464754105
Random 10%,s4_random_10_percent,0.39217796914244707,0.966343411294923,0.07707866281270981
Random 10%,s4_random_10_percent,0.39217796914244707,0.9669138619509412,0.07696394622325897
Random 10%,s4_random_10_percent,0.3923573735199139,0.9669138619509412,0.07693986594676971
Random 10%,s4_random_10_percent,0.3923573735199139,0.9674843126069596,0.07689492404460907
Random 10%,s4_random_10_percent,0.3927161822748475,0.9674843126069596,0.0767739787697792
Random 10%,s4_random_10_percent,0.3930749910297811,0.9674843126069596,0.07670996338129044
Random 10%,s4_random_10_percent,0.394151417294582,0.9674843126069596,0.07593478262424469
Random 10%,s4_random_10_percent,0.394151417294582,0.9680547632629778,0.07593011111021042
Random 10%,s4_random_10_percent,0.39451022604951563,0.9680547632629778,0.07587771862745285
Random 10%,s4_random_10_percent,0.39451022604951563,0.968625213918996,0.07571569830179214
Random 10%,s4_random_10_percent,0.39486903480444924,0.968625213918996,0.07546932250261307
Random 10%,s4_random_10_percent,0.3961248654467169,0.968625213918996,0.07466260343790054
Random 10%,s4_random_10_percent,0.3961248654467169,0.9691956645750143,0.07466250658035278
Random 10%,s4_random_10_percent,0.39720129171151775,0.9691956645750143,0.0742901861667633
Random 10%,s4_random_10_percent,0.39720129171151775,0.9697661152310325,0.07422060519456863
Random 10%,s4_random_10_percent,0.40078937926085395,0.9697661152310325,0.07208320498466492
Random 10%,s4_random_10_percent,0.40078937926085395,0.9703365658870508,0.07175242900848389
Random 10%,s4_random_10_percent,0.4050950843200574,0.9703365658870508,0.07010528445243835
Random 10%,s4_random_10_percent,0.40563329745245785,0.9703365658870508,0.07009302079677582
Random 10%,s4_random_10_percent,0.4065303193397919,0.9703365658870508,0.06986355781555176
Random 10%,s4_random_10_percent,0.4065303193397919,0.970907016543069,0.06983736902475357
Random 10%,s4_random_10_percent,0.4104772156440617,0.970907016543069,0.06816420704126358
Random 10%,s4_random_10_percent,0.4104772156440617,0.9714774671990872,0.06795607507228851
Random 10%,s4_random_10_percent,0.41155364190886257,0.9714774671990872,0.06744065880775452
Random 10%,s4_random_10_percent,0.41155364190886257,0.9720479178551056,0.06736581772565842
Random 10%,s4_random_10_percent,0.41298887692859704,0.9720479178551056,0.06688126921653748
Random 10%,s4_random_10_percent,0.41298887692859704,0.9726183685111238,0.06676346808671951
Random 10%,s4_random_10_percent,0.41316828130606387,0.9726183685111238,0.0667169988155365
Random 10%,s4_random_10_percent,0.41316828130606387,0.9737592698231603,0.06647739559412003
Random 10%,s4_random_10_percent,0.4172945819878005,0.9737592698231603,0.06399732828140259
Random 10%,s4_random_10_percent,0.4172945819878005,0.9743297204791785,0.06396671384572983
Random 10%,s4_random_10_percent,0.41819160387513454,0.9743297204791785,0.06370347738265991
Random 10%,s4_random_10_percent,0.41819160387513454,0.9749001711351968,0.06368905305862427
Random 10%,s4_random_10_percent,0.4205238607822031,0.9749001711351968,0.06270154565572739
Random 10%,s4_random_10_percent,0.4208826695371367,0.9749001711351968,0.06263859570026398
Random 10%,s4_random_10_percent,0.4251883745963401,0.9749001711351968,0.06094325706362724
Random 10%,s4_random_10_percent,0.4251883745963401,0.975470621791215,0.060925960540771484
Random 10%,s4_random_10_percent,0.42913527090061,0.975470621791215,0.059120748192071915
Random 10%,s4_random_10_percent,0.42913527090061,0.9760410724472333,0.05908704176545143
Random 10%,s4_random_10_percent,0.4298528884104772,0.9760410724472333,0.05868906155228615
Random 10%,s4_random_10_percent,0.4298528884104772,0.9766115231032516,0.058601271361112595
Random 10%,s4_random_10_percent,0.4311087190527449,0.9766115231032516,0.058456312865018845
Random 10%,s4_random_10_percent,0.4311087190527449,0.9771819737592699,0.05836787074804306
Random 10%,s4_random_10_percent,0.4316469321851453,0.9771819737592699,0.05801541730761528
Random 10%,s4_random_10_percent,0.4316469321851453,0.9777524244152881,0.05800884962081909
Random 10%,s4_random_10_percent,0.43218514531754576,0.9777524244152881,0.05787103995680809
Random 10%,s4_random_10_percent,0.43254395407247936,0.9777524244152881,0.05786767974495888
Random 10%,s4_random_10_percent,0.4343379978471475,0.9777524244152881,0.0573386587202549
Random 10%,s4_random_10_percent,0.4343379978471475,0.9783228750713063,0.05726157873868942
Random 10%,s4_random_10_percent,0.43954072479368494,0.9783228750713063,0.05537627264857292
Random 10%,s4_random_10_percent,0.43954072479368494,0.9788933257273246,0.0553695373237133
Random 10%,s4_random_10_percent,0.4398995335486186,0.9788933257273246,0.0550277940928936
Random 10%,s4_random_10_percent,0.4398995335486186,0.9794637763833428,0.05495474487543106
Random 10%,s4_random_10_percent,0.4400789379260854,0.9794637763833428,0.05483214184641838
Random 10%,s4_random_10_percent,0.4402583423035522,0.980034227039361,0.05475497618317604
Random 10%,s4_random_10_percent,0.4402583423035522,0.9806046776953794,0.05475127696990967
Random 10%,s4_random_10_percent,0.44474345174022245,0.9806046776953794,0.05356566607952118
Random 10%,s4_random_10_percent,0.44474345174022245,0.9811751283513976,0.05350536108016968
Random 10%,s4_random_10_percent,0.450843200574094,0.9811751283513976,0.05140222981572151
Random 10%,s4_random_10_percent,0.45120200932902765,0.9811751283513976,0.05139594152569771
Random 10%,s4_random_10_percent,0.45586652314316467,0.9811751283513976,0.04937383532524109
Random 10%,s4_random_10_percent,0.45586652314316467,0.9817455790074159,0.049286652356386185
Random 10%,s4_random_10_percent,0.4580193756727664,0.9817455790074159,0.04872990399599075
Random 10%,s4_random_10_percent,0.4583781844277,0.9817455790074159,0.0486234687268734
Random 10%,s4_random_10_percent,0.4594546106925009,0.9817455790074159,0.04823771491646767
Random 10%,s4_random_10_percent,0.4594546106925009,0.9823160296634341,0.04820268601179123
Random 10%,s4_random_10_percent,0.4599928238249013,0.9823160296634341,0.04799190163612366
Random 10%,s4_random_10_percent,0.4599928238249013,0.9828864803194524,0.047895535826683044
Random 10%,s4_random_10_percent,0.4616074632221026,0.9828864803194524,0.047281138598918915
Random 10%,s4_random_10_percent,0.4619662719770362,0.9828864803194524,0.04721174016594887
Random 10%,s4_random_10_percent,0.46770721205597415,0.9828864803194524,0.04555803909897804
Random 10%,s4_random_10_percent,0.4682454251883746,0.9828864803194524,0.04550899192690849
Random 10%,s4_random_10_percent,0.46968066020810906,0.9828864803194524,0.045200884342193604
Random 10%,s4_random_10_percent,0.46968066020810906,0.9834569309754706,0.045199040323495865
Random 10%,s4_random_10_percent,0.4788302834589164,0.9834569309754706,0.04187239706516266
Random 10%,s4_random_10_percent,0.4788302834589164,0.9840273816314888,0.041765958070755005
Random 10%,s4_random_10_percent,0.4949766774309293,0.9840273816314888,0.03735194355249405
Random 10%,s4_random_10_percent,0.4953354861858629,0.9840273816314888,0.03724217042326927
Random 10%,s4_random_10_percent,0.4976677430929315,0.9840273816314888,0.03671093285083771
Random 10%,s4_random_10_percent,0.4980265518478651,0.9840273816314888,0.03667962923645973
Random 10%,s4_random_10_percent,0.49910297811266596,0.9840273816314888,0.03640647977590561
Random 10%,s4_random_10_percent,0.49910297811266596,0.9845978322875071,0.03638676181435585
Random 10%,s4_random_10_percent,0.4996411912450664,0.9845978322875071,0.03618105873465538
Random 10%,s4_random_10_percent,0.4996411912450664,0.9851682829435254,0.03610526770353317
Random 10%,s4_random_10_percent,0.5086114101184069,0.9851682829435254,0.033651165664196014
Random 10%,s4_random_10_percent,0.5089702188733405,0.9851682829435254,0.03360049054026604
Random 10%,s4_random_10_percent,0.5157875852170793,0.9851682829435254,0.03149830177426338
Random 10%,s4_random_10_percent,0.5157875852170793,0.9857387335995437,0.031441591680049896
Random 10%,s4_random_10_percent,0.5174022246142805,0.9857387335995437,0.031165968626737595
Random 10%,s4_random_10_percent,0.5174022246142805,0.9863091842555619,0.031152594834566116
Random 10%,s4_random_10_percent,0.5209903121636168,0.9863091842555619,0.03045760840177536
Random 10%,s4_random_10_percent,0.5209903121636168,0.9868796349115802,0.030424227938055992
Random 10%,s4_random_10_percent,0.523681377825619,0.9868796349115802,0.029778217896819115
Random 10%,s4_random_10_percent,0.523681377825619,0.9874500855675984,0.029759453609585762
Random 10%,s4_random_10_percent,0.5243989953354862,0.9874500855675984,0.02945006638765335
Random 10%,s4_random_10_percent,0.5243989953354862,0.9880205362236166,0.029439285397529602
Random 10%,s4_random_10_percent,0.5252960172228203,0.9880205362236166,0.029248470440506935
Random 10%,s4_random_10_percent,0.5256548259777538,0.9880205362236166,0.029233625158667564
Random 10%,s4_random_10_percent,0.5256548259777538,0.9885909868796349,0.029101602733135223
Random 10%,s4_random_10_percent,0.532113383566559,0.9885909868796349,0.02782035432755947
Random 10%,s4_random_10_percent,0.532113383566559,0.9891614375356532,0.027734288945794106
Random 10%,s4_random_10_percent,0.5324721923214927,0.9891614375356532,0.027704793959856033
Random 10%,s4_random_10_percent,0.5328310010764262,0.9891614375356532,0.02767150104045868
Random 10%,s4_random_10_percent,0.5382131324004306,0.9891614375356532,0.026568615809082985
Random 10%,s4_random_10_percent,0.5382131324004306,0.9897318881916715,0.02655678614974022
Random 10%,s4_random_10_percent,0.5409041980624327,0.9897318881916715,0.026068735867738724
Random 10%,s4_random_10_percent,0.5412630068173664,0.9897318881916715,0.02603050507605076
Random 10%,s4_random_10_percent,0.5421600287047004,0.9897318881916715,0.025854522362351418
Random 10%,s4_random_10_percent,0.542518837459634,0.9897318881916715,0.025840608403086662
Random 10%,s4_random_10_percent,0.5487979906709723,0.9897318881916715,0.024493606761097908
Random 10%,s4_random_10_percent,0.549156799425906,0.9897318881916715,0.02448023296892643
Random 10%,s4_random_10_percent,0.5554359526372443,0.9897318881916715,0.022863438352942467
Random 10%,s4_random_10_percent,0.555794761392178,0.9897318881916715,0.022856514900922775
Random 10%,s4_random_10_percent,0.5586652314316469,0.9897318881916715,0.022316638380289078
Random 10%,s4_random_10_percent,0.5590240401865806,0.9897318881916715,0.022306175902485847
Random 10%,s4_random_10_percent,0.5602798708288482,0.9897318881916715,0.02214723639190197
Random 10%,s4_random_10_percent,0.5602798708288482,0.9903023388476897,0.022127820178866386
Random 10%,s4_random_10_percent,0.5819878005023322,0.9903023388476897,0.01815263368189335
Random 10%,s4_random_10_percent,0.5823466092572659,0.9903023388476897,0.018117215484380722
Random 10%,s4_random_10_percent,0.5823466092572659,0.9908727895037079,0.018093060702085495
Random 10%,s4_random_10_percent,0.5954431288123431,0.9908727895037079,0.01606045477092266
Random 10%,s4_random_10_percent,0.5954431288123431,0.9914432401597262,0.01605181396007538
Random 10%,s4_random_10_percent,0.6142805884463581,0.9914432401597262,0.0139775974676013
Random 10%,s4_random_10_percent,0.6142805884463581,0.9925841414717627,0.013945817947387695
Random 10%,s4_random_10_percent,0.6160746322210262,0.9925841414717627,0.013727547600865364
Random 10%,s4_random_10_percent,0.6160746322210262,0.9931545921277809,0.013718344271183014
Random 10%,s4_random_10_percent,0.6239684248295658,0.9931545921277809,0.012579848058521748
Random 10%,s4_random_10_percent,0.6239684248295658,0.9937250427837993,0.01252693496644497
Random 10%,s4_random_10_percent,0.6293505561535702,0.9937250427837993,0.012098020873963833
Random 10%,s4_random_10_percent,0.6295299605310369,0.9942954934398175,0.012077907100319862
Random 10%,s4_random_10_percent,0.6397560100466452,0.9942954934398175,0.010914921760559082
Random 10%,s4_random_10_percent,0.6401148188015787,0.9942954934398175,0.010910346172749996
Random 10%,s4_random_10_percent,0.643702906350915,0.9942954934398175,0.010536232963204384
Random 10%,s4_random_10_percent,0.643702906350915,0.9948659440958357,0.010518545284867287
Random 10%,s4_random_10_percent,0.6580552565482598,0.9948659440958357,0.009245522320270538
Random 10%,s4_random_10_percent,0.6580552565482598,0.995436394751854,0.009226475842297077
Random 10%,s4_random_10_percent,0.6611051309651955,0.995436394751854,0.009005717933177948
Random 10%,s4_random_10_percent,0.6614639397201292,0.995436394751854,0.00898880884051323
Random 10%,s4_random_10_percent,0.6876569788302834,0.995436394751854,0.006777774076908827
Random 10%,s4_random_10_percent,0.6880157875852171,0.995436394751854,0.006762329488992691
Random 10%,s4_random_10_percent,0.690886257624686,0.995436394751854,0.006563232280313969
Random 10%,s4_random_10_percent,0.6912450663796197,0.995436394751854,0.006555535830557346
Random 10%,s4_random_10_percent,0.693756727664155,0.995436394751854,0.006366595160216093
Random 10%,s4_random_10_percent,0.6941155364190886,0.995436394751854,0.006352899596095085
Random 10%,s4_random_10_percent,0.6942949407965554,0.995436394751854,0.006348275113850832
Random 10%,s4_random_10_percent,0.6942949407965554,0.9960068454078722,0.006337333004921675
Random 10%,s4_random_10_percent,0.7007534983853606,0.9960068454078722,0.005885388236492872
Random 10%,s4_random_10_percent,0.7007534983853606,0.9965772960638904,0.005884266924113035
Random 10%,s4_random_10_percent,0.7011123071402943,0.9965772960638904,0.005771626252681017
Random 10%,s4_random_10_percent,0.7011123071402943,0.9971477467199087,0.005733988247811794
Random 10%,s4_random_10_percent,0.71259418729817,0.9971477467199087,0.005139652639627457
Random 10%,s4_random_10_percent,0.7129529960531037,0.9971477467199087,0.005106483120471239
Random 10%,s4_random_10_percent,0.7172587011123072,0.9971477467199087,0.004918048623949289
Random 10%,s4_random_10_percent,0.7172587011123072,0.9977181973759269,0.0048906682059168816
Random 10%,s4_random_10_percent,0.7305346250448511,0.9977181973759269,0.004303866997361183
Random 10%,s4_random_10_percent,0.7310728381772515,0.9977181973759269,0.004303568508476019
Random 10%,s4_random_10_percent,0.7337639038392537,0.9977181973759269,0.004136892035603523
Random 10%,s4_random_10_percent,0.7341227125941873,0.9977181973759269,0.004133440088480711
Random 10%,s4_random_10_percent,0.7351991388589881,0.9977181973759269,0.004075897857546806
Random 10%,s4_random_10_percent,0.7355579476139218,0.9977181973759269,0.0040546380914747715
Random 10%,s4_random_10_percent,0.7375313957660566,0.9977181973759269,0.00398780032992363
Random 10%,s4_random_10_percent,0.7378902045209903,0.9977181973759269,0.00397902587428689
Random 10%,s4_random_10_percent,0.740043057050592,0.9977181973759269,0.0038854447193443775
Random 10%,s4_random_10_percent,0.7404018658055257,0.9977181973759269,0.0038734765257686377
Random 10%,s4_random_10_percent,0.7432723358449946,0.9977181973759269,0.0037233445327728987
Random 10%,s4_random_10_percent,0.7438105489773951,0.9977181973759269,0.0037171340081840754
Random 10%,s4_random_10_percent,0.7509867240760675,0.9977181973759269,0.003423740155994892
Random 10%,s4_random_10_percent,0.7509867240760675,0.9982886480319453,0.0034200844820588827
Random 10%,s4_random_10_percent,0.7569070685324721,0.9982886480319453,0.0031718488316982985
Random 10%,s4_random_10_percent,0.7572658772874058,0.9982886480319453,0.0031606126576662064
Random 10%,s4_random_10_percent,0.7588805166846071,0.9982886480319453,0.003077327972277999
Random 10%,s4_random_10_percent,0.7592393254395408,0.9982886480319453,0.0030763361137360334
Random 10%,s4_random_10_percent,0.7595981341944743,0.9982886480319453,0.0030726371333003044
Random 10%,s4_random_10_percent,0.7601363473268747,0.9982886480319453,0.003069888101890683
Random 10%,s4_random_10_percent,0.7608539648367421,0.9982886480319453,0.00304995384067297
Random 10%,s4_random_10_percent,0.7612127735916756,0.9982886480319453,0.003043732838705182
Random 10%,s4_random_10_percent,0.7648008611410119,0.9982886480319453,0.0029269098304212093
Random 10%,s4_random_10_percent,0.7651596698959454,0.9982886480319453,0.002925792708992958
Random 10%,s4_random_10_percent,0.7680301399354145,0.9982886480319453,0.0028451327234506607
Random 10%,s4_random_10_percent,0.768388948690348,0.9982886480319453,0.0028329268097877502
Random 10%,s4_random_10_percent,0.7838177251524937,0.9982886480319453,0.0024314227048307657
Random 10%,s4_random_10_percent,0.7838177251524937,0.9988590986879635,0.002429005689918995
Random 10%,s4_random_10_percent,0.792070326515967,0.9988590986879635,0.0022153460886329412
Random 10%,s4_random_10_percent,0.7924291352709006,0.9988590986879635,0.0022136433981359005
Random 10%,s4_random_10_percent,0.7940437746681019,0.9988590986879635,0.002183249220252037
Random 10%,s4_random_10_percent,0.7944025834230355,0.9988590986879635,0.0021832056809216738
Random 10%,s4_random_10_percent,0.7945819878005024,0.9988590986879635,0.002175381174311042
Random 10%,s4_random_10_percent,0.7949407965554359,0.9988590986879635,0.0021627675741910934
Random 10%,s4_random_10_percent,0.8008611410118407,0.9988590986879635,0.0019988128915429115
Random 10%,s4_random_10_percent,0.8012199497667744,0.9988590986879635,0.001996653852984309
Random 10%,s4_random_10_percent,0.802475780409042,0.9988590986879635,0.0019716178067028522
Random 10%,s4_random_10_percent,0.8028345891639757,0.9988590986879635,0.0019697241950780153
Random 10%,s4_random_10_percent,0.8141370649443846,0.9988590986879635,0.0017001144587993622
Random 10%,s4_random_10_percent,0.8144958736993183,0.9988590986879635,0.0016951403813436627
Random 10%,s4_random_10_percent,0.8229278794402584,0.9988590986879635,0.0015060827136039734
Random 10%,s4_random_10_percent,0.8234660925726588,0.9988590986879635,0.0015052102971822023
Random 10%,s4_random_10_percent,0.8245425188374597,0.9988590986879635,0.0014849337749183178
Random 10%,s4_random_10_percent,0.8249013275923932,0.9988590986879635,0.00148033257573843
Random 10%,s4_random_10_percent,0.8306422676713312,0.9988590986879635,0.0013639364624395967
Random 10%,s4_random_10_percent,0.8310010764262648,0.9988590986879635,0.0013624466955661774
Random 10%,s4_random_10_percent,0.8338715464657338,0.9988590986879635,0.0013054432347416878
Random 10%,s4_random_10_percent,0.8342303552206674,0.9988590986879635,0.0013001856859773397
Random 10%,s4_random_10_percent,0.8363832077502691,0.9988590986879635,0.001263295765966177
Random 10%,s4_random_10_percent,0.8369214208826695,0.9988590986879635,0.0012632260331884027
Random 10%,s4_random_10_percent,0.8378184427700036,0.9988590986879635,0.0012513739056885242
Random 10%,s4_random_10_percent,0.8378184427700036,0.9994295493439818,0.001247857348062098
Random 10%,s4_random_10_percent,0.8390742734122713,0.9994295493439818,0.001204008236527443
Random 10%,s4_random_10_percent,0.8394330821672049,0.9994295493439818,0.0012024036841467023
Random 10%,s4_random_10_percent,0.8424829565841406,0.9994295493439818,0.0011419577058404684
Random 10%,s4_random_10_percent,0.8428417653390743,0.9994295493439818,0.0011406340636312962
Random 10%,s4_random_10_percent,0.8430211697165411,0.9994295493439818,0.0011395643232390285
Random 10%,s4_random_10_percent,0.8433799784714747,0.9994295493439818,0.0011393016902729869
Random 10%,s4_random_10_percent,0.8453534266236096,0.9994295493439818,0.0010974548058584332
Random 10%,s4_random_10_percent,0.8457122353785432,0.9994295493439818,0.0010813840199261904
Random 10%,s4_random_10_percent,0.8473268747757445,0.9994295493439818,0.0010672087082639337
Random 10%,s4_random_10_percent,0.847865087908145,0.9994295493439818,0.0010655593359842896
Random 10%,s4_random_10_percent,0.8482238966630786,0.9994295493439818,0.0010611400939524174
Random 10%,s4_random_10_percent,0.8485827054180122,0.9994295493439818,0.0010582765098661184
Random 10%,s4_random_10_percent,0.8489415141729458,0.9994295493439818,0.0010557806817814708
Random 10%,s4_random_10_percent,0.8501973448152135,0.9994295493439818,0.0010380805470049381
Random 10%,s4_random_10_percent,0.8505561535701471,0.9994295493439818,0.001036297995597124
Random 10%,s4_random_10_percent,0.8541442411194833,0.9994295493439818,0.0009879053104668856
Random 10%,s4_random_10_percent,0.8545030498744169,0.9994295493439818,0.0009874169481918216
Random 10%,s4_random_10_percent,0.8575529242913527,0.9994295493439818,0.0009564943611621857
Random 10%,s4_random_10_percent,0.8579117330462863,0.9994295493439818,0.0009487392380833626
Random 10%,s4_random_10_percent,0.8692142088266954,0.9994295493439818,0.0008238597656600177
Random 10%,s4_random_10_percent,0.8701112307140294,0.9994295493439818,0.0008234339184127748
Random 10%,s4_random_10_percent,0.8706494438464298,0.9994295493439818,0.0008163373568095267
Random 10%,s4_random_10_percent,0.8715464657337639,0.9994295493439818,0.0008151185465976596
Random 10%,s4_random_10_percent,0.8758521707929674,0.9994295493439818,0.0007524695829488337
Random 10%,s4_random_10_percent,0.876210979547901,0.9994295493439818,0.0007522107334807515
Random 10%,s4_random_10_percent,0.8774668101901686,0.9994295493439818,0.0007369514787569642
Random 10%,s4_random_10_percent,0.8778256189451022,0.9994295493439818,0.0007342085591517389
Random 10%,s4_random_10_percent,0.8819519196268389,0.9994295493439818,0.0006831904174759984
Random 10%,s4_random_10_percent,0.8823107283817725,0.9994295493439818,0.0006813632789999247
Random 10%,s4_random_10_percent,0.8851811984212414,0.9994295493439818,0.0006453106179833412
Random 10%,s4_random_10_percent,0.8857194115536419,0.9994295493439818,0.0006428643828257918
Random 10%,s4_random_10_percent,0.8864370290635092,0.9994295493439818,0.0006350864423438907
Random 10%,s4_random_10_percent,0.8871546465733764,0.9994295493439818,0.0006348435417748988
Random 10%,s4_random_10_percent,0.8887692859705777,0.9994295493439818,0.0006230034632608294
Random 10%,s4_random_10_percent,0.8891280947255114,0.9994295493439818,0.0006166758248582482
Random 10%,s4_random_10_percent,0.8934337997847147,0.9994295493439818,0.0005597551935352385
Random 10%,s4_random_10_percent,0.8937926085396484,0.9994295493439818,0.0005593320238403976
Random 10%,s4_random_10_percent,0.8989953354861858,0.9994295493439818,0.0004997579380869865
Random 10%,s4_random_10_percent,0.8993541442411195,0.9994295493439818,0.0004984025727026165
Random 10%,s4_random_10_percent,0.8995335486185863,0.9994295493439818,0.0004924921086058021
Random 10%,s4_random_10_percent,0.8998923573735199,0.9994295493439818,0.000492216320708394
Random 10%,s4_random_10_percent,0.9013275923932544,0.9994295493439818,0.00047794586862437427
Random 10%,s4_random_10_percent,0.901686401148188,0.9994295493439818,0.0004731346562039107
Random 10%,s4_random_10_percent,0.9149623250807319,0.9994295493439818,0.0003698606451507658
Random 10%,s4_random_10_percent,0.9153211338356656,0.9994295493439818,0.0003698000218719244
Random 10%,s4_random_10_percent,0.9244707570864729,0.9994295493439818,0.0002894140488933772
Random 10%,s4_random_10_percent,0.9248295658414065,0.9994295493439818,0.0002879876992665231
Random 10%,s4_random_10_percent,0.9305705059203444,0.9994295493439818,0.00024672469589859247
Random 10%,s4_random_10_percent,0.9309293146752781,0.9994295493439818,0.00024671811843290925
Random 10%,s4_random_10_percent,0.9339791890922139,0.9994295493439818,0.00022537830227520317
Random 10%,s4_random_10_percent,0.9343379978471474,0.9994295493439818,0.00022501693456433713
Random 10%,s4_random_10_percent,0.9348762109795479,0.9994295493439818,0.00022139758220873773
Random 10%,s4_random_10_percent,0.9354144241119483,0.9994295493439818,0.00021942489547654986
Random 10%,s4_random_10_percent,0.9377466810190168,0.9994295493439818,0.00021275725157465786
Random 10%,s4_random_10_percent,0.9384642985288841,0.9994295493439818,0.00021091300004627556
Random 10%,s4_random_10_percent,0.9415141729458198,0.9994295493439818,0.00019333534874022007
Random 10%,s4_random_10_percent,0.9420523860782203,0.9994295493439818,0.00018699887732509524
Random 10%,s4_random_10_percent,0.9424111948331539,0.9994295493439818,0.00018647522665560246
Random 10%,s4_random_10_percent,0.9454610692500897,0.9994295493439818,0.0001688999473117292
Random 10%,s4_random_10_percent,0.9459992823824901,0.9994295493439818,0.00016835132555570453
Random 10%,s4_random_10_percent,0.9553283100107642,0.9994295493439818,0.00012071119999745861
Random 10%,s4_random_10_percent,0.9556871187656979,0.9994295493439818,0.00012047259951941669
Random 10%,s4_random_10_percent,0.9621456763545031,0.9994295493439818,9.413098450750113e-05
Random 10%,s4_random_10_percent,0.9625044851094366,0.9994295493439818,9.306735591962934e-05
Random 10%,s4_random_10_percent,0.9648367420165052,0.9994295493439818,8.610945951659232e-05
Random 10%,s4_random_10_percent,0.9651955507714388,0.9994295493439818,8.574467210564762e-05
Random 10%,s4_random_10_percent,0.9675278076785073,0.9994295493439818,7.555177580798045e-05
Random 10%,s4_random_10_percent,0.967886616433441,0.9994295493439818,7.54047287045978e-05
Random 10%,s4_random_10_percent,0.9693218514531755,0.9994295493439818,7.15894129825756e-05
Random 10%,s4_random_10_percent,0.9698600645855759,0.9994295493439818,7.099373760866001e-05
Random 10%,s4_random_10_percent,0.9764980265518479,0.9994295493439818,5.163723471923731e-05
Random 10%,s4_random_10_percent,0.9768568353067815,0.9994295493439818,5.120801506564021e-05
Random 10%,s4_random_10_percent,0.9793684965913169,0.9994295493439818,4.54641085525509e-05
Random 10%,s4_random_10_percent,0.9797273053462504,0.9994295493439818,4.430839908309281e-05
Random 10%,s4_random_10_percent,0.982956584140653,0.9994295493439818,3.789380207308568e-05
Random 10%,s4_random_10_percent,0.9833153928955867,0.9994295493439818,3.774618380703032e-05
Random 10%,s4_random_10_percent,0.9843918191603875,0.9994295493439818,3.4756776585709304e-05
Random 10%,s4_random_10_percent,0.9847506279153211,0.9994295493439818,3.3573185646673664e-05
Random 10%,s4_random_10_percent,0.9861858629350556,0.9994295493439818,3.0317094569909386e-05
Random 10%,s4_random_10_percent,0.986724076067456,0.9994295493439818,2.991424480569549e-05
Random 10%,s4_random_10_percent,0.9881593110871906,0.9994295493439818,2.7483562007546425e-05
Random 10%,s4_random_10_percent,0.9885181198421241,0.9994295493439818,2.742149263212923e-05
Random 10%,s4_random_10_percent,0.9890563329745246,0.9994295493439818,2.5389992515556514e-05
Random 10%,s4_random_10_percent,0.9894151417294582,0.9994295493439818,2.535297244321555e-05
Random 10%,s4_random_10_percent,0.9894151417294582,1.0,2.4009925255086273e-05
Random 10%,s4_random_10_percent,1.0,1.0,2.424892500130227e-06
Simulated Retention Expiry,s5_retention_expiry,0.0,0.0,inf
Simulated Retention Expiry,s5_retention_expiry,0.0,0.022818026240730177,1.0
Simulated Retention Expiry,s5_retention_expiry,0.0,0.10952652595550486,0.9542767405509949
Simulated Retention Expiry,s5_retention_expiry,0.0001794043774668102,0.10952652595550486,0.9526016116142273
Simulated Retention Expiry,s5_retention_expiry,0.0001794043774668102,0.11808328579577866,0.9424371719360352
Simulated Retention Expiry,s5_retention_expiry,0.0003588087549336204,0.11808328579577866,0.9408784508705139
Simulated Retention Expiry,s5_retention_expiry,0.0003588087549336204,0.13177410154021676,0.9311544299125671
Simulated Retention Expiry,s5_retention_expiry,0.0003588087549336204,0.13291500285225327,0.9308987855911255
Simulated Retention Expiry,s5_retention_expiry,0.0003588087549336204,0.14432401597261837,0.9221044182777405
Simulated Retention Expiry,s5_retention_expiry,0.0005382131324004305,0.14432401597261837,0.9217662215232849
Simulated Retention Expiry,s5_retention_expiry,0.0005382131324004305,0.15459212778094694,0.9135468006134033
Simulated Retention Expiry,s5_retention_expiry,0.0007176175098672408,0.15459212778094694,0.9126906394958496
Simulated Retention Expiry,s5_retention_expiry,0.0007176175098672408,0.15630347974900172,0.9110643863677979
Simulated Retention Expiry,s5_retention_expiry,0.000897021887334051,0.15630347974900172,0.9107704162597656
Simulated Retention Expiry,s5_retention_expiry,0.000897021887334051,0.15915573302909297,0.9072563052177429
Simulated Retention Expiry,s5_retention_expiry,0.001076426264800861,0.15915573302909297,0.906947135925293
Simulated Retention Expiry,s5_retention_expiry,0.001076426264800861,0.16714204221334855,0.8996918201446533
Simulated Retention Expiry,s5_retention_expiry,0.0012558306422676714,0.16714204221334855,0.8996174335479736
Simulated Retention Expiry,s5_retention_expiry,0.0012558306422676714,0.1677124928693668,0.8992379903793335
Simulated Retention Expiry,s5_retention_expiry,0.0014352350197344816,0.1677124928693668,0.8985007405281067
Simulated Retention Expiry,s5_retention_expiry,0.0014352350197344816,0.17056474614945807,0.8919153213500977
Simulated Retention Expiry,s5_retention_expiry,0.0016146393972012918,0.17056474614945807,0.8914404511451721
Simulated Retention Expiry,s5_retention_expiry,0.0016146393972012918,0.1751283513976041,0.8839636445045471
Simulated Retention Expiry,s5_retention_expiry,0.001794043774668102,0.1751283513976041,0.8834333419799805
Simulated Retention Expiry,s5_retention_expiry,0.001794043774668102,0.1762692527096406,0.8826001882553101
Simulated Retention Expiry,s5_retention_expiry,0.001973448152134912,0.1762692527096406,0.8820738792419434
Simulated Retention Expiry,s5_retention_expiry,0.001973448152134912,0.17741015402167712,0.8806512951850891
Simulated Retention Expiry,s5_retention_expiry,0.002691065662002153,0.17741015402167712,0.8786061406135559
Simulated Retention Expiry,s5_retention_expiry,0.002691065662002153,0.17855105533371363,0.8774769902229309
Simulated Retention Expiry,s5_retention_expiry,0.0028704700394689632,0.17855105533371363,0.8762810826301575
Simulated Retention Expiry,s5_retention_expiry,0.0028704700394689632,0.18881916714204222,0.8664593696594238
Simulated Retention Expiry,s5_retention_expiry,0.0030498744169357734,0.18881916714204222,0.8660401701927185
Simulated Retention Expiry,s5_retention_expiry,0.0030498744169357734,0.19281232173416998,0.8620502948760986
Simulated Retention Expiry,s5_retention_expiry,0.0032292787944025836,0.19281232173416998,0.8617050051689148
Simulated Retention Expiry,s5_retention_expiry,0.0032292787944025836,0.19623502567027953,0.8582470417022705
Simulated Retention Expiry,s5_retention_expiry,0.0034086831718693937,0.19623502567027953,0.8574336767196655
Simulated Retention Expiry,s5_retention_expiry,0.0034086831718693937,0.19737592698231604,0.8565912246704102
Simulated Retention Expiry,s5_retention_expiry,0.003767491926803014,0.19737592698231604,0.8557655215263367
Simulated Retention Expiry,s5_retention_expiry,0.003767491926803014,0.19794637763833428,0.8549677729606628
Simulated Retention Expiry,s5_retention_expiry,0.003946896304269824,0.19794637763833428,0.8545897603034973
Simulated Retention Expiry,s5_retention_expiry,0.003946896304269824,0.21106674272675413,0.8391830325126648
Simulated Retention Expiry,s5_retention_expiry,0.0041263006817366344,0.21106674272675413,0.837483823299408
Simulated Retention Expiry,s5_retention_expiry,0.0041263006817366344,0.21448944666286365,0.8355336785316467
Simulated Retention Expiry,s5_retention_expiry,0.004305705059203444,0.21448944666286365,0.8350460529327393
Simulated Retention Expiry,s5_retention_expiry,0.004305705059203444,0.21734169994295494,0.8288781046867371
Simulated Retention Expiry,s5_retention_expiry,0.004485109436670255,0.21734169994295494,0.8288198709487915
Simulated Retention Expiry,s5_retention_expiry,0.004485109436670255,0.21791215059897318,0.8286891579627991
Simulated Retention Expiry,s5_retention_expiry,0.0046645138141370645,0.21791215059897318,0.8263196349143982
Simulated Retention Expiry,s5_retention_expiry,0.0046645138141370645,0.2190530519110097,0.8251677751541138
Simulated Retention Expiry,s5_retention_expiry,0.004843918191603875,0.2190530519110097,0.8251615762710571
Simulated Retention Expiry,s5_retention_expiry,0.004843918191603875,0.22076440387906446,0.823825478553772
Simulated Retention Expiry,s5_retention_expiry,0.005023322569070686,0.22076440387906446,0.8236870765686035
Simulated Retention Expiry,s5_retention_expiry,0.005023322569070686,0.22190530519110097,0.8225112557411194
Simulated Retention Expiry,s5_retention_expiry,0.005561535701471116,0.22190530519110097,0.8216577768325806
Simulated Retention Expiry,s5_retention_expiry,0.005561535701471116,0.22361665715915574,0.8198925852775574
Simulated Retention Expiry,s5_retention_expiry,0.0057409400789379264,0.22361665715915574,0.8197374939918518
Simulated Retention Expiry,s5_retention_expiry,0.0057409400789379264,0.2276098117512835,0.8150425553321838
Simulated Retention Expiry,s5_retention_expiry,0.005920344456404736,0.2276098117512835,0.8150275349617004
Simulated Retention Expiry,s5_retention_expiry,0.005920344456404736,0.23103251568739305,0.8127555847167969
Simulated Retention Expiry,s5_retention_expiry,0.006099748833871547,0.23103251568739305,0.8127161860466003
Simulated Retention Expiry,s5_retention_expiry,0.006099748833871547,0.2367370222475756,0.8083691000938416
Simulated Retention Expiry,s5_retention_expiry,0.0062791532113383565,0.2367370222475756,0.8081569671630859
Simulated Retention Expiry,s5_retention_expiry,0.0062791532113383565,0.23730747290359383,0.8060472011566162
Simulated Retention Expiry,s5_retention_expiry,0.006458557588805167,0.23730747290359383,0.8058512806892395
Simulated Retention Expiry,s5_retention_expiry,0.006458557588805167,0.23844837421563034,0.8056224584579468
Simulated Retention Expiry,s5_retention_expiry,0.006458557588805167,0.24073017683970335,0.8040961027145386
Simulated Retention Expiry,s5_retention_expiry,0.0068173663437387875,0.24073017683970335,0.8035651445388794
Simulated Retention Expiry,s5_retention_expiry,0.0068173663437387875,0.24358243011979464,0.802048921585083
Simulated Retention Expiry,s5_retention_expiry,0.006996770721205597,0.24358243011979464,0.8020108938217163
Simulated Retention Expiry,s5_retention_expiry,0.006996770721205597,0.24757558471192243,0.8004645109176636
Simulated Retention Expiry,s5_retention_expiry,0.007176175098672408,0.24757558471192243,0.800253689289093
Simulated Retention Expiry,s5_retention_expiry,0.007176175098672408,0.24928693667997717,0.7991029024124146
Simulated Retention Expiry,s5_retention_expiry,0.007355579476139218,0.24928693667997717,0.7982847690582275
Simulated Retention Expiry,s5_retention_expiry,0.007355579476139218,0.24985738733599544,0.7982758283615112
Simulated Retention Expiry,s5_retention_expiry,0.007534983853606028,0.24985738733599544,0.7977861166000366
Simulated Retention Expiry,s5_retention_expiry,0.007534983853606028,0.2509982886480319,0.7976911664009094
Simulated Retention Expiry,s5_retention_expiry,0.007714388231072838,0.2509982886480319,0.7973074316978455
Simulated Retention Expiry,s5_retention_expiry,0.007714388231072838,0.25213918996006845,0.7962967753410339
Simulated Retention Expiry,s5_retention_expiry,0.007893792608539648,0.25213918996006845,0.7962263822555542
Simulated Retention Expiry,s5_retention_expiry,0.007893792608539648,0.2567027952082145,0.7924354672431946
Simulated Retention Expiry,s5_retention_expiry,0.008073196986006458,0.2567027952082145,0.79242342710495
Simulated Retention Expiry,s5_retention_expiry,0.008073196986006458,0.25955504848830574,0.7913782596588135
Simulated Retention Expiry,s5_retention_expiry,0.008252601363473269,0.25955504848830574,0.7907185554504395
Simulated Retention Expiry,s5_retention_expiry,0.008252601363473269,0.2612664004563605,0.7902143597602844
Simulated Retention Expiry,s5_retention_expiry,0.008790814495873699,0.2612664004563605,0.7896119952201843
Simulated Retention Expiry,s5_retention_expiry,0.008790814495873699,0.26411865373645177,0.7879789471626282
Simulated Retention Expiry,s5_retention_expiry,0.008790814495873699,0.2652595550484883,0.7879067659378052
Simulated Retention Expiry,s5_retention_expiry,0.008790814495873699,0.26583000570450654,0.78773432970047
Simulated Retention Expiry,s5_retention_expiry,0.00897021887334051,0.26583000570450654,0.7872340083122253
Simulated Retention Expiry,s5_retention_expiry,0.00897021887334051,0.2675413576725613,0.7868558168411255
Simulated Retention Expiry,s5_retention_expiry,0.00914962325080732,0.2675413576725613,0.7866706848144531
Simulated Retention Expiry,s5_retention_expiry,0.00914962325080732,0.26811180832857956,0.7864325046539307
Simulated Retention Expiry,s5_retention_expiry,0.00950843200574094,0.26811180832857956,0.7859633564949036
Simulated Retention Expiry,s5_retention_expiry,0.00950843200574094,0.26982316029663433,0.7843927145004272
Simulated Retention Expiry,s5_retention_expiry,0.009867240760674561,0.26982316029663433,0.7841848731040955
Simulated Retention Expiry,s5_retention_expiry,0.009867240760674561,0.2732458642327439,0.7826404571533203
Simulated Retention Expiry,s5_retention_expiry,0.010046645138141371,0.2732458642327439,0.7824744582176208
Simulated Retention Expiry,s5_retention_expiry,0.010046645138141371,0.2738163148887621,0.7820502519607544
Simulated Retention Expiry,s5_retention_expiry,0.010405453893074991,0.2738163148887621,0.7818021178245544
Simulated Retention Expiry,s5_retention_expiry,0.010405453893074991,0.2755276668568169,0.7814756631851196
Simulated Retention Expiry,s5_retention_expiry,0.010584858270541802,0.2755276668568169,0.7810444235801697
Simulated Retention Expiry,s5_retention_expiry,0.010584858270541802,0.28009127210496293,0.7784811854362488
Simulated Retention Expiry,s5_retention_expiry,0.010584858270541802,0.2812321734169994,0.7783888578414917
Simulated Retention Expiry,s5_retention_expiry,0.010584858270541802,0.28237307472903594,0.7775974869728088
Simulated Retention Expiry,s5_retention_expiry,0.010764262648008612,0.28237307472903594,0.777366042137146
Simulated Retention Expiry,s5_retention_expiry,0.010764262648008612,0.2835139760410724,0.7765755653381348
Simulated Retention Expiry,s5_retention_expiry,0.010943667025475421,0.2840844266970907,0.7764007449150085
Simulated Retention Expiry,s5_retention_expiry,0.010943667025475421,0.29092983456930976,0.7713180184364319
Simulated Retention Expiry,s5_retention_expiry,0.011123071402942232,0.29092983456930976,0.7712044715881348
Simulated Retention Expiry,s5_retention_expiry,0.011123071402942232,0.29435253850541926,0.7694538235664368
Simulated Retention Expiry,s5_retention_expiry,0.011302475780409042,0.29435253850541926,0.7691737413406372
Simulated Retention Expiry,s5_retention_expiry,0.011302475780409042,0.3000570450656018,0.7646195888519287
Simulated Retention Expiry,s5_retention_expiry,0.011481880157875853,0.3000570450656018,0.7642881274223328
Simulated Retention Expiry,s5_retention_expiry,0.011481880157875853,0.3017683970336566,0.7623078227043152
Simulated Retention Expiry,s5_retention_expiry,0.011840688912809472,0.3017683970336566,0.7622746229171753
Simulated Retention Expiry,s5_retention_expiry,0.011840688912809472,0.3040501996577296,0.7618187665939331
Simulated Retention Expiry,s5_retention_expiry,0.012020093290276283,0.3040501996577296,0.7615910768508911
Simulated Retention Expiry,s5_retention_expiry,0.012020093290276283,0.3074729035938391,0.7609138488769531
Simulated Retention Expiry,s5_retention_expiry,0.012199497667743094,0.3074729035938391,0.7605034708976746
Simulated Retention Expiry,s5_retention_expiry,0.012199497667743094,0.3080433542498574,0.7603690028190613
Simulated Retention Expiry,s5_retention_expiry,0.012558306422676713,0.3080433542498574,0.7598146200180054
Simulated Retention Expiry,s5_retention_expiry,0.012558306422676713,0.30861380490587564,0.7595818638801575
Simulated Retention Expiry,s5_retention_expiry,0.012737710800143524,0.30861380490587564,0.7595679759979248
Simulated Retention Expiry,s5_retention_expiry,0.012737710800143524,0.3097547062179121,0.7593716979026794
Simulated Retention Expiry,s5_retention_expiry,0.012917115177610334,0.3097547062179121,0.7593399286270142
Simulated Retention Expiry,s5_retention_expiry,0.012917115177610334,0.31089560752994866,0.7584830522537231
Simulated Retention Expiry,s5_retention_expiry,0.013455328310010764,0.31089560752994866,0.757040798664093
Simulated Retention Expiry,s5_retention_expiry,0.013814137064944384,0.3120365088419852,0.7557857632637024
Simulated Retention Expiry,s5_retention_expiry,0.013814137064944384,0.31260695949800343,0.7549258470535278
Simulated Retention Expiry,s5_retention_expiry,0.013993541442411194,0.31260695949800343,0.754457950592041
Simulated Retention Expiry,s5_retention_expiry,0.013993541442411194,0.3154592127780947,0.7522109150886536
Simulated Retention Expiry,s5_retention_expiry,0.014172945819878005,0.3154592127780947,0.751670777797699
Simulated Retention Expiry,s5_retention_expiry,0.014172945819878005,0.31602966343411293,0.7513107657432556
Simulated Retention Expiry,s5_retention_expiry,0.014352350197344816,0.31602966343411293,0.7511409521102905
Simulated Retention Expiry,s5_retention_expiry,0.014352350197344816,0.31831146605818594,0.7496265769004822
Simulated Retention Expiry,s5_retention_expiry,0.014531754574811625,0.31831146605818594,0.7486381530761719
Simulated Retention Expiry,s5_retention_expiry,0.014531754574811625,0.31888191671420424,0.7474969029426575
Simulated Retention Expiry,s5_retention_expiry,0.014531754574811625,0.3200228180262407,0.7473083138465881
Simulated Retention Expiry,s5_retention_expiry,0.014531754574811625,0.32059326868225896,0.7463935613632202
Simulated Retention Expiry,s5_retention_expiry,0.014711158952278435,0.32059326868225896,0.7463410496711731
Simulated Retention Expiry,s5_retention_expiry,0.014711158952278435,0.32344552196235027,0.7427741885185242
Simulated Retention Expiry,s5_retention_expiry,0.014890563329745246,0.32344552196235027,0.7424696087837219
Simulated Retention Expiry,s5_retention_expiry,0.014890563329745246,0.32857957786651454,0.7390274405479431
Simulated Retention Expiry,s5_retention_expiry,0.015249372084678867,0.32857957786651454,0.7381134629249573
Simulated Retention Expiry,s5_retention_expiry,0.015249372084678867,0.33086138049058755,0.7372956275939941
Simulated Retention Expiry,s5_retention_expiry,0.015428776462145676,0.33086138049058755,0.737038791179657
Simulated Retention Expiry,s5_retention_expiry,0.015428776462145676,0.3320022818026241,0.7359142303466797
Simulated Retention Expiry,s5_retention_expiry,0.015608180839612486,0.3320022818026241,0.7356484532356262
Simulated Retention Expiry,s5_retention_expiry,0.015608180839612486,0.33257273245864233,0.734820544719696
Simulated Retention Expiry,s5_retention_expiry,0.015787585217079295,0.33257273245864233,0.7347885966300964
Simulated Retention Expiry,s5_retention_expiry,0.015787585217079295,0.33371363377067886,0.7346309423446655
Simulated Retention Expiry,s5_retention_expiry,0.015966989594546108,0.33371363377067886,0.7344226241111755
Simulated Retention Expiry,s5_retention_expiry,0.015966989594546108,0.3377067883628066,0.7333003878593445
Simulated Retention Expiry,s5_retention_expiry,0.015966989594546108,0.33884768967484313,0.7332419157028198
Simulated Retention Expiry,s5_retention_expiry,0.015966989594546108,0.34227039361095263,0.7306095957756042
Simulated Retention Expiry,s5_retention_expiry,0.016146393972012917,0.34227039361095263,0.7300256490707397
Simulated Retention Expiry,s5_retention_expiry,0.016146393972012917,0.34455219623502564,0.7280322909355164
Simulated Retention Expiry,s5_retention_expiry,0.01632579834947973,0.34455219623502564,0.7279508709907532
Simulated Retention Expiry,s5_retention_expiry,0.01632579834947973,0.34512264689104394,0.7279359102249146
Simulated Retention Expiry,s5_retention_expiry,0.016684607104413347,0.34512264689104394,0.7269517183303833
Simulated Retention Expiry,s5_retention_expiry,0.016684607104413347,0.34854535082715343,0.7247912883758545
Simulated Retention Expiry,s5_retention_expiry,0.01686401148188016,0.34854535082715343,0.7247450351715088
Simulated Retention Expiry,s5_retention_expiry,0.01686401148188016,0.3502567027952082,0.7234529852867126
Simulated Retention Expiry,s5_retention_expiry,0.017043415859346968,0.3502567027952082,0.7233210802078247
Simulated Retention Expiry,s5_retention_expiry,0.017043415859346968,0.35710211066742725,0.7204605937004089
Simulated Retention Expiry,s5_retention_expiry,0.017043415859346968,0.3582430119794638,0.7204559445381165
Simulated Retention Expiry,s5_retention_expiry,0.017043415859346968,0.35995436394751856,0.7187689542770386
Simulated Retention Expiry,s5_retention_expiry,0.01740222461428059,0.35995436394751856,0.7183234095573425
Simulated Retention Expiry,s5_retention_expiry,0.01740222461428059,0.3616657159155733,0.7167630195617676
Simulated Retention Expiry,s5_retention_expiry,0.017581628991747398,0.3616657159155733,0.7167562246322632
Simulated Retention Expiry,s5_retention_expiry,0.017581628991747398,0.3679406731317741,0.7130165100097656
Simulated Retention Expiry,s5_retention_expiry,0.01776103336921421,0.3679406731317741,0.7130050659179688
Simulated Retention Expiry,s5_retention_expiry,0.01776103336921421,0.3702224757558471,0.7103676795959473
Simulated Retention Expiry,s5_retention_expiry,0.01794043774668102,0.3702224757558471,0.7099107503890991
Simulated Retention Expiry,s5_retention_expiry,0.01794043774668102,0.3725042783799201,0.7088927030563354
Simulated Retention Expiry,s5_retention_expiry,0.018119842124147828,0.3725042783799201,0.7082712054252625
Simulated Retention Expiry,s5_retention_expiry,0.018119842124147828,0.3742156303479749,0.7078806757926941
Simulated Retention Expiry,s5_retention_expiry,0.01829924650161464,0.3742156303479749,0.7075459957122803
Simulated Retention Expiry,s5_retention_expiry,0.01829924650161464,0.37478608100399313,0.7072967886924744
Simulated Retention Expiry,s5_retention_expiry,0.018658055256548258,0.37478608100399313,0.7064386010169983
Simulated Retention Expiry,s5_retention_expiry,0.018658055256548258,0.3753565316600114,0.7062786221504211
Simulated Retention Expiry,s5_retention_expiry,0.01883745963401507,0.3753565316600114,0.7062785625457764
Simulated Retention Expiry,s5_retention_expiry,0.01883745963401507,0.37592698231602967,0.7062636017799377
Simulated Retention Expiry,s5_retention_expiry,0.01901686401148188,0.37592698231602967,0.7062044739723206
Simulated Retention Expiry,s5_retention_expiry,0.01901686401148188,0.37706788362806615,0.7060286998748779
Simulated Retention Expiry,s5_retention_expiry,0.01919626838894869,0.37706788362806615,0.7060191035270691
Simulated Retention Expiry,s5_retention_expiry,0.01919626838894869,0.3782087849401027,0.7057297825813293
Simulated Retention Expiry,s5_retention_expiry,0.01919626838894869,0.37992013690815746,0.705346941947937
Simulated Retention Expiry,s5_retention_expiry,0.01919626838894869,0.38391329150028525,0.7033761739730835
Simulated Retention Expiry,s5_retention_expiry,0.01955507714388231,0.38391329150028525,0.7032107710838318
Simulated Retention Expiry,s5_retention_expiry,0.01955507714388231,0.3850541928123217,0.7026515007019043
Simulated Retention Expiry,s5_retention_expiry,0.019734481521349122,0.3850541928123217,0.7024546265602112
Simulated Retention Expiry,s5_retention_expiry,0.019734481521349122,0.38562464346833997,0.702418863773346
Simulated Retention Expiry,s5_retention_expiry,0.020272694653749552,0.38562464346833997,0.701173722743988
Simulated Retention Expiry,s5_retention_expiry,0.020272694653749552,0.3867655447803765,0.701024055480957
Simulated Retention Expiry,s5_retention_expiry,0.020810907786149982,0.3867655447803765,0.699856698513031
Simulated Retention Expiry,s5_retention_expiry,0.020810907786149982,0.38733599543639474,0.698128879070282
Simulated Retention Expiry,s5_retention_expiry,0.02099031216361679,0.38733599543639474,0.6969508528709412
Simulated Retention Expiry,s5_retention_expiry,0.02099031216361679,0.3890473474044495,0.6962692141532898
Simulated Retention Expiry,s5_retention_expiry,0.021169716541083603,0.3890473474044495,0.6959565877914429
Simulated Retention Expiry,s5_retention_expiry,0.021169716541083603,0.38961779806046776,0.6956554651260376
Simulated Retention Expiry,s5_retention_expiry,0.021349120918550412,0.38961779806046776,0.6956497430801392
Simulated Retention Expiry,s5_retention_expiry,0.021349120918550412,0.3953223046206503,0.6929202079772949
Simulated Retention Expiry,s5_retention_expiry,0.021528525296017224,0.3953223046206503,0.6926517486572266
Simulated Retention Expiry,s5_retention_expiry,0.021528525296017224,0.39589275527666856,0.6924077868461609
Simulated Retention Expiry,s5_retention_expiry,0.021707929673484033,0.39589275527666856,0.691714346408844
Simulated Retention Expiry,s5_retention_expiry,0.021707929673484033,0.3981745579007416,0.6907258629798889
Simulated Retention Expiry,s5_retention_expiry,0.021887334050950842,0.3981745579007416,0.6906895637512207
Simulated Retention Expiry,s5_retention_expiry,0.021887334050950842,0.3993154592127781,0.6900733113288879
Simulated Retention Expiry,s5_retention_expiry,0.022066738428417654,0.3993154592127781,0.6900447607040405
Simulated Retention Expiry,s5_retention_expiry,0.022066738428417654,0.40102681118083283,0.6893488764762878
Simulated Retention Expiry,s5_retention_expiry,0.022246142805884463,0.40102681118083283,0.6890442371368408
Simulated Retention Expiry,s5_retention_expiry,0.022246142805884463,0.4015972618368511,0.6880247592926025
Simulated Retention Expiry,s5_retention_expiry,0.022425547183351272,0.4015972618368511,0.6879913210868835
Simulated Retention Expiry,s5_retention_expiry,0.022425547183351272,0.40216771249286937,0.6878302097320557
Simulated Retention Expiry,s5_retention_expiry,0.022604951560818085,0.40216771249286937,0.6875889301300049
Simulated Retention Expiry,s5_retention_expiry,0.022604951560818085,0.4055904164289789,0.686079204082489
Simulated Retention Expiry,s5_retention_expiry,0.022784355938284893,0.4055904164289789,0.6858281493186951
Simulated Retention Expiry,s5_retention_expiry,0.022784355938284893,0.40958357102110665,0.6840739846229553
Simulated Retention Expiry,s5_retention_expiry,0.023322569070685324,0.40958357102110665,0.6825336217880249
Simulated Retention Expiry,s5_retention_expiry,0.023322569070685324,0.41243582430119796,0.6804682016372681
Simulated Retention Expiry,s5_retention_expiry,0.023501973448152136,0.4130062749572162,0.6803953647613525
Simulated Retention Expiry,s5_retention_expiry,0.023501973448152136,0.414717626925271,0.6792545914649963
Simulated Retention Expiry,s5_retention_expiry,0.023860782203085754,0.414717626925271,0.6787569522857666
Simulated Retention Expiry,s5_retention_expiry,0.023860782203085754,0.416999429549344,0.6782020926475525
Simulated Retention Expiry,s5_retention_expiry,0.024219590958019375,0.416999429549344,0.6776366233825684
Simulated Retention Expiry,s5_retention_expiry,0.024219590958019375,0.4209925841414718,0.6766016483306885
Simulated Retention Expiry,s5_retention_expiry,0.024578399712952996,0.4209925841414718,0.6757960915565491
Simulated Retention Expiry,s5_retention_expiry,0.024578399712952996,0.4227039361095265,0.6748971939086914
Simulated Retention Expiry,s5_retention_expiry,0.025116612845353426,0.4227039361095265,0.6742763519287109
Simulated Retention Expiry,s5_retention_expiry,0.025116612845353426,0.4232743867655448,0.6737893223762512
Simulated Retention Expiry,s5_retention_expiry,0.025475421600287047,0.4232743867655448,0.6734252572059631
Simulated Retention Expiry,s5_retention_expiry,0.025475421600287047,0.4249857387335995,0.6732603907585144
Simulated Retention Expiry,s5_retention_expiry,0.025654825977753856,0.4249857387335995,0.6726434826850891
Simulated Retention Expiry,s5_retention_expiry,0.025654825977753856,0.42612664004563605,0.67237389087677
Simulated Retention Expiry,s5_retention_expiry,0.025654825977753856,0.4266970907016543,0.6721814870834351
Simulated Retention Expiry,s5_retention_expiry,0.02583423035522067,0.4266970907016543,0.6721489429473877
Simulated Retention Expiry,s5_retention_expiry,0.02583423035522067,0.4289788933257273,0.6702341437339783
Simulated Retention Expiry,s5_retention_expiry,0.026013634732687477,0.4289788933257273,0.6698734164237976
Simulated Retention Expiry,s5_retention_expiry,0.026013634732687477,0.43011979463776384,0.6691378355026245
Simulated Retention Expiry,s5_retention_expiry,0.026013634732687477,0.4312606959498003,0.6686831116676331
Simulated Retention Expiry,s5_retention_expiry,0.026193039110154286,0.4312606959498003,0.6686527729034424
Simulated Retention Expiry,s5_retention_expiry,0.026193039110154286,0.43240159726183686,0.668525755405426
Simulated Retention Expiry,s5_retention_expiry,0.0263724434876211,0.43240159726183686,0.6684843301773071
Simulated Retention Expiry,s5_retention_expiry,0.0263724434876211,0.43354249857387334,0.6683076024055481
Simulated Retention Expiry,s5_retention_expiry,0.02691065662002153,0.43354249857387334,0.6677227020263672
Simulated Retention Expiry,s5_retention_expiry,0.02691065662002153,0.43411294922989163,0.6672936677932739
Simulated Retention Expiry,s5_retention_expiry,0.027090060997488338,0.43411294922989163,0.6669240593910217
Simulated Retention Expiry,s5_retention_expiry,0.027090060997488338,0.43468339988590987,0.666863203048706
Simulated Retention Expiry,s5_retention_expiry,0.02726946537495515,0.43468339988590987,0.6666853427886963
Simulated Retention Expiry,s5_retention_expiry,0.02726946537495515,0.43582430119794635,0.6658835411071777
Simulated Retention Expiry,s5_retention_expiry,0.02744886975242196,0.43582430119794635,0.6658563017845154
Simulated Retention Expiry,s5_retention_expiry,0.02744886975242196,0.4392470051340559,0.6649331450462341
Simulated Retention Expiry,s5_retention_expiry,0.02780767850735558,0.4392470051340559,0.6641179919242859
Simulated Retention Expiry,s5_retention_expiry,0.02780767850735558,0.44038790644609244,0.6634013652801514
Simulated Retention Expiry,s5_retention_expiry,0.02798708288482239,0.44038790644609244,0.6622434854507446
Simulated Retention Expiry,s5_retention_expiry,0.02798708288482239,0.4415288077581289,0.6620858907699585
Simulated Retention Expiry,s5_retention_expiry,0.02798708288482239,0.4432401597261837,0.6616224646568298
Simulated Retention Expiry,s5_retention_expiry,0.0281664872622892,0.4432401597261837,0.6612865924835205
Simulated Retention Expiry,s5_retention_expiry,0.0281664872622892,0.4455219623502567,0.6603377461433411
Simulated Retention Expiry,s5_retention_expiry,0.02834589163975601,0.4466628636622932,0.6598518490791321
Simulated Retention Expiry,s5_retention_expiry,0.02906350914962325,0.4466628636622932,0.6580770611763
Simulated Retention Expiry,s5_retention_expiry,0.02906350914962325,0.450656018254421,0.65560382604599
Simulated Retention Expiry,s5_retention_expiry,0.02924291352709006,0.450656018254421,0.6554991006851196
Simulated Retention Expiry,s5_retention_expiry,0.02924291352709006,0.45122646891043927,0.6552863717079163
Simulated Retention Expiry,s5_retention_expiry,0.02978112665949049,0.45122646891043927,0.6545155644416809
Simulated Retention Expiry,s5_retention_expiry,0.02978112665949049,0.4540787221905305,0.6527925729751587
Simulated Retention Expiry,s5_retention_expiry,0.0299605310369573,0.4540787221905305,0.6523386240005493
Simulated Retention Expiry,s5_retention_expiry,0.0299605310369573,0.455219623502567,0.6516236066818237
Simulated Retention Expiry,s5_retention_expiry,0.0299605310369573,0.45636052481460354,0.6514695286750793
Simulated Retention Expiry,s5_retention_expiry,0.030139935414424113,0.4569309754706218,0.6511818766593933
Simulated Retention Expiry,s5_retention_expiry,0.030678148546824543,0.4569309754706218,0.650615394115448
Simulated Retention Expiry,s5_retention_expiry,0.030678148546824543,0.4580718767826583,0.6501315832138062
Simulated Retention Expiry,s5_retention_expiry,0.031036957301758164,0.4580718767826583,0.648674488067627
Simulated Retention Expiry,s5_retention_expiry,0.031036957301758164,0.45864232743867656,0.6485382914543152
Simulated Retention Expiry,s5_retention_expiry,0.03139576605669178,0.45864232743867656,0.6468804478645325
Simulated Retention Expiry,s5_retention_expiry,0.03139576605669178,0.46092413006274957,0.6462836265563965
Simulated Retention Expiry,s5_retention_expiry,0.03157517043415859,0.46092413006274957,0.6458490490913391
Simulated Retention Expiry,s5_retention_expiry,0.03157517043415859,0.46605818596691384,0.6432651877403259
Simulated Retention Expiry,s5_retention_expiry,0.032113383566559024,0.46605818596691384,0.6427890658378601
Simulated Retention Expiry,s5_retention_expiry,0.032113383566559024,0.47119224187107817,0.64039546251297
Simulated Retention Expiry,s5_retention_expiry,0.03247219232149264,0.47119224187107817,0.6382903456687927
Simulated Retention Expiry,s5_retention_expiry,0.03247219232149264,0.47290359383913294,0.6359164714813232
Simulated Retention Expiry,s5_retention_expiry,0.03283100107642627,0.47290359383913294,0.6355688571929932
Simulated Retention Expiry,s5_retention_expiry,0.03283100107642627,0.4734740444951512,0.6355113983154297
Simulated Retention Expiry,s5_retention_expiry,0.033010405453893076,0.4734740444951512,0.6347795724868774
Simulated Retention Expiry,s5_retention_expiry,0.033010405453893076,0.4740444951511694,0.6342650651931763
Simulated Retention Expiry,s5_retention_expiry,0.033189809831359884,0.4757558471192242,0.6335693597793579
Simulated Retention Expiry,s5_retention_expiry,0.033189809831359884,0.47632629777524244,0.6333981156349182
Simulated Retention Expiry,s5_retention_expiry,0.03336921420882669,0.47632629777524244,0.6327188014984131
Simulated Retention Expiry,s5_retention_expiry,0.03336921420882669,0.4780376497432972,0.6320210695266724
Simulated Retention Expiry,s5_retention_expiry,0.03372802296376032,0.4780376497432972,0.6318185329437256
Simulated Retention Expiry,s5_retention_expiry,0.03372802296376032,0.4791785510553337,0.6316685676574707
Simulated Retention Expiry,s5_retention_expiry,0.03390742734122713,0.4791785510553337,0.6308249235153198
Simulated Retention Expiry,s5_retention_expiry,0.03390742734122713,0.4803194523673702,0.6302184462547302
Simulated Retention Expiry,s5_retention_expiry,0.034086831718693936,0.4803194523673702,0.6297829747200012
Simulated Retention Expiry,s5_retention_expiry,0.034086831718693936,0.48088990302338847,0.6291803121566772
Simulated Retention Expiry,s5_retention_expiry,0.034266236096160745,0.48088990302338847,0.6291595101356506
Simulated Retention Expiry,s5_retention_expiry,0.034266236096160745,0.4837421563034798,0.6262993216514587
Simulated Retention Expiry,s5_retention_expiry,0.03480444922856118,0.4837421563034798,0.6251503229141235
Simulated Retention Expiry,s5_retention_expiry,0.03480444922856118,0.48488305761551626,0.6244224905967712
Simulated Retention Expiry,s5_retention_expiry,0.03498385360602799,0.48488305761551626,0.6244099736213684
Simulated Retention Expiry,s5_retention_expiry,0.03498385360602799,0.4854535082715345,0.6242721080780029
Simulated Retention Expiry,s5_retention_expiry,0.035342662360961605,0.48659440958357103,0.6240626573562622
Simulated Retention Expiry,s5_retention_expiry,0.03570147111589523,0.48659440958357103,0.6234778165817261
Simulated Retention Expiry,s5_retention_expiry,0.03570147111589523,0.48716486023958927,0.6225181818008423
Simulated Retention Expiry,s5_retention_expiry,0.03588087549336204,0.48716486023958927,0.6213294267654419
Simulated Retention Expiry,s5_retention_expiry,0.03588087549336204,0.4877353108956075,0.6212384104728699
Simulated Retention Expiry,s5_retention_expiry,0.03606027987082885,0.4877353108956075,0.6210902333259583
Simulated Retention Expiry,s5_retention_expiry,0.03606027987082885,0.48887621220764405,0.6204204559326172
Simulated Retention Expiry,s5_retention_expiry,0.036239684248295656,0.48887621220764405,0.6199477910995483
Simulated Retention Expiry,s5_retention_expiry,0.036239684248295656,0.4900171135196805,0.6193193197250366
Simulated Retention Expiry,s5_retention_expiry,0.03641908862576247,0.4900171135196805,0.6191607117652893
Simulated Retention Expiry,s5_retention_expiry,0.03641908862576247,0.4917284654877353,0.6186296343803406
Simulated Retention Expiry,s5_retention_expiry,0.03659849300322928,0.4917284654877353,0.6185184121131897
Simulated Retention Expiry,s5_retention_expiry,0.03659849300322928,0.4940102681118083,0.6165851950645447
Simulated Retention Expiry,s5_retention_expiry,0.03713670613562971,0.4940102681118083,0.6154361963272095
Simulated Retention Expiry,s5_retention_expiry,0.03713670613562971,0.4980034227039361,0.6109465956687927
Simulated Retention Expiry,s5_retention_expiry,0.03749551489056333,0.4980034227039361,0.6103891730308533
Simulated Retention Expiry,s5_retention_expiry,0.03749551489056333,0.5019965772960638,0.6071872115135193
Simulated Retention Expiry,s5_retention_expiry,0.03767491926803014,0.5019965772960638,0.6069852113723755
Simulated Retention Expiry,s5_retention_expiry,0.03767491926803014,0.5054192812321734,0.6055760979652405
Simulated Retention Expiry,s5_retention_expiry,0.03785432364549695,0.5054192812321734,0.6053221225738525
Simulated Retention Expiry,s5_retention_expiry,0.03785432364549695,0.5082715345122647,0.6026949882507324
Simulated Retention Expiry,s5_retention_expiry,0.03803372802296376,0.5082715345122647,0.602587878704071
Simulated Retention Expiry,s5_retention_expiry,0.03803372802296376,0.5122646891043925,0.6000599265098572
Simulated Retention Expiry,s5_retention_expiry,0.03821313240043057,0.5122646891043925,0.5990399718284607
Simulated Retention Expiry,s5_retention_expiry,0.03821313240043057,0.513405590416429,0.5986972451210022
Simulated Retention Expiry,s5_retention_expiry,0.03839253677789738,0.513405590416429,0.5985450148582458
Simulated Retention Expiry,s5_retention_expiry,0.03839253677789738,0.5139760410724472,0.5983927249908447
Simulated Retention Expiry,s5_retention_expiry,0.03857194115536419,0.5139760410724472,0.5983164310455322
Simulated Retention Expiry,s5_retention_expiry,0.03857194115536419,0.5145464917284654,0.598223865032196
Simulated Retention Expiry,s5_retention_expiry,0.038751345532831,0.5145464917284654,0.5978348255157471
Simulated Retention Expiry,s5_retention_expiry,0.038751345532831,0.5185396463205932,0.5960863828659058
Simulated Retention Expiry,s5_retention_expiry,0.03893074991029781,0.5185396463205932,0.5959303975105286
Simulated Retention Expiry,s5_retention_expiry,0.03893074991029781,0.5191100969766115,0.595379114151001
Simulated Retention Expiry,s5_retention_expiry,0.039289558665231435,0.5191100969766115,0.5944615602493286
Simulated Retention Expiry,s5_retention_expiry,0.039289558665231435,0.5208214489446663,0.5943071842193604
Simulated Retention Expiry,s5_retention_expiry,0.039468963042698244,0.5208214489446663,0.5942862033843994
Simulated Retention Expiry,s5_retention_expiry,0.039468963042698244,0.5231032515687393,0.5933504104614258
Simulated Retention Expiry,s5_retention_expiry,0.040186580552565486,0.5231032515687393,0.5914341807365417
Simulated Retention Expiry,s5_retention_expiry,0.040186580552565486,0.5242441528807759,0.5906537771224976
Simulated Retention Expiry,s5_retention_expiry,0.040365984930032295,0.5242441528807759,0.5905530452728271
Simulated Retention Expiry,s5_retention_expiry,0.040365984930032295,0.5265259555048488,0.5878812670707703
Simulated Retention Expiry,s5_retention_expiry,0.040545389307499104,0.5265259555048488,0.5878335237503052
Simulated Retention Expiry,s5_retention_expiry,0.040545389307499104,0.5276668568168853,0.5875052809715271
Simulated Retention Expiry,s5_retention_expiry,0.04108360243989953,0.5276668568168853,0.5866444110870361
Simulated Retention Expiry,s5_retention_expiry,0.04108360243989953,0.5293782087849401,0.585974395275116
Simulated Retention Expiry,s5_retention_expiry,0.041263006817366346,0.5293782087849401,0.5858609676361084
Simulated Retention Expiry,s5_retention_expiry,0.041263006817366346,0.5328009127210497,0.5843861103057861
Simulated Retention Expiry,s5_retention_expiry,0.041442411194833155,0.5333713633770679,0.5841466784477234
Simulated Retention Expiry,s5_retention_expiry,0.041442411194833155,0.5345122646891044,0.5820240378379822
Simulated Retention Expiry,s5_retention_expiry,0.0421600287047004,0.5345122646891044,0.5802135467529297
Simulated Retention Expiry,s5_retention_expiry,0.0421600287047004,0.5350827153451226,0.5792470574378967
Simulated Retention Expiry,s5_retention_expiry,0.042518837459634015,0.5350827153451226,0.5791236758232117
Simulated Retention Expiry,s5_retention_expiry,0.042698241837100824,0.5350827153451226,0.5789883732795715
Simulated Retention Expiry,s5_retention_expiry,0.042698241837100824,0.537934968625214,0.5766803622245789
Simulated Retention Expiry,s5_retention_expiry,0.04323645496950126,0.537934968625214,0.576311469078064
Simulated Retention Expiry,s5_retention_expiry,0.04323645496950126,0.5385054192812322,0.5762084722518921
Simulated Retention Expiry,s5_retention_expiry,0.043415859346968066,0.5390758699372504,0.5757097601890564
Simulated Retention Expiry,s5_retention_expiry,0.043774668101901684,0.5390758699372504,0.5753692984580994
Simulated Retention Expiry,s5_retention_expiry,0.043774668101901684,0.5402167712492869,0.573957085609436
Simulated Retention Expiry,s5_retention_expiry,0.0439540724793685,0.5402167712492869,0.5728858113288879
Simulated Retention Expiry,s5_retention_expiry,0.0439540724793685,0.5407872219053051,0.5728636384010315
Simulated Retention Expiry,s5_retention_expiry,0.04431288123430212,0.5407872219053051,0.5725005865097046
Simulated Retention Expiry,s5_retention_expiry,0.04431288123430212,0.5413576725613235,0.5722318291664124
Simulated Retention Expiry,s5_retention_expiry,0.044851094366702544,0.5413576725613235,0.5711027383804321
Simulated Retention Expiry,s5_retention_expiry,0.044851094366702544,0.5419281232173417,0.5710688233375549
Simulated Retention Expiry,s5_retention_expiry,0.04520990312163617,0.5419281232173417,0.5701919794082642
Simulated Retention Expiry,s5_retention_expiry,0.04520990312163617,0.54249857387336,0.5697435140609741
Simulated Retention Expiry,s5_retention_expiry,0.04538930749910298,0.54249857387336,0.5691811442375183
Simulated Retention Expiry,s5_retention_expiry,0.04538930749910298,0.5430690245293782,0.5689266324043274
Simulated Retention Expiry,s5_retention_expiry,0.04610692500897022,0.5430690245293782,0.5667968392372131
Simulated Retention Expiry,s5_retention_expiry,0.04610692500897022,0.5447803764974329,0.5660508871078491
Simulated Retention Expiry,s5_retention_expiry,0.04646573376390384,0.5447803764974329,0.5657334923744202
Simulated Retention Expiry,s5_retention_expiry,0.04646573376390384,0.5459212778094695,0.5647341012954712
Simulated Retention Expiry,s5_retention_expiry,0.04664513814137065,0.5459212778094695,0.5643012523651123
Simulated Retention Expiry,s5_retention_expiry,0.04664513814137065,0.5464917284654878,0.5637065768241882
Simulated Retention Expiry,s5_retention_expiry,0.04718335127377108,0.5464917284654878,0.5619384050369263
Simulated Retention Expiry,s5_retention_expiry,0.04718335127377108,0.547062179121506,0.5618965029716492
Simulated Retention Expiry,s5_retention_expiry,0.04736275565123789,0.547062179121506,0.5610183477401733
Simulated Retention Expiry,s5_retention_expiry,0.04736275565123789,0.5482030804335425,0.5596871376037598
Simulated Retention Expiry,s5_retention_expiry,0.0475421600287047,0.5482030804335425,0.5594089031219482
Simulated Retention Expiry,s5_retention_expiry,0.0475421600287047,0.5487735310895607,0.5586304664611816
Simulated Retention Expiry,s5_retention_expiry,0.04772156440617151,0.5487735310895607,0.5583139061927795
Simulated Retention Expiry,s5_retention_expiry,0.04772156440617151,0.5499144324015972,0.5579115748405457
Simulated Retention Expiry,s5_retention_expiry,0.04808037316110513,0.5499144324015972,0.5571938753128052
Simulated Retention Expiry,s5_retention_expiry,0.04808037316110513,0.5504848830576156,0.5570982098579407
Simulated Retention Expiry,s5_retention_expiry,0.04825977753857194,0.5504848830576156,0.5566228628158569
Simulated Retention Expiry,s5_retention_expiry,0.04825977753857194,0.5510553337136338,0.5554337501525879
Simulated Retention Expiry,s5_retention_expiry,0.04861858629350556,0.5510553337136338,0.5547472238540649
Simulated Retention Expiry,s5_retention_expiry,0.04861858629350556,0.551625784369652,0.5543588995933533
Simulated Retention Expiry,s5_retention_expiry,0.04951560818083961,0.551625784369652,0.5528122186660767
Simulated Retention Expiry,s5_retention_expiry,0.04951560818083961,0.5550484883057616,0.5509987473487854
Simulated Retention Expiry,s5_retention_expiry,0.049695012558306426,0.5550484883057616,0.5506193041801453
Simulated Retention Expiry,s5_retention_expiry,0.049695012558306426,0.5556189389617798,0.5504088401794434
Simulated Retention Expiry,s5_retention_expiry,0.049874416935773234,0.5556189389617798,0.5502921938896179
Simulated Retention Expiry,s5_retention_expiry,0.049874416935773234,0.5561893896177981,0.5494818687438965
Simulated Retention Expiry,s5_retention_expiry,0.05023322569070685,0.5561893896177981,0.5491576790809631
Simulated Retention Expiry,s5_retention_expiry,0.05023322569070685,0.5567598402738163,0.5491316914558411
Simulated Retention Expiry,s5_retention_expiry,0.05059203444564048,0.5567598402738163,0.5487566590309143
Simulated Retention Expiry,s5_retention_expiry,0.05059203444564048,0.5573302909298345,0.5487390756607056
Simulated Retention Expiry,s5_retention_expiry,0.050771438823107286,0.5573302909298345,0.548474907875061
Simulated Retention Expiry,s5_retention_expiry,0.050771438823107286,0.5579007415858528,0.5484040975570679
Simulated Retention Expiry,s5_retention_expiry,0.050771438823107286,0.5590416428978894,0.5480098128318787
Simulated Retention Expiry,s5_retention_expiry,0.050771438823107286,0.5601825442099259,0.5477218627929688
Simulated Retention Expiry,s5_retention_expiry,0.051130247578040904,0.5601825442099259,0.5464412569999695
Simulated Retention Expiry,s5_retention_expiry,0.051130247578040904,0.5607529948659441,0.5463130474090576
Simulated Retention Expiry,s5_retention_expiry,0.05130965195550771,0.5607529948659441,0.5462028384208679
Simulated Retention Expiry,s5_retention_expiry,0.05130965195550771,0.5613234455219623,0.545891284942627
Simulated Retention Expiry,s5_retention_expiry,0.05148905633297452,0.5613234455219623,0.5457435250282288
Simulated Retention Expiry,s5_retention_expiry,0.05148905633297452,0.5624643468339988,0.5452283620834351
Simulated Retention Expiry,s5_retention_expiry,0.05166846071044134,0.5624643468339988,0.5450645089149475
Simulated Retention Expiry,s5_retention_expiry,0.05166846071044134,0.5630347974900171,0.544752299785614
Simulated Retention Expiry,s5_retention_expiry,0.051847865087908146,0.5630347974900171,0.5447171926498413
Simulated Retention Expiry,s5_retention_expiry,0.051847865087908146,0.5636052481460354,0.5445398688316345
Simulated Retention Expiry,s5_retention_expiry,0.051847865087908146,0.5647461494580719,0.544287919998169
Simulated Retention Expiry,s5_retention_expiry,0.051847865087908146,0.5664575014261266,0.5439119935035706
Simulated Retention Expiry,s5_retention_expiry,0.052206673842841764,0.5664575014261266,0.5437948703765869
Simulated Retention Expiry,s5_retention_expiry,0.05238607822030857,0.5670279520821448,0.543699324131012
Simulated Retention Expiry,s5_retention_expiry,0.05256548259777539,0.5670279520821448,0.5436486601829529
Simulated Retention Expiry,s5_retention_expiry,0.05256548259777539,0.5704506560182544,0.5419870018959045
Simulated Retention Expiry,s5_retention_expiry,0.052924291352709006,0.5704506560182544,0.5413162112236023
Simulated Retention Expiry,s5_retention_expiry,0.052924291352709006,0.5710211066742726,0.5409979820251465
Simulated Retention Expiry,s5_retention_expiry,0.05346250448510944,0.5710211066742726,0.5390708446502686
Simulated Retention Expiry,s5_retention_expiry,0.05364190886257625,0.5721620079863092,0.5387058854103088
Simulated Retention Expiry,s5_retention_expiry,0.05364190886257625,0.5744438106103822,0.5369811058044434
Simulated Retention Expiry,s5_retention_expiry,0.054180121994976675,0.5744438106103822,0.535286545753479
Simulated Retention Expiry,s5_retention_expiry,0.054180121994976675,0.5755847119224187,0.5348143577575684
Simulated Retention Expiry,s5_retention_expiry,0.05435952637244349,0.5755847119224187,0.5346865653991699
Simulated Retention Expiry,s5_retention_expiry,0.05435952637244349,0.576155162578437,0.5344831347465515
Simulated Retention Expiry,s5_retention_expiry,0.0545389307499103,0.576155162578437,0.5341060757637024
Simulated Retention Expiry,s5_retention_expiry,0.0545389307499103,0.5772960638904735,0.532296359539032
Simulated Retention Expiry,s5_retention_expiry,0.05471833512737711,0.5772960638904735,0.5322059988975525
Simulated Retention Expiry,s5_retention_expiry,0.05471833512737711,0.5790074158585282,0.5298779010772705
Simulated Retention Expiry,s5_retention_expiry,0.055256548259777535,0.5790074158585282,0.5289795994758606
Simulated Retention Expiry,s5_retention_expiry,0.055256548259777535,0.5795778665145465,0.5288981795310974
Simulated Retention Expiry,s5_retention_expiry,0.05543595263724435,0.5795778665145465,0.5287283062934875
Simulated Retention Expiry,s5_retention_expiry,0.05543595263724435,0.5801483171705647,0.5284913182258606
Simulated Retention Expiry,s5_retention_expiry,0.05561535701471116,0.5801483171705647,0.5283749103546143
Simulated Retention Expiry,s5_retention_expiry,0.05561535701471116,0.580718767826583,0.5283204913139343
Simulated Retention Expiry,s5_retention_expiry,0.0563329745245784,0.580718767826583,0.5273380279541016
Simulated Retention Expiry,s5_retention_expiry,0.0563329745245784,0.583000570450656,0.5266426801681519
Simulated Retention Expiry,s5_retention_expiry,0.05705059203444564,0.583000570450656,0.5256797075271606
Simulated Retention Expiry,s5_retention_expiry,0.05705059203444564,0.5847119224187107,0.5244158506393433
Simulated Retention Expiry,s5_retention_expiry,0.05740940078937926,0.5847119224187107,0.5237396359443665
Simulated Retention Expiry,s5_retention_expiry,0.05740940078937926,0.5858528237307473,0.522821307182312
Simulated Retention Expiry,s5_retention_expiry,0.05794761392177969,0.5858528237307473,0.5218665599822998
Simulated Retention Expiry,s5_retention_expiry,0.05794761392177969,0.5864232743867656,0.5214365124702454
Simulated Retention Expiry,s5_retention_expiry,0.058306422676713314,0.5864232743867656,0.5204532742500305
Simulated Retention Expiry,s5_retention_expiry,0.058306422676713314,0.5887050770108385,0.5199795365333557
Simulated Retention Expiry,s5_retention_expiry,0.05848582705418012,0.5887050770108385,0.5197834372520447
Simulated Retention Expiry,s5_retention_expiry,0.05848582705418012,0.5892755276668569,0.518832802772522
Simulated Retention Expiry,s5_retention_expiry,0.05902404018658055,0.5892755276668569,0.5185046195983887
Simulated Retention Expiry,s5_retention_expiry,0.05902404018658055,0.5898459783228751,0.5183406472206116
Simulated Retention Expiry,s5_retention_expiry,0.059203444564047365,0.5898459783228751,0.5181634426116943
Simulated Retention Expiry,s5_retention_expiry,0.059203444564047365,0.5904164289788933,0.5181077122688293
Simulated Retention Expiry,s5_retention_expiry,0.059382848941514174,0.5904164289788933,0.5180883407592773
Simulated Retention Expiry,s5_retention_expiry,0.059382848941514174,0.5915573302909298,0.5164796113967896
Simulated Retention Expiry,s5_retention_expiry,0.05956225331898098,0.5915573302909298,0.516386091709137
Simulated Retention Expiry,s5_retention_expiry,0.05956225331898098,0.5921277809469481,0.5163729190826416
Simulated Retention Expiry,s5_retention_expiry,0.060279870828848225,0.5921277809469481,0.5147818922996521
Simulated Retention Expiry,s5_retention_expiry,0.060279870828848225,0.5938391329150029,0.5139881372451782
Simulated Retention Expiry,s5_retention_expiry,0.060459275206315034,0.5938391329150029,0.5139249563217163
Simulated Retention Expiry,s5_retention_expiry,0.060459275206315034,0.5944095835710211,0.513828456401825
Simulated Retention Expiry,s5_retention_expiry,0.06063867958378184,0.5944095835710211,0.5136260390281677
Simulated Retention Expiry,s5_retention_expiry,0.06063867958378184,0.5949800342270394,0.5135794281959534
Simulated Retention Expiry,s5_retention_expiry,0.06081808396124865,0.5949800342270394,0.512636661529541
Simulated Retention Expiry,s5_retention_expiry,0.06099748833871547,0.5955504848830576,0.5124981999397278
Simulated Retention Expiry,s5_retention_expiry,0.0617151058485827,0.5955504848830576,0.5101713538169861
Simulated Retention Expiry,s5_retention_expiry,0.0617151058485827,0.5961209355390759,0.5097978711128235
Simulated Retention Expiry,s5_retention_expiry,0.06207391460351633,0.5961209355390759,0.5092567205429077
Simulated Retention Expiry,s5_retention_expiry,0.06207391460351633,0.5978322875071307,0.5085424184799194
Simulated Retention Expiry,s5_retention_expiry,0.06225331898098314,0.5978322875071307,0.507785439491272
Simulated Retention Expiry,s5_retention_expiry,0.06225331898098314,0.6012549914432401,0.5055971741676331
Simulated Retention Expiry,s5_retention_expiry,0.06279153211338356,0.6012549914432401,0.5051389336585999
Simulated Retention Expiry,s5_retention_expiry,0.06279153211338356,0.6023958927552767,0.5049551129341125
Simulated Retention Expiry,s5_retention_expiry,0.06350914962325081,0.6023958927552767,0.5024727582931519
Simulated Retention Expiry,s5_retention_expiry,0.06350914962325081,0.602966343411295,0.5023800730705261
Simulated Retention Expiry,s5_retention_expiry,0.06404736275565123,0.602966343411295,0.5003936886787415
Simulated Retention Expiry,s5_retention_expiry,0.06404736275565123,0.6046776953793497,0.49875640869140625
Simulated Retention Expiry,s5_retention_expiry,0.06476498026551848,0.6046776953793497,0.4975617229938507
Simulated Retention Expiry,s5_retention_expiry,0.06476498026551848,0.6052481460353679,0.49569812417030334
Simulated Retention Expiry,s5_retention_expiry,0.06476498026551848,0.6063890473474044,0.4955235421657562
Simulated Retention Expiry,s5_retention_expiry,0.06548259777538572,0.6063890473474044,0.493917852640152
Simulated Retention Expiry,s5_retention_expiry,0.06548259777538572,0.6086708499714775,0.49356162548065186
Simulated Retention Expiry,s5_retention_expiry,0.06566200215285253,0.6086708499714775,0.4935038387775421
Simulated Retention Expiry,s5_retention_expiry,0.06584140653031934,0.6092413006274957,0.4929491877555847
Simulated Retention Expiry,s5_retention_expiry,0.06602081090778615,0.6092413006274957,0.4926491975784302
Simulated Retention Expiry,s5_retention_expiry,0.06602081090778615,0.609811751283514,0.4923665225505829
Simulated Retention Expiry,s5_retention_expiry,0.06620021528525297,0.609811751283514,0.4922407269477844
Simulated Retention Expiry,s5_retention_expiry,0.06620021528525297,0.6103822019395322,0.4921491742134094
Simulated Retention Expiry,s5_retention_expiry,0.06637961966271977,0.6103822019395322,0.492057740688324
Simulated Retention Expiry,s5_retention_expiry,0.06637961966271977,0.6109526525955505,0.49188876152038574
Simulated Retention Expiry,s5_retention_expiry,0.06655902404018658,0.6109526525955505,0.49187853932380676
Simulated Retention Expiry,s5_retention_expiry,0.06655902404018658,0.6115231032515688,0.49186423420906067
Simulated Retention Expiry,s5_retention_expiry,0.067097237172587,0.6115231032515688,0.49083662033081055
Simulated Retention Expiry,s5_retention_expiry,0.067097237172587,0.6138049058756417,0.48992788791656494
Simulated Retention Expiry,s5_retention_expiry,0.06763545030498744,0.6138049058756417,0.48885995149612427
Simulated Retention Expiry,s5_retention_expiry,0.06763545030498744,0.61437535653166,0.48866164684295654
Simulated Retention Expiry,s5_retention_expiry,0.06781485468245425,0.61437535653166,0.4876815378665924
Simulated Retention Expiry,s5_retention_expiry,0.06781485468245425,0.6149458071876782,0.48766598105430603
Simulated Retention Expiry,s5_retention_expiry,0.06942949407965554,0.6149458071876782,0.48422056436538696
Simulated Retention Expiry,s5_retention_expiry,0.06942949407965554,0.6155162578436966,0.4837833642959595
Simulated Retention Expiry,s5_retention_expiry,0.06960889845712236,0.6155162578436966,0.4834899604320526
Simulated Retention Expiry,s5_retention_expiry,0.06960889845712236,0.6160867084997148,0.48328834772109985
Simulated Retention Expiry,s5_retention_expiry,0.06978830283458916,0.6160867084997148,0.48294150829315186
Simulated Retention Expiry,s5_retention_expiry,0.06978830283458916,0.616657159155733,0.48256856203079224
Simulated Retention Expiry,s5_retention_expiry,0.06996770721205597,0.616657159155733,0.48253563046455383
Simulated Retention Expiry,s5_retention_expiry,0.06996770721205597,0.6177980604677695,0.4823366403579712
Simulated Retention Expiry,s5_retention_expiry,0.07014711158952279,0.6177980604677695,0.4819784164428711
Simulated Retention Expiry,s5_retention_expiry,0.07014711158952279,0.618938961779806,0.48147672414779663
Simulated Retention Expiry,s5_retention_expiry,0.07086472909939003,0.618938961779806,0.4799986481666565
Simulated Retention Expiry,s5_retention_expiry,0.07086472909939003,0.6195094124358242,0.479616641998291
Simulated Retention Expiry,s5_retention_expiry,0.07104413347685684,0.6195094124358242,0.4792555272579193
Simulated Retention Expiry,s5_retention_expiry,0.07104413347685684,0.6206503137478608,0.47912681102752686
Simulated Retention Expiry,s5_retention_expiry,0.07122353785432364,0.6206503137478608,0.4789630174636841
Simulated Retention Expiry,s5_retention_expiry,0.07122353785432364,0.6212207644038791,0.47875121235847473
Simulated Retention Expiry,s5_retention_expiry,0.07158234660925726,0.6212207644038791,0.47837042808532715
Simulated Retention Expiry,s5_retention_expiry,0.07158234660925726,0.6217912150598973,0.476814866065979
Simulated Retention Expiry,s5_retention_expiry,0.07176175098672408,0.6217912150598973,0.4765050411224365
Simulated Retention Expiry,s5_retention_expiry,0.07176175098672408,0.6223616657159156,0.4761080741882324
Simulated Retention Expiry,s5_retention_expiry,0.07247936849659131,0.6223616657159156,0.47410082817077637
Simulated Retention Expiry,s5_retention_expiry,0.07247936849659131,0.6229321163719338,0.4740661382675171
Simulated Retention Expiry,s5_retention_expiry,0.07283817725152494,0.6229321163719338,0.47354841232299805
Simulated Retention Expiry,s5_retention_expiry,0.07283817725152494,0.6240730176839704,0.47223129868507385
Simulated Retention Expiry,s5_retention_expiry,0.07337639038392536,0.6240730176839704,0.4706207513809204
Simulated Retention Expiry,s5_retention_expiry,0.07337639038392536,0.6246434683399886,0.47018060088157654
Simulated Retention Expiry,s5_retention_expiry,0.073735199138859,0.6246434683399886,0.46951791644096375
Simulated Retention Expiry,s5_retention_expiry,0.073735199138859,0.6252139189960069,0.46917203068733215
Simulated Retention Expiry,s5_retention_expiry,0.0739146035163258,0.6252139189960069,0.46916666626930237
Simulated Retention Expiry,s5_retention_expiry,0.0739146035163258,0.6257843696520251,0.4690271019935608
Simulated Retention Expiry,s5_retention_expiry,0.07409400789379261,0.6257843696520251,0.4689854681491852
Simulated Retention Expiry,s5_retention_expiry,0.07409400789379261,0.6274957216200798,0.46768346428871155
Simulated Retention Expiry,s5_retention_expiry,0.07445281664872623,0.6274957216200798,0.4674699604511261
Simulated Retention Expiry,s5_retention_expiry,0.07481162540365985,0.6274957216200798,0.46704497933387756
Simulated Retention Expiry,s5_retention_expiry,0.07481162540365985,0.6286366229321164,0.4665840268135071
Simulated Retention Expiry,s5_retention_expiry,0.07499102978112666,0.6286366229321164,0.46656349301338196
Simulated Retention Expiry,s5_retention_expiry,0.07499102978112666,0.6309184255561894,0.46573859453201294
Simulated Retention Expiry,s5_retention_expiry,0.0757086472909939,0.6309184255561894,0.4643265902996063
Simulated Retention Expiry,s5_retention_expiry,0.0757086472909939,0.6314888762122076,0.46424391865730286
Simulated Retention Expiry,s5_retention_expiry,0.07606745604592752,0.6314888762122076,0.4642113745212555
Simulated Retention Expiry,s5_retention_expiry,0.07606745604592752,0.6320593268682259,0.46384987235069275
Simulated Retention Expiry,s5_retention_expiry,0.07624686042339433,0.6320593268682259,0.46378955245018005
Simulated Retention Expiry,s5_retention_expiry,0.07624686042339433,0.6326297775242442,0.46376925706863403
Simulated Retention Expiry,s5_retention_expiry,0.07642626480086114,0.6326297775242442,0.46367162466049194
Simulated Retention Expiry,s5_retention_expiry,0.07642626480086114,0.6337706788362807,0.46329185366630554
Simulated Retention Expiry,s5_retention_expiry,0.07696447793326157,0.6337706788362807,0.4627770483493805
Simulated Retention Expiry,s5_retention_expiry,0.07714388231072838,0.6343411294922989,0.462538480758667
Simulated Retention Expiry,s5_retention_expiry,0.07714388231072838,0.6366229321163719,0.46142780780792236
Simulated Retention Expiry,s5_retention_expiry,0.077502691065662,0.6366229321163719,0.4611542522907257
Simulated Retention Expiry,s5_retention_expiry,0.077502691065662,0.6377638334284085,0.4606272280216217
Simulated Retention Expiry,s5_retention_expiry,0.07786149982059562,0.6377638334284085,0.46041133999824524
Simulated Retention Expiry,s5_retention_expiry,0.07786149982059562,0.6394751853964632,0.45947572588920593
Simulated Retention Expiry,s5_retention_expiry,0.07822030857552924,0.6394751853964632,0.4583756923675537
Simulated Retention Expiry,s5_retention_expiry,0.07822030857552924,0.6400456360524814,0.4583578109741211
Simulated Retention Expiry,s5_retention_expiry,0.07857911733046287,0.6400456360524814,0.45736658573150635
Simulated Retention Expiry,s5_retention_expiry,0.07857911733046287,0.6406160867084997,0.45717474818229675
Simulated Retention Expiry,s5_retention_expiry,0.07893792608539649,0.6406160867084997,0.455824613571167
Simulated Retention Expiry,s5_retention_expiry,0.07893792608539649,0.6411865373645179,0.4557156562805176
Simulated Retention Expiry,s5_retention_expiry,0.07983494797273054,0.6411865373645179,0.45369115471839905
Simulated Retention Expiry,s5_retention_expiry,0.07983494797273054,0.6417569880205363,0.4535512328147888
Simulated Retention Expiry,s5_retention_expiry,0.08001435235019734,0.6417569880205363,0.45354196429252625
Simulated Retention Expiry,s5_retention_expiry,0.08001435235019734,0.6423274386765545,0.4534587562084198
Simulated Retention Expiry,s5_retention_expiry,0.08037316110513097,0.6423274386765545,0.45277366042137146
Simulated Retention Expiry,s5_retention_expiry,0.08037316110513097,0.6440387906446092,0.4522784948348999
Simulated Retention Expiry,s5_retention_expiry,0.08091137423753139,0.6440387906446092,0.45166265964508057
Simulated Retention Expiry,s5_retention_expiry,0.08091137423753139,0.6457501426126641,0.45042622089385986
Simulated Retention Expiry,s5_retention_expiry,0.08127018299246501,0.6457501426126641,0.4498133659362793
Simulated Retention Expiry,s5_retention_expiry,0.08127018299246501,0.6468910439247005,0.4492654800415039
Simulated Retention Expiry,s5_retention_expiry,0.08180839612486544,0.6468910439247005,0.44727805256843567
Simulated Retention Expiry,s5_retention_expiry,0.08180839612486544,0.6474614945807188,0.4472660422325134
Simulated Retention Expiry,s5_retention_expiry,0.08216720487979906,0.6474614945807188,0.4465984106063843
Simulated Retention Expiry,s5_retention_expiry,0.08216720487979906,0.648031945236737,0.446533739566803
Simulated Retention Expiry,s5_retention_expiry,0.08216720487979906,0.6491728465487735,0.4464860260486603
Simulated Retention Expiry,s5_retention_expiry,0.08234660925726588,0.6491728465487735,0.4464169144630432
Simulated Retention Expiry,s5_retention_expiry,0.08234660925726588,0.6508841985168283,0.4443036615848541
Simulated Retention Expiry,s5_retention_expiry,0.08252601363473269,0.6508841985168283,0.4438609480857849
Simulated Retention Expiry,s5_retention_expiry,0.08252601363473269,0.6514546491728466,0.44375336170196533
Simulated Retention Expiry,s5_retention_expiry,0.0827054180121995,0.6514546491728466,0.443666011095047
Simulated Retention Expiry,s5_retention_expiry,0.0827054180121995,0.6520250998288648,0.4432317614555359
Simulated Retention Expiry,s5_retention_expiry,0.08342303552206674,0.6520250998288648,0.4415535628795624
Simulated Retention Expiry,s5_retention_expiry,0.08342303552206674,0.652595550484883,0.44149017333984375
Simulated Retention Expiry,s5_retention_expiry,0.08396124865446716,0.652595550484883,0.44101035594940186
Simulated Retention Expiry,s5_retention_expiry,0.08396124865446716,0.6537364517969195,0.4408884048461914
Simulated Retention Expiry,s5_retention_expiry,0.08414065303193398,0.6537364517969195,0.4407259225845337
Simulated Retention Expiry,s5_retention_expiry,0.08414065303193398,0.6548773531089561,0.4405486285686493
Simulated Retention Expiry,s5_retention_expiry,0.0843200574094008,0.6560182544209926,0.44043731689453125
Simulated Retention Expiry,s5_retention_expiry,0.0844994617868676,0.6560182544209926,0.4403553307056427
Simulated Retention Expiry,s5_retention_expiry,0.0844994617868676,0.6565887050770108,0.4397672712802887
Simulated Retention Expiry,s5_retention_expiry,0.08503767491926803,0.6565887050770108,0.4392012059688568
Simulated Retention Expiry,s5_retention_expiry,0.08539648367420165,0.6565887050770108,0.4391678273677826
Simulated Retention Expiry,s5_retention_expiry,0.08557588805166846,0.6565887050770108,0.4387454688549042
Simulated Retention Expiry,s5_retention_expiry,0.08557588805166846,0.6577296063890473,0.4386463463306427
Simulated Retention Expiry,s5_retention_expiry,0.08575529242913527,0.6583000570450656,0.4385077655315399
Simulated Retention Expiry,s5_retention_expiry,0.08575529242913527,0.6588705077010839,0.43845266103744507
Simulated Retention Expiry,s5_retention_expiry,0.08593469680660208,0.6588705077010839,0.4381856620311737
Simulated Retention Expiry,s5_retention_expiry,0.08593469680660208,0.6600114090131204,0.4381564259529114
Simulated Retention Expiry,s5_retention_expiry,0.0861141011840689,0.6600114090131204,0.4380260109901428
Simulated Retention Expiry,s5_retention_expiry,0.0861141011840689,0.6605818596691386,0.43780818581581116
Simulated Retention Expiry,s5_retention_expiry,0.08647290993900252,0.6605818596691386,0.4365159273147583
Simulated Retention Expiry,s5_retention_expiry,0.08647290993900252,0.6622932116371933,0.43608713150024414
Simulated Retention Expiry,s5_retention_expiry,0.08665231431646932,0.6622932116371933,0.4357726275920868
Simulated Retention Expiry,s5_retention_expiry,0.08665231431646932,0.6628636622932116,0.43576714396476746
Simulated Retention Expiry,s5_retention_expiry,0.08683171869393613,0.6628636622932116,0.435278981924057
Simulated Retention Expiry,s5_retention_expiry,0.08683171869393613,0.6651454649172847,0.4342919588088989
Simulated Retention Expiry,s5_retention_expiry,0.08701112307140295,0.6651454649172847,0.4341273605823517
Simulated Retention Expiry,s5_retention_expiry,0.08701112307140295,0.6657159155733029,0.4340456426143646
Simulated Retention Expiry,s5_retention_expiry,0.08736993182633657,0.6657159155733029,0.43365323543548584
Simulated Retention Expiry,s5_retention_expiry,0.08736993182633657,0.6662863662293211,0.43346458673477173
Simulated Retention Expiry,s5_retention_expiry,0.08754933620380337,0.6662863662293211,0.43325138092041016
Simulated Retention Expiry,s5_retention_expiry,0.08772874058127018,0.6668568168853394,0.4332388937473297
Simulated Retention Expiry,s5_retention_expiry,0.08772874058127018,0.6685681688533942,0.43286943435668945
Simulated Retention Expiry,s5_retention_expiry,0.08898457122353785,0.6685681688533942,0.430746465921402
Simulated Retention Expiry,s5_retention_expiry,0.08898457122353785,0.6714204221334854,0.429787814617157
Simulated Retention Expiry,s5_retention_expiry,0.08934337997847147,0.6714204221334854,0.4294309914112091
Simulated Retention Expiry,s5_retention_expiry,0.08934337997847147,0.6719908727895038,0.42931121587753296
Simulated Retention Expiry,s5_retention_expiry,0.08952278435593829,0.6719908727895038,0.4291853606700897
Simulated Retention Expiry,s5_retention_expiry,0.08952278435593829,0.6731317741015402,0.42893150448799133
Simulated Retention Expiry,s5_retention_expiry,0.0898815931108719,0.6731317741015402,0.4281288683414459
Simulated Retention Expiry,s5_retention_expiry,0.09024040186580552,0.6731317741015402,0.42793434858322144
Simulated Retention Expiry,s5_retention_expiry,0.09024040186580552,0.674843126069595,0.4276180863380432
Simulated Retention Expiry,s5_retention_expiry,0.09041980624327234,0.674843126069595,0.42693209648132324
Simulated Retention Expiry,s5_retention_expiry,0.09059921062073914,0.6754135767256132,0.4265667796134949
Simulated Retention Expiry,s5_retention_expiry,0.09059921062073914,0.6765544780376498,0.42602744698524475
Simulated Retention Expiry,s5_retention_expiry,0.09113742375313957,0.6765544780376498,0.42519158124923706
Simulated Retention Expiry,s5_retention_expiry,0.09113742375313957,0.6776953793496863,0.42471814155578613
Simulated Retention Expiry,s5_retention_expiry,0.09131682813060639,0.6776953793496863,0.4246617257595062
Simulated Retention Expiry,s5_retention_expiry,0.09131682813060639,0.6799771819737592,0.4234507977962494
Simulated Retention Expiry,s5_retention_expiry,0.09239325439540724,0.6799771819737592,0.4223172664642334
Simulated Retention Expiry,s5_retention_expiry,0.09257265877287406,0.6805476326297776,0.4222167730331421
Simulated Retention Expiry,s5_retention_expiry,0.09293146752780768,0.6805476326297776,0.42128676176071167
Simulated Retention Expiry,s5_retention_expiry,0.09293146752780768,0.6811180832857958,0.42122599482536316
Simulated Retention Expiry,s5_retention_expiry,0.0932902762827413,0.6811180832857958,0.4210936427116394
Simulated Retention Expiry,s5_retention_expiry,0.0932902762827413,0.6816885339418141,0.42097553610801697
Simulated Retention Expiry,s5_retention_expiry,0.09346968066020811,0.6816885339418141,0.4207569658756256
Simulated Retention Expiry,s5_retention_expiry,0.09346968066020811,0.6822589845978323,0.4199022054672241
Simulated Retention Expiry,s5_retention_expiry,0.09400789379260854,0.6822589845978323,0.4191441237926483
Simulated Retention Expiry,s5_retention_expiry,0.09400789379260854,0.6833998859098688,0.41857025027275085
Simulated Retention Expiry,s5_retention_expiry,0.09705776820954432,0.6833998859098688,0.41498681902885437
Simulated Retention Expiry,s5_retention_expiry,0.09705776820954432,0.6856816885339418,0.4140315055847168
Simulated Retention Expiry,s5_retention_expiry,0.09723717258701112,0.6856816885339418,0.41390591859817505
Simulated Retention Expiry,s5_retention_expiry,0.09723717258701112,0.6862521391899601,0.41379860043525696
Simulated Retention Expiry,s5_retention_expiry,0.09777538571941155,0.6862521391899601,0.4130679965019226
Simulated Retention Expiry,s5_retention_expiry,0.09777538571941155,0.688533941814033,0.4117545485496521
Simulated Retention Expiry,s5_retention_expiry,0.09795479009687837,0.6891043924700513,0.41173309087753296
Simulated Retention Expiry,s5_retention_expiry,0.09813419447434517,0.6891043924700513,0.4114902913570404
Simulated Retention Expiry,s5_retention_expiry,0.09813419447434517,0.6896748431260696,0.41145390272140503
Simulated Retention Expiry,s5_retention_expiry,0.09831359885181198,0.6896748431260696,0.41141489148139954
Simulated Retention Expiry,s5_retention_expiry,0.09831359885181198,0.6902452937820879,0.41064217686653137
Simulated Retention Expiry,s5_retention_expiry,0.0986724076067456,0.6902452937820879,0.4101186990737915
Simulated Retention Expiry,s5_retention_expiry,0.0986724076067456,0.6930975470621791,0.40804818272590637
Simulated Retention Expiry,s5_retention_expiry,0.09885181198421242,0.6930975470621791,0.40791434049606323
Simulated Retention Expiry,s5_retention_expiry,0.09885181198421242,0.6936679977181974,0.40774697065353394
Simulated Retention Expiry,s5_retention_expiry,0.09939002511661285,0.6936679977181974,0.4072940945625305
Simulated Retention Expiry,s5_retention_expiry,0.09939002511661285,0.6942384483742157,0.40716752409935
Simulated Retention Expiry,s5_retention_expiry,0.09956942949407965,0.6942384483742157,0.40696781873703003
Simulated Retention Expiry,s5_retention_expiry,0.09956942949407965,0.6953793496862521,0.40657222270965576
Simulated Retention Expiry,s5_retention_expiry,0.09992823824901327,0.6953793496862521,0.40595120191574097
Simulated Retention Expiry,s5_retention_expiry,0.09992823824901327,0.6959498003422704,0.4045390784740448
Simulated Retention Expiry,s5_retention_expiry,0.10010764262648009,0.6959498003422704,0.4045378267765045
Simulated Retention Expiry,s5_retention_expiry,0.10010764262648009,0.6965202509982886,0.4041374623775482
Simulated Retention Expiry,s5_retention_expiry,0.1004664513814137,0.6965202509982886,0.403940349817276
Simulated Retention Expiry,s5_retention_expiry,0.1004664513814137,0.6970907016543069,0.4036937952041626
Simulated Retention Expiry,s5_retention_expiry,0.10082526013634732,0.6970907016543069,0.40322425961494446
Simulated Retention Expiry,s5_retention_expiry,0.10082526013634732,0.6982316029663435,0.4025355279445648
Simulated Retention Expiry,s5_retention_expiry,0.10118406889128095,0.6982316029663435,0.40207037329673767
Simulated Retention Expiry,s5_retention_expiry,0.10118406889128095,0.6988020536223617,0.40171024203300476
Simulated Retention Expiry,s5_retention_expiry,0.10190168640114819,0.6988020536223617,0.401027649641037
Simulated Retention Expiry,s5_retention_expiry,0.10190168640114819,0.6993725042783799,0.40083104372024536
Simulated Retention Expiry,s5_retention_expiry,0.10279870828848224,0.6993725042783799,0.3993282914161682
Simulated Retention Expiry,s5_retention_expiry,0.10279870828848224,0.6999429549343982,0.3990906774997711
Simulated Retention Expiry,s5_retention_expiry,0.10297811266594904,0.6999429549343982,0.398709774017334
Simulated Retention Expiry,s5_retention_expiry,0.10297811266594904,0.7005134055904164,0.3984868824481964
Simulated Retention Expiry,s5_retention_expiry,0.10315751704341586,0.7005134055904164,0.39817237854003906
Simulated Retention Expiry,s5_retention_expiry,0.10315751704341586,0.7010838562464347,0.39791592955589294
Simulated Retention Expiry,s5_retention_expiry,0.10333692142088267,0.7016543069024529,0.39783668518066406
Simulated Retention Expiry,s5_retention_expiry,0.10333692142088267,0.7027952082144895,0.3975411057472229
Simulated Retention Expiry,s5_retention_expiry,0.1038751345532831,0.7027952082144895,0.39686641097068787
Simulated Retention Expiry,s5_retention_expiry,0.1038751345532831,0.7033656588705077,0.39650338888168335
Simulated Retention Expiry,s5_retention_expiry,0.10423394330821673,0.7033656588705077,0.39576461911201477
Simulated Retention Expiry,s5_retention_expiry,0.10423394330821673,0.703936109526526,0.39541879296302795
Simulated Retention Expiry,s5_retention_expiry,0.10441334768568353,0.703936109526526,0.3949940800666809
Simulated Retention Expiry,s5_retention_expiry,0.10477215644061715,0.703936109526526,0.39475154876708984
Simulated Retention Expiry,s5_retention_expiry,0.10495156081808396,0.703936109526526,0.394645631313324
Simulated Retention Expiry,s5_retention_expiry,0.10495156081808396,0.7045065601825442,0.3946177661418915
Simulated Retention Expiry,s5_retention_expiry,0.1056691783279512,0.7045065601825442,0.39348214864730835
Simulated Retention Expiry,s5_retention_expiry,0.1056691783279512,0.7056474614945807,0.3934212327003479
Simulated Retention Expiry,s5_retention_expiry,0.10602798708288483,0.7056474614945807,0.3927709758281708
Simulated Retention Expiry,s5_retention_expiry,0.10602798708288483,0.7062179121505989,0.39239245653152466
Simulated Retention Expiry,s5_retention_expiry,0.10620739146035163,0.7062179121505989,0.39208418130874634
Simulated Retention Expiry,s5_retention_expiry,0.10620739146035163,0.7067883628066173,0.39195623993873596
Simulated Retention Expiry,s5_retention_expiry,0.10656620021528525,0.7067883628066173,0.3917088508605957
Simulated Retention Expiry,s5_retention_expiry,0.10656620021528525,0.7073588134626355,0.3916473388671875
Simulated Retention Expiry,s5_retention_expiry,0.10710441334768568,0.7073588134626355,0.39095717668533325
Simulated Retention Expiry,s5_retention_expiry,0.10710441334768568,0.708499714774672,0.3904552757740021
Simulated Retention Expiry,s5_retention_expiry,0.1072838177251525,0.708499714774672,0.39015060663223267
Simulated Retention Expiry,s5_retention_expiry,0.1072838177251525,0.7090701654306902,0.38990408182144165
Simulated Retention Expiry,s5_retention_expiry,0.10782203085755293,0.7090701654306902,0.38967475295066833
Simulated Retention Expiry,s5_retention_expiry,0.10782203085755293,0.7096406160867085,0.38947105407714844
Simulated Retention Expiry,s5_retention_expiry,0.10800143523501973,0.7096406160867085,0.3894185423851013
Simulated Retention Expiry,s5_retention_expiry,0.10800143523501973,0.7113519680547633,0.3879869282245636
Simulated Retention Expiry,s5_retention_expiry,0.10836024398995335,0.7113519680547633,0.3878788650035858
Simulated Retention Expiry,s5_retention_expiry,0.10836024398995335,0.7124928693667998,0.3874553143978119
Simulated Retention Expiry,s5_retention_expiry,0.10889845712235378,0.7124928693667998,0.38719645142555237
Simulated Retention Expiry,s5_retention_expiry,0.10889845712235378,0.713063320022818,0.3867090940475464
Simulated Retention Expiry,s5_retention_expiry,0.1092572658772874,0.713063320022818,0.38541287183761597
Simulated Retention Expiry,s5_retention_expiry,0.1092572658772874,0.7142042213348545,0.3846997022628784
Simulated Retention Expiry,s5_retention_expiry,0.1108719052744887,0.7142042213348545,0.3827444314956665
Simulated Retention Expiry,s5_retention_expiry,0.1108719052744887,0.7159155733029093,0.38144558668136597
Simulated Retention Expiry,s5_retention_expiry,0.1110513096519555,0.7159155733029093,0.38129502534866333
Simulated Retention Expiry,s5_retention_expiry,0.1110513096519555,0.7164860239589276,0.3811483085155487
Simulated Retention Expiry,s5_retention_expiry,0.11141011840688912,0.7164860239589276,0.3806648552417755
Simulated Retention Expiry,s5_retention_expiry,0.11141011840688912,0.7170564746149458,0.38035035133361816
Simulated Retention Expiry,s5_retention_expiry,0.11158952278435594,0.7170564746149458,0.3798922002315521
Simulated Retention Expiry,s5_retention_expiry,0.11158952278435594,0.7176269252709641,0.3798856735229492
Simulated Retention Expiry,s5_retention_expiry,0.11194833153928956,0.7176269252709641,0.3792109787464142
Simulated Retention Expiry,s5_retention_expiry,0.11194833153928956,0.7181973759269823,0.37907567620277405
Simulated Retention Expiry,s5_retention_expiry,0.11212773591675637,0.7181973759269823,0.37902671098709106
Simulated Retention Expiry,s5_retention_expiry,0.11212773591675637,0.7199087278950371,0.3786902129650116
Simulated Retention Expiry,s5_retention_expiry,0.1126659490491568,0.7199087278950371,0.37827882170677185
Simulated Retention Expiry,s5_retention_expiry,0.1126659490491568,0.7204791785510554,0.37804192304611206
Simulated Retention Expiry,s5_retention_expiry,0.11302475780409042,0.7204791785510554,0.37765684723854065
Simulated Retention Expiry,s5_retention_expiry,0.11302475780409042,0.7210496292070736,0.37678712606430054
Simulated Retention Expiry,s5_retention_expiry,0.11320416218155722,0.7216200798630918,0.376102089881897
Simulated Retention Expiry,s5_retention_expiry,0.11338356655902404,0.7216200798630918,0.3760891258716583
Simulated Retention Expiry,s5_retention_expiry,0.11338356655902404,0.7227609811751283,0.3757627010345459
Simulated Retention Expiry,s5_retention_expiry,0.11392177969142447,0.7227609811751283,0.37541764974594116
Simulated Retention Expiry,s5_retention_expiry,0.11428058844635809,0.7227609811751283,0.3750697076320648
Simulated Retention Expiry,s5_retention_expiry,0.11428058844635809,0.7233314318311466,0.3749595284461975
Simulated Retention Expiry,s5_retention_expiry,0.11445999282382491,0.7244723331431832,0.37491217255592346
Simulated Retention Expiry,s5_retention_expiry,0.11463939720129171,0.7244723331431832,0.37442532181739807
Simulated Retention Expiry,s5_retention_expiry,0.11463939720129171,0.7250427837992014,0.3743787705898285
Simulated Retention Expiry,s5_retention_expiry,0.11499820595622533,0.7250427837992014,0.3738294243812561
Simulated Retention Expiry,s5_retention_expiry,0.11517761033369214,0.7250427837992014,0.37322965264320374
Simulated Retention Expiry,s5_retention_expiry,0.11535701471115896,0.7256132344552196,0.37317630648612976
Simulated Retention Expiry,s5_retention_expiry,0.11535701471115896,0.7261836851112379,0.37314313650131226
Simulated Retention Expiry,s5_retention_expiry,0.11571582346609258,0.7278950370792926,0.37262219190597534
Simulated Retention Expiry,s5_retention_expiry,0.11589522784355938,0.7290359383913292,0.3722095191478729
Simulated Retention Expiry,s5_retention_expiry,0.116254036598493,0.7290359383913292,0.3717699944972992
Simulated Retention Expiry,s5_retention_expiry,0.116254036598493,0.7301768397033657,0.3715282678604126
Simulated Retention Expiry,s5_retention_expiry,0.11679224973089343,0.7301768397033657,0.3710179626941681
Simulated Retention Expiry,s5_retention_expiry,0.11679224973089343,0.7307472903593839,0.37091657519340515
Simulated Retention Expiry,s5_retention_expiry,0.11750986724076068,0.7307472903593839,0.3704163730144501
Simulated Retention Expiry,s5_retention_expiry,0.11750986724076068,0.7318881916714204,0.3697814643383026
Simulated Retention Expiry,s5_retention_expiry,0.11822748475062791,0.7318881916714204,0.36931055784225464
Simulated Retention Expiry,s5_retention_expiry,0.11840688912809473,0.7324586423274386,0.3691735565662384
Simulated Retention Expiry,s5_retention_expiry,0.11840688912809473,0.733029092983457,0.3691660761833191
Simulated Retention Expiry,s5_retention_expiry,0.11858629350556153,0.733029092983457,0.36914336681365967
Simulated Retention Expiry,s5_retention_expiry,0.11858629350556153,0.7335995436394752,0.3683245778083801
Simulated Retention Expiry,s5_retention_expiry,0.11912450663796197,0.7335995436394752,0.3681602478027344
Simulated Retention Expiry,s5_retention_expiry,0.11912450663796197,0.7347404449515117,0.3676511347293854
Simulated Retention Expiry,s5_retention_expiry,0.11948331539289558,0.7347404449515117,0.36666542291641235
Simulated Retention Expiry,s5_retention_expiry,0.11948331539289558,0.7364517969195664,0.3658233880996704
Simulated Retention Expiry,s5_retention_expiry,0.1198421241478292,0.7364517969195664,0.3657216429710388
Simulated Retention Expiry,s5_retention_expiry,0.1198421241478292,0.7381631488876212,0.36507755517959595
Simulated Retention Expiry,s5_retention_expiry,0.12002152852529602,0.7387335995436395,0.36502259969711304
Simulated Retention Expiry,s5_retention_expiry,0.12020093290276283,0.7387335995436395,0.3649331033229828
Simulated Retention Expiry,s5_retention_expiry,0.12020093290276283,0.7393040501996577,0.3648621737957001
Simulated Retention Expiry,s5_retention_expiry,0.12038033728022964,0.7393040501996577,0.3647010326385498
Simulated Retention Expiry,s5_retention_expiry,0.12038033728022964,0.7404449515116942,0.3638981878757477
Simulated Retention Expiry,s5_retention_expiry,0.12055974165769645,0.7404449515116942,0.3636244535446167
Simulated Retention Expiry,s5_retention_expiry,0.12055974165769645,0.7410154021677124,0.363518089056015
Simulated Retention Expiry,s5_retention_expiry,0.12073914603516325,0.7415858528237308,0.36348187923431396
Simulated Retention Expiry,s5_retention_expiry,0.12073914603516325,0.742156303479749,0.36331242322921753
Simulated Retention Expiry,s5_retention_expiry,0.12109795479009688,0.742156303479749,0.3626573383808136
Simulated Retention Expiry,s5_retention_expiry,0.12127735916756369,0.7427267541357673,0.3624724745750427
Simulated Retention Expiry,s5_retention_expiry,0.1216361679224973,0.7427267541357673,0.3623633086681366
Simulated Retention Expiry,s5_retention_expiry,0.1216361679224973,0.7432972047917855,0.36216944456100464
Simulated Retention Expiry,s5_retention_expiry,0.12181557229996412,0.7432972047917855,0.3620551526546478
Simulated Retention Expiry,s5_retention_expiry,0.12181557229996412,0.7438676554478038,0.3620525598526001
Simulated Retention Expiry,s5_retention_expiry,0.12199497667743094,0.7438676554478038,0.36188817024230957
Simulated Retention Expiry,s5_retention_expiry,0.12199497667743094,0.744438106103822,0.36172598600387573
Simulated Retention Expiry,s5_retention_expiry,0.12217438105489774,0.744438106103822,0.36151963472366333
Simulated Retention Expiry,s5_retention_expiry,0.12217438105489774,0.7450085567598402,0.36130619049072266
Simulated Retention Expiry,s5_retention_expiry,0.12271259418729817,0.7450085567598402,0.36007338762283325
Simulated Retention Expiry,s5_retention_expiry,0.1232508073196986,0.7455790074158585,0.35990285873413086
Simulated Retention Expiry,s5_retention_expiry,0.12360961607463222,0.7455790074158585,0.3590666651725769
Simulated Retention Expiry,s5_retention_expiry,0.12396842482956584,0.7455790074158585,0.35839876532554626
Simulated Retention Expiry,s5_retention_expiry,0.12450663796196627,0.7455790074158585,0.3577019274234772
Simulated Retention Expiry,s5_retention_expiry,0.12486544671689989,0.7455790074158585,0.3572012782096863
Simulated Retention Expiry,s5_retention_expiry,0.12486544671689989,0.7467199087278951,0.35677847266197205
Simulated Retention Expiry,s5_retention_expiry,0.1250448510943667,0.7467199087278951,0.3561268150806427
Simulated Retention Expiry,s5_retention_expiry,0.1250448510943667,0.7472903593839133,0.3559451103210449
Simulated Retention Expiry,s5_retention_expiry,0.12558306422676713,0.7472903593839133,0.3548673689365387
Simulated Retention Expiry,s5_retention_expiry,0.12594187298170076,0.7478608100399315,0.35472577810287476
Simulated Retention Expiry,s5_retention_expiry,0.12594187298170076,0.7484312606959498,0.35470816493034363
Simulated Retention Expiry,s5_retention_expiry,0.12612127735916756,0.7484312606959498,0.3546751141548157
Simulated Retention Expiry,s5_retention_expiry,0.12612127735916756,0.7501426126640046,0.35362908244132996
Simulated Retention Expiry,s5_retention_expiry,0.1264800861141012,0.7501426126640046,0.353476345539093
Simulated Retention Expiry,s5_retention_expiry,0.1264800861141012,0.7507130633200229,0.3534167408943176
Simulated Retention Expiry,s5_retention_expiry,0.1268388948690348,0.7507130633200229,0.3530502915382385
Simulated Retention Expiry,s5_retention_expiry,0.1268388948690348,0.7512835139760411,0.35301142930984497
Simulated Retention Expiry,s5_retention_expiry,0.12701829924650163,0.7512835139760411,0.3525744080543518
Simulated Retention Expiry,s5_retention_expiry,0.12701829924650163,0.7518539646320593,0.3524518609046936
Simulated Retention Expiry,s5_retention_expiry,0.12719770362396843,0.7518539646320593,0.3523143529891968
Simulated Retention Expiry,s5_retention_expiry,0.12719770362396843,0.7524244152880776,0.3521697223186493
Simulated Retention Expiry,s5_retention_expiry,0.12737710800143523,0.7524244152880776,0.3517283797264099
Simulated Retention Expiry,s5_retention_expiry,0.12737710800143523,0.7529948659440958,0.35148921608924866
Simulated Retention Expiry,s5_retention_expiry,0.12791532113383566,0.7529948659440958,0.35116609930992126
Simulated Retention Expiry,s5_retention_expiry,0.12791532113383566,0.753565316600114,0.3510657548904419
Simulated Retention Expiry,s5_retention_expiry,0.12809472551130247,0.753565316600114,0.35082802176475525
Simulated Retention Expiry,s5_retention_expiry,0.12809472551130247,0.7541357672561323,0.3503197431564331
Simulated Retention Expiry,s5_retention_expiry,0.1282741298887693,0.7541357672561323,0.3501657545566559
Simulated Retention Expiry,s5_retention_expiry,0.1282741298887693,0.7547062179121506,0.3490118086338043
Simulated Retention Expiry,s5_retention_expiry,0.12899174739863653,0.7547062179121506,0.34827056527137756
Simulated Retention Expiry,s5_retention_expiry,0.12917115177610333,0.7552766685681689,0.3482208251953125
Simulated Retention Expiry,s5_retention_expiry,0.12988876928597057,0.7552766685681689,0.3475877642631531
Simulated Retention Expiry,s5_retention_expiry,0.12988876928597057,0.7558471192241871,0.3475307822227478
Simulated Retention Expiry,s5_retention_expiry,0.130426982418371,0.7558471192241871,0.34690773487091064
Simulated Retention Expiry,s5_retention_expiry,0.130426982418371,0.7569880205362236,0.34684404730796814
Simulated Retention Expiry,s5_retention_expiry,0.13096519555077143,0.7569880205362236,0.3465879559516907
Simulated Retention Expiry,s5_retention_expiry,0.13096519555077143,0.7581289218482601,0.34637683629989624
Simulated Retention Expiry,s5_retention_expiry,0.13150340868317187,0.7581289218482601,0.3457905650138855
Simulated Retention Expiry,s5_retention_expiry,0.13150340868317187,0.7592698231602967,0.3452329933643341
Simulated Retention Expiry,s5_retention_expiry,0.1320416218155723,0.7592698231602967,0.34477904438972473
Simulated Retention Expiry,s5_retention_expiry,0.1320416218155723,0.7604107244723332,0.3446696400642395
Simulated Retention Expiry,s5_retention_expiry,0.13257983494797274,0.7604107244723332,0.34377172589302063
Simulated Retention Expiry,s5_retention_expiry,0.13257983494797274,0.7615516257843696,0.3432175815105438
Simulated Retention Expiry,s5_retention_expiry,0.13275923932543954,0.7615516257843696,0.34287750720977783
Simulated Retention Expiry,s5_retention_expiry,0.13275923932543954,0.7626925270964061,0.3423621356487274
Simulated Retention Expiry,s5_retention_expiry,0.13329745245783997,0.7626925270964061,0.3417348563671112
Simulated Retention Expiry,s5_retention_expiry,0.13329745245783997,0.7649743297204792,0.34075209498405457
Simulated Retention Expiry,s5_retention_expiry,0.1336562612127736,0.7649743297204792,0.33983033895492554
Simulated Retention Expiry,s5_retention_expiry,0.1336562612127736,0.7655447803764974,0.33957698941230774
Simulated Retention Expiry,s5_retention_expiry,0.134194474345174,0.7655447803764974,0.3384081721305847
Simulated Retention Expiry,s5_retention_expiry,0.13509149623250807,0.7661152310325157,0.3378615081310272
Simulated Retention Expiry,s5_retention_expiry,0.1356297093649085,0.7661152310325157,0.33704474568367004
Simulated Retention Expiry,s5_retention_expiry,0.1356297093649085,0.7666856816885339,0.33685871958732605
Simulated Retention Expiry,s5_retention_expiry,0.1358091137423753,0.7666856816885339,0.33675462007522583
Simulated Retention Expiry,s5_retention_expiry,0.1358091137423753,0.7678265830005705,0.33651039004325867
Simulated Retention Expiry,s5_retention_expiry,0.1359885181198421,0.7678265830005705,0.3364625573158264
Simulated Retention Expiry,s5_retention_expiry,0.1359885181198421,0.7683970336565887,0.3361997604370117
Simulated Retention Expiry,s5_retention_expiry,0.13634732687477574,0.7683970336565887,0.3359573781490326
Simulated Retention Expiry,s5_retention_expiry,0.13634732687477574,0.768967484312607,0.33569175004959106
Simulated Retention Expiry,s5_retention_expiry,0.13706494438464298,0.768967484312607,0.33523285388946533
Simulated Retention Expiry,s5_retention_expiry,0.13706494438464298,0.7695379349686252,0.3350740373134613
Simulated Retention Expiry,s5_retention_expiry,0.1372443487621098,0.7695379349686252,0.3350335955619812
Simulated Retention Expiry,s5_retention_expiry,0.1372443487621098,0.7701083856246435,0.3346831202507019
Simulated Retention Expiry,s5_retention_expiry,0.1374237531395766,0.7706788362806617,0.33465519547462463
Simulated Retention Expiry,s5_retention_expiry,0.1376031575170434,0.7706788362806617,0.33452099561691284
Simulated Retention Expiry,s5_retention_expiry,0.1376031575170434,0.7712492869366799,0.33444273471832275
Simulated Retention Expiry,s5_retention_expiry,0.1377825618945102,0.7718197375926983,0.33429884910583496
Simulated Retention Expiry,s5_retention_expiry,0.13814137064944385,0.7718197375926983,0.33368656039237976
Simulated Retention Expiry,s5_retention_expiry,0.13814137064944385,0.773531089560753,0.3327929675579071
Simulated Retention Expiry,s5_retention_expiry,0.13832077502691065,0.773531089560753,0.3327462673187256
Simulated Retention Expiry,s5_retention_expiry,0.13832077502691065,0.7741015402167712,0.3324624300003052
Simulated Retention Expiry,s5_retention_expiry,0.13885898815931108,0.7741015402167712,0.32984811067581177
Simulated Retention Expiry,s5_retention_expiry,0.13885898815931108,0.7752424415288077,0.329345703125
Simulated Retention Expiry,s5_retention_expiry,0.1392177969142447,0.7752424415288077,0.32879453897476196
Simulated Retention Expiry,s5_retention_expiry,0.13975601004664515,0.7752424415288077,0.32857611775398254
Simulated Retention Expiry,s5_retention_expiry,0.13975601004664515,0.775812892184826,0.32820892333984375
Simulated Retention Expiry,s5_retention_expiry,0.13993541442411195,0.7763833428408443,0.3279922306537628
Simulated Retention Expiry,s5_retention_expiry,0.14047362755651238,0.7763833428408443,0.3275952637195587
Simulated Retention Expiry,s5_retention_expiry,0.14047362755651238,0.7769537934968626,0.32740476727485657
Simulated Retention Expiry,s5_retention_expiry,0.14065303193397918,0.7769537934968626,0.327306866645813
Simulated Retention Expiry,s5_retention_expiry,0.14065303193397918,0.7775242441528808,0.3271024227142334
Simulated Retention Expiry,s5_retention_expiry,0.14155005382131325,0.7775242441528808,0.3260471522808075
Simulated Retention Expiry,s5_retention_expiry,0.14155005382131325,0.7798060467769538,0.32525986433029175
Simulated Retention Expiry,s5_retention_expiry,0.14190886257624685,0.7809469480889903,0.32421010732650757
Simulated Retention Expiry,s5_retention_expiry,0.1426264800861141,0.7809469480889903,0.3236788213253021
Simulated Retention Expiry,s5_retention_expiry,0.1426264800861141,0.7815173987450086,0.32354411482810974
Simulated Retention Expiry,s5_retention_expiry,0.14316469321851452,0.7815173987450086,0.322890043258667
Simulated Retention Expiry,s5_retention_expiry,0.14316469321851452,0.7820878494010268,0.3227866590023041
Simulated Retention Expiry,s5_retention_expiry,0.14352350197344815,0.7820878494010268,0.3224419057369232
Simulated Retention Expiry,s5_retention_expiry,0.14388231072838178,0.7826583000570451,0.32215434312820435
Simulated Retention Expiry,s5_retention_expiry,0.1442411194833154,0.7826583000570451,0.3220277726650238
Simulated Retention Expiry,s5_retention_expiry,0.1442411194833154,0.7832287507130633,0.3213539123535156
Simulated Retention Expiry,s5_retention_expiry,0.1444205238607822,0.7832287507130633,0.3212085962295532
Simulated Retention Expiry,s5_retention_expiry,0.1444205238607822,0.7837992013690815,0.3209533989429474
Simulated Retention Expiry,s5_retention_expiry,0.14477933261571582,0.7837992013690815,0.3205460011959076
Simulated Retention Expiry,s5_retention_expiry,0.14477933261571582,0.7849401026811181,0.3198680579662323
Simulated Retention Expiry,s5_retention_expiry,0.14531754574811626,0.7849401026811181,0.3194100260734558
Simulated Retention Expiry,s5_retention_expiry,0.14531754574811626,0.7855105533371364,0.31918156147003174
Simulated Retention Expiry,s5_retention_expiry,0.1462145676354503,0.7855105533371364,0.3183612525463104
Simulated Retention Expiry,s5_retention_expiry,0.1462145676354503,0.7860810039931546,0.3182932734489441
Simulated Retention Expiry,s5_retention_expiry,0.14639397201291712,0.7860810039931546,0.3181975185871124
Simulated Retention Expiry,s5_retention_expiry,0.14639397201291712,0.7866514546491729,0.31744441390037537
Simulated Retention Expiry,s5_retention_expiry,0.14693218514531756,0.7866514546491729,0.31691595911979675
Simulated Retention Expiry,s5_retention_expiry,0.14693218514531756,0.7877923559612093,0.3167923390865326
Simulated Retention Expiry,s5_retention_expiry,0.14711158952278436,0.7877923559612093,0.31670108437538147
Simulated Retention Expiry,s5_retention_expiry,0.14711158952278436,0.7883628066172276,0.31667348742485046
Simulated Retention Expiry,s5_retention_expiry,0.14729099390025116,0.7883628066172276,0.31651991605758667
Simulated Retention Expiry,s5_retention_expiry,0.1478292070326516,0.7883628066172276,0.31645238399505615
Simulated Retention Expiry,s5_retention_expiry,0.14890563329745246,0.7883628066172276,0.31560301780700684
Simulated Retention Expiry,s5_retention_expiry,0.14890563329745246,0.7889332572732458,0.3155905306339264
Simulated Retention Expiry,s5_retention_expiry,0.1494438464298529,0.7889332572732458,0.3153187036514282
Simulated Retention Expiry,s5_retention_expiry,0.1494438464298529,0.7895037079292642,0.315281480550766
Simulated Retention Expiry,s5_retention_expiry,0.1498026551847865,0.7895037079292642,0.31495577096939087
Simulated Retention Expiry,s5_retention_expiry,0.1498026551847865,0.7917855105533371,0.31461605429649353
Simulated Retention Expiry,s5_retention_expiry,0.15034086831718693,0.7917855105533371,0.314346581697464
Simulated Retention Expiry,s5_retention_expiry,0.15034086831718693,0.7923559612093554,0.31419938802719116
Simulated Retention Expiry,s5_retention_expiry,0.15177610333692143,0.7923559612093554,0.31267622113227844
Simulated Retention Expiry,s5_retention_expiry,0.15267312522425547,0.7929264118653736,0.31263598799705505
Simulated Retention Expiry,s5_retention_expiry,0.1532113383566559,0.7929264118653736,0.31248223781585693
Simulated Retention Expiry,s5_retention_expiry,0.1533907427341227,0.793496862521392,0.3121209144592285
Simulated Retention Expiry,s5_retention_expiry,0.15392895586652314,0.793496862521392,0.31192079186439514
Simulated Retention Expiry,s5_retention_expiry,0.1548259777538572,0.793496862521392,0.31060653924942017
Simulated Retention Expiry,s5_retention_expiry,0.1548259777538572,0.7952082144894467,0.30918967723846436
Simulated Retention Expiry,s5_retention_expiry,0.1551847865087908,0.7952082144894467,0.3088400959968567
Simulated Retention Expiry,s5_retention_expiry,0.1551847865087908,0.7957786651454649,0.30877089500427246
Simulated Retention Expiry,s5_retention_expiry,0.15536419088625764,0.7963491158014832,0.3087373375892639
Simulated Retention Expiry,s5_retention_expiry,0.15626121277359167,0.7963491158014832,0.3078326880931854
Simulated Retention Expiry,s5_retention_expiry,0.15626121277359167,0.7974900171135196,0.30780479311943054
Simulated Retention Expiry,s5_retention_expiry,0.15805525654825978,0.7974900171135196,0.30612799525260925
Simulated Retention Expiry,s5_retention_expiry,0.15805525654825978,0.798060467769538,0.3058544099330902
Simulated Retention Expiry,s5_retention_expiry,0.15823466092572658,0.798060467769538,0.30562925338745117
Simulated Retention Expiry,s5_retention_expiry,0.15823466092572658,0.7986309184255562,0.30548399686813354
Simulated Retention Expiry,s5_retention_expiry,0.1585934696806602,0.7986309184255562,0.3050689697265625
Simulated Retention Expiry,s5_retention_expiry,0.1585934696806602,0.8009127210496292,0.30434566736221313
Simulated Retention Expiry,s5_retention_expiry,0.158772874058127,0.8009127210496292,0.3042714595794678
Simulated Retention Expiry,s5_retention_expiry,0.158772874058127,0.8014831717056474,0.3037150800228119
Simulated Retention Expiry,s5_retention_expiry,0.15931108719052745,0.8014831717056474,0.30362066626548767
Simulated Retention Expiry,s5_retention_expiry,0.15931108719052745,0.8020536223616657,0.30358192324638367
Simulated Retention Expiry,s5_retention_expiry,0.15966989594546108,0.8020536223616657,0.30295974016189575
Simulated Retention Expiry,s5_retention_expiry,0.15966989594546108,0.802624073017684,0.30294883251190186
Simulated Retention Expiry,s5_retention_expiry,0.16002870470039468,0.802624073017684,0.3024052381515503
Simulated Retention Expiry,s5_retention_expiry,0.16002870470039468,0.8031945236737023,0.3022562861442566
Simulated Retention Expiry,s5_retention_expiry,0.16074632221026194,0.8031945236737023,0.3017284572124481
Simulated Retention Expiry,s5_retention_expiry,0.16074632221026194,0.8037649743297205,0.3014739155769348
Simulated Retention Expiry,s5_retention_expiry,0.16110513096519555,0.8037649743297205,0.3004130721092224
Simulated Retention Expiry,s5_retention_expiry,0.16146393972012918,0.8037649743297205,0.30040374398231506
Simulated Retention Expiry,s5_retention_expiry,0.16182274847506278,0.8037649743297205,0.30002060532569885
Simulated Retention Expiry,s5_retention_expiry,0.16182274847506278,0.8043354249857387,0.29991552233695984
Simulated Retention Expiry,s5_retention_expiry,0.1620021528525296,0.8043354249857387,0.29919707775115967
Simulated Retention Expiry,s5_retention_expiry,0.1620021528525296,0.8054763262977752,0.29820770025253296
Simulated Retention Expiry,s5_retention_expiry,0.16271977036239685,0.8054763262977752,0.2979273200035095
Simulated Retention Expiry,s5_retention_expiry,0.16289917473986365,0.8054763262977752,0.29764559864997864
Simulated Retention Expiry,s5_retention_expiry,0.16289917473986365,0.8060467769537935,0.29760971665382385
Simulated Retention Expiry,s5_retention_expiry,0.16307857911733045,0.8060467769537935,0.29707568883895874
Simulated Retention Expiry,s5_retention_expiry,0.16307857911733045,0.8066172276098118,0.2970137596130371
Simulated Retention Expiry,s5_retention_expiry,0.16343738787226408,0.8066172276098118,0.29668301343917847
Simulated Retention Expiry,s5_retention_expiry,0.16343738787226408,0.80718767826583,0.2964778244495392
Simulated Retention Expiry,s5_retention_expiry,0.16487262289199855,0.80718767826583,0.2947099804878235
Simulated Retention Expiry,s5_retention_expiry,0.16487262289199855,0.8077581289218483,0.2945338487625122
Simulated Retention Expiry,s5_retention_expiry,0.16559024040186582,0.8077581289218483,0.29403063654899597
Simulated Retention Expiry,s5_retention_expiry,0.16576964477933262,0.8083285795778665,0.29392632842063904
Simulated Retention Expiry,s5_retention_expiry,0.16612845353426622,0.8083285795778665,0.2934320271015167
Simulated Retention Expiry,s5_retention_expiry,0.16612845353426622,0.8088990302338848,0.2933466136455536
Simulated Retention Expiry,s5_retention_expiry,0.1670254754216003,0.8088990302338848,0.29287347197532654
Simulated Retention Expiry,s5_retention_expiry,0.1670254754216003,0.809469480889903,0.2926081717014313
Simulated Retention Expiry,s5_retention_expiry,0.16738428417653392,0.809469480889903,0.2919887602329254
Simulated Retention Expiry,s5_retention_expiry,0.16738428417653392,0.8100399315459212,0.29186931252479553
Simulated Retention Expiry,s5_retention_expiry,0.16756368855400072,0.8100399315459212,0.29140418767929077
Simulated Retention Expiry,s5_retention_expiry,0.16792249730893433,0.8111808328579578,0.2908545136451721
Simulated Retention Expiry,s5_retention_expiry,0.16810190168640116,0.8111808328579578,0.2908334732055664
Simulated Retention Expiry,s5_retention_expiry,0.16810190168640116,0.8117512835139761,0.290639728307724
Simulated Retention Expiry,s5_retention_expiry,0.1689989235737352,0.8117512835139761,0.2893672585487366
Simulated Retention Expiry,s5_retention_expiry,0.1689989235737352,0.8123217341699943,0.2893146872520447
Simulated Retention Expiry,s5_retention_expiry,0.169178327951202,0.8123217341699943,0.28918784856796265
Simulated Retention Expiry,s5_retention_expiry,0.169178327951202,0.8128921848260126,0.28910014033317566
Simulated Retention Expiry,s5_retention_expiry,0.16953713670613563,0.8128921848260126,0.288746178150177
Simulated Retention Expiry,s5_retention_expiry,0.16953713670613563,0.8134626354820308,0.2886289656162262
Simulated Retention Expiry,s5_retention_expiry,0.16989594546106926,0.8134626354820308,0.28827542066574097
Simulated Retention Expiry,s5_retention_expiry,0.17115177610333693,0.8134626354820308,0.28698575496673584
Simulated Retention Expiry,s5_retention_expiry,0.17186939361320416,0.8157444381061039,0.28692296147346497
Simulated Retention Expiry,s5_retention_expiry,0.17204879799067097,0.8157444381061039,0.28683221340179443
Simulated Retention Expiry,s5_retention_expiry,0.17204879799067097,0.8163148887621221,0.2866537272930145
Simulated Retention Expiry,s5_retention_expiry,0.1724076067456046,0.8163148887621221,0.2861751914024353
Simulated Retention Expiry,s5_retention_expiry,0.1724076067456046,0.8168853394181403,0.2861618399620056
Simulated Retention Expiry,s5_retention_expiry,0.1727664155005382,0.8168853394181403,0.2858832776546478
Simulated Retention Expiry,s5_retention_expiry,0.1727664155005382,0.8191671420422133,0.2853441834449768
Simulated Retention Expiry,s5_retention_expiry,0.17348403301040546,0.8191671420422133,0.28459465503692627
Simulated Retention Expiry,s5_retention_expiry,0.17348403301040546,0.8197375926982317,0.2845441401004791
Simulated Retention Expiry,s5_retention_expiry,0.17366343738787227,0.8197375926982317,0.2843727767467499
Simulated Retention Expiry,s5_retention_expiry,0.1740222461428059,0.8197375926982317,0.28431686758995056
Simulated Retention Expiry,s5_retention_expiry,0.1742016505202727,0.8197375926982317,0.28403976559638977
Simulated Retention Expiry,s5_retention_expiry,0.1742016505202727,0.8203080433542499,0.2839260995388031
Simulated Retention Expiry,s5_retention_expiry,0.17473986365267313,0.8203080433542499,0.2837520241737366
Simulated Retention Expiry,s5_retention_expiry,0.17473986365267313,0.8208784940102681,0.2835341989994049
Simulated Retention Expiry,s5_retention_expiry,0.17545748116254037,0.8208784940102681,0.2830406725406647
Simulated Retention Expiry,s5_retention_expiry,0.17545748116254037,0.8225898459783229,0.28238630294799805
Simulated Retention Expiry,s5_retention_expiry,0.1759956942949408,0.8225898459783229,0.28174713253974915
Simulated Retention Expiry,s5_retention_expiry,0.1759956942949408,0.8231602966343411,0.28152793645858765
Simulated Retention Expiry,s5_retention_expiry,0.17743092931467527,0.8231602966343411,0.2795049548149109
Simulated Retention Expiry,s5_retention_expiry,0.17743092931467527,0.8248716486023959,0.27849671244621277
Simulated Retention Expiry,s5_retention_expiry,0.1781485468245425,0.8248716486023959,0.27744483947753906
Simulated Retention Expiry,s5_retention_expiry,0.1781485468245425,0.8254420992584142,0.27736589312553406
Simulated Retention Expiry,s5_retention_expiry,0.17832795120200934,0.8254420992584142,0.2772693932056427
Simulated Retention Expiry,s5_retention_expiry,0.17832795120200934,0.8260125499144324,0.27686500549316406
Simulated Retention Expiry,s5_retention_expiry,0.18012199497667744,0.8260125499144324,0.27526262402534485
Simulated Retention Expiry,s5_retention_expiry,0.18012199497667744,0.8265830005704506,0.27516642212867737
Simulated Retention Expiry,s5_retention_expiry,0.18048080373161104,0.8265830005704506,0.2751418948173523
Simulated Retention Expiry,s5_retention_expiry,0.1813778256189451,0.8265830005704506,0.27468761801719666
Simulated Retention Expiry,s5_retention_expiry,0.1813778256189451,0.8277239018824871,0.2745909094810486
Simulated Retention Expiry,s5_retention_expiry,0.18209544312881235,0.8277239018824871,0.2742348909378052
Simulated Retention Expiry,s5_retention_expiry,0.18209544312881235,0.8288648031945237,0.2735479772090912
Simulated Retention Expiry,s5_retention_expiry,0.18245425188374598,0.8288648031945237,0.2731171250343323
Simulated Retention Expiry,s5_retention_expiry,0.18245425188374598,0.8300057045065602,0.27251261472702026
Simulated Retention Expiry,s5_retention_expiry,0.18281306063867958,0.8300057045065602,0.27222344279289246
Simulated Retention Expiry,s5_retention_expiry,0.18281306063867958,0.8305761551625784,0.2721651792526245
Simulated Retention Expiry,s5_retention_expiry,0.18299246501614638,0.8305761551625784,0.27215054631233215
Simulated Retention Expiry,s5_retention_expiry,0.18335127377108001,0.8305761551625784,0.2719743847846985
Simulated Retention Expiry,s5_retention_expiry,0.18353067814854682,0.8305761551625784,0.27139824628829956
Simulated Retention Expiry,s5_retention_expiry,0.18353067814854682,0.8311466058185967,0.2711508572101593
Simulated Retention Expiry,s5_retention_expiry,0.18460710441334768,0.8311466058185967,0.2704204022884369
Simulated Retention Expiry,s5_retention_expiry,0.18460710441334768,0.8317170564746149,0.2703503966331482
Simulated Retention Expiry,s5_retention_expiry,0.18514531754574812,0.8317170564746149,0.2698674201965332
Simulated Retention Expiry,s5_retention_expiry,0.18514531754574812,0.8334284084426697,0.26937225461006165
Simulated Retention Expiry,s5_retention_expiry,0.18640114818801579,0.8334284084426697,0.2676054835319519
Simulated Retention Expiry,s5_retention_expiry,0.18675995694294942,0.8334284084426697,0.266659677028656
Simulated Retention Expiry,s5_retention_expiry,0.18675995694294942,0.8345693097547062,0.2659369707107544
Simulated Retention Expiry,s5_retention_expiry,0.18765697883028346,0.8345693097547062,0.2653869092464447
Simulated Retention Expiry,s5_retention_expiry,0.18765697883028346,0.8357102110667427,0.2651488780975342
Simulated Retention Expiry,s5_retention_expiry,0.1883745963401507,0.8357102110667427,0.26440876722335815
Simulated Retention Expiry,s5_retention_expiry,0.1883745963401507,0.8362806617227609,0.2643931210041046
Simulated Retention Expiry,s5_retention_expiry,0.18909221385001795,0.8362806617227609,0.26372385025024414
Simulated Retention Expiry,s5_retention_expiry,0.18909221385001795,0.8368511123787792,0.2631925046443939
Simulated Retention Expiry,s5_retention_expiry,0.18927161822748476,0.8368511123787792,0.26309797167778015
Simulated Retention Expiry,s5_retention_expiry,0.18927161822748476,0.8374215630347975,0.2626487612724304
Simulated Retention Expiry,s5_retention_expiry,0.19142447075708646,0.8374215630347975,0.2608761489391327
Simulated Retention Expiry,s5_retention_expiry,0.19142447075708646,0.8379920136908158,0.2605932354927063
Simulated Retention Expiry,s5_retention_expiry,0.19250089702188733,0.8379920136908158,0.25958555936813354
Simulated Retention Expiry,s5_retention_expiry,0.19250089702188733,0.838562464346834,0.2593068480491638
Simulated Retention Expiry,s5_retention_expiry,0.19303911015428776,0.838562464346834,0.2580300271511078
Simulated Retention Expiry,s5_retention_expiry,0.1933979189092214,0.838562464346834,0.2579473853111267
Simulated Retention Expiry,s5_retention_expiry,0.193756727664155,0.838562464346834,0.2575988173484802
Simulated Retention Expiry,s5_retention_expiry,0.19411553641908863,0.838562464346834,0.2575065791606903
Simulated Retention Expiry,s5_retention_expiry,0.19465374955148906,0.8391329150028523,0.257411390542984
Simulated Retention Expiry,s5_retention_expiry,0.1951919626838895,0.8391329150028523,0.2571970224380493
Simulated Retention Expiry,s5_retention_expiry,0.1951919626838895,0.8397033656588705,0.25718531012535095
Simulated Retention Expiry,s5_retention_expiry,0.19608898457122353,0.8397033656588705,0.2561251223087311
Simulated Retention Expiry,s5_retention_expiry,0.19608898457122353,0.8402738163148887,0.25582024455070496
Simulated Retention Expiry,s5_retention_expiry,0.19626838894869034,0.8402738163148887,0.2558087110519409
Simulated Retention Expiry,s5_retention_expiry,0.19644779332615717,0.840844266970907,0.2557770907878876
Simulated Retention Expiry,s5_retention_expiry,0.19662719770362397,0.840844266970907,0.2557598650455475
Simulated Retention Expiry,s5_retention_expiry,0.19662719770362397,0.8414147176269253,0.2555013597011566
Simulated Retention Expiry,s5_retention_expiry,0.19806243272335844,0.8414147176269253,0.25451380014419556
Simulated Retention Expiry,s5_retention_expiry,0.19806243272335844,0.8419851682829436,0.2543320953845978
Simulated Retention Expiry,s5_retention_expiry,0.1991388589881593,0.8419851682829436,0.2524026334285736
Simulated Retention Expiry,s5_retention_expiry,0.1991388589881593,0.84312606959498,0.25210002064704895
Simulated Retention Expiry,s5_retention_expiry,0.20003588087549337,0.84312606959498,0.2509235739707947
Simulated Retention Expiry,s5_retention_expiry,0.20003588087549337,0.8436965202509983,0.25079262256622314
Simulated Retention Expiry,s5_retention_expiry,0.20021528525296017,0.8436965202509983,0.2507372200489044
Simulated Retention Expiry,s5_retention_expiry,0.20021528525296017,0.8442669709070165,0.2502955496311188
Simulated Retention Expiry,s5_retention_expiry,0.2005740940078938,0.8442669709070165,0.25026315450668335
Simulated Retention Expiry,s5_retention_expiry,0.2005740940078938,0.8448374215630348,0.24972210824489594
Simulated Retention Expiry,s5_retention_expiry,0.20129171151776104,0.8448374215630348,0.24861761927604675
Simulated Retention Expiry,s5_retention_expiry,0.20129171151776104,0.845407872219053,0.24838802218437195
Simulated Retention Expiry,s5_retention_expiry,0.20165052027269464,0.845407872219053,0.24799413979053497
Simulated Retention Expiry,s5_retention_expiry,0.20165052027269464,0.8465487735310896,0.2479366660118103
Simulated Retention Expiry,s5_retention_expiry,0.20182992465016147,0.8465487735310896,0.24782785773277283
Simulated Retention Expiry,s5_retention_expiry,0.20218873340509508,0.8465487735310896,0.2477380335330963
Simulated Retention Expiry,s5_retention_expiry,0.20362396842482958,0.8465487735310896,0.2461654096841812
Simulated Retention Expiry,s5_retention_expiry,0.20398277717976318,0.8465487735310896,0.2460619956254959
Simulated Retention Expiry,s5_retention_expiry,0.20416218155723,0.8465487735310896,0.24579915404319763
Simulated Retention Expiry,s5_retention_expiry,0.20452099031216361,0.8465487735310896,0.24579782783985138
Simulated Retention Expiry,s5_retention_expiry,0.20523860782203085,0.8465487735310896,0.24525615572929382
Simulated Retention Expiry,s5_retention_expiry,0.20523860782203085,0.8471192241871078,0.24504469335079193
Simulated Retention Expiry,s5_retention_expiry,0.20541801219949768,0.8471192241871078,0.2448371946811676
Simulated Retention Expiry,s5_retention_expiry,0.20541801219949768,0.8476896748431261,0.24462896585464478
Simulated Retention Expiry,s5_retention_expiry,0.20559741657696448,0.8476896748431261,0.24408188462257385
Simulated Retention Expiry,s5_retention_expiry,0.20559741657696448,0.8482601254991443,0.24403879046440125
Simulated Retention Expiry,s5_retention_expiry,0.20631503408683172,0.8482601254991443,0.243065744638443
Simulated Retention Expiry,s5_retention_expiry,0.20667384284176535,0.8482601254991443,0.2430642992258072
Simulated Retention Expiry,s5_retention_expiry,0.20739146035163258,0.8482601254991443,0.24186104536056519
Simulated Retention Expiry,s5_retention_expiry,0.2077502691065662,0.8482601254991443,0.2417241930961609
Simulated Retention Expiry,s5_retention_expiry,0.20900609974883388,0.8482601254991443,0.24088327586650848
Simulated Retention Expiry,s5_retention_expiry,0.20900609974883388,0.8488305761551626,0.2407321333885193
Simulated Retention Expiry,s5_retention_expiry,0.20990312163616792,0.8488305761551626,0.2392890304327011
Simulated Retention Expiry,s5_retention_expiry,0.20990312163616792,0.849971477467199,0.23890075087547302
Simulated Retention Expiry,s5_retention_expiry,0.21044133476856836,0.849971477467199,0.2384132444858551
Simulated Retention Expiry,s5_retention_expiry,0.21062073914603516,0.8505419281232174,0.23793916404247284
Simulated Retention Expiry,s5_retention_expiry,0.2109795479009688,0.8505419281232174,0.23758429288864136
Simulated Retention Expiry,s5_retention_expiry,0.2109795479009688,0.8511123787792356,0.23747965693473816
Simulated Retention Expiry,s5_retention_expiry,0.21169716541083602,0.8511123787792356,0.23679548501968384
Simulated Retention Expiry,s5_retention_expiry,0.21169716541083602,0.8522532800912721,0.235562264919281
Simulated Retention Expiry,s5_retention_expiry,0.21205597416576966,0.8522532800912721,0.23546089231967926
Simulated Retention Expiry,s5_retention_expiry,0.21241478292070326,0.8528237307472903,0.23524650931358337
Simulated Retention Expiry,s5_retention_expiry,0.21420882669537136,0.8528237307472903,0.23399117588996887
Simulated Retention Expiry,s5_retention_expiry,0.21420882669537136,0.8533941814033086,0.23366934061050415
Simulated Retention Expiry,s5_retention_expiry,0.21438823107283816,0.8533941814033086,0.23355239629745483
Simulated Retention Expiry,s5_retention_expiry,0.21438823107283816,0.8539646320593268,0.2334645390510559
Simulated Retention Expiry,s5_retention_expiry,0.2147470398277718,0.8539646320593268,0.23283587396144867
Simulated Retention Expiry,s5_retention_expiry,0.2147470398277718,0.8562464346833999,0.23163925111293793
Simulated Retention Expiry,s5_retention_expiry,0.21528525296017223,0.8562464346833999,0.23103711009025574
Simulated Retention Expiry,s5_retention_expiry,0.21528525296017223,0.8573873359954364,0.2306172400712967
Simulated Retention Expiry,s5_retention_expiry,0.21546465733763903,0.8573873359954364,0.23025929927825928
Simulated Retention Expiry,s5_retention_expiry,0.21546465733763903,0.8579577866514546,0.23023144900798798
Simulated Retention Expiry,s5_retention_expiry,0.21564406171510586,0.8579577866514546,0.23000605404376984
Simulated Retention Expiry,s5_retention_expiry,0.21600287047003947,0.8579577866514546,0.22952112555503845
Simulated Retention Expiry,s5_retention_expiry,0.21618227484750627,0.8579577866514546,0.22951103746891022
Simulated Retention Expiry,s5_retention_expiry,0.21618227484750627,0.8585282373074729,0.2293454259634018
Simulated Retention Expiry,s5_retention_expiry,0.2163616792249731,0.8585282373074729,0.2292308658361435
Simulated Retention Expiry,s5_retention_expiry,0.21779691424470757,0.8590986879634912,0.2291928380727768
Simulated Retention Expiry,s5_retention_expiry,0.2181557229996412,0.8590986879634912,0.22883591055870056
Simulated Retention Expiry,s5_retention_expiry,0.2181557229996412,0.8596691386195094,0.22878387570381165
Simulated Retention Expiry,s5_retention_expiry,0.21923214926444204,0.8596691386195094,0.22795432806015015
Simulated Retention Expiry,s5_retention_expiry,0.21923214926444204,0.8602395892755277,0.2277567982673645
Simulated Retention Expiry,s5_retention_expiry,0.21977036239684247,0.8602395892755277,0.22765663266181946
Simulated Retention Expiry,s5_retention_expiry,0.21977036239684247,0.8608100399315459,0.22743813693523407
Simulated Retention Expiry,s5_retention_expiry,0.22156440617151058,0.8608100399315459,0.22612573206424713
Simulated Retention Expiry,s5_retention_expiry,0.22156440617151058,0.8619509412435824,0.22609759867191315
Simulated Retention Expiry,s5_retention_expiry,0.2217438105489774,0.8619509412435824,0.2260497808456421
Simulated Retention Expiry,s5_retention_expiry,0.2217438105489774,0.8625213918996006,0.22599028050899506
Simulated Retention Expiry,s5_retention_expiry,0.22264083243631144,0.8625213918996006,0.22444526851177216
Simulated Retention Expiry,s5_retention_expiry,0.22264083243631144,0.863091842555619,0.22442841529846191
Simulated Retention Expiry,s5_retention_expiry,0.22282023681377824,0.863091842555619,0.2241947054862976
Simulated Retention Expiry,s5_retention_expiry,0.22282023681377824,0.8636622932116372,0.22356271743774414
Simulated Retention Expiry,s5_retention_expiry,0.22317904556871188,0.8636622932116372,0.22318090498447418
Simulated Retention Expiry,s5_retention_expiry,0.22317904556871188,0.8642327438676555,0.22317597270011902
Simulated Retention Expiry,s5_retention_expiry,0.22335844994617868,0.8642327438676555,0.22299756109714508
Simulated Retention Expiry,s5_retention_expiry,0.2235378543236455,0.8648031945236737,0.22276604175567627
Simulated Retention Expiry,s5_retention_expiry,0.2235378543236455,0.865373645179692,0.2227117270231247
Simulated Retention Expiry,s5_retention_expiry,0.22497308934337998,0.865373645179692,0.2216496616601944
Simulated Retention Expiry,s5_retention_expiry,0.22497308934337998,0.8659440958357102,0.22136245667934418
Simulated Retention Expiry,s5_retention_expiry,0.2253318980983136,0.8659440958357102,0.22111710906028748
Simulated Retention Expiry,s5_retention_expiry,0.2253318980983136,0.8665145464917284,0.2208421528339386
Simulated Retention Expiry,s5_retention_expiry,0.2256907068532472,0.8665145464917284,0.2205939143896103
Simulated Retention Expiry,s5_retention_expiry,0.2256907068532472,0.8670849971477467,0.22051894664764404
Simulated Retention Expiry,s5_retention_expiry,0.22587011123071402,0.8670849971477467,0.22035853564739227
Simulated Retention Expiry,s5_retention_expiry,0.22604951560818085,0.867655447803765,0.2203059196472168
Simulated Retention Expiry,s5_retention_expiry,0.22694653749551488,0.867655447803765,0.21952417492866516
Simulated Retention Expiry,s5_retention_expiry,0.22694653749551488,0.8687963491158015,0.21918527781963348
Simulated Retention Expiry,s5_retention_expiry,0.22730534625044851,0.8687963491158015,0.2191520631313324
Simulated Retention Expiry,s5_retention_expiry,0.22784355938284895,0.8687963491158015,0.219023197889328
Simulated Retention Expiry,s5_retention_expiry,0.22784355938284895,0.869937250427838,0.21865248680114746
Simulated Retention Expiry,s5_retention_expiry,0.22802296376031575,0.8705077010838562,0.21858777105808258
Simulated Retention Expiry,s5_retention_expiry,0.22891998564764982,0.8705077010838562,0.21788114309310913
Simulated Retention Expiry,s5_retention_expiry,0.22891998564764982,0.8710781517398745,0.2177853286266327
Simulated Retention Expiry,s5_retention_expiry,0.2321492644420524,0.8710781517398745,0.21550597250461578
Simulated Retention Expiry,s5_retention_expiry,0.2321492644420524,0.8716486023958927,0.2153041958808899
Simulated Retention Expiry,s5_retention_expiry,0.2323286688195192,0.8716486023958927,0.21528925001621246
Simulated Retention Expiry,s5_retention_expiry,0.2323286688195192,0.872219053051911,0.21525262296199799
Simulated Retention Expiry,s5_retention_expiry,0.23286688195191962,0.872219053051911,0.21472956240177155
Simulated Retention Expiry,s5_retention_expiry,0.23286688195191962,0.8727895037079293,0.2144601047039032
Simulated Retention Expiry,s5_retention_expiry,0.23358449946178686,0.8727895037079293,0.21371932327747345
Simulated Retention Expiry,s5_retention_expiry,0.23358449946178686,0.8733599543639475,0.2135561853647232
Simulated Retention Expiry,s5_retention_expiry,0.23448152134912092,0.8733599543639475,0.21274420619010925
Simulated Retention Expiry,s5_retention_expiry,0.23466092572658773,0.8739304050199658,0.21243931353092194
Simulated Retention Expiry,s5_retention_expiry,0.2357373519913886,0.8739304050199658,0.21097852289676666
Simulated Retention Expiry,s5_retention_expiry,0.2357373519913886,0.874500855675984,0.21072113513946533
Simulated Retention Expiry,s5_retention_expiry,0.23645496950125583,0.874500855675984,0.21031273901462555
Simulated Retention Expiry,s5_retention_expiry,0.23645496950125583,0.8750713063320023,0.2101636826992035
Simulated Retention Expiry,s5_retention_expiry,0.23717258701112306,0.8750713063320023,0.20905667543411255
Simulated Retention Expiry,s5_retention_expiry,0.23717258701112306,0.8756417569880205,0.2090209573507309
Simulated Retention Expiry,s5_retention_expiry,0.2378902045209903,0.8756417569880205,0.20851287245750427
Simulated Retention Expiry,s5_retention_expiry,0.23842841765339073,0.8756417569880205,0.20841680467128754
Simulated Retention Expiry,s5_retention_expiry,0.23842841765339073,0.8762122076440388,0.2083667814731598
Simulated Retention Expiry,s5_retention_expiry,0.23842841765339073,0.8773531089560753,0.2083226442337036
Simulated Retention Expiry,s5_retention_expiry,0.2396842482956584,0.8773531089560753,0.20687995851039886
Simulated Retention Expiry,s5_retention_expiry,0.2396842482956584,0.8779235596120936,0.20675121247768402
Simulated Retention Expiry,s5_retention_expiry,0.24076067456045927,0.8779235596120936,0.20599639415740967
Simulated Retention Expiry,s5_retention_expiry,0.24076067456045927,0.8784940102681118,0.20587339997291565
Simulated Retention Expiry,s5_retention_expiry,0.24094007893792607,0.8784940102681118,0.2052508294582367
Simulated Retention Expiry,s5_retention_expiry,0.24094007893792607,0.87906446092413,0.2051660120487213
Simulated Retention Expiry,s5_retention_expiry,0.2411194833153929,0.87906446092413,0.20494157075881958
Simulated Retention Expiry,s5_retention_expiry,0.2411194833153929,0.8807758128921849,0.2045918107032776
Simulated Retention Expiry,s5_retention_expiry,0.2414782920703265,0.8807758128921849,0.20423060655593872
Simulated Retention Expiry,s5_retention_expiry,0.2414782920703265,0.8813462635482031,0.20421889424324036
Simulated Retention Expiry,s5_retention_expiry,0.24165769644779334,0.8819167142042214,0.20387984812259674
Simulated Retention Expiry,s5_retention_expiry,0.24219590958019377,0.8819167142042214,0.2036263644695282
Simulated Retention Expiry,s5_retention_expiry,0.24255471833512737,0.8819167142042214,0.20339277386665344
Simulated Retention Expiry,s5_retention_expiry,0.24255471833512737,0.8824871648602396,0.20337240397930145
Simulated Retention Expiry,s5_retention_expiry,0.24345174022246144,0.8824871648602396,0.20217984914779663
Simulated Retention Expiry,s5_retention_expiry,0.24345174022246144,0.8830576155162578,0.20208805799484253
Simulated Retention Expiry,s5_retention_expiry,0.2448869752421959,0.8830576155162578,0.20018361508846283
Simulated Retention Expiry,s5_retention_expiry,0.2448869752421959,0.8836280661722761,0.19982865452766418
Simulated Retention Expiry,s5_retention_expiry,0.24560459275206314,0.8836280661722761,0.19946597516536713
Simulated Retention Expiry,s5_retention_expiry,0.24560459275206314,0.8847689674843126,0.19874045252799988
Simulated Retention Expiry,s5_retention_expiry,0.246681019016864,0.8847689674843126,0.1978478580713272
Simulated Retention Expiry,s5_retention_expiry,0.246681019016864,0.8859098687963491,0.19727039337158203
Simulated Retention Expiry,s5_retention_expiry,0.24811625403659848,0.8859098687963491,0.19668704271316528
Simulated Retention Expiry,s5_retention_expiry,0.24811625403659848,0.8864803194523674,0.19642265141010284
Simulated Retention Expiry,s5_retention_expiry,0.24883387154646575,0.8864803194523674,0.19626781344413757
Simulated Retention Expiry,s5_retention_expiry,0.24919268030139935,0.8864803194523674,0.19624412059783936
Simulated Retention Expiry,s5_retention_expiry,0.24937208467886615,0.8864803194523674,0.19623754918575287
Simulated Retention Expiry,s5_retention_expiry,0.24937208467886615,0.8870507701083856,0.19573527574539185
Simulated Retention Expiry,s5_retention_expiry,0.24991029781126659,0.8870507701083856,0.19528090953826904
Simulated Retention Expiry,s5_retention_expiry,0.24991029781126659,0.8876212207644039,0.19518432021141052
Simulated Retention Expiry,s5_retention_expiry,0.2506279153211338,0.8876212207644039,0.19478732347488403
Simulated Retention Expiry,s5_retention_expiry,0.2509867240760675,0.8876212207644039,0.1945110261440277
Simulated Retention Expiry,s5_retention_expiry,0.2526013634732687,0.8876212207644039,0.19344767928123474
Simulated Retention Expiry,s5_retention_expiry,0.2526013634732687,0.8881916714204221,0.1932307481765747
Simulated Retention Expiry,s5_retention_expiry,0.253318980983136,0.8881916714204221,0.19291706383228302
Simulated Retention Expiry,s5_retention_expiry,0.253318980983136,0.8887621220764403,0.19274958968162537
Simulated Retention Expiry,s5_retention_expiry,0.25403659849300325,0.8887621220764403,0.19193635880947113
Simulated Retention Expiry,s5_retention_expiry,0.25403659849300325,0.8893325727324587,0.19191716611385345
Simulated Retention Expiry,s5_retention_expiry,0.25511302475780406,0.8893325727324587,0.19043026864528656
Simulated Retention Expiry,s5_retention_expiry,0.25511302475780406,0.8904734740444952,0.18980015814304352
Simulated Retention Expiry,s5_retention_expiry,0.2552924291352709,0.8904734740444952,0.1895039826631546
Simulated Retention Expiry,s5_retention_expiry,0.2552924291352709,0.8910439247005134,0.18946094810962677
Simulated Retention Expiry,s5_retention_expiry,0.2556512378902045,0.8910439247005134,0.18932703137397766
Simulated Retention Expiry,s5_retention_expiry,0.2556512378902045,0.8916143753565317,0.18920373916625977
Simulated Retention Expiry,s5_retention_expiry,0.25601004664513816,0.8916143753565317,0.1891055852174759
Simulated Retention Expiry,s5_retention_expiry,0.25601004664513816,0.8921848260125499,0.1888563483953476
Simulated Retention Expiry,s5_retention_expiry,0.2569070685324722,0.8921848260125499,0.18754234910011292
Simulated Retention Expiry,s5_retention_expiry,0.2569070685324722,0.8927552766685681,0.1873723268508911
Simulated Retention Expiry,s5_retention_expiry,0.257086472909939,0.8927552766685681,0.18721412122249603
Simulated Retention Expiry,s5_retention_expiry,0.2574452816648726,0.8927552766685681,0.18707405030727386
Simulated Retention Expiry,s5_retention_expiry,0.2585217079296735,0.8927552766685681,0.18586966395378113
Simulated Retention Expiry,s5_retention_expiry,0.2585217079296735,0.8933257273245864,0.18577496707439423
Simulated Retention Expiry,s5_retention_expiry,0.25870111230714027,0.8933257273245864,0.18564409017562866
Simulated Retention Expiry,s5_retention_expiry,0.25870111230714027,0.8938961779806047,0.18541035056114197
Simulated Retention Expiry,s5_retention_expiry,0.25995694294940797,0.8938961779806047,0.18374736607074738
Simulated Retention Expiry,s5_retention_expiry,0.25995694294940797,0.894466628636623,0.18324418365955353
Simulated Retention Expiry,s5_retention_expiry,0.2604951560818084,0.894466628636623,0.18306665122509003
Simulated Retention Expiry,s5_retention_expiry,0.2604951560818084,0.8956075299486594,0.18170833587646484
Simulated Retention Expiry,s5_retention_expiry,0.26121277359167566,0.8956075299486594,0.18161079287528992
Simulated Retention Expiry,s5_retention_expiry,0.2621097954790097,0.8956075299486594,0.18063512444496155
Simulated Retention Expiry,s5_retention_expiry,0.2624686042339433,0.8956075299486594,0.18053530156612396
Simulated Retention Expiry,s5_retention_expiry,0.26300681736634374,0.8956075299486594,0.18020692467689514
Simulated Retention Expiry,s5_retention_expiry,0.26336562612127734,0.8956075299486594,0.18009722232818604
Simulated Retention Expiry,s5_retention_expiry,0.263724434876211,0.8956075299486594,0.17984573543071747
Simulated Retention Expiry,s5_retention_expiry,0.263724434876211,0.8961779806046777,0.17983217537403107
Simulated Retention Expiry,s5_retention_expiry,0.2644420523860782,0.8961779806046777,0.17903298139572144
Simulated Retention Expiry,s5_retention_expiry,0.2644420523860782,0.8967484312606959,0.17898276448249817
Simulated Retention Expiry,s5_retention_expiry,0.26480086114101187,0.8967484312606959,0.17886660993099213
Simulated Retention Expiry,s5_retention_expiry,0.26480086114101187,0.8978893325727325,0.17883236706256866
Simulated Retention Expiry,s5_retention_expiry,0.26515966989594547,0.8978893325727325,0.1785663664340973
Simulated Retention Expiry,s5_retention_expiry,0.26515966989594547,0.8984597832287508,0.17847487330436707
Simulated Retention Expiry,s5_retention_expiry,0.2660566917832795,0.8984597832287508,0.17771317064762115
Simulated Retention Expiry,s5_retention_expiry,0.2660566917832795,0.899030233884769,0.17745614051818848
Simulated Retention Expiry,s5_retention_expiry,0.2691065662002153,0.899030233884769,0.1752282828092575
Simulated Retention Expiry,s5_retention_expiry,0.2691065662002153,0.8996006845407872,0.1750810295343399
Simulated Retention Expiry,s5_retention_expiry,0.2710800143523502,0.8996006845407872,0.17337866127490997
Simulated Retention Expiry,s5_retention_expiry,0.2710800143523502,0.9001711351968055,0.1731952577829361
Simulated Retention Expiry,s5_retention_expiry,0.27143882310728384,0.9001711351968055,0.17304828763008118
Simulated Retention Expiry,s5_retention_expiry,0.2719770362396842,0.9001711351968055,0.17274165153503418
Simulated Retention Expiry,s5_retention_expiry,0.2719770362396842,0.9007415858528237,0.17211292684078217
Simulated Retention Expiry,s5_retention_expiry,0.27251524937208466,0.9007415858528237,0.17167101800441742
Simulated Retention Expiry,s5_retention_expiry,0.27251524937208466,0.901312036508842,0.17162759602069855
Simulated Retention Expiry,s5_retention_expiry,0.2732328668819519,0.901312036508842,0.17143839597702026
Simulated Retention Expiry,s5_retention_expiry,0.2732328668819519,0.9018824871648602,0.1713438332080841
Simulated Retention Expiry,s5_retention_expiry,0.2739504843918192,0.9018824871648602,0.17102506756782532
Simulated Retention Expiry,s5_retention_expiry,0.2739504843918192,0.9024529378208785,0.17097847163677216
Simulated Retention Expiry,s5_retention_expiry,0.27412988876928596,0.9024529378208785,0.17094698548316956
Simulated Retention Expiry,s5_retention_expiry,0.27412988876928596,0.9030233884768968,0.17080582678318024
Simulated Retention Expiry,s5_retention_expiry,0.2744886975242196,0.9030233884768968,0.1705612689256668
Simulated Retention Expiry,s5_retention_expiry,0.2744886975242196,0.903593839132915,0.17040620744228363
Simulated Retention Expiry,s5_retention_expiry,0.2748475062791532,0.903593839132915,0.17034102976322174
Simulated Retention Expiry,s5_retention_expiry,0.2748475062791532,0.9041642897889333,0.17031899094581604
Simulated Retention Expiry,s5_retention_expiry,0.27574452816648726,0.9041642897889333,0.17007149755954742
Simulated Retention Expiry,s5_retention_expiry,0.27574452816648726,0.9047347404449515,0.16990917921066284
Simulated Retention Expiry,s5_retention_expiry,0.2759239325439541,0.9047347404449515,0.1698223501443863
Simulated Retention Expiry,s5_retention_expiry,0.2759239325439541,0.9053051911009697,0.16970470547676086
Simulated Retention Expiry,s5_retention_expiry,0.27717976318622173,0.9053051911009697,0.1681448221206665
Simulated Retention Expiry,s5_retention_expiry,0.2775385719411554,0.9053051911009697,0.16812503337860107
Simulated Retention Expiry,s5_retention_expiry,0.2780767850735558,0.9053051911009697,0.1678197681903839
Simulated Retention Expiry,s5_retention_expiry,0.2782561894510226,0.9053051911009697,0.16761593520641327
Simulated Retention Expiry,s5_retention_expiry,0.2782561894510226,0.905875641756988,0.16759435832500458
Simulated Retention Expiry,s5_retention_expiry,0.27933261571582346,0.905875641756988,0.16684085130691528
Simulated Retention Expiry,s5_retention_expiry,0.27969142447075707,0.905875641756988,0.16671954095363617
Simulated Retention Expiry,s5_retention_expiry,0.2802296376031575,0.905875641756988,0.1664375215768814
Simulated Retention Expiry,s5_retention_expiry,0.2802296376031575,0.9064460924130062,0.1663186401128769
Simulated Retention Expiry,s5_retention_expiry,0.28094725511302476,0.9064460924130062,0.16601093113422394
Simulated Retention Expiry,s5_retention_expiry,0.28094725511302476,0.9070165430690246,0.16565214097499847
Simulated Retention Expiry,s5_retention_expiry,0.281664872622892,0.9070165430690246,0.16468077898025513
Simulated Retention Expiry,s5_retention_expiry,0.28202368137782563,0.9070165430690246,0.16457310318946838
Simulated Retention Expiry,s5_retention_expiry,0.28435593828489414,0.9070165430690246,0.16215571761131287
Simulated Retention Expiry,s5_retention_expiry,0.28435593828489414,0.9087278950370793,0.16166052222251892
Simulated Retention Expiry,s5_retention_expiry,0.2857911733046286,0.9087278950370793,0.16039028763771057
Simulated Retention Expiry,s5_retention_expiry,0.2857911733046286,0.910439247005134,0.1594371497631073
Simulated Retention Expiry,s5_retention_expiry,0.28614998205956227,0.910439247005134,0.1589048206806183
Simulated Retention Expiry,s5_retention_expiry,0.28614998205956227,0.9110096976611524,0.15886066854000092
Simulated Retention Expiry,s5_retention_expiry,0.28632938643702904,0.9110096976611524,0.15879064798355103
Simulated Retention Expiry,s5_retention_expiry,0.28632938643702904,0.9115801483171706,0.1587490439414978
Simulated Retention Expiry,s5_retention_expiry,0.2868675995694295,0.9115801483171706,0.1584508717060089
Simulated Retention Expiry,s5_retention_expiry,0.2868675995694295,0.9121505989731888,0.1583782136440277
Simulated Retention Expiry,s5_retention_expiry,0.2870470039468963,0.9121505989731888,0.15793579816818237
Simulated Retention Expiry,s5_retention_expiry,0.2870470039468963,0.9132915002852253,0.15696649253368378
Simulated Retention Expiry,s5_retention_expiry,0.2888410477215644,0.9132915002852253,0.15557529032230377
Simulated Retention Expiry,s5_retention_expiry,0.2888410477215644,0.9138619509412436,0.15536373853683472
Simulated Retention Expiry,s5_retention_expiry,0.2890204520990312,0.9138619509412436,0.15532590448856354
Simulated Retention Expiry,s5_retention_expiry,0.2890204520990312,0.9144324015972618,0.1552446335554123
Simulated Retention Expiry,s5_retention_expiry,0.2906350914962325,0.9144324015972618,0.15457022190093994
Simulated Retention Expiry,s5_retention_expiry,0.2906350914962325,0.91500285225328,0.15449704229831696
Simulated Retention Expiry,s5_retention_expiry,0.2913527090060998,0.91500285225328,0.15392760932445526
Simulated Retention Expiry,s5_retention_expiry,0.2913527090060998,0.9155733029092984,0.15391509234905243
Simulated Retention Expiry,s5_retention_expiry,0.29278794402583425,0.9155733029092984,0.1531466394662857
Simulated Retention Expiry,s5_retention_expiry,0.29278794402583425,0.9161437535653166,0.153060182929039
Simulated Retention Expiry,s5_retention_expiry,0.29314675278076785,0.9161437535653166,0.1527336984872818
Simulated Retention Expiry,s5_retention_expiry,0.29314675278076785,0.9167142042213349,0.15267466008663177
Simulated Retention Expiry,s5_retention_expiry,0.2938643702906351,0.9167142042213349,0.15215599536895752
Simulated Retention Expiry,s5_retention_expiry,0.2938643702906351,0.9178551055333714,0.15191805362701416
Simulated Retention Expiry,s5_retention_expiry,0.2969142447075709,0.9178551055333714,0.14950761198997498
Simulated Retention Expiry,s5_retention_expiry,0.2969142447075709,0.9184255561893896,0.14918532967567444
Simulated Retention Expiry,s5_retention_expiry,0.2972730534625045,0.9184255561893896,0.14896731078624725
Simulated Retention Expiry,s5_retention_expiry,0.2972730534625045,0.9195664575014262,0.1485341638326645
Simulated Retention Expiry,s5_retention_expiry,0.29834947972730536,0.9195664575014262,0.14725835621356964
Simulated Retention Expiry,s5_retention_expiry,0.29834947972730536,0.9201369081574444,0.14705269038677216
Simulated Retention Expiry,s5_retention_expiry,0.29852888410477213,0.9201369081574444,0.14680218696594238
Simulated Retention Expiry,s5_retention_expiry,0.29852888410477213,0.9207073588134627,0.14675022661685944
Simulated Retention Expiry,s5_retention_expiry,0.29870828848223896,0.9207073588134627,0.14670218527317047
Simulated Retention Expiry,s5_retention_expiry,0.29870828848223896,0.9212778094694809,0.14656546711921692
Simulated Retention Expiry,s5_retention_expiry,0.29906709723717256,0.9212778094694809,0.14647886157035828
Simulated Retention Expiry,s5_retention_expiry,0.29906709723717256,0.9218482601254991,0.1461973935365677
Simulated Retention Expiry,s5_retention_expiry,0.3010405453893075,0.9218482601254991,0.14517773687839508
Simulated Retention Expiry,s5_retention_expiry,0.3010405453893075,0.9229891614375356,0.14500309526920319
Simulated Retention Expiry,s5_retention_expiry,0.30193756727664156,0.9229891614375356,0.14417855441570282
Simulated Retention Expiry,s5_retention_expiry,0.30193756727664156,0.9235596120935539,0.14414238929748535
Simulated Retention Expiry,s5_retention_expiry,0.30211697165410833,0.9235596120935539,0.14408966898918152
Simulated Retention Expiry,s5_retention_expiry,0.30211697165410833,0.9241300627495722,0.1440150886774063
Simulated Retention Expiry,s5_retention_expiry,0.30229637603157516,0.9241300627495722,0.14400288462638855
Simulated Retention Expiry,s5_retention_expiry,0.30229637603157516,0.9247005134055905,0.14344610273838043
Simulated Retention Expiry,s5_retention_expiry,0.30265518478650877,0.9247005134055905,0.14301101863384247
Simulated Retention Expiry,s5_retention_expiry,0.30265518478650877,0.9252709640616087,0.14296138286590576
Simulated Retention Expiry,s5_retention_expiry,0.30301399354144243,0.9252709640616087,0.14271074533462524
Simulated Retention Expiry,s5_retention_expiry,0.30301399354144243,0.9258414147176269,0.14263416826725006
Simulated Retention Expiry,s5_retention_expiry,0.30337280229637603,0.9258414147176269,0.14251603186130524
Simulated Retention Expiry,s5_retention_expiry,0.30355220667384286,0.9264118653736452,0.142128586769104
Simulated Retention Expiry,s5_retention_expiry,0.3060638679583782,0.9264118653736452,0.14028966426849365
Simulated Retention Expiry,s5_retention_expiry,0.3064226767133118,0.9264118653736452,0.14014466106891632
Simulated Retention Expiry,s5_retention_expiry,0.3080373161105131,0.9264118653736452,0.13884446024894714
Simulated Retention Expiry,s5_retention_expiry,0.3080373161105131,0.9269823160296634,0.13870754837989807
Simulated Retention Expiry,s5_retention_expiry,0.30857552924291354,0.9269823160296634,0.13833209872245789
Simulated Retention Expiry,s5_retention_expiry,0.30857552924291354,0.9275527666856817,0.13823534548282623
Simulated Retention Expiry,s5_retention_expiry,0.3087549336203803,0.9275527666856817,0.1381877064704895
Simulated Retention Expiry,s5_retention_expiry,0.3087549336203803,0.9281232173416999,0.13814634084701538
Simulated Retention Expiry,s5_retention_expiry,0.31090778614998205,0.9281232173416999,0.13624703884124756
Simulated Retention Expiry,s5_retention_expiry,0.31090778614998205,0.9286936679977182,0.13562503457069397
Simulated Retention Expiry,s5_retention_expiry,0.3132400430570506,0.9286936679977182,0.13469621539115906
Simulated Retention Expiry,s5_retention_expiry,0.3132400430570506,0.9292641186537365,0.1340530961751938
Simulated Retention Expiry,s5_retention_expiry,0.3139576605669178,0.9292641186537365,0.13337156176567078
Simulated Retention Expiry,s5_retention_expiry,0.3139576605669178,0.9309754706217912,0.1330600380897522
Simulated Retention Expiry,s5_retention_expiry,0.3146752780767851,0.9309754706217912,0.13269081711769104
Simulated Retention Expiry,s5_retention_expiry,0.3146752780767851,0.9315459212778094,0.13210608065128326
Simulated Retention Expiry,s5_retention_expiry,0.3155722999641191,0.9315459212778094,0.13191360235214233
Simulated Retention Expiry,s5_retention_expiry,0.3159311087190527,0.9315459212778094,0.13189084827899933
Simulated Retention Expiry,s5_retention_expiry,0.31772515249372085,0.9315459212778094,0.1307699978351593
Simulated Retention Expiry,s5_retention_expiry,0.31772515249372085,0.9321163719338277,0.13070359826087952
Simulated Retention Expiry,s5_retention_expiry,0.3179045568711877,0.9321163719338277,0.13061927258968353
Simulated Retention Expiry,s5_retention_expiry,0.3182633656261213,0.9321163719338277,0.1305055469274521
Simulated Retention Expiry,s5_retention_expiry,0.3182633656261213,0.932686822589846,0.1302148848772049
Simulated Retention Expiry,s5_retention_expiry,0.31844277000358806,0.932686822589846,0.13021133840084076
Simulated Retention Expiry,s5_retention_expiry,0.31844277000358806,0.9332572732458643,0.13003495335578918
Simulated Retention Expiry,s5_retention_expiry,0.3191603875134553,0.9332572732458643,0.12960609793663025
Simulated Retention Expiry,s5_retention_expiry,0.3191603875134553,0.9338277239018825,0.12949936091899872
Simulated Retention Expiry,s5_retention_expiry,0.31969860064585576,0.9338277239018825,0.12878639996051788
Simulated Retention Expiry,s5_retention_expiry,0.32005740940078936,0.9343981745579008,0.12865827977657318
Simulated Retention Expiry,s5_retention_expiry,0.3205956225331898,0.9343981745579008,0.1279357373714447
Simulated Retention Expiry,s5_retention_expiry,0.3205956225331898,0.934968625213919,0.12790147960186005
Simulated Retention Expiry,s5_retention_expiry,0.32095443128812345,0.934968625213919,0.12784072756767273
Simulated Retention Expiry,s5_retention_expiry,0.32095443128812345,0.9355390758699372,0.12783849239349365
Simulated Retention Expiry,s5_retention_expiry,0.32113383566559023,0.9355390758699372,0.1276838332414627
Simulated Retention Expiry,s5_retention_expiry,0.32113383566559023,0.9361095265259555,0.12761105597019196
Simulated Retention Expiry,s5_retention_expiry,0.32274847506279153,0.9361095265259555,0.12645573914051056
Simulated Retention Expiry,s5_retention_expiry,0.32274847506279153,0.9366799771819737,0.12619613111019135
Simulated Retention Expiry,s5_retention_expiry,0.3240043057050592,0.9366799771819737,0.12464176118373871
Simulated Retention Expiry,s5_retention_expiry,0.3240043057050592,0.9372504278379921,0.12458588927984238
Simulated Retention Expiry,s5_retention_expiry,0.32848941514172947,0.9372504278379921,0.12081368267536163
Simulated Retention Expiry,s5_retention_expiry,0.32848941514172947,0.9378208784940103,0.12073998153209686
Simulated Retention Expiry,s5_retention_expiry,0.3290276282741299,0.9378208784940103,0.12050643563270569
Simulated Retention Expiry,s5_retention_expiry,0.3290276282741299,0.9389617798060468,0.12016605585813522
Simulated Retention Expiry,s5_retention_expiry,0.330821672048798,0.9389617798060468,0.11904778331518173
Simulated Retention Expiry,s5_retention_expiry,0.330821672048798,0.939532230462065,0.11897455900907516
Simulated Retention Expiry,s5_retention_expiry,0.3329745245783997,0.939532230462065,0.1180117279291153
Simulated Retention Expiry,s5_retention_expiry,0.3329745245783997,0.9406731317741015,0.11787691712379456
Simulated Retention Expiry,s5_retention_expiry,0.33315392895586654,0.9406731317741015,0.1177215501666069
Simulated Retention Expiry,s5_retention_expiry,0.33315392895586654,0.9412435824301197,0.11769641935825348
Simulated Retention Expiry,s5_retention_expiry,0.3342303552206674,0.9412435824301197,0.11663535982370377
Simulated Retention Expiry,s5_retention_expiry,0.3342303552206674,0.9418140330861381,0.11642985790967941
Simulated Retention Expiry,s5_retention_expiry,0.33476856835306784,0.9418140330861381,0.11603959649801254
Simulated Retention Expiry,s5_retention_expiry,0.33476856835306784,0.9423844837421563,0.11597077548503876
Simulated Retention Expiry,s5_retention_expiry,0.3349479727305346,0.9423844837421563,0.11573995649814606
Simulated Retention Expiry,s5_retention_expiry,0.3349479727305346,0.9429549343981746,0.11563391983509064
Simulated Retention Expiry,s5_retention_expiry,0.3360243989953355,0.9429549343981746,0.11527553200721741
Simulated Retention Expiry,s5_retention_expiry,0.3360243989953355,0.9435253850541928,0.1152469739317894
Simulated Retention Expiry,s5_retention_expiry,0.3365626121277359,0.9435253850541928,0.11475443840026855
Simulated Retention Expiry,s5_retention_expiry,0.3365626121277359,0.944095835710211,0.11474966257810593
Simulated Retention Expiry,s5_retention_expiry,0.3372802296376032,0.944095835710211,0.11457929760217667
Simulated Retention Expiry,s5_retention_expiry,0.3372802296376032,0.9446662863662293,0.11427826434373856
Simulated Retention Expiry,s5_retention_expiry,0.3397918909221385,0.9446662863662293,0.11263009160757065
Simulated Retention Expiry,s5_retention_expiry,0.3397918909221385,0.9452367370222475,0.11255884170532227
Simulated Retention Expiry,s5_retention_expiry,0.3405095084320057,0.9452367370222475,0.11232290416955948
Simulated Retention Expiry,s5_retention_expiry,0.3405095084320057,0.9458071876782659,0.11214234679937363
Simulated Retention Expiry,s5_retention_expiry,0.3437387872264083,0.9458071876782659,0.1103442907333374
Simulated Retention Expiry,s5_retention_expiry,0.3437387872264083,0.9463776383342841,0.10988244414329529
Simulated Retention Expiry,s5_retention_expiry,0.34391819160387516,0.9463776383342841,0.10982383042573929
Simulated Retention Expiry,s5_retention_expiry,0.34391819160387516,0.9469480889903024,0.10976682603359222
Simulated Retention Expiry,s5_retention_expiry,0.34409759598134193,0.9469480889903024,0.10967282950878143
Simulated Retention Expiry,s5_retention_expiry,0.34409759598134193,0.9475185396463206,0.1095731109380722
Simulated Retention Expiry,s5_retention_expiry,0.34427700035880876,0.9475185396463206,0.10949808359146118
Simulated Retention Expiry,s5_retention_expiry,0.34427700035880876,0.9480889903023388,0.10943510383367538
Simulated Retention Expiry,s5_retention_expiry,0.34589163975601006,0.9480889903023388,0.10847519338130951
Simulated Retention Expiry,s5_retention_expiry,0.34589163975601006,0.9486594409583571,0.10842795670032501
Simulated Retention Expiry,s5_retention_expiry,0.3467886616433441,0.9486594409583571,0.10787475109100342
Simulated Retention Expiry,s5_retention_expiry,0.34732687477574453,0.9486594409583571,0.10785214602947235
Simulated Retention Expiry,s5_retention_expiry,0.3480444922856118,0.9486594409583571,0.10758752375841141
Simulated Retention Expiry,s5_retention_expiry,0.3480444922856118,0.9492298916143753,0.10740747302770615
Simulated Retention Expiry,s5_retention_expiry,0.34894151417294583,0.9492298916143753,0.10677298903465271
Simulated Retention Expiry,s5_retention_expiry,0.34894151417294583,0.9498003422703936,0.10672210901975632
Simulated Retention Expiry,s5_retention_expiry,0.3491209185504126,0.9498003422703936,0.10663965344429016
Simulated Retention Expiry,s5_retention_expiry,0.3491209185504126,0.9503707929264119,0.10655901581048965
Simulated Retention Expiry,s5_retention_expiry,0.34965913168281304,0.9503707929264119,0.10629963129758835
Simulated Retention Expiry,s5_retention_expiry,0.34965913168281304,0.9509412435824302,0.10620420426130295
Simulated Retention Expiry,s5_retention_expiry,0.3500179404377467,0.9509412435824302,0.10612893104553223
Simulated Retention Expiry,s5_retention_expiry,0.3503767491926803,0.9509412435824302,0.10608568787574768
Simulated Retention Expiry,s5_retention_expiry,0.3518119842124148,0.9509412435824302,0.10541679710149765
Simulated Retention Expiry,s5_retention_expiry,0.3518119842124148,0.9515116942384484,0.10516630858182907
Simulated Retention Expiry,s5_retention_expiry,0.3521707929673484,0.9515116942384484,0.10501540452241898
Simulated Retention Expiry,s5_retention_expiry,0.35252960172228204,0.9515116942384484,0.1047416478395462
Simulated Retention Expiry,s5_retention_expiry,0.35306781485468247,0.9515116942384484,0.1044604629278183
Simulated Retention Expiry,s5_retention_expiry,0.35306781485468247,0.9520821448944666,0.10432270914316177
Simulated Retention Expiry,s5_retention_expiry,0.3543236454969501,0.9520821448944666,0.10305042564868927
Simulated Retention Expiry,s5_retention_expiry,0.3543236454969501,0.9526525955504849,0.10296085476875305
Simulated Retention Expiry,s5_retention_expiry,0.35468245425188377,0.9526525955504849,0.10237032175064087
Simulated Retention Expiry,s5_retention_expiry,0.35468245425188377,0.9532230462065031,0.10234655439853668
Simulated Retention Expiry,s5_retention_expiry,0.35844994617868675,0.9532230462065031,0.09986212849617004
Simulated Retention Expiry,s5_retention_expiry,0.35844994617868675,0.9537934968625214,0.09973315894603729
Simulated Retention Expiry,s5_retention_expiry,0.3627556512378902,0.9537934968625214,0.09739615768194199
Simulated Retention Expiry,s5_retention_expiry,0.3631144599928238,0.9537934968625214,0.0973835214972496
Simulated Retention Expiry,s5_retention_expiry,0.3638320775026911,0.9537934968625214,0.09709655493497849
Simulated Retention Expiry,s5_retention_expiry,0.3638320775026911,0.9543639475185397,0.09673330932855606
Simulated Retention Expiry,s5_retention_expiry,0.36490850376749195,0.9543639475185397,0.09643296897411346
Simulated Retention Expiry,s5_retention_expiry,0.36544671689989233,0.9543639475185397,0.09642532467842102
Simulated Retention Expiry,s5_retention_expiry,0.365805525654826,0.9543639475185397,0.09615843743085861
Simulated Retention Expiry,s5_retention_expiry,0.365805525654826,0.9549343981745579,0.09603124111890793
Simulated Retention Expiry,s5_retention_expiry,0.3679583781844277,0.9549343981745579,0.095027394592762
Simulated Retention Expiry,s5_retention_expiry,0.3679583781844277,0.9555048488305762,0.09480856359004974
Simulated Retention Expiry,s5_retention_expiry,0.36993182633656263,0.9555048488305762,0.09399884194135666
Simulated Retention Expiry,s5_retention_expiry,0.36993182633656263,0.9566457501426127,0.09385800361633301
Simulated Retention Expiry,s5_retention_expiry,0.3701112307140294,0.9566457501426127,0.09375616163015366
Simulated Retention Expiry,s5_retention_expiry,0.3701112307140294,0.9572162007986309,0.09361755102872849
Simulated Retention Expiry,s5_retention_expiry,0.3756727664155005,0.9572162007986309,0.08978384733200073
Simulated Retention Expiry,s5_retention_expiry,0.3756727664155005,0.9577866514546491,0.08972650021314621
Simulated Retention Expiry,s5_retention_expiry,0.37746681019016864,0.9577866514546491,0.08850865811109543
Simulated Retention Expiry,s5_retention_expiry,0.37746681019016864,0.9583571021106674,0.08841487020254135
Simulated Retention Expiry,s5_retention_expiry,0.3781844277000359,0.9583571021106674,0.08793538808822632
Simulated Retention Expiry,s5_retention_expiry,0.3781844277000359,0.9589275527666857,0.08792219310998917
Simulated Retention Expiry,s5_retention_expiry,0.37944025834230355,0.9589275527666857,0.08730531483888626
Simulated Retention Expiry,s5_retention_expiry,0.37944025834230355,0.959498003422704,0.08729597926139832
Simulated Retention Expiry,s5_retention_expiry,0.3805166846071044,0.959498003422704,0.08672738075256348
Simulated Retention Expiry,s5_retention_expiry,0.380875493362038,0.959498003422704,0.08670254051685333
Simulated Retention Expiry,s5_retention_expiry,0.3823107283817725,0.959498003422704,0.08603954315185547
Simulated Retention Expiry,s5_retention_expiry,0.3823107283817725,0.9606389047347405,0.08564051240682602
Simulated Retention Expiry,s5_retention_expiry,0.383745963401507,0.9606389047347405,0.08453809469938278
Simulated Retention Expiry,s5_retention_expiry,0.383745963401507,0.9612093553907587,0.08437499403953552
Simulated Retention Expiry,s5_retention_expiry,0.3844635809113742,0.9612093553907587,0.08373663574457169
Simulated Retention Expiry,s5_retention_expiry,0.3844635809113742,0.9623502567027952,0.08349986374378204
Simulated Retention Expiry,s5_retention_expiry,0.3857194115536419,0.9623502567027952,0.08266783505678177
Simulated Retention Expiry,s5_retention_expiry,0.3857194115536419,0.9629207073588134,0.08257666230201721
Simulated Retention Expiry,s5_retention_expiry,0.3860782203085755,0.9629207073588134,0.08212342858314514
Simulated Retention Expiry,s5_retention_expiry,0.3860782203085755,0.9634911580148318,0.0818975642323494
Simulated Retention Expiry,s5_retention_expiry,0.394151417294582,0.9634911580148318,0.07780195772647858
Simulated Retention Expiry,s5_retention_expiry,0.394151417294582,0.96406160867085,0.07760536670684814
Simulated Retention Expiry,s5_retention_expiry,0.39558665231431644,0.96406160867085,0.07684296369552612
Simulated Retention Expiry,s5_retention_expiry,0.3957660566917833,0.9646320593268682,0.07675119489431381
Simulated Retention Expiry,s5_retention_expiry,0.3961248654467169,0.9646320593268682,0.07622868567705154
Simulated Retention Expiry,s5_retention_expiry,0.3961248654467169,0.9652025099828865,0.07613898068666458
Simulated Retention Expiry,s5_retention_expiry,0.3982777179763186,0.9652025099828865,0.07486574351787567
Simulated Retention Expiry,s5_retention_expiry,0.3982777179763186,0.9657729606389047,0.07484688609838486
Simulated Retention Expiry,s5_retention_expiry,0.3995335486185863,0.9657729606389047,0.0744602233171463
Simulated Retention Expiry,s5_retention_expiry,0.3995335486185863,0.966343411294923,0.07436202466487885
Simulated Retention Expiry,s5_retention_expiry,0.4009687836383208,0.966343411294923,0.07353976368904114
Simulated Retention Expiry,s5_retention_expiry,0.4009687836383208,0.9669138619509412,0.07342532277107239
Simulated Retention Expiry,s5_retention_expiry,0.40240401865805525,0.9669138619509412,0.07264188677072525
Simulated Retention Expiry,s5_retention_expiry,0.40240401865805525,0.9674843126069596,0.07260154187679291
Simulated Retention Expiry,s5_retention_expiry,0.4034804449228561,0.9674843126069596,0.07200311124324799
Simulated Retention Expiry,s5_retention_expiry,0.4034804449228561,0.9680547632629778,0.07198178768157959
Simulated Retention Expiry,s5_retention_expiry,0.405453893074991,0.9680547632629778,0.0712316483259201
Simulated Retention Expiry,s5_retention_expiry,0.405453893074991,0.968625213918996,0.07122944295406342
Simulated Retention Expiry,s5_retention_expiry,0.41460351632579834,0.968625213918996,0.06757369637489319
Simulated Retention Expiry,s5_retention_expiry,0.41460351632579834,0.9691956645750143,0.06754841655492783
Simulated Retention Expiry,s5_retention_expiry,0.4153211338356656,0.9691956645750143,0.06721844524145126
Simulated Retention Expiry,s5_retention_expiry,0.4153211338356656,0.9703365658870508,0.06681422889232635
Simulated Retention Expiry,s5_retention_expiry,0.4160387513455328,0.9703365658870508,0.06630239635705948
Simulated Retention Expiry,s5_retention_expiry,0.4160387513455328,0.970907016543069,0.06628961861133575
Simulated Retention Expiry,s5_retention_expiry,0.4176533907427341,0.970907016543069,0.06544992327690125
Simulated Retention Expiry,s5_retention_expiry,0.4176533907427341,0.9714774671990872,0.06540751457214355
Simulated Retention Expiry,s5_retention_expiry,0.4203444564047363,0.9714774671990872,0.06418777257204056
Simulated Retention Expiry,s5_retention_expiry,0.4207032651596699,0.9714774671990872,0.0641150027513504
Simulated Retention Expiry,s5_retention_expiry,0.4219590958019376,0.9714774671990872,0.06358404457569122
Simulated Retention Expiry,s5_retention_expiry,0.4219590958019376,0.9720479178551056,0.06344972550868988
Simulated Retention Expiry,s5_retention_expiry,0.4232149264442052,0.9720479178551056,0.06329887360334396
Simulated Retention Expiry,s5_retention_expiry,0.4232149264442052,0.9726183685111238,0.06324625760316849
Simulated Retention Expiry,s5_retention_expiry,0.42698241837100825,0.9726183685111238,0.06188400834798813
Simulated Retention Expiry,s5_retention_expiry,0.42698241837100825,0.9731888191671421,0.06179167330265045
Simulated Retention Expiry,s5_retention_expiry,0.42931467527807676,0.9731888191671421,0.060704443603754044
Simulated Retention Expiry,s5_retention_expiry,0.42931467527807676,0.9737592698231603,0.060519006103277206
Simulated Retention Expiry,s5_retention_expiry,0.4312881234302117,0.9737592698231603,0.05967485532164574
Simulated Retention Expiry,s5_retention_expiry,0.4312881234302117,0.9743297204791785,0.05965675413608551
Simulated Retention Expiry,s5_retention_expiry,0.4327233584499462,0.9743297204791785,0.05916118994355202
Simulated Retention Expiry,s5_retention_expiry,0.4327233584499462,0.9749001711351968,0.05905110388994217
Simulated Retention Expiry,s5_retention_expiry,0.43397918909221384,0.9749001711351968,0.05880746245384216
Simulated Retention Expiry,s5_retention_expiry,0.43397918909221384,0.975470621791215,0.058783989399671555
Simulated Retention Expiry,s5_retention_expiry,0.43415859346968066,0.975470621791215,0.0587175153195858
Simulated Retention Expiry,s5_retention_expiry,0.43451740222461427,0.975470621791215,0.05864621326327324
Simulated Retention Expiry,s5_retention_expiry,0.43523501973448153,0.975470621791215,0.05833033099770546
Simulated Retention Expiry,s5_retention_expiry,0.43523501973448153,0.9760410724472333,0.058330174535512924
Simulated Retention Expiry,s5_retention_expiry,0.4406171510584858,0.9760410724472333,0.056155238300561905
Simulated Retention Expiry,s5_retention_expiry,0.4406171510584858,0.9766115231032516,0.05606492981314659
Simulated Retention Expiry,s5_retention_expiry,0.4436670254754216,0.9766115231032516,0.05502408370375633
Simulated Retention Expiry,s5_retention_expiry,0.4436670254754216,0.9771819737592699,0.054972387850284576
Simulated Retention Expiry,s5_retention_expiry,0.444205238607822,0.9771819737592699,0.054870232939720154
Simulated Retention Expiry,s5_retention_expiry,0.4445640473627557,0.9771819737592699,0.05486027151346207
Simulated Retention Expiry,s5_retention_expiry,0.44635809113742375,0.9771819737592699,0.05418897047638893
Simulated Retention Expiry,s5_retention_expiry,0.44635809113742375,0.9777524244152881,0.05416703596711159
Simulated Retention Expiry,s5_retention_expiry,0.4468963042698242,0.9777524244152881,0.05401961877942085
Simulated Retention Expiry,s5_retention_expiry,0.4472551130247578,0.9777524244152881,0.0540129691362381
Simulated Retention Expiry,s5_retention_expiry,0.4510226049515608,0.9777524244152881,0.05269083008170128
Simulated Retention Expiry,s5_retention_expiry,0.4510226049515608,0.9783228750713063,0.052662260830402374
Simulated Retention Expiry,s5_retention_expiry,0.45514890563329746,0.9783228750713063,0.050642307847738266
Simulated Retention Expiry,s5_retention_expiry,0.45550771438823107,0.9783228750713063,0.05062964931130409
Simulated Retention Expiry,s5_retention_expiry,0.4714747039827772,0.9783228750713063,0.044961486011743546
Simulated Retention Expiry,s5_retention_expiry,0.4720129171151776,0.9783228750713063,0.04485666751861572
Simulated Retention Expiry,s5_retention_expiry,0.4739863652673125,0.9783228750713063,0.044374264776706696
Simulated Retention Expiry,s5_retention_expiry,0.4739863652673125,0.9788933257273246,0.04436417296528816
Simulated Retention Expiry,s5_retention_expiry,0.475421600287047,0.9788933257273246,0.04403367638587952
Simulated Retention Expiry,s5_retention_expiry,0.475421600287047,0.9794637763833428,0.04400832578539848
Simulated Retention Expiry,s5_retention_expiry,0.4772156440617151,0.9794637763833428,0.043373800814151764
Simulated Retention Expiry,s5_retention_expiry,0.4772156440617151,0.980034227039361,0.043272554874420166
Simulated Retention Expiry,s5_retention_expiry,0.47757445281664873,0.980034227039361,0.04318907484412193
Simulated Retention Expiry,s5_retention_expiry,0.47757445281664873,0.9806046776953794,0.04318905994296074
Simulated Retention Expiry,s5_retention_expiry,0.48134194474345177,0.9806046776953794,0.04185119643807411
Simulated Retention Expiry,s5_retention_expiry,0.48134194474345177,0.9811751283513976,0.041762351989746094
Simulated Retention Expiry,s5_retention_expiry,0.48170075349838537,0.9811751283513976,0.04171556606888771
Simulated Retention Expiry,s5_retention_expiry,0.48170075349838537,0.9817455790074159,0.041570864617824554
Simulated Retention Expiry,s5_retention_expiry,0.4876210979547901,0.9817455790074159,0.039563313126564026
Simulated Retention Expiry,s5_retention_expiry,0.48797990670972374,0.9817455790074159,0.039558883756399155
Simulated Retention Expiry,s5_retention_expiry,0.49031216361679225,0.9817455790074159,0.038996294140815735
Simulated Retention Expiry,s5_retention_expiry,0.49031216361679225,0.9823160296634341,0.038942620158195496
Simulated Retention Expiry,s5_retention_expiry,0.4964119124506638,0.9823160296634341,0.036914724856615067
Simulated Retention Expiry,s5_retention_expiry,0.4964119124506638,0.9828864803194524,0.036911312490701675
Simulated Retention Expiry,s5_retention_expiry,0.49695012558306423,0.9828864803194524,0.03683137521147728
Simulated Retention Expiry,s5_retention_expiry,0.49695012558306423,0.9834569309754706,0.03682877868413925
Simulated Retention Expiry,s5_retention_expiry,0.49730893433799783,0.9834569309754706,0.03677760437130928
Simulated Retention Expiry,s5_retention_expiry,0.49730893433799783,0.9840273816314888,0.036717161536216736
Simulated Retention Expiry,s5_retention_expiry,0.5001794043774668,0.9840273816314888,0.035981420427560806
Simulated Retention Expiry,s5_retention_expiry,0.5005382131324004,0.9840273816314888,0.03596675395965576
Simulated Retention Expiry,s5_retention_expiry,0.5026910656620022,0.9840273816314888,0.0351824089884758
Simulated Retention Expiry,s5_retention_expiry,0.5026910656620022,0.9845978322875071,0.035173144191503525
Simulated Retention Expiry,s5_retention_expiry,0.5035880875493361,0.9845978322875071,0.03505505248904228
Simulated Retention Expiry,s5_retention_expiry,0.5035880875493361,0.9851682829435254,0.03499956056475639
Simulated Retention Expiry,s5_retention_expiry,0.5039468963042698,0.9851682829435254,0.03488929942250252
Simulated Retention Expiry,s5_retention_expiry,0.5043057050592035,0.9851682829435254,0.03488282859325409
Simulated Retention Expiry,s5_retention_expiry,0.5055615357014711,0.9851682829435254,0.034677162766456604
Simulated Retention Expiry,s5_retention_expiry,0.5055615357014711,0.9857387335995437,0.034661293029785156
Simulated Retention Expiry,s5_retention_expiry,0.514172945819878,0.9857387335995437,0.031840018928050995
Simulated Retention Expiry,s5_retention_expiry,0.514172945819878,0.9863091842555619,0.031818799674510956
Simulated Retention Expiry,s5_retention_expiry,0.5202726946537496,0.9863091842555619,0.029863890260457993
Simulated Retention Expiry,s5_retention_expiry,0.5202726946537496,0.9868796349115802,0.029862264171242714
Simulated Retention Expiry,s5_retention_expiry,0.5267312522425547,0.9868796349115802,0.028060954064130783
Simulated Retention Expiry,s5_retention_expiry,0.5270900609974883,0.9868796349115802,0.02803126536309719
Simulated Retention Expiry,s5_retention_expiry,0.5297811266594905,0.9868796349115802,0.027448592707514763
Simulated Retention Expiry,s5_retention_expiry,0.5297811266594905,0.9874500855675984,0.02743094600737095
Simulated Retention Expiry,s5_retention_expiry,0.5324721923214927,0.9874500855675984,0.02695244736969471
Simulated Retention Expiry,s5_retention_expiry,0.5324721923214927,0.9880205362236166,0.026935596019029617
Simulated Retention Expiry,s5_retention_expiry,0.5337280229637603,0.9880205362236166,0.026725735515356064
Simulated Retention Expiry,s5_retention_expiry,0.534086831718694,0.9880205362236166,0.02672538161277771
Simulated Retention Expiry,s5_retention_expiry,0.5416218155722999,0.9880205362236166,0.025439424440264702
Simulated Retention Expiry,s5_retention_expiry,0.5416218155722999,0.9885909868796349,0.02531711757183075
Simulated Retention Expiry,s5_retention_expiry,0.5487979906709723,0.9885909868796349,0.023778241127729416
Simulated Retention Expiry,s5_retention_expiry,0.549156799425906,0.9885909868796349,0.02374231070280075
Simulated Retention Expiry,s5_retention_expiry,0.5495156081808397,0.9885909868796349,0.023695223033428192
Simulated Retention Expiry,s5_retention_expiry,0.5498744169357732,0.9885909868796349,0.02361518144607544
Simulated Retention Expiry,s5_retention_expiry,0.5548977395048439,0.9885909868796349,0.02248328924179077
Simulated Retention Expiry,s5_retention_expiry,0.5552565482597775,0.9885909868796349,0.022340916097164154
Simulated Retention Expiry,s5_retention_expiry,0.5554359526372443,0.9885909868796349,0.022329172119498253
Simulated Retention Expiry,s5_retention_expiry,0.5554359526372443,0.9891614375356532,0.022243065759539604
Simulated Retention Expiry,s5_retention_expiry,0.5581270182992465,0.9891614375356532,0.021667499095201492
Simulated Retention Expiry,s5_retention_expiry,0.5584858270541802,0.9891614375356532,0.021657004952430725
Simulated Retention Expiry,s5_retention_expiry,0.5601004664513815,0.9891614375356532,0.021371889859437943
Simulated Retention Expiry,s5_retention_expiry,0.5601004664513815,0.9897318881916715,0.021352987736463547
Simulated Retention Expiry,s5_retention_expiry,0.56243272335845,0.9897318881916715,0.02092484012246132
Simulated Retention Expiry,s5_retention_expiry,0.56243272335845,0.9903023388476897,0.020857788622379303
Simulated Retention Expiry,s5_retention_expiry,0.5717617509867241,0.9903023388476897,0.01924094371497631
Simulated Retention Expiry,s5_retention_expiry,0.5721205597416577,0.9903023388476897,0.01923999935388565
Simulated Retention Expiry,s5_retention_expiry,0.5997488338715464,0.9903023388476897,0.015266160480678082
Simulated Retention Expiry,s5_retention_expiry,0.5999282382490133,0.9908727895037079,0.015244833193719387
Simulated Retention Expiry,s5_retention_expiry,0.6045927520631503,0.9908727895037079,0.014789985492825508
Simulated Retention Expiry,s5_retention_expiry,0.604951560818084,0.9908727895037079,0.014789032749831676
Simulated Retention Expiry,s5_retention_expiry,0.6060279870828849,0.9908727895037079,0.014633088372647762
Simulated Retention Expiry,s5_retention_expiry,0.6060279870828849,0.9914432401597262,0.01462418120354414
Simulated Retention Expiry,s5_retention_expiry,0.6074632221026193,0.9914432401597262,0.014486951753497124
Simulated Retention Expiry,s5_retention_expiry,0.6074632221026193,0.9920136908157444,0.014477845281362534
Simulated Retention Expiry,s5_retention_expiry,0.6155364190886258,0.9920136908157444,0.013497952371835709
Simulated Retention Expiry,s5_retention_expiry,0.6155364190886258,0.9925841414717627,0.013476621359586716
Simulated Retention Expiry,s5_retention_expiry,0.6223537854323645,0.9925841414717627,0.01260050106793642
Simulated Retention Expiry,s5_retention_expiry,0.6223537854323645,0.9931545921277809,0.012597237713634968
Simulated Retention Expiry,s5_retention_expiry,0.6289917473986365,0.9931545921277809,0.011974837630987167
Simulated Retention Expiry,s5_retention_expiry,0.6289917473986365,0.9937250427837993,0.011972356587648392
Simulated Retention Expiry,s5_retention_expiry,0.6295299605310369,0.9937250427837993,0.011807716451585293
Simulated Retention Expiry,s5_retention_expiry,0.6295299605310369,0.9942954934398175,0.011806147173047066
Simulated Retention Expiry,s5_retention_expiry,0.6325798349479728,0.9942954934398175,0.01146797463297844
Simulated Retention Expiry,s5_retention_expiry,0.6329386437029063,0.9942954934398175,0.011461813002824783
Simulated Retention Expiry,s5_retention_expiry,0.6428058844635809,0.9942954934398175,0.010447515174746513
Simulated Retention Expiry,s5_retention_expiry,0.6428058844635809,0.9948659440958357,0.010416907258331776
Simulated Retention Expiry,s5_retention_expiry,0.6646932185145318,0.9948659440958357,0.008143655955791473
Simulated Retention Expiry,s5_retention_expiry,0.6650520272694653,0.9948659440958357,0.008141121827065945
Simulated Retention Expiry,s5_retention_expiry,0.6666666666666666,0.9948659440958357,0.008021424524486065
Simulated Retention Expiry,s5_retention_expiry,0.6666666666666666,0.995436394751854,0.00801897794008255
Simulated Retention Expiry,s5_retention_expiry,0.6725870111230714,0.995436394751854,0.007597613148391247
Simulated Retention Expiry,s5_retention_expiry,0.6729458198780051,0.995436394751854,0.007589934393763542
Simulated Retention Expiry,s5_retention_expiry,0.6742016505202727,0.995436394751854,0.007541564758867025
Simulated Retention Expiry,s5_retention_expiry,0.6745604592752064,0.995436394751854,0.007527051959186792
Simulated Retention Expiry,s5_retention_expiry,0.6813778256189451,0.995436394751854,0.007082353811711073
Simulated Retention Expiry,s5_retention_expiry,0.6813778256189451,0.9960068454078722,0.007073778659105301
Simulated Retention Expiry,s5_retention_expiry,0.6984212414782921,0.9960068454078722,0.006077611353248358
Simulated Retention Expiry,s5_retention_expiry,0.6987800502332256,0.9960068454078722,0.00606278982013464
Simulated Retention Expiry,s5_retention_expiry,0.6993182633656261,0.9960068454078722,0.006008740048855543
Simulated Retention Expiry,s5_retention_expiry,0.6996770721205597,0.9960068454078722,0.006002095527946949
Simulated Retention Expiry,s5_retention_expiry,0.7020093290276282,0.9960068454078722,0.005822258070111275
Simulated Retention Expiry,s5_retention_expiry,0.7023681377825619,0.9960068454078722,0.005817887373268604
Simulated Retention Expiry,s5_retention_expiry,0.7057768209544313,0.9960068454078722,0.005669891834259033
Simulated Retention Expiry,s5_retention_expiry,0.7063150340868317,0.9960068454078722,0.005667499266564846
Simulated Retention Expiry,s5_retention_expiry,0.7064944384642985,0.9960068454078722,0.005664705764502287
Simulated Retention Expiry,s5_retention_expiry,0.7068532472192322,0.9960068454078722,0.005652112420648336
Simulated Retention Expiry,s5_retention_expiry,0.7133118048080374,0.9960068454078722,0.005185551475733519
Simulated Retention Expiry,s5_retention_expiry,0.7133118048080374,0.9965772960638904,0.005175883416086435
Simulated Retention Expiry,s5_retention_expiry,0.7203085755292429,0.9965772960638904,0.004852112382650375
Simulated Retention Expiry,s5_retention_expiry,0.7203085755292429,0.9971477467199087,0.0048032840713858604
Simulated Retention Expiry,s5_retention_expiry,0.7253318980983136,0.9971477467199087,0.004584912676364183
Simulated Retention Expiry,s5_retention_expiry,0.725870111230714,0.9971477467199087,0.0045800404623150826
Simulated Retention Expiry,s5_retention_expiry,0.7274847506279153,0.9971477467199087,0.004490313120186329
Simulated Retention Expiry,s5_retention_expiry,0.7274847506279153,0.9977181973759269,0.004482126794755459
Simulated Retention Expiry,s5_retention_expiry,0.7283817725152494,0.9977181973759269,0.0044551738537848
Simulated Retention Expiry,s5_retention_expiry,0.728740581270183,0.9977181973759269,0.004455080721527338
Simulated Retention Expiry,s5_retention_expiry,0.7290993900251166,0.9977181973759269,0.0044389585964381695
Simulated Retention Expiry,s5_retention_expiry,0.729637603157517,0.9977181973759269,0.004436997231096029
Simulated Retention Expiry,s5_retention_expiry,0.7414782920703266,0.9977181973759269,0.003947462886571884
Simulated Retention Expiry,s5_retention_expiry,0.7418371008252601,0.9977181973759269,0.003925110213458538
Simulated Retention Expiry,s5_retention_expiry,0.7545748116254036,0.9977181973759269,0.0034178944770246744
Simulated Retention Expiry,s5_retention_expiry,0.7549336203803373,0.9977181973759269,0.0034130478743463755
Simulated Retention Expiry,s5_retention_expiry,0.7572658772874058,0.9977181973759269,0.003359690308570862
Simulated Retention Expiry,s5_retention_expiry,0.7576246860423395,0.9977181973759269,0.0033576071728020906
Simulated Retention Expiry,s5_retention_expiry,0.7590599210620739,0.9977181973759269,0.003310296218842268
Simulated Retention Expiry,s5_retention_expiry,0.7594187298170075,0.9977181973759269,0.0032984958961606026
Simulated Retention Expiry,s5_retention_expiry,0.7639038392536778,0.9977181973759269,0.003165634348988533
Simulated Retention Expiry,s5_retention_expiry,0.7642626480086114,0.9977181973759269,0.0031628247816115618
Simulated Retention Expiry,s5_retention_expiry,0.7780767850735558,0.9977181973759269,0.0026664938777685165
Simulated Retention Expiry,s5_retention_expiry,0.7784355938284894,0.9977181973759269,0.0026656468398869038
Simulated Retention Expiry,s5_retention_expiry,0.7793326157158235,0.9977181973759269,0.0026319529861211777
Simulated Retention Expiry,s5_retention_expiry,0.7796914244707571,0.9977181973759269,0.002621967112645507
Simulated Retention Expiry,s5_retention_expiry,0.7831001076426265,0.9977181973759269,0.002529314486309886
Simulated Retention Expiry,s5_retention_expiry,0.78345891639756,0.9977181973759269,0.002527777338400483
Simulated Retention Expiry,s5_retention_expiry,0.7881234302116972,0.9977181973759269,0.002350150840356946
Simulated Retention Expiry,s5_retention_expiry,0.7884822389666308,0.9977181973759269,0.0023483559489250183
Simulated Retention Expiry,s5_retention_expiry,0.7902762827412989,0.9977181973759269,0.0023091237526386976
Simulated Retention Expiry,s5_retention_expiry,0.7906350914962325,0.9977181973759269,0.0023021595552563667
Simulated Retention Expiry,s5_retention_expiry,0.7942231790455687,0.9977181973759269,0.0022441274486482143
Simulated Retention Expiry,s5_retention_expiry,0.7945819878005024,0.9977181973759269,0.002239870373159647
Simulated Retention Expiry,s5_retention_expiry,0.7952996053103696,0.9977181973759269,0.0022180310916155577
Simulated Retention Expiry,s5_retention_expiry,0.7952996053103696,0.9982886480319453,0.0022114096209406853
Simulated Retention Expiry,s5_retention_expiry,0.8008611410118407,0.9982886480319453,0.00204267050139606
Simulated Retention Expiry,s5_retention_expiry,0.8012199497667744,0.9982886480319453,0.0020289120730012655
Simulated Retention Expiry,s5_retention_expiry,0.8064226767133118,0.9982886480319453,0.0018802420236170292
Simulated Retention Expiry,s5_retention_expiry,0.8064226767133118,0.9988590986879635,0.001874308567494154
Simulated Retention Expiry,s5_retention_expiry,0.8073196986006459,0.9988590986879635,0.0018590078689157963
Simulated Retention Expiry,s5_retention_expiry,0.8076785073555794,0.9988590986879635,0.0018576892325654626
Simulated Retention Expiry,s5_retention_expiry,0.810010764262648,0.9988590986879635,0.001808716682717204
Simulated Retention Expiry,s5_retention_expiry,0.8105489773950484,0.9988590986879635,0.0017903322586789727
Simulated Retention Expiry,s5_retention_expiry,0.8116254036598493,0.9988590986879635,0.001767867710441351
Simulated Retention Expiry,s5_retention_expiry,0.8123430211697166,0.9988590986879635,0.001747751608490944
Simulated Retention Expiry,s5_retention_expiry,0.8132400430570506,0.9988590986879635,0.0017315675504505634
Simulated Retention Expiry,s5_retention_expiry,0.813778256189451,0.9988590986879635,0.0017268508672714233
Simulated Retention Expiry,s5_retention_expiry,0.817545748116254,0.9988590986879635,0.001635014428757131
Simulated Retention Expiry,s5_retention_expiry,0.8179045568711877,0.9988590986879635,0.0016317522386088967
Simulated Retention Expiry,s5_retention_expiry,0.8188015787585217,0.9988590986879635,0.0016062388895079494
Simulated Retention Expiry,s5_retention_expiry,0.8193397918909221,0.9988590986879635,0.001604163320735097
Simulated Retention Expiry,s5_retention_expiry,0.8263365626121277,0.9988590986879635,0.0014539331896230578
Simulated Retention Expiry,s5_retention_expiry,0.8266953713670614,0.9988590986879635,0.0014513983624055982
Simulated Retention Expiry,s5_retention_expiry,0.8272335844994618,0.9988590986879635,0.0014412365853786469
Simulated Retention Expiry,s5_retention_expiry,0.8275923932543954,0.9988590986879635,0.0014332543360069394
Simulated Retention Expiry,s5_retention_expiry,0.8297452457839971,0.9988590986879635,0.0013939249329268932
Simulated Retention Expiry,s5_retention_expiry,0.8301040545389308,0.9988590986879635,0.0013924699742347002
Simulated Retention Expiry,s5_retention_expiry,0.8324363114459993,0.9988590986879635,0.001338159665465355
Simulated Retention Expiry,s5_retention_expiry,0.8324363114459993,0.9994295493439818,0.0013364276383072138
Simulated Retention Expiry,s5_retention_expiry,0.8327951202009329,0.9994295493439818,0.0013358956202864647
Simulated Retention Expiry,s5_retention_expiry,0.838356655902404,0.9994295493439818,0.0012443969026207924
Simulated Retention Expiry,s5_retention_expiry,0.8387154646573376,0.9994295493439818,0.0012424759333953261
Simulated Retention Expiry,s5_retention_expiry,0.8423035522066739,0.9994295493439818,0.0011822984088212252
Simulated Retention Expiry,s5_retention_expiry,0.8426623609616075,0.9994295493439818,0.0011820500949397683
Simulated Retention Expiry,s5_retention_expiry,0.8453534266236096,0.9994295493439818,0.001144805341027677
Simulated Retention Expiry,s5_retention_expiry,0.8462504485109437,0.9994295493439818,0.0011429610894992948
Simulated Retention Expiry,s5_retention_expiry,0.8475062791532113,0.9994295493439818,0.0011121813440695405
Simulated Retention Expiry,s5_retention_expiry,0.8484033010405454,0.9994295493439818,0.0011056845542043447
Simulated Retention Expiry,s5_retention_expiry,0.8493003229278795,0.9994295493439818,0.0010896604508161545
Simulated Retention Expiry,s5_retention_expiry,0.849659131682813,0.9994295493439818,0.0010893413564190269
Simulated Retention Expiry,s5_retention_expiry,0.8566559024040187,0.9994295493439818,0.000978935044258833
Simulated Retention Expiry,s5_retention_expiry,0.8570147111589522,0.9994295493439818,0.0009782600682228804
Simulated Retention Expiry,s5_retention_expiry,0.8622174381054898,0.9994295493439818,0.0009242785745300353
Simulated Retention Expiry,s5_retention_expiry,0.8625762468604234,0.9994295493439818,0.0009215393220074475
Simulated Retention Expiry,s5_retention_expiry,0.8658055256548259,0.9994295493439818,0.0008951358031481504
Simulated Retention Expiry,s5_retention_expiry,0.8663437387872264,0.9994295493439818,0.0008904638234525919
Simulated Retention Expiry,s5_retention_expiry,0.8724434876210979,0.9994295493439818,0.0008016105857677758
Simulated Retention Expiry,s5_retention_expiry,0.8728022963760316,0.9994295493439818,0.0008003271650522947
Simulated Retention Expiry,s5_retention_expiry,0.8789020452099031,0.9994295493439818,0.0007352356915362179
Simulated Retention Expiry,s5_retention_expiry,0.8796196627197703,0.9994295493439818,0.000733617227524519
Simulated Retention Expiry,s5_retention_expiry,0.8842841765339075,0.9994295493439818,0.0006903407047502697
Simulated Retention Expiry,s5_retention_expiry,0.884642985288841,0.9994295493439818,0.0006899057189002633
Simulated Retention Expiry,s5_retention_expiry,0.8882310728381773,0.9994295493439818,0.0006543815834447742
Simulated Retention Expiry,s5_retention_expiry,0.8885898815931109,0.9994295493439818,0.0006504915654659271
Simulated Retention Expiry,s5_retention_expiry,0.8914603516325799,0.9994295493439818,0.0006140255718491971
Simulated Retention Expiry,s5_retention_expiry,0.8918191603875134,0.9994295493439818,0.0006121674086898565
Simulated Retention Expiry,s5_retention_expiry,0.897918909221385,0.9994295493439818,0.0005448884912766516
Simulated Retention Expiry,s5_retention_expiry,0.8982777179763186,0.9994295493439818,0.0005441636894829571
Simulated Retention Expiry,s5_retention_expiry,0.8998923573735199,0.9994295493439818,0.0005267014494165778
Simulated Retention Expiry,s5_retention_expiry,0.9002511661284536,0.9994295493439818,0.0005251624388620257
Simulated Retention Expiry,s5_retention_expiry,0.9033010405453893,0.9994295493439818,0.0005031995242461562
Simulated Retention Expiry,s5_retention_expiry,0.903659849300323,0.9994295493439818,0.0005024403799325228
Simulated Retention Expiry,s5_retention_expiry,0.9115536419088626,0.9994295493439818,0.0004267188487574458
Simulated Retention Expiry,s5_retention_expiry,0.9122712594187298,0.9994295493439818,0.00042366457637399435
Simulated Retention Expiry,s5_retention_expiry,0.9228561176892717,0.9994295493439818,0.00034038600279018283
Simulated Retention Expiry,s5_retention_expiry,0.9232149264442052,0.9994295493439818,0.00033896940294653177
Simulated Retention Expiry,s5_retention_expiry,0.9296734840330104,0.9994295493439818,0.00028844468761235476
Simulated Retention Expiry,s5_retention_expiry,0.930032292787944,0.9994295493439818,0.00028674278291873634
Simulated Retention Expiry,s5_retention_expiry,0.9318263365626122,0.9994295493439818,0.00027618580497801304
Simulated Retention Expiry,s5_retention_expiry,0.9321851453175457,0.9994295493439818,0.00027355339261703193
Simulated Retention Expiry,s5_retention_expiry,0.9325439540724794,0.9994295493439818,0.00027351584867574275
Simulated Retention Expiry,s5_retention_expiry,0.932902762827413,0.9994295493439818,0.00027327603311277926
Simulated Retention Expiry,s5_retention_expiry,0.9350556153570148,0.9994295493439818,0.00025473959976807237
Simulated Retention Expiry,s5_retention_expiry,0.9355938284894152,0.9994295493439818,0.00025331645156256855
Simulated Retention Expiry,s5_retention_expiry,0.9377466810190168,0.9994295493439818,0.0002407991560176015
Simulated Retention Expiry,s5_retention_expiry,0.9382848941514172,0.9994295493439818,0.00024009808839764446
Simulated Retention Expiry,s5_retention_expiry,0.9386437029063509,0.9994295493439818,0.00023650284856557846
Simulated Retention Expiry,s5_retention_expiry,0.9390025116612846,0.9994295493439818,0.0002357034827582538
Simulated Retention Expiry,s5_retention_expiry,0.9458198780050233,0.9994295493439818,0.00019128881103824824
Simulated Retention Expiry,s5_retention_expiry,0.9463580911374238,0.9994295493439818,0.00018939135770779103
Simulated Retention Expiry,s5_retention_expiry,0.9549695012558307,0.9994295493439818,0.0001392215199302882
Simulated Retention Expiry,s5_retention_expiry,0.9553283100107642,0.9994295493439818,0.0001371231337543577
Simulated Retention Expiry,s5_retention_expiry,0.9556871187656979,0.9994295493439818,0.0001363547780783847
Simulated Retention Expiry,s5_retention_expiry,0.9560459275206316,0.9994295493439818,0.00013517851766664535
Simulated Retention Expiry,s5_retention_expiry,0.9601722282023681,0.9994295493439818,0.0001150831812992692
Simulated Retention Expiry,s5_retention_expiry,0.9605310369573018,0.9994295493439818,0.0001141592874773778
Simulated Retention Expiry,s5_retention_expiry,0.9657337639038392,0.9994295493439818,9.587476233718917e-05
Simulated Retention Expiry,s5_retention_expiry,0.9662719770362397,0.9994295493439818,9.456734551349655e-05
Simulated Retention Expiry,s5_retention_expiry,0.9738069608898458,0.9994295493439818,6.642437801929191e-05
Simulated Retention Expiry,s5_retention_expiry,0.9741657696447793,0.9994295493439818,6.640651554334909e-05
Simulated Retention Expiry,s5_retention_expiry,0.974524578399713,0.9994295493439818,6.454959657276049e-05
Simulated Retention Expiry,s5_retention_expiry,0.9748833871546466,0.9994295493439818,6.434432725654915e-05
Simulated Retention Expiry,s5_retention_expiry,0.9779332615715823,0.9994295493439818,5.709740798920393e-05
Simulated Retention Expiry,s5_retention_expiry,0.978292070326516,0.9994295493439818,5.699660687241703e-05
Simulated Retention Expiry,s5_retention_expiry,0.9795479009687836,0.9994295493439818,5.350412902771495e-05
Simulated Retention Expiry,s5_retention_expiry,0.9799067097237173,0.9994295493439818,5.278912794892676e-05
Simulated Retention Expiry,s5_retention_expiry,0.9831359885181199,0.9994295493439818,4.455299858818762e-05
Simulated Retention Expiry,s5_retention_expiry,0.9838536060279871,0.9994295493439818,4.3166375689907e-05
Simulated Retention Expiry,s5_retention_expiry,0.9856476498026552,0.9994295493439818,3.887041748384945e-05
Simulated Retention Expiry,s5_retention_expiry,0.9861858629350556,0.9994295493439818,3.828605986200273e-05
Simulated Retention Expiry,s5_retention_expiry,0.9947972730534625,0.9994295493439818,1.777173747541383e-05
Simulated Retention Expiry,s5_retention_expiry,0.9951560818083961,0.9994295493439818,1.7615002434467897e-05
Simulated Retention Expiry,s5_retention_expiry,0.9967707212055974,0.9994295493439818,1.3824775123794097e-05
Simulated Retention Expiry,s5_retention_expiry,0.9967707212055974,1.0,1.2418777259881608e-05
Simulated Retention Expiry,s5_retention_expiry,1.0,1.0,3.2218772503256332e-06
