assessment_id,recipient_id,donor_id,hospital_id,assessment_date,training_consent_status,training_consent_version,retention_expiry_date,recipient_sex,recipient_ethnicity,recipient_region,distance_to_transplant_centre_km,recipient_age,donor_age,donor_type,kidney_failure_cause,previous_transplant,dialysis_months,abo_compatibility_category,hla_mismatch_count,antibody_risk_score,cold_ischaemia_hours,days_since_transplant,creatinine_mg_dl,creatinine_change_pct,urine_output_ml_24h,tacrolimus_level_ng_ml,medication_adherence_pct,infection_indicator,previous_rejection,acute_rejection_within_30_days,split,experiment_group
V32P-A049135,V32P-R008190,V32P-DD001585,V32P-H01,2024-04-21,Active,RECIPIENT_V1,2026-04-21,Male,Black,London,60.16,24,59,Deceased,Polycystic kidney disease,0,69,Managed incompatibility,3,0.452,20.25,7,1.42,13.964686998394855,1750.0,10.25,86.0,0,0,0,train,seen_train
V32P-A032401,V32P-R005401,V32P-DL000568,V32P-H04,2023-12-24,Active,RECIPIENT_V1,2025-12-23,Female,Other,Scotland,132.69,47,58,Living,Hypertensive kidney disease,0,42,Managed incompatibility,3,0.26,10.45,7,0.84,9.517601043024763,2399.0,7.9,97.1,0,0,0,train,seen_train
V32P-A050701,V32P-R008451,V32P-DP000844,V32P-H05,2023-12-09,Active,RECIPIENT_V1,2025-12-08,Male,Mixed,London,70.12,39,58,Deceased,Hypertensive kidney disease,0,46,Managed incompatibility,1,0.137,17.46,7,1.92,15.24609843937575,1850.0,8.1,99.5,0,0,0,train,seen_train
V32P-A037345,V32P-R006225,V32P-DL000127,V32P-H07,2023-12-09,Active,RECIPIENT_V1,2025-12-08,Female,Mixed,Scotland,98.58,26,25,Living,Diabetic kidney disease,0,5,Managed incompatibility,4,0.725,17.16,7,1.459,14.341692789968656,2177.4,9.22,97.89,0,0,0,train,seen_train
V32P-A056107,V32P-R009352,V32P-DL002239,V32P-H05,2023-12-09,Active,RECIPIENT_V1,2025-12-08,Female,Black,Wales,55.71,76,28,Living,Glomerulonephritis,0,23,Standard compatible,0,0.71,6.74,7,1.085,0.0922509225092149,2232.1,9.6,58.08,0,0,1,train,seen_train
V32P-A018301,V32P-R003051,V32P-DP001817,V32P-H03,2024-07-05,Active,RECIPIENT_V1,2026-07-05,Female,Other,Northern Ireland,40.45,59,36,Deceased,Hypertensive kidney disease,0,58,Standard compatible,4,0.82,19.45,7,1.02,-6.764168190127976,2650.0,8.9,83.5,0,0,0,train,seen_train
V32P-A019225,V32P-R003205,V32P-DP000142,V32P-H04,2024-09-06,Active,RECIPIENT_V1,2026-09-06,Male,Mixed,Wales,40.8,64,66,Deceased,Diabetic kidney disease,0,29,Standard compatible,1,0.074,8.34,7,0.92,0.656455142231948,2610.0,11.9,82.07,0,0,0,train,seen_train
V32P-A017719,V32P-R002954,V32P-DP000331,V32P-H03,2024-03-25,Active,RECIPIENT_V1,2026-03-25,Female,White,North West,103.32,74,41,Deceased,Polycystic kidney disease,1,40,Managed incompatibility,4,0.075,10.12,7,1.52,-9.52380952380952,2300.0,9.3,99.8,0,0,0,train,seen_train
V32P-A056035,V32P-R009340,V32P-DD001864,V32P-H06,2024-09-22,Active,RECIPIENT_V1,2026-09-22,Male,Mixed,London,115.71,74,54,Deceased,Hypertensive kidney disease,0,36,Managed incompatibility,4,0.55,19.57,7,1.25,3.8205980066445218,2380.0,12.9,98.5,0,0,0,train,seen_train
V32P-A017929,V32P-R002989,V32P-DP001616,V32P-H01,2024-11-19,Active,RECIPIENT_V1,2026-11-19,Male,White,London,59.93,55,34,Deceased,Hypertensive kidney disease,0,50,Standard compatible,0,0.66,14.51,7,1.09,-6.678082191780809,2510.0,11.6,88.5,0,0,1,train,seen_train
V32P-A007711,V32P-R001286,V32P-DL002083,V32P-H04,2024-09-02,Active,RECIPIENT_V1,2026-09-02,Male,White,North West,123.99,78,42,Living,Glomerulonephritis,0,23,Managed incompatibility,5,0.246,15.14,7,1.453,-7.921419518377693,2203.9,8.87,98.16,0,0,0,train,seen_train
V32P-A012559,V32P-R002094,V32P-DL002742,V32P-H03,2023-11-22,Active,RECIPIENT_V1,2025-11-21,Male,Other,North West,76.06,68,40,Living,Glomerulonephritis,0,63,Standard compatible,4,0.557,17.51,7,2.085,17.26659167604049,1847.1,11.55,97.62,0,0,1,train,seen_train
V32P-A059557,V32P-R009927,V32P-DL003994,V32P-H05,2023-12-25,Active,RECIPIENT_V1,2025-12-24,Male,Other,Wales,32.31,63,67,Living,Diabetic kidney disease,1,22,Standard compatible,1,0.541,9.0,7,1.02,7.594936708860766,2150.0,7.3,65.0,0,0,0,train,seen_train
V32P-A023287,V32P-R003882,V32P-DL000606,V32P-H06,2025-01-07,Invalidated,RECIPIENT_V3,2027-01-07,Male,Black,London,71.08,44,30,Living,Glomerulonephritis,0,57,Standard compatible,3,0.417,6.95,7,1.28,4.319478402607982,2565.0,12.0,96.5,0,0,0,train,seen_train
V32P-A020029,V32P-R003339,V32P-DL001641,V32P-H02,2024-10-04,Active,RECIPIENT_V1,2026-10-04,Male,Mixed,Scotland,97.16,39,56,Living,Hypertensive kidney disease,0,65,Standard compatible,2,0.345,17.2,7,1.604,8.232118758434554,2168.8,7.82,99.17,0,0,0,train,seen_train
V32P-A036925,V32P-R006155,V32P-DL001178,V32P-H01,2023-11-20,Active,RECIPIENT_V1,2025-11-19,Female,Other,London,78.47,48,29,Living,Polycystic kidney disease,0,17,Standard compatible,6,0.495,3.99,7,0.95,7.223476297968392,2180.0,7.6,94.5,0,0,0,train,seen_train
V32P-A027211,V32P-R004536,V32P-DP000169,V32P-H05,2024-08-29,Active,RECIPIENT_V1,2026-08-29,Male,Black,North West,142.08,27,41,Deceased,Other,0,30,Managed incompatibility,4,0.161,3.64,7,1.48,16.260801256873535,2160.0,8.8,79.3,0,0,1,train,unseen_test
V32P-A030259,V32P-R005044,V32P-DL003649,V32P-H04,2023-12-23,Active,RECIPIENT_V1,2025-12-22,Female,Mixed,Wales,123.85,56,41,Living,Polycystic kidney disease,0,37,Standard compatible,3,0.198,17.3,7,1.29,10.539845758354756,2230.0,9.7,99.2,0,0,0,train,unseen_test
V32P-A010225,V32P-R001705,V32P-DL003353,V32P-H09,2023-12-09,Active,RECIPIENT_V1,2025-12-08,Female,Other,North West,141.2,32,53,Living,Diabetic kidney disease,0,57,Standard compatible,1,0.724,8.49,7,1.298,7.628524046434501,2250.2,10.56,97.19,0,0,0,train,seen_train
V32P-A006685,V32P-R001115,V32P-DP001998,V32P-H01,2023-12-15,Active,RECIPIENT_V1,2025-12-14,Male,Asian,London,90.5,75,47,Deceased,Other,0,18,Standard compatible,6,0.674,12.4,7,0.86,-1.601830663615562,2590.0,9.6,67.0,0,0,1,train,seen_train
V32P-A055069,V32P-R009179,V32P-DP000424,V32P-H02,2024-05-15,Active,RECIPIENT_V1,2026-05-15,Male,White,Northern Ireland,76.92,42,26,Deceased,Diabetic kidney disease,0,10,Managed incompatibility,5,0.119,17.35,7,1.06,-4.847396768402159,2535.0,12.58,72.25,0,0,0,train,seen_train
V32P-A015949,V32P-R002659,V32P-DP001661,V32P-H08,2024-01-09,Active,RECIPIENT_V1,2026-01-08,Female,White,London,119.73,22,32,Deceased,Polycystic kidney disease,0,27,Managed incompatibility,2,0.47,7.99,7,1.15,11.650485436893192,2300.0,11.5,98.1,0,0,1,train,seen_train
V32P-A055579,V32P-R009264,V32P-DD001520,V32P-H03,2024-10-15,Active,RECIPIENT_V1,2026-10-15,Female,Asian,London,21.41,62,64,Deceased,Other,0,24,Managed incompatibility,5,0.222,20.05,7,1.32,14.08815903197926,2016.0,10.7,70.8,0,0,1,train,seen_train
V32P-A057577,V32P-R009597,V32P-DP001211,V32P-H04,2023-12-19,Invalidated,RECIPIENT_V3,2025-12-18,Male,White,Northern Ireland,115.4,59,60,Deceased,Other,0,54,Standard compatible,6,0.43,12.76,7,1.05,-1.222953904045146,2387.0,10.02,65.47,0,0,0,train,seen_train
V32P-A014569,V32P-R002429,V32P-DL002189,V32P-H03,2024-05-20,Active,RECIPIENT_V1,2026-05-20,Female,Mixed,Northern Ireland,40.8,40,30,Living,Diabetic kidney disease,1,7,Managed incompatibility,3,0.87,5.67,7,1.58,-4.933814681107092,2050.0,12.0,87.9,0,0,1,train,seen_train
V32P-A046903,V32P-R007818,V32P-DP001321,V32P-H06,2024-08-16,Active,RECIPIENT_V1,2026-08-16,Male,Asian,Northern Ireland,8.28,45,33,Deceased,Other,1,18,Standard compatible,6,0.693,3.15,7,1.068,30.40293040293042,2139.0,8.93,97.78,0,0,1,train,seen_train
V32P-A015925,V32P-R002655,V32P-DL003647,V32P-H06,2023-11-28,Active,RECIPIENT_V1,2025-11-27,Male,Mixed,Scotland,63.77,36,67,Living,Hypertensive kidney disease,0,62,Standard compatible,1,0.896,16.78,7,1.54,-5.113986444855205,2190.0,7.6,84.5,0,0,1,train,seen_train
V32P-A057193,V32P-R009533,V32P-DD000982,V32P-H07,2023-12-05,Active,RECIPIENT_V1,2025-12-04,Female,Other,Wales,83.25,46,69,Deceased,Polycystic kidney disease,0,62,Standard compatible,0,0.923,4.24,7,1.45,-8.053265694356373,2100.0,11.1,92.0,0,0,0,train,seen_train
V32P-A026281,V32P-R004381,V32P-DL000601,V32P-H04,2023-12-09,Active,RECIPIENT_V1,2025-12-08,Female,White,London,47.43,70,65,Living,Polycystic kidney disease,0,65,Standard compatible,5,0.785,3.03,7,1.452,-1.6926201760325073,2258.9,11.47,63.2,0,0,0,train,seen_train
V32P-A047341,V32P-R007891,V32P-DL002911,V32P-H06,2024-03-14,Active,RECIPIENT_V1,2026-03-14,Female,Black,North West,138.04,27,39,Living,Hypertensive kidney disease,0,50,Managed incompatibility,6,0.733,2.53,7,1.12,-10.04016064257028,2380.0,11.1,85.2,0,0,0,train,seen_train
V32P-A043519,V32P-R007254,V32P-DP001751,V32P-H09,2024-12-20,Active,RECIPIENT_V1,2026-12-20,Female,White,Wales,15.17,55,39,Deceased,Glomerulonephritis,0,42,Standard compatible,5,0.393,11.51,7,0.764,-1.6731016731016746,2427.1,9.61,96.71,0,0,1,train,seen_train
V32P-A040921,V32P-R006821,V32P-DL003249,V32P-H02,2023-12-17,Active,RECIPIENT_V1,2025-12-16,Female,Black,North West,131.23,73,38,Living,Other,0,14,Standard compatible,6,0.534,5.2,7,1.202,-5.725490196078428,2379.7,10.8,92.97,0,0,1,train,unseen_test
V32P-A021853,V32P-R003643,V32P-DL000141,V32P-H10,2024-02-20,Active,RECIPIENT_V1,2026-02-19,Male,White,Scotland,134.86,71,70,Living,Hypertensive kidney disease,0,8,Standard compatible,4,0.524,13.68,7,1.654,3.6340852130325705,2139.0,9.27,96.74,0,0,0,train,unseen_test
V32P-A049915,V32P-R008320,V32P-DD001331,V32P-H06,2023-12-05,Active,RECIPIENT_V1,2025-12-04,Male,Mixed,Scotland,46.91,68,34,Deceased,Hypertensive kidney disease,0,5,Standard compatible,4,0.643,20.52,7,1.23,21.301775147928996,1985.0,9.6,97.0,0,0,1,train,seen_train
V32P-A013693,V32P-R002283,V32P-DD001180,V32P-H03,2024-02-11,Active,RECIPIENT_V1,2026-02-10,Male,Other,Wales,105.13,72,59,Deceased,Diabetic kidney disease,0,65,Standard compatible,1,0.75,4.98,7,1.22,21.393034825870657,2322.1,11.53,84.69,0,0,1,train,seen_train
V32P-A056029,V32P-R009339,V32P-DL003279,V32P-H05,2024-09-02,Active,RECIPIENT_V1,2026-09-02,Male,Black,North West,95.52,38,70,Living,Hypertensive kidney disease,0,51,Standard compatible,3,0.597,15.18,7,1.002,46.27737226277371,2006.7,12.59,94.16,0,0,1,train,seen_train
V32P-A007585,V32P-R001265,V32P-DP001078,V32P-H02,2024-07-05,Active,RECIPIENT_V1,2026-07-05,Male,Black,North West,118.5,39,54,Deceased,Glomerulonephritis,0,63,Managed incompatibility,6,0.321,3.86,7,1.24,-4.688700999231356,2250.0,7.2,96.3,0,0,0,train,unseen_test
V32P-A032179,V32P-R005364,V32P-DD000235,V32P-H05,2024-07-14,Active,RECIPIENT_V1,2026-07-14,Female,White,North West,134.82,76,55,Deceased,Diabetic kidney disease,0,18,Standard compatible,1,0.517,12.75,7,1.08,8.324974924774331,1950.0,9.6,58.3,0,0,0,train,seen_train
V32P-A048259,V32P-R008044,V32P-DP001543,V32P-H05,2024-11-07,Active,RECIPIENT_V1,2026-11-07,Male,Mixed,Scotland,99.17,66,63,Deceased,Polycystic kidney disease,0,13,Managed incompatibility,0,0.747,5.64,7,1.364,-0.7278020378457065,2411.3,11.56,71.35,0,0,0,train,seen_train
V32P-A033109,V32P-R005519,V32P-DL001970,V32P-H01,2024-07-25,Active,RECIPIENT_V1,2026-07-25,Female,Other,London,107.5,62,70,Living,Glomerulonephritis,0,36,Managed incompatibility,3,0.855,14.24,7,1.751,-1.5739179314221488,2017.2,11.0,88.01,0,0,1,train,unseen_test
V32P-A051343,V32P-R008558,V32P-DD001920,V32P-H02,2024-07-25,Active,RECIPIENT_V1,2026-07-25,Male,Asian,Scotland,119.92,74,45,Deceased,Glomerulonephritis,0,52,Standard compatible,4,0.595,18.31,7,1.78,9.673444239063464,2095.0,10.9,81.5,0,0,1,train,seen_train
V32P-A000241,V32P-R000041,V32P-DD000401,V32P-H01,2023-11-25,Invalidated,RECIPIENT_V3,2025-11-24,Male,White,Wales,142.01,28,34,Deceased,Diabetic kidney disease,0,35,Managed incompatibility,0,0.552,5.82,7,1.715,-2.9977375565610824,2119.2,9.24,96.83,0,0,1,train,seen_train
V32P-A048271,V32P-R008046,V32P-DD000090,V32P-H01,2024-11-13,Active,RECIPIENT_V1,2026-11-13,Female,Mixed,Wales,22.29,23,25,Deceased,Glomerulonephritis,1,71,Managed incompatibility,5,0.546,5.85,7,0.962,19.80074719800746,2088.7,9.42,90.55,0,0,1,train,seen_train
V32P-A000859,V32P-R000144,V32P-DL002848,V32P-H05,2024-02-06,Invalidated,RECIPIENT_V3,2026-02-05,Male,Asian,London,86.28,43,49,Living,Hypertensive kidney disease,0,7,Managed incompatibility,6,0.288,14.89,7,0.952,-9.848484848484857,2557.3,7.88,86.11,0,0,0,train,seen_train
V32P-A015703,V32P-R002618,V32P-DL003430,V32P-H05,2024-12-29,Active,RECIPIENT_V1,2026-12-29,Male,White,Northern Ireland,28.96,76,42,Living,Diabetic kidney disease,0,11,Standard compatible,5,0.776,12.69,7,1.02,35.81890812250333,2150.0,11.8,91.0,0,0,1,train,seen_train
V32P-A033445,V32P-R005575,V32P-DD000717,V32P-H04,2024-03-06,Active,RECIPIENT_V1,2026-03-06,Female,Mixed,Scotland,141.49,66,36,Deceased,Polycystic kidney disease,0,31,Managed incompatibility,3,0.58,13.15,7,0.925,9.988109393579082,2406.3,11.57,98.46,0,0,1,train,seen_train
V32P-A047023,V32P-R007838,V32P-DP001741,V32P-H04,2024-08-08,Active,RECIPIENT_V1,2026-08-08,Male,Black,Scotland,138.22,75,54,Deceased,Other,0,66,Standard compatible,6,0.237,12.51,7,1.72,-0.232018561484919,2105.0,9.6,82.1,0,0,0,train,seen_train
V32P-A054913,V32P-R009153,V32P-DP001692,V32P-H04,2024-06-30,Active,RECIPIENT_V1,2026-06-30,Male,Mixed,London,69.86,71,41,Deceased,Diabetic kidney disease,0,30,Managed incompatibility,1,0.124,6.99,7,1.12,-0.2671415850400616,2340.0,9.1,64.5,0,0,0,train,seen_train
V32P-A048337,V32P-R008057,V32P-DL003840,V32P-H03,2023-11-20,Active,RECIPIENT_V1,2025-11-19,Female,White,Northern Ireland,134.5,38,39,Living,Polycystic kidney disease,0,40,Managed incompatibility,2,0.385,16.15,7,1.42,21.47134302822925,1950.0,10.8,96.5,0,0,1,train,seen_train
V32P-A039553,V32P-R006593,V32P-DL003914,V32P-H04,2024-05-13,Active,RECIPIENT_V1,2026-05-13,Male,Other,Northern Ireland,72.79,44,38,Living,Polycystic kidney disease,0,42,Standard compatible,1,0.751,15.49,7,1.62,-6.1957151129125645,2050.0,10.3,96.5,0,0,0,train,seen_train
V32P-A055645,V32P-R009275,V32P-DL002675,V32P-H02,2024-11-14,Active,RECIPIENT_V1,2026-11-14,Female,Black,London,66.36,55,46,Living,Other,1,7,Standard compatible,4,0.868,20.83,7,1.19,-4.109589041095902,2480.0,10.0,82.0,0,0,0,train,seen_train
V32P-A031825,V32P-R005305,V32P-DP001318,V32P-H03,2023-11-20,Active,RECIPIENT_V1,2025-11-19,Male,White,North West,112.55,45,53,Deceased,Other,1,7,Managed incompatibility,1,0.397,5.34,7,1.82,3.116147308781879,1760.5,10.9,97.9,0,0,0,train,seen_train
V32P-A040747,V32P-R006792,V32P-DD000253,V32P-H10,2024-10-22,Active,RECIPIENT_V1,2026-10-22,Female,Mixed,Scotland,53.16,22,61,Deceased,Other,0,3,Standard compatible,2,0.702,5.44,7,0.85,-4.063205417607227,2650.0,9.2,99.5,0,0,1,train,seen_train
V32P-A019195,V32P-R003200,V32P-DP000671,V32P-H01,2024-12-23,Active,RECIPIENT_V1,2026-12-23,Female,Black,London,82.3,61,56,Deceased,Polycystic kidney disease,0,14,Standard compatible,3,0.174,17.24,7,1.18,-13.679590343818584,2550.0,9.2,96.8,0,0,0,train,seen_train
V32P-A034753,V32P-R005793,V32P-DP001772,V32P-H01,2024-01-22,Active,RECIPIENT_V1,2026-01-21,Female,White,Northern Ireland,106.29,44,68,Deceased,Diabetic kidney disease,0,68,Standard compatible,3,0.564,19.38,7,2.15,22.159090909090907,1600.0,9.5,61.0,0,0,1,train,seen_train
V32P-A055651,V32P-R009276,V32P-DD001397,V32P-H02,2023-12-25,Active,RECIPIENT_V1,2025-12-24,Male,White,Wales,88.59,37,36,Deceased,Glomerulonephritis,0,7,Standard compatible,6,0.173,8.65,7,1.65,4.232469993682877,2180.0,7.1,80.2,0,0,1,train,seen_train
V32P-A015301,V32P-R002551,V32P-DL001835,V32P-H08,2024-11-17,Active,RECIPIENT_V1,2026-11-17,Female,Black,North West,36.48,64,49,Living,Other,0,13,Standard compatible,6,0.113,9.28,7,1.82,13.82113821138212,1950.0,9.1,98.2,0,0,0,train,seen_train
V32P-A026509,V32P-R004419,V32P-DP001082,V32P-H02,2024-02-29,Active,RECIPIENT_V1,2026-02-28,Male,White,Northern Ireland,47.65,55,58,Deceased,Diabetic kidney disease,0,63,Standard compatible,3,0.919,4.06,7,1.52,4.899930986887505,1820.0,8.6,96.2,0,0,1,train,seen_train
V32P-A016033,V32P-R002673,V32P-DP001842,V32P-H03,2024-12-29,Active,RECIPIENT_V1,2026-12-29,Male,White,North West,77.69,47,27,Deceased,Hypertensive kidney disease,0,15,Managed incompatibility,1,0.736,6.76,7,1.09,0.2759889604415928,2630.0,8.8,95.0,0,0,1,train,seen_train
V32P-A009979,V32P-R001664,V32P-DD001193,V32P-H01,2024-05-06,Active,RECIPIENT_V1,2026-05-06,Female,Other,Northern Ireland,68.3,64,28,Deceased,Other,0,22,Standard compatible,4,0.878,20.58,7,1.09,-7.861369399830935,2250.0,8.63,98.02,0,0,0,train,seen_train
V32P-A007129,V32P-R001189,V32P-DP001555,V32P-H03,2024-09-27,Active,RECIPIENT_V1,2026-09-27,Male,Asian,London,107.73,38,64,Deceased,Other,0,57,Standard compatible,0,0.626,13.0,7,1.09,8.34990059642148,2073.5,10.28,92.62,0,0,1,train,seen_train
V32P-A011377,V32P-R001897,V32P-DL000706,V32P-H05,2024-04-21,Active,RECIPIENT_V1,2026-04-21,Female,White,North West,12.51,39,34,Living,Other,0,44,Managed incompatibility,0,0.675,4.98,7,1.63,11.643835616438352,2080.0,11.5,94.7,0,0,1,train,seen_train
V32P-A012481,V32P-R002081,V32P-DP001006,V32P-H02,2024-03-16,Active,RECIPIENT_V1,2026-03-16,Male,Other,Wales,92.18,64,49,Deceased,Polycystic kidney disease,0,49,Standard compatible,1,0.327,12.4,7,0.78,-22.465208747514907,2610.0,12.5,97.5,0,0,0,train,seen_train
V32P-A040393,V32P-R006733,V32P-DL000494,V32P-H05,2024-12-21,Active,RECIPIENT_V1,2026-12-21,Male,Mixed,North West,128.51,64,33,Living,Other,0,39,Managed incompatibility,3,0.408,11.14,7,1.54,15.87659894657638,2042.0,9.1,97.2,0,0,1,train,seen_train
V32P-A050401,V32P-R008401,V32P-DD001962,V32P-H08,2023-11-12,Active,RECIPIENT_V1,2025-11-11,Female,Black,London,55.43,77,68,Deceased,Hypertensive kidney disease,0,41,Managed incompatibility,5,0.654,5.71,7,0.96,1.159114857744996,2240.7,8.26,97.04,0,0,0,train,unseen_test
V32P-A036541,V32P-R006091,V32P-DL000457,V32P-H05,2024-07-07,Active,RECIPIENT_V1,2026-07-07,Female,White,Northern Ireland,84.79,33,33,Living,Other,0,19,Standard compatible,0,0.13,17.93,7,1.23,15.276476101218377,2280.0,8.4,89.0,0,0,0,train,seen_train
V32P-A026881,V32P-R004481,V32P-DP000945,V32P-H07,2024-03-01,Active,RECIPIENT_V1,2026-03-01,Male,Asian,Scotland,39.7,42,52,Deceased,Hypertensive kidney disease,0,13,Standard compatible,2,0.348,11.79,7,1.595,6.831882116543862,2138.1,10.02,91.33,0,0,0,train,seen_train
V32P-A025231,V32P-R004206,V32P-DD000858,V32P-H02,2024-11-12,Active,RECIPIENT_V1,2026-11-12,Female,White,Scotland,17.77,67,35,Deceased,Other,0,35,Standard compatible,5,0.701,11.79,7,0.83,-22.35734331150608,2767.1,9.17,82.8,0,0,0,train,seen_train
V32P-A002683,V32P-R000448,V32P-DL003780,V32P-H01,2024-03-05,Active,RECIPIENT_V1,2026-03-05,Female,Asian,North West,22.66,45,36,Living,Other,0,43,Standard compatible,4,0.171,5.54,7,1.35,24.195032198712063,2180.0,9.8,92.5,0,0,1,train,seen_train
V32P-A016513,V32P-R002753,V32P-DL001020,V32P-H06,2024-09-05,Active,RECIPIENT_V1,2026-09-05,Male,White,Scotland,141.23,65,36,Living,Glomerulonephritis,0,57,Standard compatible,3,0.095,15.67,7,0.84,22.44897959183672,2030.0,11.91,97.81,0,0,0,train,seen_train
V32P-A055969,V32P-R009329,V32P-DP001017,V32P-H07,2023-11-21,Active,RECIPIENT_V1,2025-11-20,Male,Asian,Scotland,64.39,57,48,Deceased,Hypertensive kidney disease,1,7,Managed incompatibility,1,0.3,8.82,7,1.435,11.24031007751938,2028.3,8.57,82.86,0,0,1,train,seen_train
V32P-A000931,V32P-R000156,V32P-DP001401,V32P-H03,2023-12-28,Active,RECIPIENT_V1,2025-12-27,Male,Asian,North West,121.75,26,25,Deceased,Diabetic kidney disease,0,14,Standard compatible,5,0.797,11.68,7,0.914,31.890331890331904,2095.5,11.45,80.7,0,0,1,train,unseen_test
V32P-A023161,V32P-R003861,V32P-DL000145,V32P-H07,2023-12-09,Active,RECIPIENT_V1,2025-12-08,Male,White,Northern Ireland,87.39,56,59,Living,Diabetic kidney disease,0,8,Managed incompatibility,4,0.123,13.17,7,1.24,-6.060606060606066,2459.0,9.55,81.08,0,0,0,train,seen_train
V32P-A035305,V32P-R005885,V32P-DL000901,V32P-H05,2024-03-17,Active,RECIPIENT_V1,2026-03-17,Female,Mixed,Wales,137.39,62,28,Living,Other,0,34,Managed incompatibility,1,0.528,9.52,7,1.18,10.177404295051351,2230.0,9.4,98.5,0,0,0,train,seen_train
V32P-A021025,V32P-R003505,V32P-DP001502,V32P-H09,2023-12-15,Active,RECIPIENT_V1,2025-12-14,Female,Black,North West,129.01,57,40,Deceased,Glomerulonephritis,0,17,Standard compatible,0,0.07,14.95,7,1.89,10.72056239015816,1850.0,10.3,78.0,0,0,1,train,seen_train
V32P-A013345,V32P-R002225,V32P-DP001163,V32P-H03,2024-04-06,Active,RECIPIENT_V1,2026-04-06,Male,Black,Northern Ireland,120.76,36,25,Deceased,Polycystic kidney disease,0,16,Standard compatible,2,0.337,10.98,7,1.135,17.616580310880835,2323.4,7.89,77.83,0,0,1,train,unseen_test
V32P-A001831,V32P-R000306,V32P-DL001764,V32P-H03,2023-11-26,Active,RECIPIENT_V1,2025-11-25,Male,White,North West,82.34,58,55,Living,Diabetic kidney disease,1,33,Managed incompatibility,5,0.897,14.12,7,1.12,14.754098360655751,2280.0,12.3,92.0,0,0,0,train,seen_train
V32P-A037981,V32P-R006331,V32P-DL003487,V32P-H01,2024-11-21,Active,RECIPIENT_V1,2026-11-21,Female,Black,North West,133.91,61,56,Living,Diabetic kidney disease,0,35,Managed incompatibility,1,0.527,19.1,7,1.85,19.896305897602087,1850.0,7.3,97.5,0,0,1,train,unseen_test
V32P-A001333,V32P-R000223,V32P-DP000306,V32P-H02,2024-11-25,Active,RECIPIENT_V1,2026-11-25,Female,Mixed,North West,70.81,52,48,Deceased,Glomerulonephritis,0,69,Managed incompatibility,5,0.861,19.95,7,1.82,9.440769693325317,1750.0,6.9,96.5,0,0,0,train,seen_train
V32P-A035419,V32P-R005904,V32P-DP000998,V32P-H01,2024-11-09,Active,RECIPIENT_V1,2026-11-09,Male,Asian,Northern Ireland,45.48,49,26,Deceased,Polycystic kidney disease,0,59,Managed incompatibility,0,0.392,7.06,7,0.94,34.47782546494993,1980.0,11.9,80.0,0,0,1,train,seen_train
V32P-A015001,V32P-R002501,V32P-DL000231,V32P-H02,2024-05-15,Active,RECIPIENT_V1,2026-05-15,Male,Black,Scotland,75.11,66,63,Living,Other,0,35,Standard compatible,4,0.758,19.62,7,1.92,12.874779541446198,1985.0,9.0,86.0,0,0,0,train,seen_train
V32P-A013909,V32P-R002319,V32P-DP001965,V32P-H03,2023-12-03,Active,RECIPIENT_V1,2025-12-02,Male,Mixed,London,38.06,22,25,Deceased,Diabetic kidney disease,0,57,Standard compatible,1,0.742,20.59,7,1.18,20.40816326530612,1865.0,11.6,96.3,0,0,1,train,seen_train
V32P-A030181,V32P-R005031,V32P-DL001656,V32P-H02,2023-12-01,Active,RECIPIENT_V1,2025-11-30,Female,White,Scotland,22.02,27,55,Living,Other,0,68,Managed incompatibility,0,0.879,12.34,7,1.65,-6.937394247038918,1890.0,11.4,83.0,0,0,1,train,seen_train
V32P-A054955,V32P-R009160,V32P-DD001705,V32P-H01,2023-12-23,Active,RECIPIENT_V1,2025-12-22,Female,Asian,Northern Ireland,87.27,27,35,Deceased,Polycystic kidney disease,0,62,Managed incompatibility,2,0.567,11.65,7,0.843,20.256776034236808,2354.6,11.23,86.66,0,0,1,train,seen_train
V32P-A003565,V32P-R000595,V32P-DP000334,V32P-H01,2023-12-17,Active,RECIPIENT_V1,2025-12-16,Female,White,North West,31.21,33,35,Deceased,Glomerulonephritis,1,65,Standard compatible,3,0.883,17.19,7,1.52,11.764705882352937,2050.0,10.65,96.5,0,0,1,train,seen_train
V32P-A038869,V32P-R006479,V32P-DP000562,V32P-H06,2024-05-31,Active,RECIPIENT_V1,2026-05-31,Male,Asian,London,101.64,39,32,Deceased,Polycystic kidney disease,0,72,Managed incompatibility,4,0.576,13.86,7,0.68,-8.23211875843454,2750.0,9.8,99.8,0,0,0,train,seen_train
V32P-A049741,V32P-R008291,V32P-DP001568,V32P-H07,2024-09-22,Active,RECIPIENT_V1,2026-09-22,Male,Mixed,London,135.88,69,69,Deceased,Polycystic kidney disease,0,23,Standard compatible,6,0.698,7.24,7,1.45,9.186746987951798,2100.0,8.5,73.5,0,0,0,train,seen_train
V32P-A030955,V32P-R005160,V32P-DL003326,V32P-H08,2024-10-02,Active,RECIPIENT_V1,2026-10-02,Female,Mixed,Northern Ireland,34.97,72,64,Living,Diabetic kidney disease,1,9,Standard compatible,0,0.846,8.01,7,0.963,-10.750695088044486,2526.2,11.55,99.27,0,0,0,train,seen_train
V32P-A007021,V32P-R001171,V32P-DL003969,V32P-H07,2024-06-12,Active,RECIPIENT_V1,2026-06-12,Male,Black,North West,32.66,68,49,Living,Diabetic kidney disease,0,69,Standard compatible,5,0.702,13.25,7,1.12,21.47505422993493,2137.2,8.96,95.13,0,0,0,train,seen_train
V32P-A024847,V32P-R004142,V32P-DL001232,V32P-H01,2023-11-11,Active,RECIPIENT_V1,2025-11-10,Female,Asian,Wales,20.52,23,37,Living,Glomerulonephritis,0,22,Managed incompatibility,5,0.744,16.76,7,0.75,7.604017216642761,2610.0,9.3,90.8,0,0,1,train,seen_train
V32P-A005563,V32P-R000928,V32P-DL001440,V32P-H01,2023-12-27,Active,RECIPIENT_V1,2025-12-26,Female,Black,London,7.65,68,65,Living,Diabetic kidney disease,0,22,Standard compatible,1,0.822,16.41,7,0.984,28.627450980392155,2003.4,12.42,79.26,0,0,1,train,unseen_test
V32P-A029677,V32P-R004947,V32P-DP001860,V32P-H10,2023-12-23,Active,RECIPIENT_V1,2025-12-22,Male,White,Wales,42.49,61,25,Deceased,Polycystic kidney disease,0,32,Managed incompatibility,5,0.181,15.96,7,1.656,9.162821357943312,2104.5,10.0,97.3,0,0,1,train,unseen_test
V32P-A007009,V32P-R001169,V32P-DP001933,V32P-H02,2024-05-07,Active,RECIPIENT_V1,2026-05-07,Male,Mixed,Scotland,118.53,27,58,Deceased,Glomerulonephritis,0,14,Standard compatible,2,0.133,7.92,7,0.954,12.235294117647058,2352.4,10.4,73.46,0,0,0,train,unseen_test
V32P-A032125,V32P-R005355,V32P-DP001994,V32P-H09,2024-05-20,Active,RECIPIENT_V1,2026-05-20,Male,Asian,Wales,83.0,75,40,Deceased,Glomerulonephritis,0,40,Standard compatible,4,0.803,8.06,7,1.82,13.395638629283493,1950.0,11.6,66.0,0,0,1,train,seen_train
V32P-A058843,V32P-R009808,V32P-DP001788,V32P-H07,2024-08-25,Active,RECIPIENT_V1,2026-08-25,Female,White,London,59.56,72,49,Deceased,Polycystic kidney disease,0,38,Standard compatible,5,0.741,11.41,7,0.94,33.14447592067989,1970.9,8.83,91.16,0,0,0,train,seen_train
V32P-A001849,V32P-R000309,V32P-DP000487,V32P-H03,2024-08-05,Active,RECIPIENT_V1,2026-08-05,Female,Mixed,Scotland,132.53,44,30,Deceased,Diabetic kidney disease,1,49,Standard compatible,4,0.573,5.54,7,1.56,-7.964601769911504,2316.5,12.38,87.19,0,0,1,train,seen_train
V32P-A011461,V32P-R001911,V32P-DP001010,V32P-H02,2024-08-16,Active,RECIPIENT_V1,2026-08-16,Male,Asian,Wales,77.03,25,49,Deceased,Diabetic kidney disease,0,32,Standard compatible,2,0.592,18.59,7,1.53,7.89844851904091,1900.0,7.5,97.0,0,0,0,train,unseen_test
V32P-A002065,V32P-R000345,V32P-DL003967,V32P-H08,2024-10-01,Active,RECIPIENT_V1,2026-10-01,Female,Black,Wales,24.43,57,59,Living,Other,0,22,Managed incompatibility,6,0.632,19.98,7,1.58,-8.03259604190919,2460.0,8.7,63.5,0,0,1,train,seen_train
V32P-A041611,V32P-R006936,V32P-DL003029,V32P-H01,2024-11-07,Active,RECIPIENT_V1,2026-11-07,Female,Mixed,Wales,64.91,34,67,Living,Glomerulonephritis,0,47,Managed incompatibility,4,0.666,14.68,7,1.089,14.994720168954595,2138.8,8.32,96.16,0,0,1,train,seen_train
V32P-A021847,V32P-R003642,V32P-DL003297,V32P-H09,2024-07-14,Active,RECIPIENT_V1,2026-07-14,Female,Black,Wales,47.42,23,32,Living,Diabetic kidney disease,0,27,Standard compatible,5,0.532,19.47,7,0.76,-8.212560386473426,2580.0,8.15,65.0,0,0,0,train,seen_train
V32P-A034423,V32P-R005738,V32P-DD000022,V32P-H07,2024-11-02,Active,RECIPIENT_V1,2026-11-02,Female,Black,North West,97.33,51,55,Deceased,Polycystic kidney disease,0,30,Standard compatible,2,0.726,13.07,7,0.96,-14.514692787177207,2619.9,8.69,83.11,0,0,0,train,unseen_test
V32P-A051895,V32P-R008650,V32P-DP000599,V32P-H05,2024-06-22,Active,RECIPIENT_V1,2026-06-22,Male,Other,Wales,65.52,56,44,Deceased,Glomerulonephritis,0,71,Standard compatible,4,0.326,13.32,7,1.65,15.789473684210517,1820.0,9.1,63.0,0,0,1,train,seen_train
V32P-A004777,V32P-R000797,V32P-DD001442,V32P-H08,2024-09-18,Active,RECIPIENT_V1,2026-09-18,Female,Other,North West,139.97,76,51,Deceased,Polycystic kidney disease,0,16,Managed incompatibility,4,0.44,15.77,7,1.57,-2.6054590570719625,1920.0,7.39,91.73,0,0,0,train,seen_train
V32P-A008695,V32P-R001450,V32P-DD000861,V32P-H07,2023-12-26,Active,RECIPIENT_V1,2025-12-25,Female,Asian,Scotland,56.61,48,46,Deceased,Diabetic kidney disease,0,47,Managed incompatibility,6,0.302,6.52,7,1.07,28.297362110311763,1779.0,9.5,97.14,0,0,1,train,seen_train
V32P-A018799,V32P-R003134,V32P-DL002862,V32P-H07,2024-05-24,Active,RECIPIENT_V1,2026-05-24,Male,White,Wales,120.71,35,65,Living,Diabetic kidney disease,0,63,Standard compatible,0,0.493,4.49,7,1.15,-6.504065040650413,2250.0,9.9,62.0,0,0,0,train,unseen_test
V32P-A055123,V32P-R009188,V32P-DP001037,V32P-H05,2023-11-27,Active,RECIPIENT_V1,2025-11-26,Female,Mixed,Northern Ireland,105.52,60,67,Deceased,Other,0,64,Managed incompatibility,3,0.779,6.96,7,1.24,23.75249500998004,1860.0,7.7,93.5,0,0,0,train,seen_train
V32P-A054055,V32P-R009010,V32P-DL000511,V32P-H08,2024-05-28,Active,RECIPIENT_V1,2026-05-28,Female,Mixed,Scotland,74.0,71,58,Living,Glomerulonephritis,0,22,Standard compatible,5,0.418,15.52,7,1.523,-2.6214833759590888,2106.6,11.83,79.39,0,0,0,train,seen_train
V32P-A012391,V32P-R002066,V32P-DP000475,V32P-H03,2024-01-25,Active,RECIPIENT_V1,2026-01-24,Male,White,North West,18.36,35,62,Deceased,Glomerulonephritis,0,4,Standard compatible,0,0.914,5.18,7,0.754,-6.335403726708081,2546.1,9.55,89.72,0,0,0,train,seen_train
V32P-A059539,V32P-R009924,V32P-DP001258,V32P-H07,2024-04-03,Active,RECIPIENT_V1,2026-04-03,Female,White,London,60.66,77,25,Deceased,Other,0,6,Standard compatible,5,0.851,6.32,7,0.94,-14.77787851314597,2580.0,11.0,96.3,0,0,1,train,seen_train
V32P-A041407,V32P-R006902,V32P-DD000484,V32P-H07,2024-06-20,Active,RECIPIENT_V1,2026-06-20,Male,White,North West,78.43,56,48,Deceased,Glomerulonephritis,0,48,Standard compatible,6,0.168,11.94,7,1.09,12.255406797116386,2380.0,7.5,96.5,0,0,0,train,unseen_test
V32P-A005125,V32P-R000855,V32P-DP001566,V32P-H02,2023-12-17,Active,RECIPIENT_V1,2025-12-16,Female,Mixed,North West,11.99,62,28,Deceased,Diabetic kidney disease,0,27,Standard compatible,0,0.459,8.97,7,0.91,-0.2192982456140352,2510.0,9.1,71.6,0,0,0,train,seen_train
V32P-A007843,V32P-R001308,V32P-DL001716,V32P-H03,2024-08-15,Active,RECIPIENT_V1,2026-08-15,Female,Asian,London,63.19,50,37,Living,Polycystic kidney disease,0,42,Managed incompatibility,1,0.658,12.84,7,0.981,34.01639344262295,2176.3,11.09,91.19,0,0,0,train,seen_train
V32P-A019297,V32P-R003217,V32P-DL003386,V32P-H02,2024-07-25,Active,RECIPIENT_V1,2026-07-25,Male,Mixed,North West,22.57,64,25,Living,Other,1,32,Standard compatible,6,0.284,20.28,7,0.736,-3.5386631716906978,2621.2,9.93,96.38,0,0,0,train,seen_train
V32P-A027931,V32P-R004656,V32P-DD001821,V32P-H06,2024-04-16,Active,RECIPIENT_V1,2026-04-16,Female,Other,North West,92.13,26,27,Deceased,Hypertensive kidney disease,0,4,Standard compatible,2,0.381,12.91,7,1.58,9.646079111727968,2150.0,9.2,98.3,0,0,0,train,seen_train
V32P-A059365,V32P-R009895,V32P-DP001373,V32P-H01,2024-09-20,Active,RECIPIENT_V1,2026-09-20,Female,Mixed,Northern Ireland,13.26,66,56,Deceased,Other,0,62,Managed incompatibility,6,0.679,13.0,7,1.56,5.050505050505048,2095.3,8.48,59.15,0,0,1,train,seen_train
V32P-A009139,V32P-R001524,V32P-DL003634,V32P-H08,2023-11-23,Active,RECIPIENT_V1,2025-11-22,Female,Other,North West,132.7,61,57,Living,Glomerulonephritis,0,62,Managed incompatibility,5,0.653,4.87,7,1.52,9.038737446198,2320.0,10.5,96.8,0,0,1,train,seen_train
V32P-A046759,V32P-R007794,V32P-DD000271,V32P-H06,2023-12-22,Active,RECIPIENT_V1,2025-12-21,Female,Other,London,74.06,64,57,Deceased,Other,0,10,Managed incompatibility,4,0.798,13.83,7,1.874,11.947431302270022,1796.5,12.22,99.12,0,0,1,train,seen_train
V32P-A028639,V32P-R004774,V32P-DL002446,V32P-H03,2023-11-20,Active,RECIPIENT_V1,2025-11-19,Male,White,Northern Ireland,92.82,48,67,Living,Glomerulonephritis,0,65,Managed incompatibility,3,0.785,9.57,7,0.81,13.445378151260517,2350.0,7.6,99.2,0,0,0,train,seen_train
V32P-A006013,V32P-R001003,V32P-DL002294,V32P-H10,2024-05-04,Active,RECIPIENT_V1,2026-05-04,Male,Asian,Wales,10.38,75,48,Living,Hypertensive kidney disease,0,32,Managed incompatibility,1,0.469,13.59,7,1.44,-17.28891441700173,2275.3,9.51,86.81,0,0,0,train,seen_train
V32P-A027037,V32P-R004507,V32P-DL001040,V32P-H03,2024-09-19,Active,RECIPIENT_V1,2026-09-19,Male,Asian,North West,43.13,24,27,Living,Diabetic kidney disease,0,11,Standard compatible,1,0.169,5.53,7,1.54,23.893805309734503,1883.0,10.98,98.06,0,0,1,train,seen_train
V32P-A006553,V32P-R001093,V32P-DL000946,V32P-H04,2024-02-24,Active,RECIPIENT_V1,2026-02-23,Male,Other,London,118.34,41,64,Living,Other,0,6,Standard compatible,1,0.769,6.2,7,1.42,-1.320361362056993,2150.0,9.8,98.5,0,0,0,train,seen_train
V32P-A018697,V32P-R003117,V32P-DL003798,V32P-H07,2024-05-10,Active,RECIPIENT_V1,2026-05-10,Female,Black,Northern Ireland,99.03,66,46,Living,Hypertensive kidney disease,0,24,Standard compatible,0,0.793,20.7,7,1.37,9.600000000000009,2250.0,8.9,99.8,0,0,1,train,seen_train
V32P-A013723,V32P-R002288,V32P-DP001291,V32P-H01,2024-12-31,Active,RECIPIENT_V1,2026-12-31,Female,Mixed,North West,132.01,30,66,Deceased,Polycystic kidney disease,1,60,Standard compatible,5,0.139,11.23,7,1.65,-6.989853438556939,1993.0,8.18,86.91,0,0,0,train,seen_train
V32P-A003721,V32P-R000621,V32P-DL002335,V32P-H06,2024-02-08,Active,RECIPIENT_V1,2026-02-07,Female,White,London,38.48,51,58,Living,Diabetic kidney disease,0,20,Managed incompatibility,2,0.372,4.63,7,1.48,-7.442151344590368,2050.0,7.5,96.5,0,0,1,train,seen_train
V32P-A052651,V32P-R008776,V32P-DP001729,V32P-H01,2024-08-24,Active,RECIPIENT_V1,2026-08-24,Male,White,Wales,37.48,42,51,Deceased,Other,1,49,Managed incompatibility,2,0.613,10.11,7,1.62,20.17804154302671,1705.0,9.9,79.0,0,0,1,train,seen_train
V32P-A009433,V32P-R001573,V32P-DL003221,V32P-H08,2024-10-28,Active,RECIPIENT_V1,2026-10-28,Male,Black,Northern Ireland,110.92,73,33,Living,Polycystic kidney disease,0,61,Standard compatible,1,0.697,17.47,7,0.68,-11.80285343709468,2350.0,8.2,98.6,0,0,0,train,seen_train
V32P-A058399,V32P-R009734,V32P-DD001048,V32P-H05,2023-12-21,Active,RECIPIENT_V1,2025-12-20,Female,Black,London,29.87,23,53,Deceased,Polycystic kidney disease,0,68,Standard compatible,5,0.464,5.5,7,1.52,-11.627906976744184,2310.0,12.6,97.3,0,0,0,train,seen_train
V32P-A037765,V32P-R006295,V32P-DD000849,V32P-H03,2023-12-20,Active,RECIPIENT_V1,2025-12-19,Male,White,North West,142.9,26,47,Deceased,Polycystic kidney disease,0,4,Managed incompatibility,2,0.819,4.86,7,1.52,-11.679256246368396,2169.0,6.81,76.17,0,0,1,train,seen_train
V32P-A020815,V32P-R003470,V32P-DD001288,V32P-H08,2024-01-10,Active,RECIPIENT_V1,2026-01-09,Male,Asian,Wales,61.55,50,32,Deceased,Glomerulonephritis,0,23,Standard compatible,1,0.145,8.18,7,0.73,-7.711757269279399,2850.0,8.3,91.1,0,0,0,train,seen_train
V32P-A054919,V32P-R009154,V32P-DL001598,V32P-H02,2024-05-22,Active,RECIPIENT_V1,2026-05-22,Female,White,London,101.66,33,31,Living,Diabetic kidney disease,0,71,Standard compatible,5,0.317,12.04,7,0.73,-10.098522167487692,2363.1,9.3,85.9,0,0,0,train,seen_train
V32P-A035557,V32P-R005927,V32P-DP000882,V32P-H05,2023-11-24,Active,RECIPIENT_V1,2025-11-23,Female,White,Scotland,28.63,57,50,Deceased,Glomerulonephritis,0,24,Standard compatible,5,0.367,13.81,7,1.42,9.399075500770406,2050.0,8.3,97.5,0,0,0,train,unseen_test
V32P-A058195,V32P-R009700,V32P-DL001051,V32P-H01,2024-09-25,Active,RECIPIENT_V1,2026-09-25,Female,Asian,Northern Ireland,43.2,71,37,Living,Diabetic kidney disease,0,13,Managed incompatibility,3,0.462,11.02,7,0.713,6.101190476190465,2502.9,7.95,63.37,0,0,0,train,seen_train
V32P-A044683,V32P-R007448,V32P-DP000295,V32P-H04,2023-11-21,Active,RECIPIENT_V1,2025-11-20,Female,Mixed,Wales,62.52,71,57,Deceased,Other,0,21,Standard compatible,5,0.572,8.33,7,1.18,27.70562770562769,1850.0,11.9,81.0,0,0,1,train,seen_train
V32P-A026443,V32P-R004408,V32P-DP000997,V32P-H01,2024-09-03,Active,RECIPIENT_V1,2026-09-03,Male,Black,Northern Ireland,108.15,44,26,Deceased,Diabetic kidney disease,0,17,Standard compatible,0,0.31,19.51,7,1.02,8.974358974358971,2250.0,13.0,96.5,0,0,0,train,seen_train
V32P-A007663,V32P-R001278,V32P-DP000741,V32P-H01,2024-05-09,Active,RECIPIENT_V1,2026-05-09,Female,Asian,North West,135.27,75,31,Deceased,Polycystic kidney disease,0,63,Standard compatible,2,0.192,6.53,7,0.844,16.897506925207757,2147.3,12.38,99.68,0,0,0,train,seen_train
V32P-A053173,V32P-R008863,V32P-DL000894,V32P-H02,2024-08-25,Active,RECIPIENT_V1,2026-08-25,Male,White,Scotland,138.44,44,62,Living,Diabetic kidney disease,0,30,Managed incompatibility,3,0.708,19.5,7,2.06,17.57990867579909,1648.0,11.9,97.4,0,0,1,train,seen_train
V32P-A047545,V32P-R007925,V32P-DD000361,V32P-H03,2023-11-13,Active,RECIPIENT_V1,2025-11-12,Male,White,Scotland,18.3,60,56,Deceased,Hypertensive kidney disease,0,41,Managed incompatibility,0,0.541,13.27,7,1.512,21.15384615384616,2022.8,9.76,80.6,0,0,1,train,seen_train
V32P-A045355,V32P-R007560,V32P-DL003462,V32P-H10,2023-12-28,Active,RECIPIENT_V1,2025-12-27,Male,Asian,Northern Ireland,16.47,43,44,Living,Other,0,20,Managed incompatibility,2,0.742,13.28,7,1.09,9.327983951855575,2138.0,9.8,99.5,0,0,1,train,seen_train
V32P-A050713,V32P-R008453,V32P-DP001375,V32P-H04,2023-12-20,Active,RECIPIENT_V1,2025-12-19,Male,White,London,100.9,45,27,Deceased,Glomerulonephritis,0,71,Standard compatible,1,0.089,15.44,7,1.02,36.72922252010724,2050.0,9.0,83.1,0,0,1,train,seen_train
V32P-A041479,V32P-R006914,V32P-DL001320,V32P-H07,2023-12-16,Active,RECIPIENT_V1,2025-12-15,Female,Mixed,Northern Ireland,105.9,28,36,Living,Glomerulonephritis,1,48,Managed incompatibility,1,0.841,12.93,7,1.49,24.270225187656376,1950.0,11.0,98.0,0,0,1,train,unseen_test
V32P-A054649,V32P-R009109,V32P-DD000169,V32P-H02,2024-02-15,Active,RECIPIENT_V1,2026-02-14,Male,Other,North West,126.21,31,47,Deceased,Diabetic kidney disease,1,33,Standard compatible,2,0.728,15.4,7,1.52,-4.100946372239744,2250.0,8.1,79.0,0,0,1,train,seen_train
V32P-A015073,V32P-R002513,V32P-DP000126,V32P-H05,2023-12-20,Active,RECIPIENT_V1,2025-12-19,Male,Mixed,North West,46.86,37,60,Deceased,Hypertensive kidney disease,1,66,Managed incompatibility,4,0.852,6.67,7,1.45,-8.343868520859678,2300.0,9.0,86.0,0,0,1,train,seen_train
V32P-A000529,V32P-R000089,V32P-DL003589,V32P-H03,2024-06-26,Active,RECIPIENT_V1,2026-06-26,Female,White,London,93.78,75,40,Living,Polycystic kidney disease,0,40,Standard compatible,5,0.112,15.17,7,0.95,9.19540229885057,2350.0,8.1,89.0,0,0,0,train,seen_train
V32P-A042265,V32P-R007045,V32P-DP001138,V32P-H01,2024-11-24,Active,RECIPIENT_V1,2026-11-24,Male,Other,Wales,23.26,46,56,Deceased,Other,0,49,Managed incompatibility,1,0.154,3.89,7,1.49,21.43439282803585,1765.0,10.98,96.0,0,0,1,train,seen_train
V32P-A010111,V32P-R001686,V32P-DL001966,V32P-H08,2024-03-05,Active,RECIPIENT_V1,2026-03-05,Female,Black,Scotland,35.41,41,68,Living,Hypertensive kidney disease,0,49,Managed incompatibility,3,0.589,16.18,7,1.48,-8.415841584158423,2335.0,9.25,96.56,0,0,0,train,seen_train
V32P-A025555,V32P-R004260,V32P-DL000287,V32P-H06,2023-11-11,Active,RECIPIENT_V1,2025-11-10,Male,Mixed,Wales,7.67,37,60,Living,Glomerulonephritis,0,24,Standard compatible,6,0.586,5.55,7,1.12,-8.346972176759401,2350.0,10.9,84.2,0,0,0,train,seen_train
V32P-A006127,V32P-R001022,V32P-DL000814,V32P-H05,2023-12-19,Active,RECIPIENT_V1,2025-12-18,Male,White,North West,109.19,45,46,Living,Polycystic kidney disease,0,14,Standard compatible,0,0.629,19.7,7,1.58,5.61497326203209,1994.8,11.46,79.5,0,0,0,train,seen_train
V32P-A027283,V32P-R004548,V32P-DP001327,V32P-H01,2023-12-01,Active,RECIPIENT_V1,2025-11-30,Male,Other,Wales,50.23,35,63,Deceased,Hypertensive kidney disease,0,71,Standard compatible,2,0.866,6.06,7,1.22,17.3076923076923,2380.0,10.1,65.7,0,0,1,train,seen_train
V32P-A018757,V32P-R003127,V32P-DP000714,V32P-H05,2023-12-31,Active,RECIPIENT_V1,2025-12-30,Male,Other,Wales,95.73,46,62,Deceased,Polycystic kidney disease,1,21,Standard compatible,5,0.534,19.98,7,1.52,-9.57763236168947,2210.0,8.3,96.0,0,0,0,train,seen_train
V32P-A053743,V32P-R008958,V32P-DP001225,V32P-H04,2024-09-03,Invalidated,RECIPIENT_V3,2026-09-03,Female,White,North West,72.1,52,36,Deceased,Polycystic kidney disease,0,35,Standard compatible,5,0.784,14.18,7,1.45,11.026033690658492,1900.0,8.9,96.0,0,0,1,train,seen_train
V32P-A017737,V32P-R002957,V32P-DD001187,V32P-H09,2024-06-23,Invalidated,RECIPIENT_V3,2026-06-23,Male,Black,Northern Ireland,65.15,67,34,Deceased,Other,0,31,Managed incompatibility,5,0.185,12.17,7,1.156,2.755555555555548,2402.9,9.11,90.03,0,0,0,train,unseen_test
V32P-A051733,V32P-R008623,V32P-DL003793,V32P-H08,2024-07-14,Active,RECIPIENT_V1,2026-07-14,Male,Asian,London,27.69,65,54,Living,Polycystic kidney disease,0,4,Standard compatible,3,0.805,16.94,7,1.263,9.2560553633218,2003.9,8.45,80.24,0,0,1,train,seen_train
V32P-A017161,V32P-R002861,V32P-DL001788,V32P-H02,2024-09-13,Active,RECIPIENT_V1,2026-09-13,Male,White,London,130.37,75,57,Living,Diabetic kidney disease,0,52,Managed incompatibility,0,0.397,16.56,7,1.45,-15.990730011587486,2180.0,11.3,96.0,0,0,0,train,seen_train
V32P-A007225,V32P-R001205,V32P-DL002706,V32P-H06,2023-12-20,Active,RECIPIENT_V1,2025-12-19,Female,Asian,North West,80.3,54,70,Living,Glomerulonephritis,0,62,Managed incompatibility,1,0.612,14.81,7,1.52,0.2638522427440635,1930.0,6.8,59.0,0,0,1,train,seen_train
V32P-A019315,V32P-R003220,V32P-DP001495,V32P-H03,2023-12-19,Active,RECIPIENT_V1,2025-12-18,Male,White,Wales,8.05,54,43,Deceased,Polycystic kidney disease,0,54,Managed incompatibility,1,0.637,11.38,7,1.764,10.804020100502507,1971.7,10.78,96.84,0,0,0,train,seen_train
V32P-A006169,V32P-R001029,V32P-DP001269,V32P-H02,2023-12-29,Active,RECIPIENT_V1,2025-12-28,Female,Asian,London,126.85,74,52,Deceased,Glomerulonephritis,0,10,Managed incompatibility,4,0.305,10.88,7,1.35,13.63636363636365,2290.0,11.5,69.0,0,0,1,train,seen_train
V32P-A031267,V32P-R005212,V32P-DP001328,V32P-H06,2023-11-26,Active,RECIPIENT_V1,2025-11-25,Female,Other,Scotland,75.49,78,53,Deceased,Glomerulonephritis,0,25,Managed incompatibility,2,0.866,3.72,7,1.53,8.819345661450933,2138.0,11.8,97.8,0,0,1,train,seen_train
V32P-A055447,V32P-R009242,V32P-DP001813,V32P-H01,2024-03-06,Active,RECIPIENT_V1,2026-03-06,Female,Mixed,North West,90.32,66,70,Deceased,Polycystic kidney disease,0,72,Standard compatible,6,0.899,19.83,7,0.681,0.0,2603.9,7.94,98.18,0,0,0,train,seen_train
V32P-A024589,V32P-R004099,V32P-DP000112,V32P-H04,2024-12-05,Invalidated,RECIPIENT_V3,2026-12-05,Male,Black,North West,87.22,51,63,Deceased,Polycystic kidney disease,0,49,Managed incompatibility,3,0.227,17.28,7,1.65,-6.143344709897616,2062.0,10.07,84.62,0,0,1,train,unseen_test
V32P-A054949,V32P-R009159,V32P-DD001861,V32P-H09,2024-07-28,Active,RECIPIENT_V1,2026-07-28,Female,Mixed,Wales,100.83,33,70,Deceased,Diabetic kidney disease,0,19,Standard compatible,1,0.818,17.96,7,1.12,7.382550335570487,2050.0,8.6,98.5,0,0,0,train,seen_train
V32P-A044047,V32P-R007342,V32P-DL003294,V32P-H03,2023-12-23,Active,RECIPIENT_V1,2025-12-22,Female,Other,Northern Ireland,129.21,23,51,Living,Other,0,29,Managed incompatibility,4,0.214,11.53,7,0.81,-11.572052401746722,2390.0,11.8,84.0,0,0,0,train,seen_train
V32P-A050935,V32P-R008490,V32P-DP000344,V32P-H04,2024-06-05,Active,RECIPIENT_V1,2026-06-05,Female,White,Scotland,105.94,78,69,Deceased,Other,0,43,Managed incompatibility,5,0.551,18.53,7,0.947,8.975834292289983,2387.7,8.04,86.51,0,0,0,train,seen_train
V32P-A009043,V32P-R001508,V32P-DP000718,V32P-H04,2024-01-11,Active,RECIPIENT_V1,2026-01-10,Female,Other,North West,49.64,57,43,Deceased,Other,1,25,Managed incompatibility,4,0.892,4.13,7,1.952,15.571343990526932,1929.6,12.14,98.58,0,0,0,train,unseen_test
V32P-A051709,V32P-R008619,V32P-DL001639,V32P-H10,2023-11-18,Active,RECIPIENT_V1,2025-11-17,Male,Other,North West,72.89,33,51,Living,Polycystic kidney disease,0,65,Standard compatible,2,0.265,5.07,7,1.92,11.563044741429392,2052.8,8.67,94.08,0,0,0,train,unseen_test
V32P-A033667,V32P-R005612,V32P-DP001571,V32P-H02,2024-08-08,Active,RECIPIENT_V1,2026-08-08,Male,Other,Northern Ireland,18.01,73,63,Deceased,Hypertensive kidney disease,0,56,Managed incompatibility,0,0.613,16.9,7,1.02,14.99436302142052,2450.0,11.6,98.5,0,0,0,train,seen_train
V32P-A032581,V32P-R005431,V32P-DL001499,V32P-H06,2023-12-23,Active,RECIPIENT_V1,2025-12-22,Female,Mixed,North West,123.41,59,42,Living,Other,0,7,Standard compatible,0,0.829,2.37,7,1.54,-2.1601016518424414,2250.0,7.6,68.0,0,0,0,train,seen_train
V32P-A045127,V32P-R007522,V32P-DL000368,V32P-H06,2024-03-13,Active,RECIPIENT_V1,2026-03-13,Male,Asian,London,120.49,62,45,Living,Glomerulonephritis,0,23,Managed incompatibility,6,0.47,4.33,7,1.16,11.2176414189837,2280.0,10.6,65.9,0,0,1,train,seen_train
V32P-A043591,V32P-R007266,V32P-DL000690,V32P-H02,2024-06-09,Active,RECIPIENT_V1,2026-06-09,Female,Asian,North West,142.49,72,43,Living,Polycystic kidney disease,0,38,Managed incompatibility,6,0.303,2.79,7,0.852,-0.5834305717619609,2424.5,9.96,87.22,0,0,0,train,unseen_test
V32P-A010927,V32P-R001822,V32P-DP000494,V32P-H08,2024-11-12,Active,RECIPIENT_V1,2026-11-12,Male,Mixed,Northern Ireland,116.64,61,66,Deceased,Diabetic kidney disease,0,4,Standard compatible,0,0.334,9.64,7,1.94,11.23853211009174,1893.0,10.9,62.6,0,0,1,train,seen_train
V32P-A015505,V32P-R002585,V32P-DL001468,V32P-H01,2024-10-02,Active,RECIPIENT_V1,2026-10-02,Male,White,Northern Ireland,114.08,38,65,Living,Glomerulonephritis,0,40,Standard compatible,4,0.35,10.49,7,1.24,-3.875968992248066,2570.0,11.2,96.8,0,0,1,train,seen_train
V32P-A011557,V32P-R001927,V32P-DL003731,V32P-H03,2024-07-06,Active,RECIPIENT_V1,2026-07-06,Female,Black,North West,95.44,62,66,Living,Hypertensive kidney disease,0,34,Managed incompatibility,4,0.744,13.74,7,1.28,6.312292358803993,2050.0,12.8,83.0,0,0,1,train,seen_train
V32P-A002407,V32P-R000402,V32P-DP000199,V32P-H03,2024-10-04,Active,RECIPIENT_V1,2026-10-04,Male,White,Scotland,101.29,49,68,Deceased,Glomerulonephritis,0,63,Managed incompatibility,6,0.51,7.3,7,0.78,2.362204724409451,2650.0,7.5,99.0,0,0,1,train,seen_train
V32P-A052885,V32P-R008815,V32P-DD000885,V32P-H02,2024-11-22,Active,RECIPIENT_V1,2026-11-22,Female,Asian,Wales,16.66,78,35,Deceased,Hypertensive kidney disease,0,70,Managed incompatibility,4,0.7,14.89,7,1.02,19.019836639439912,2150.0,9.8,99.1,0,0,1,train,seen_train
V32P-A023317,V32P-R003887,V32P-DP001654,V32P-H06,2024-10-31,Active,RECIPIENT_V1,2026-10-31,Male,Other,North West,40.03,73,58,Deceased,Glomerulonephritis,0,24,Standard compatible,0,0.473,18.46,7,0.932,1.1943539630836058,2201.9,11.72,96.07,0,0,0,train,seen_train
V32P-A030817,V32P-R005137,V32P-DP001092,V32P-H01,2024-12-18,Active,RECIPIENT_V1,2026-12-18,Female,White,Scotland,80.77,34,49,Deceased,Hypertensive kidney disease,0,10,Standard compatible,4,0.091,10.79,7,2.038,17.39631336405529,1892.0,10.52,86.25,0,0,1,train,seen_train
V32P-A030637,V32P-R005107,V32P-DP000763,V32P-H03,2024-11-09,Active,RECIPIENT_V1,2026-11-09,Male,Other,London,59.63,64,63,Deceased,Polycystic kidney disease,0,36,Standard compatible,0,0.122,18.44,7,1.29,-1.1494252873563144,2107.0,7.87,94.54,0,0,1,train,seen_train
V32P-A034435,V32P-R005740,V32P-DP000755,V32P-H01,2023-11-19,Active,RECIPIENT_V1,2025-11-18,Female,Black,London,141.95,75,69,Deceased,Glomerulonephritis,0,27,Managed incompatibility,2,0.761,11.36,7,1.82,9.63855421686748,1950.0,10.4,97.5,0,0,1,train,seen_train
V32P-A014125,V32P-R002355,V32P-DP000323,V32P-H01,2024-08-01,Active,RECIPIENT_V1,2026-08-01,Male,Black,North West,123.68,64,44,Deceased,Other,0,19,Standard compatible,0,0.761,3.97,7,1.365,11.428571428571418,2041.2,10.23,65.01,0,0,1,train,seen_train
V32P-A046423,V32P-R007738,V32P-DP000098,V32P-H02,2024-04-04,Active,RECIPIENT_V1,2026-04-04,Male,Mixed,Wales,132.57,75,48,Deceased,Hypertensive kidney disease,0,69,Managed incompatibility,4,0.762,2.51,7,1.25,-5.731523378582207,2380.0,8.4,81.0,0,0,0,train,seen_train
V32P-A052525,V32P-R008755,V32P-DL003479,V32P-H05,2024-01-24,Active,RECIPIENT_V1,2026-01-23,Female,Asian,Scotland,45.49,26,43,Living,Glomerulonephritis,0,6,Standard compatible,4,0.061,10.68,7,1.68,-2.890173410404627,2150.0,7.9,87.0,0,0,0,train,seen_train
V32P-A051883,V32P-R008648,V32P-DP001836,V32P-H03,2024-08-07,Active,RECIPIENT_V1,2026-08-07,Male,White,North West,44.18,44,57,Deceased,Diabetic kidney disease,0,27,Standard compatible,0,0.766,7.43,7,1.56,-3.2258064516129057,2090.0,8.7,72.0,0,0,1,train,seen_train
V32P-A034453,V32P-R005743,V32P-DL000247,V32P-H05,2023-11-23,Active,RECIPIENT_V1,2025-11-22,Male,Asian,Northern Ireland,55.54,45,34,Living,Polycystic kidney disease,0,52,Managed incompatibility,3,0.785,12.06,7,1.856,5.096262740656855,1879.2,10.96,92.99,0,0,0,train,seen_train
V32P-A024625,V32P-R004105,V32P-DL001986,V32P-H01,2023-12-24,Active,RECIPIENT_V1,2025-12-23,Male,Black,Northern Ireland,97.46,32,39,Living,Other,0,10,Standard compatible,1,0.901,8.97,7,0.91,18.028534370946826,2402.1,13.26,99.44,0,0,1,train,seen_train
V32P-A021019,V32P-R003504,V32P-DP001028,V32P-H03,2024-05-08,Active,RECIPIENT_V1,2026-05-08,Male,Black,North West,132.79,48,65,Deceased,Glomerulonephritis,0,61,Standard compatible,6,0.301,5.5,7,1.25,22.428991185112647,2340.0,9.6,85.0,0,0,0,train,seen_train
V32P-A032809,V32P-R005469,V32P-DL003866,V32P-H03,2024-10-14,Active,RECIPIENT_V1,2026-10-14,Male,Mixed,Northern Ireland,40.5,31,60,Living,Hypertensive kidney disease,0,66,Standard compatible,2,0.372,13.63,7,0.91,13.043478260869565,2350.0,10.5,91.0,0,0,0,train,seen_train
V32P-A014149,V32P-R002359,V32P-DP001601,V32P-H04,2024-12-18,Active,RECIPIENT_V1,2026-12-18,Male,Mixed,London,89.9,58,26,Deceased,Glomerulonephritis,0,15,Standard compatible,0,0.06,3.29,7,1.62,30.750605326876517,1950.0,9.15,96.2,0,0,1,train,seen_train
V32P-A052765,V32P-R008795,V32P-DL003328,V32P-H05,2023-12-01,Active,RECIPIENT_V1,2025-11-30,Male,Mixed,North West,121.72,53,63,Living,Polycystic kidney disease,0,62,Managed incompatibility,6,0.412,10.14,7,1.25,13.636363636363628,2050.0,8.6,91.0,0,0,1,train,seen_train
V32P-A043075,V32P-R007180,V32P-DL000209,V32P-H05,2023-12-30,Active,RECIPIENT_V1,2025-12-29,Male,Other,Northern Ireland,71.45,33,28,Living,Other,0,3,Managed incompatibility,2,0.928,5.29,7,1.32,8.552631578947377,2390.0,7.5,86.3,0,0,1,train,unseen_test
V32P-A023299,V32P-R003884,V32P-DP000698,V32P-H04,2023-11-27,Active,RECIPIENT_V1,2025-11-26,Male,Asian,North West,51.29,27,69,Deceased,Diabetic kidney disease,0,9,Managed incompatibility,3,0.302,14.23,7,1.39,22.90008841732979,1737.0,8.3,88.5,0,0,0,train,seen_train
V32P-A001465,V32P-R000245,V32P-DP001227,V32P-H01,2023-12-01,Active,RECIPIENT_V1,2025-11-30,Male,Black,Scotland,111.67,33,33,Deceased,Polycystic kidney disease,0,43,Managed incompatibility,2,0.128,13.89,7,0.85,6.783919597989941,2350.0,9.1,68.0,0,0,0,train,unseen_test
V32P-A048571,V32P-R008096,V32P-DL003441,V32P-H01,2023-12-19,Active,RECIPIENT_V1,2025-12-18,Female,Mixed,Scotland,138.12,67,30,Living,Other,0,31,Managed incompatibility,4,0.285,7.29,7,1.15,30.68181818181817,2230.0,9.8,90.1,0,0,0,train,seen_train
V32P-A036163,V32P-R006028,V32P-DD000216,V32P-H09,2023-12-02,Active,RECIPIENT_V1,2025-12-01,Female,Mixed,Northern Ireland,77.1,38,64,Deceased,Diabetic kidney disease,0,50,Managed incompatibility,0,0.076,5.22,7,0.89,9.47109471094712,2150.0,9.6,97.0,0,0,0,train,seen_train
V32P-A003463,V32P-R000578,V32P-DP001992,V32P-H06,2024-03-10,Active,RECIPIENT_V1,2026-03-10,Male,Mixed,Northern Ireland,101.59,59,69,Deceased,Diabetic kidney disease,1,47,Managed incompatibility,0,0.62,4.27,7,0.923,-3.147953830010485,2505.0,9.51,98.74,0,0,0,train,unseen_test
V32P-A016999,V32P-R002834,V32P-DL001283,V32P-H03,2024-07-09,Active,RECIPIENT_V1,2026-07-09,Male,Mixed,Wales,34.43,75,41,Living,Glomerulonephritis,0,31,Standard compatible,2,0.453,7.49,7,1.22,6.364428945074102,2050.0,10.1,89.0,0,0,1,train,seen_train
V32P-A030427,V32P-R005072,V32P-DD000952,V32P-H10,2024-08-19,Active,RECIPIENT_V1,2026-08-19,Male,Asian,North West,37.5,65,67,Deceased,Glomerulonephritis,0,49,Standard compatible,2,0.148,9.87,7,0.98,-10.256410256410264,2650.0,7.9,99.1,0,0,1,train,seen_train
V32P-A023269,V32P-R003879,V32P-DL000399,V32P-H05,2024-06-19,Active,RECIPIENT_V1,2026-06-19,Female,White,Northern Ireland,36.89,67,49,Living,Polycystic kidney disease,1,47,Managed incompatibility,1,0.693,8.02,7,1.16,31.519274376417226,1785.0,8.47,97.65,0,0,1,train,unseen_test
V32P-A045967,V32P-R007662,V32P-DL000801,V32P-H02,2023-12-22,Active,RECIPIENT_V1,2025-12-21,Female,White,Wales,66.72,58,66,Living,Other,0,50,Managed incompatibility,4,0.149,14.43,7,1.05,-2.416356877323422,2350.0,7.9,83.0,0,0,1,train,seen_train
V32P-A001669,V32P-R000279,V32P-DP001605,V32P-H02,2023-11-24,Active,RECIPIENT_V1,2025-11-23,Female,White,North West,79.73,73,46,Deceased,Hypertensive kidney disease,0,31,Standard compatible,1,0.365,2.74,7,1.63,0.4932182490752025,2098.0,8.85,81.64,0,0,1,train,unseen_test
V32P-A031639,V32P-R005274,V32P-DL001845,V32P-H02,2023-12-06,Active,RECIPIENT_V1,2025-12-05,Female,Mixed,London,50.3,63,27,Living,Polycystic kidney disease,0,71,Managed incompatibility,1,0.087,6.46,7,1.15,4.640582347588711,2350.0,8.45,97.2,0,0,0,train,seen_train
V32P-A052471,V32P-R008746,V32P-DL002877,V32P-H02,2023-12-08,Active,RECIPIENT_V1,2025-12-07,Female,Asian,Wales,58.66,58,69,Living,Polycystic kidney disease,0,27,Managed incompatibility,6,0.122,4.24,7,1.48,7.324147933284988,2150.0,8.3,98.6,0,0,1,train,unseen_test
V32P-A038227,V32P-R006372,V32P-DP001557,V32P-H04,2023-11-17,Active,RECIPIENT_V1,2025-11-16,Male,Other,Wales,104.93,54,63,Deceased,Glomerulonephritis,0,43,Managed incompatibility,4,0.896,5.58,7,1.19,-7.248636009353077,2200.0,10.6,92.5,0,0,1,train,seen_train
V32P-A021697,V32P-R003617,V32P-DD000729,V32P-H02,2024-12-28,Active,RECIPIENT_V1,2026-12-28,Female,Asian,North West,79.79,56,26,Deceased,Other,0,39,Standard compatible,1,0.924,14.26,7,0.968,0.6237006237006243,2329.8,11.58,82.56,0,0,0,train,seen_train
V32P-A057103,V32P-R009518,V32P-DL002443,V32P-H09,2024-12-10,Active,RECIPIENT_V1,2026-12-10,Female,Black,London,76.09,70,32,Living,Other,0,31,Standard compatible,0,0.291,15.03,7,1.623,2.851711026615965,2144.3,9.91,88.49,0,0,0,train,seen_train
V32P-A047185,V32P-R007865,V32P-DP000919,V32P-H01,2024-12-26,Active,RECIPIENT_V1,2026-12-26,Male,Asian,Northern Ireland,142.62,27,34,Deceased,Glomerulonephritis,0,61,Managed incompatibility,2,0.088,9.38,7,1.84,11.11111111111112,1860.0,8.3,99.0,0,0,0,train,unseen_test
V32P-A034219,V32P-R005704,V32P-DL001524,V32P-H06,2023-11-28,Active,RECIPIENT_V1,2025-11-27,Male,Asian,London,27.49,65,32,Living,Diabetic kidney disease,0,20,Managed incompatibility,6,0.305,19.68,7,1.58,2.1331609566903778,2300.0,9.7,96.3,0,0,0,train,seen_train
V32P-A029503,V32P-R004918,V32P-DP000499,V32P-H04,2024-10-29,Invalidated,RECIPIENT_V3,2026-10-29,Female,Asian,Scotland,42.07,32,58,Deceased,Polycystic kidney disease,1,59,Managed incompatibility,6,0.23,5.06,7,1.76,-0.3961516694963155,2010.0,7.5,80.0,0,0,0,train,seen_train
V32P-A003529,V32P-R000589,V32P-DL002725,V32P-H01,2023-12-02,Active,RECIPIENT_V1,2025-12-01,Male,Black,Northern Ireland,89.42,27,68,Living,Other,0,68,Standard compatible,5,0.545,10.06,7,1.429,26.23674911660779,1838.4,8.71,98.07,0,0,1,train,seen_train
V32P-A034693,V32P-R005783,V32P-DP001182,V32P-H09,2024-11-03,Active,RECIPIENT_V1,2026-11-03,Male,Asian,Wales,116.93,76,59,Deceased,Diabetic kidney disease,0,29,Standard compatible,4,0.532,8.44,7,1.023,-13.305084745762716,2632.1,11.48,96.31,0,0,0,train,seen_train
V32P-A022129,V32P-R003689,V32P-DP001935,V32P-H06,2024-01-23,Active,RECIPIENT_V1,2026-01-22,Male,Asian,Wales,54.78,75,31,Deceased,Diabetic kidney disease,0,48,Managed incompatibility,1,0.117,18.81,7,1.569,7.318741450068399,2015.4,12.48,90.22,0,0,1,train,unseen_test
V32P-A028645,V32P-R004775,V32P-DL002952,V32P-H07,2023-12-30,Active,RECIPIENT_V1,2025-12-29,Male,Asian,Northern Ireland,68.3,33,44,Living,Glomerulonephritis,0,46,Managed incompatibility,6,0.116,2.3,7,1.92,12.149532710280372,1768.5,10.9,73.32,0,0,0,train,seen_train
V32P-A002227,V32P-R000372,V32P-DL000321,V32P-H07,2024-07-17,Active,RECIPIENT_V1,2026-07-17,Female,Mixed,Wales,80.06,76,50,Living,Glomerulonephritis,0,4,Standard compatible,1,0.906,6.22,7,1.28,-9.859154929577455,2520.0,10.1,83.7,0,0,1,train,seen_train
V32P-A034081,V32P-R005681,V32P-DP001448,V32P-H01,2023-12-21,Active,RECIPIENT_V1,2025-12-20,Male,Black,London,43.8,62,36,Deceased,Hypertensive kidney disease,0,35,Standard compatible,2,0.848,3.35,7,0.89,31.851851851851844,2100.0,8.2,93.0,0,0,1,train,unseen_test
V32P-A029377,V32P-R004897,V32P-DD000025,V32P-H02,2024-12-08,Active,RECIPIENT_V1,2026-12-08,Male,White,Scotland,114.2,54,51,Deceased,Other,0,32,Managed incompatibility,6,0.112,11.86,7,1.12,-5.004240882103472,2580.0,9.1,95.0,0,0,0,train,seen_train
V32P-A004057,V32P-R000677,V32P-DP000096,V32P-H05,2024-03-20,Active,RECIPIENT_V1,2026-03-20,Male,Black,North West,63.29,40,44,Deceased,Polycystic kidney disease,0,11,Standard compatible,3,0.856,20.03,7,0.92,20.10443864229765,2250.0,12.1,93.0,0,0,0,train,seen_train
V32P-A002275,V32P-R000380,V32P-DP001887,V32P-H06,2023-11-26,Active,RECIPIENT_V1,2025-11-25,Male,Other,London,66.87,29,57,Deceased,Other,0,51,Standard compatible,6,0.693,4.66,7,1.462,22.75398824517212,2230.3,9.91,83.17,0,0,0,train,seen_train
V32P-A011731,V32P-R001956,V32P-DP001954,V32P-H04,2024-12-18,Active,RECIPIENT_V1,2026-12-18,Male,Other,Northern Ireland,103.73,78,31,Deceased,Other,0,45,Standard compatible,5,0.617,6.97,7,1.09,-2.2421524663677053,2430.0,8.6,69.0,0,0,1,train,seen_train
V32P-A055591,V32P-R009266,V32P-DL001247,V32P-H10,2024-09-13,Active,RECIPIENT_V1,2026-09-13,Female,Mixed,Northern Ireland,90.49,37,65,Living,Diabetic kidney disease,0,38,Standard compatible,3,0.737,13.97,7,1.005,-0.1986097318768621,2533.9,10.35,93.51,0,0,0,train,seen_train
V32P-A031051,V32P-R005176,V32P-DD001897,V32P-H03,2024-03-27,Invalidated,RECIPIENT_V3,2026-03-27,Female,White,London,128.5,34,33,Deceased,Glomerulonephritis,1,29,Standard compatible,6,0.669,10.56,7,1.68,10.23622047244094,2096.3,9.87,98.14,0,0,1,train,seen_train
V32P-A046615,V32P-R007770,V32P-DP000640,V32P-H03,2023-12-12,Active,RECIPIENT_V1,2025-12-11,Male,Asian,Wales,87.04,70,36,Deceased,Polycystic kidney disease,0,45,Managed incompatibility,6,0.235,5.31,7,1.12,-19.999999999999982,2730.0,9.45,82.34,0,0,0,train,seen_train
V32P-A022777,V32P-R003797,V32P-DL000428,V32P-H06,2023-11-19,Active,RECIPIENT_V1,2025-11-18,Female,Black,London,109.44,71,48,Living,Diabetic kidney disease,1,53,Standard compatible,1,0.083,7.48,7,1.423,-5.006675567423228,2128.3,7.6,59.56,0,0,0,train,seen_train
V32P-A005587,V32P-R000932,V32P-DP001574,V32P-H08,2024-10-10,Active,RECIPIENT_V1,2026-10-10,Male,Other,Wales,51.44,45,32,Deceased,Diabetic kidney disease,0,47,Managed incompatibility,1,0.719,11.2,7,1.02,10.151187904967598,2280.0,11.4,73.0,0,0,1,train,seen_train
V32P-A040693,V32P-R006783,V32P-DL000856,V32P-H03,2024-09-09,Active,RECIPIENT_V1,2026-09-09,Male,Mixed,Scotland,38.76,52,52,Living,Other,0,11,Managed incompatibility,2,0.632,19.24,7,0.82,-2.031063321385904,2312.0,6.95,96.5,0,0,0,train,seen_train
V32P-A051181,V32P-R008531,V32P-DP001627,V32P-H07,2024-01-10,Active,RECIPIENT_V1,2026-01-09,Male,Mixed,Scotland,70.44,78,58,Deceased,Diabetic kidney disease,0,40,Standard compatible,1,0.766,6.46,7,1.04,1.2658227848101389,2522.0,7.83,95.43,0,0,0,train,seen_train
V32P-A028015,V32P-R004670,V32P-DL000438,V32P-H04,2024-08-08,Active,RECIPIENT_V1,2026-08-08,Male,Asian,Wales,106.91,52,68,Living,Polycystic kidney disease,1,46,Standard compatible,3,0.448,11.33,7,1.14,13.207547169811322,2015.0,13.4,98.7,0,0,1,train,unseen_test
V32P-A043627,V32P-R007272,V32P-DP001296,V32P-H05,2024-03-26,Active,RECIPIENT_V1,2026-03-26,Female,White,Scotland,47.98,40,32,Deceased,Other,1,50,Managed incompatibility,2,0.482,8.84,7,1.094,20.88397790055249,1880.7,9.12,82.67,0,0,0,train,seen_train
V32P-A028681,V32P-R004781,V32P-DP001032,V32P-H01,2024-10-17,Active,RECIPIENT_V1,2026-10-17,Male,Black,Northern Ireland,49.79,29,56,Deceased,Other,0,31,Standard compatible,6,0.558,2.35,7,1.367,8.320126782884309,2410.3,11.16,92.91,0,0,1,train,seen_train
V32P-A043525,V32P-R007255,V32P-DP001230,V32P-H09,2023-11-14,Active,RECIPIENT_V1,2025-11-13,Male,Other,Scotland,125.32,59,45,Deceased,Other,0,6,Managed incompatibility,2,0.394,18.77,7,0.85,14.555256064690026,2650.0,10.9,88.5,0,0,0,train,seen_train
V32P-A018415,V32P-R003070,V32P-DL003119,V32P-H07,2023-12-17,Active,RECIPIENT_V1,2025-12-16,Female,Other,Scotland,105.89,48,25,Living,Polycystic kidney disease,0,4,Standard compatible,2,0.814,15.91,7,1.093,9.409409409409406,2125.9,11.59,99.67,0,0,1,train,seen_train
V32P-A039373,V32P-R006563,V32P-DP000684,V32P-H02,2023-12-09,Active,RECIPIENT_V1,2025-12-08,Female,Black,Scotland,121.99,53,52,Deceased,Hypertensive kidney disease,0,66,Standard compatible,6,0.099,9.79,7,0.843,22.70742358078601,2058.7,7.75,96.48,0,0,0,train,unseen_test
V32P-A039733,V32P-R006623,V32P-DL000623,V32P-H06,2023-12-17,Active,RECIPIENT_V1,2025-12-16,Female,Black,Scotland,91.9,48,41,Living,Polycystic kidney disease,0,25,Standard compatible,4,0.131,18.99,7,1.82,11.043319097010375,1750.0,9.75,68.0,0,0,0,train,seen_train
V32P-A034351,V32P-R005726,V32P-DP000980,V32P-H04,2024-08-24,Active,RECIPIENT_V1,2026-08-24,Male,White,London,63.75,56,40,Deceased,Glomerulonephritis,0,30,Standard compatible,4,0.51,5.98,7,1.12,7.074569789674959,2050.0,12.6,78.5,0,0,1,train,seen_train
V32P-A026047,V32P-R004342,V32P-DP001968,V32P-H02,2023-11-17,Active,RECIPIENT_V1,2025-11-16,Male,Asian,Wales,140.08,24,63,Deceased,Hypertensive kidney disease,0,18,Standard compatible,2,0.214,14.23,7,1.38,20.73490813648293,1905.0,7.3,88.5,0,0,0,train,seen_train
V32P-A040015,V32P-R006670,V32P-DL003114,V32P-H01,2023-11-11,Active,RECIPIENT_V1,2025-11-10,Male,White,Northern Ireland,39.02,23,37,Living,Polycystic kidney disease,0,6,Managed incompatibility,0,0.895,3.78,7,1.06,3.616813294232664,2287.0,10.47,97.91,0,0,1,train,seen_train
V32P-A037291,V32P-R006216,V32P-DP000986,V32P-H02,2023-11-30,Active,RECIPIENT_V1,2025-11-29,Male,Asian,North West,134.41,75,62,Deceased,Other,0,47,Managed incompatibility,4,0.237,10.5,7,1.08,-1.0082493125572776,2250.0,8.4,96.5,0,0,0,train,seen_train
V32P-A040261,V32P-R006711,V32P-DP000327,V32P-H07,2024-05-07,Active,RECIPIENT_V1,2026-05-07,Female,Asian,Scotland,37.45,65,50,Deceased,Glomerulonephritis,0,15,Standard compatible,0,0.118,9.23,7,1.25,26.903553299492387,2050.0,10.1,95.5,0,0,1,train,seen_train
V32P-A057607,V32P-R009602,V32P-DD000166,V32P-H03,2024-02-17,Active,RECIPIENT_V1,2026-02-16,Male,Mixed,Scotland,58.98,78,27,Deceased,Glomerulonephritis,0,68,Managed incompatibility,2,0.647,13.63,7,1.469,5.45585068198134,2064.5,10.65,80.41,0,0,1,train,seen_train
V32P-A008605,V32P-R001435,V32P-DD000051,V32P-H04,2024-02-06,Active,RECIPIENT_V1,2026-02-05,Male,Mixed,Scotland,108.67,68,28,Deceased,Polycystic kidney disease,0,5,Managed incompatibility,3,0.165,11.86,7,1.25,11.308993766696348,1800.0,9.6,98.5,0,0,1,train,seen_train
V32P-A038083,V32P-R006348,V32P-DL001246,V32P-H04,2024-05-25,Active,RECIPIENT_V1,2026-05-25,Female,Black,Wales,111.27,48,61,Living,Diabetic kidney disease,1,37,Managed incompatibility,5,0.37,3.37,7,0.82,2.499999999999988,2610.5,8.3,96.8,0,0,0,train,seen_train
V32P-A030739,V32P-R005124,V32P-DP000048,V32P-H01,2024-02-16,Active,RECIPIENT_V1,2026-02-15,Female,Black,Wales,130.21,39,47,Deceased,Hypertensive kidney disease,0,62,Standard compatible,5,0.308,4.39,7,1.52,23.07692307692307,2080.0,8.8,96.5,0,0,1,train,seen_train
V32P-A041305,V32P-R006885,V32P-DL000691,V32P-H05,2024-12-27,Active,RECIPIENT_V1,2026-12-27,Female,White,Northern Ireland,85.01,23,70,Living,Polycystic kidney disease,1,26,Standard compatible,0,0.893,19.03,7,0.95,24.99999999999999,2280.0,9.4,84.3,0,0,1,train,unseen_test
V32P-A009247,V32P-R001542,V32P-DL002183,V32P-H07,2024-12-10,Active,RECIPIENT_V1,2026-12-10,Male,Black,North West,40.8,56,68,Living,Polycystic kidney disease,0,65,Standard compatible,4,0.836,4.95,7,0.92,17.197452229299362,2208.2,7.87,93.74,0,0,1,train,unseen_test
V32P-A042667,V32P-R007112,V32P-DP001433,V32P-H09,2023-12-06,Active,RECIPIENT_V1,2025-12-05,Female,Asian,Northern Ireland,112.29,44,28,Deceased,Glomerulonephritis,0,56,Standard compatible,4,0.888,6.32,7,1.547,17.19696969696969,1692.4,9.0,91.04,0,0,1,train,seen_train
V32P-A044887,V32P-R007482,V32P-DL002816,V32P-H03,2024-03-17,Active,RECIPIENT_V1,2026-03-17,Female,Asian,North West,43.63,27,61,Living,Glomerulonephritis,0,52,Managed incompatibility,6,0.656,5.26,7,1.12,6.8702290076335935,2305.0,8.66,60.98,0,0,0,train,seen_train
V32P-A006001,V32P-R001001,V32P-DP001884,V32P-H01,2024-01-09,Active,RECIPIENT_V1,2026-01-08,Female,Mixed,London,71.47,46,53,Deceased,Diabetic kidney disease,0,60,Managed incompatibility,4,0.207,20.22,7,0.89,-1.8743109151047423,2350.0,8.4,87.0,0,0,0,train,seen_train
V32P-A042109,V32P-R007019,V32P-DD000129,V32P-H03,2023-11-30,Active,RECIPIENT_V1,2025-11-29,Female,Black,Wales,68.46,54,66,Deceased,Diabetic kidney disease,1,12,Standard compatible,6,0.062,2.22,7,1.934,10.325156873930409,1664.0,9.36,67.43,0,0,1,train,seen_train
V32P-A019231,V32P-R003206,V32P-DL000444,V32P-H03,2024-12-05,Active,RECIPIENT_V1,2026-12-05,Female,Other,Northern Ireland,112.69,48,38,Living,Hypertensive kidney disease,0,38,Managed incompatibility,6,0.772,7.62,7,1.21,4.7619047619047565,2250.0,8.35,96.5,0,0,1,train,seen_train
V32P-A010075,V32P-R001680,V32P-DD001937,V32P-H08,2023-11-17,Active,RECIPIENT_V1,2025-11-16,Female,Other,Scotland,114.43,38,28,Deceased,Other,0,63,Standard compatible,1,0.693,16.26,7,1.82,20.6896551724138,1513.0,11.46,84.48,0,0,1,train,seen_train
V32P-A017257,V32P-R002877,V32P-DD001157,V32P-H05,2024-09-24,Active,RECIPIENT_V1,2026-09-24,Male,Other,North West,127.26,41,51,Deceased,Diabetic kidney disease,0,48,Managed incompatibility,5,0.448,13.23,7,1.25,17.702448210922782,2050.0,8.3,83.0,0,0,1,train,seen_train
V32P-A018277,V32P-R003047,V32P-DL001710,V32P-H04,2024-11-24,Active,RECIPIENT_V1,2026-11-24,Male,Asian,Northern Ireland,23.62,74,39,Living,Polycystic kidney disease,1,12,Managed incompatibility,3,0.752,14.46,7,1.48,-1.069518716577541,2250.0,13.3,99.0,0,0,1,train,seen_train
V32P-A046159,V32P-R007694,V32P-DL001520,V32P-H02,2023-12-15,Active,RECIPIENT_V1,2025-12-14,Female,Mixed,North West,11.2,73,36,Living,Glomerulonephritis,0,47,Standard compatible,4,0.517,16.15,7,1.199,-3.228410008071028,2225.8,10.34,97.12,0,0,1,train,seen_train
V32P-A039325,V32P-R006555,V32P-DL000640,V32P-H03,2023-11-20,Active,RECIPIENT_V1,2025-11-19,Male,Other,Scotland,107.92,73,61,Living,Glomerulonephritis,0,3,Standard compatible,2,0.894,9.16,7,1.85,29.37062937062938,1690.0,10.3,70.5,0,0,1,train,seen_train
V32P-A011707,V32P-R001952,V32P-DP001084,V32P-H02,2023-12-08,Active,RECIPIENT_V1,2025-12-07,Female,Other,London,61.65,28,46,Deceased,Hypertensive kidney disease,0,62,Standard compatible,6,0.719,8.01,7,1.12,3.703703703703707,2350.0,11.8,82.0,0,0,0,train,seen_train
V32P-A034525,V32P-R005755,V32P-DL003548,V32P-H03,2024-09-13,Active,RECIPIENT_V1,2026-09-13,Female,Other,Scotland,98.78,74,39,Living,Other,0,26,Standard compatible,3,0.412,17.1,7,0.92,1.0989010989011,2380.0,11.25,81.2,0,0,0,train,seen_train
V32P-A054997,V32P-R009167,V32P-DD000804,V32P-H07,2024-02-01,Active,RECIPIENT_V1,2026-01-31,Female,Other,North West,84.35,34,58,Deceased,Glomerulonephritis,0,10,Standard compatible,2,0.886,12.54,7,1.548,-11.945392491467574,2320.7,11.12,90.12,0,0,0,train,unseen_test
V32P-A043489,V32P-R007249,V32P-DP000614,V32P-H04,2023-12-17,Active,RECIPIENT_V1,2025-12-16,Female,Asian,Wales,129.61,64,28,Deceased,Other,0,70,Standard compatible,1,0.479,18.78,7,1.65,10.220440881763512,2080.0,11.0,56.0,0,0,1,train,seen_train
V32P-A007885,V32P-R001315,V32P-DP001383,V32P-H03,2024-02-18,Active,RECIPIENT_V1,2026-02-17,Male,Mixed,London,36.82,33,62,Deceased,Polycystic kidney disease,0,41,Managed incompatibility,1,0.158,12.73,7,1.85,7.997664915353182,2035.6,10.87,76.09,0,0,1,train,seen_train
V32P-A011161,V32P-R001861,V32P-DD001355,V32P-H05,2023-12-19,Active,RECIPIENT_V1,2025-12-18,Female,Black,London,119.4,63,48,Deceased,Polycystic kidney disease,1,63,Standard compatible,5,0.516,3.83,7,1.45,17.599351175993498,2160.0,8.6,91.2,0,0,0,train,seen_train
V32P-A008953,V32P-R001493,V32P-DD001050,V32P-H03,2024-09-18,Active,RECIPIENT_V1,2026-09-18,Female,Black,Wales,26.43,52,34,Deceased,Hypertensive kidney disease,1,7,Standard compatible,6,0.615,20.16,7,1.23,5.488850771869645,2204.0,8.8,80.3,0,0,0,train,seen_train
V32P-A033931,V32P-R005656,V32P-DL000807,V32P-H07,2024-11-26,Active,RECIPIENT_V1,2026-11-26,Female,White,Northern Ireland,19.48,72,50,Living,Glomerulonephritis,0,31,Managed incompatibility,6,0.828,3.25,7,1.25,11.012433392539975,2050.0,7.2,96.8,0,0,0,train,seen_train
V32P-A041947,V32P-R006992,V32P-DP000982,V32P-H06,2024-07-20,Active,RECIPIENT_V1,2026-07-20,Male,Other,Northern Ireland,66.76,62,33,Deceased,Diabetic kidney disease,0,27,Standard compatible,6,0.599,4.97,7,1.42,22.41379310344828,2050.0,11.95,87.5,0,0,1,train,seen_train
V32P-A021787,V32P-R003632,V32P-DD001483,V32P-H03,2023-12-06,Active,RECIPIENT_V1,2025-12-05,Female,White,Northern Ireland,88.12,64,61,Deceased,Other,0,5,Managed incompatibility,5,0.7,8.92,7,1.02,-2.485659655831742,2450.0,11.3,98.2,0,0,0,train,unseen_test
V32P-A040147,V32P-R006692,V32P-DD000421,V32P-H01,2024-09-26,Active,RECIPIENT_V1,2026-09-26,Male,White,Northern Ireland,85.92,25,53,Deceased,Hypertensive kidney disease,0,9,Managed incompatibility,5,0.774,16.51,7,0.82,5.670103092783497,2615.2,9.62,85.46,0,0,1,train,seen_train
V32P-A009151,V32P-R001526,V32P-DL000999,V32P-H08,2024-12-22,Active,RECIPIENT_V1,2026-12-22,Female,Mixed,Wales,40.28,53,35,Living,Other,1,23,Standard compatible,3,0.28,5.14,7,1.52,2.3569023569023515,2190.0,6.9,99.1,0,0,1,train,seen_train
V32P-A051337,V32P-R008557,V32P-DP000737,V32P-H01,2024-09-24,Active,RECIPIENT_V1,2026-09-24,Male,Asian,Wales,116.55,57,51,Deceased,Other,0,60,Standard compatible,6,0.497,6.76,7,1.32,32.13213213213214,1819.2,12.96,62.2,0,0,1,train,seen_train
V32P-A015793,V32P-R002633,V32P-DL000164,V32P-H01,2023-12-09,Active,RECIPIENT_V1,2025-12-08,Male,Asian,Northern Ireland,70.94,70,46,Living,Other,0,43,Managed incompatibility,0,0.825,14.81,7,0.98,-2.097902097902089,2510.0,11.8,79.2,0,0,1,train,seen_train
V32P-A030535,V32P-R005090,V32P-DP000670,V32P-H07,2023-12-08,Active,RECIPIENT_V1,2025-12-07,Male,Mixed,North West,128.96,37,51,Deceased,Diabetic kidney disease,0,8,Standard compatible,6,0.505,19.65,7,1.42,4.565537555228264,1905.0,10.85,83.2,0,0,0,train,seen_train
V32P-A007075,V32P-R001180,V32P-DL003229,V32P-H06,2023-12-12,Active,RECIPIENT_V1,2025-12-11,Female,Black,Wales,104.09,60,55,Living,Glomerulonephritis,0,6,Standard compatible,3,0.328,17.54,7,1.13,-10.8832807570978,2632.5,11.6,97.8,0,0,0,train,seen_train
V32P-A059809,V32P-R009969,V32P-DP000843,V32P-H01,2023-11-14,Active,RECIPIENT_V1,2025-11-13,Male,Mixed,North West,74.36,78,66,Deceased,Other,0,9,Managed incompatibility,6,0.582,18.69,7,0.994,0.2016129032258066,2460.0,7.86,88.62,0,0,1,train,seen_train
V32P-A039847,V32P-R006642,V32P-DL000726,V32P-H04,2024-02-26,Active,RECIPIENT_V1,2026-02-25,Male,Other,Scotland,86.94,30,30,Living,Diabetic kidney disease,0,44,Standard compatible,1,0.304,15.11,7,1.089,-5.958549222797924,2389.0,7.38,87.57,0,0,0,train,seen_train
V32P-A006199,V32P-R001034,V32P-DP000279,V32P-H03,2023-12-07,Active,RECIPIENT_V1,2025-12-06,Male,Asian,London,113.57,68,66,Deceased,Polycystic kidney disease,0,15,Standard compatible,6,0.605,4.74,7,0.85,8.005082592121974,2350.0,8.2,90.5,0,0,1,train,seen_train
V32P-A024895,V32P-R004150,V32P-DP001521,V32P-H03,2024-01-17,Active,RECIPIENT_V1,2026-01-16,Female,Black,Northern Ireland,127.06,50,54,Deceased,Other,0,6,Managed incompatibility,2,0.248,3.9,7,1.62,-1.6990291262135804,2150.0,7.7,99.0,0,0,1,train,seen_train
V32P-A048871,V32P-R008146,V32P-DL003393,V32P-H06,2023-12-26,Active,RECIPIENT_V1,2025-12-25,Male,Black,North West,123.55,31,62,Living,Other,0,48,Standard compatible,1,0.743,16.33,7,1.73,4.091456077015648,1891.0,8.3,96.6,0,0,1,train,seen_train
V32P-A047425,V32P-R007905,V32P-DL002485,V32P-H07,2024-12-25,Active,RECIPIENT_V1,2026-12-25,Female,White,London,75.83,54,40,Living,Diabetic kidney disease,0,45,Standard compatible,3,0.631,6.09,7,0.859,27.4480712166172,2083.7,11.13,99.45,0,0,0,train,seen_train
V32P-A037621,V32P-R006271,V32P-DL000772,V32P-H05,2024-07-02,Active,RECIPIENT_V1,2026-07-02,Female,Asian,London,127.08,30,60,Living,Hypertensive kidney disease,1,55,Managed incompatibility,2,0.476,20.83,7,1.52,19.59087332808813,1620.0,10.1,84.5,0,0,1,train,seen_train
V32P-A031615,V32P-R005270,V32P-DL003602,V32P-H08,2024-10-30,Active,RECIPIENT_V1,2026-10-30,Male,Other,Scotland,7.09,75,55,Living,Hypertensive kidney disease,0,17,Managed incompatibility,4,0.507,12.56,7,1.42,-13.8872043662826,2510.0,10.6,87.5,0,0,0,train,seen_train
V32P-A046051,V32P-R007676,V32P-DP000189,V32P-H10,2023-11-16,Active,RECIPIENT_V1,2025-11-15,Male,Black,Northern Ireland,97.25,60,35,Deceased,Hypertensive kidney disease,0,34,Managed incompatibility,6,0.529,11.14,7,0.92,19.79166666666667,2350.0,6.9,81.5,0,0,1,train,seen_train
V32P-A021085,V32P-R003515,V32P-DD001121,V32P-H08,2025-01-01,Active,RECIPIENT_V1,2027-01-01,Male,White,North West,90.29,51,43,Deceased,Polycystic kidney disease,0,64,Standard compatible,3,0.823,17.34,7,1.535,1.3201320132013217,2007.5,8.6,79.5,0,0,1,train,seen_train
V32P-A015589,V32P-R002599,V32P-DL000613,V32P-H02,2024-07-27,Active,RECIPIENT_V1,2026-07-27,Male,Other,Northern Ireland,103.61,43,46,Living,Hypertensive kidney disease,0,12,Managed incompatibility,6,0.902,14.38,7,2.044,17.945758799769184,1779.4,11.41,87.45,0,0,0,train,seen_train
V32P-A022393,V32P-R003733,V32P-DP001140,V32P-H09,2023-12-01,Active,RECIPIENT_V1,2025-11-30,Male,Mixed,Northern Ireland,43.52,22,33,Deceased,Other,0,65,Managed incompatibility,4,0.183,19.22,7,0.98,3.1578947368421084,2150.0,11.4,81.0,0,0,1,train,seen_train
V32P-A034279,V32P-R005714,V32P-DP000153,V32P-H02,2024-09-02,Active,RECIPIENT_V1,2026-09-02,Male,Asian,Northern Ireland,51.81,65,47,Deceased,Polycystic kidney disease,0,28,Standard compatible,5,0.341,19.09,7,1.404,19.185059422750424,2268.1,12.16,96.98,0,0,0,train,seen_train
V32P-A009445,V32P-R001575,V32P-DP001319,V32P-H02,2023-12-03,Active,RECIPIENT_V1,2025-12-02,Female,Mixed,London,31.11,41,48,Deceased,Other,1,42,Managed incompatibility,0,0.529,5.31,7,1.26,9.28013876843018,2207.0,11.93,65.94,0,0,0,train,seen_train
V32P-A014167,V32P-R002362,V32P-DL003256,V32P-H07,2024-06-19,Active,RECIPIENT_V1,2026-06-19,Female,Asian,Wales,126.17,49,54,Living,Diabetic kidney disease,0,71,Managed incompatibility,5,0.45,8.19,7,1.32,-1.492537313432837,2300.0,9.1,93.8,0,0,0,train,seen_train
V32P-A030913,V32P-R005153,V32P-DP000827,V32P-H03,2023-11-14,Active,RECIPIENT_V1,2025-11-13,Female,Mixed,Wales,92.72,50,50,Deceased,Diabetic kidney disease,0,49,Managed incompatibility,3,0.53,7.74,7,1.82,24.65753424657535,1910.5,9.65,79.2,0,0,1,train,seen_train
V32P-A054637,V32P-R009107,V32P-DL001708,V32P-H01,2024-08-12,Active,RECIPIENT_V1,2026-08-12,Female,Asian,North West,85.14,28,31,Living,Polycystic kidney disease,0,29,Standard compatible,2,0.116,15.58,7,1.15,6.284658040665419,2190.0,12.8,98.5,0,0,1,train,seen_train
V32P-A048403,V32P-R008068,V32P-DP001583,V32P-H07,2024-06-18,Active,RECIPIENT_V1,2026-06-18,Male,Mixed,Northern Ireland,70.88,75,49,Deceased,Diabetic kidney disease,0,39,Standard compatible,4,0.801,5.61,7,1.65,22.85927029039464,1700.0,12.3,84.0,0,0,1,train,seen_train
V32P-A037219,V32P-R006204,V32P-DL002356,V32P-H05,2023-12-02,Active,RECIPIENT_V1,2025-12-01,Male,Mixed,Northern Ireland,45.85,29,58,Living,Other,0,70,Standard compatible,6,0.401,9.61,7,1.42,9.652509652509654,2150.0,9.3,99.2,0,0,0,train,seen_train
V32P-A016969,V32P-R002829,V32P-DD001847,V32P-H08,2023-12-22,Active,RECIPIENT_V1,2025-12-21,Male,Black,London,73.15,22,56,Deceased,Hypertensive kidney disease,0,55,Managed incompatibility,6,0.288,9.29,7,1.09,0.6463527239150616,2510.0,11.1,98.5,0,0,1,train,seen_train
V32P-A000589,V32P-R000099,V32P-DP001506,V32P-H02,2023-11-20,Active,RECIPIENT_V1,2025-11-19,Female,Black,North West,73.29,61,47,Deceased,Other,0,22,Standard compatible,3,0.118,7.86,7,1.92,16.363636363636363,1610.5,10.35,98.2,0,0,1,train,seen_train
V32P-A009061,V32P-R001511,V32P-DP000232,V32P-H01,2023-11-11,Invalidated,RECIPIENT_V3,2025-11-10,Male,Mixed,London,18.53,35,59,Deceased,Other,0,12,Managed incompatibility,4,0.489,17.78,7,1.02,13.082039911308202,2150.0,11.3,98.5,0,0,1,train,seen_train
V32P-A032245,V32P-R005375,V32P-DL002859,V32P-H02,2024-02-21,Active,RECIPIENT_V1,2026-02-20,Male,Mixed,Scotland,48.67,48,63,Living,Other,0,67,Managed incompatibility,6,0.172,16.73,7,1.48,21.41099261689909,2090.0,10.35,82.5,0,0,0,train,seen_train
V32P-A006283,V32P-R001048,V32P-DD001631,V32P-H05,2024-02-02,Active,RECIPIENT_V1,2026-02-01,Male,White,Scotland,47.74,78,37,Deceased,Hypertensive kidney disease,0,34,Managed incompatibility,4,0.687,15.75,7,0.92,22.0159151193634,2180.0,11.5,96.5,0,0,0,train,seen_train
V32P-A007441,V32P-R001241,V32P-DL001434,V32P-H07,2023-12-25,Active,RECIPIENT_V1,2025-12-24,Female,Other,Northern Ireland,64.29,78,69,Living,Glomerulonephritis,0,39,Managed incompatibility,3,0.612,13.24,7,0.78,5.6910569105691104,2350.0,8.6,60.0,0,0,0,train,seen_train
V32P-A056179,V32P-R009364,V32P-DL003908,V32P-H02,2023-12-23,Active,RECIPIENT_V1,2025-12-22,Female,Black,London,20.73,73,62,Living,Diabetic kidney disease,1,22,Managed incompatibility,5,0.395,15.02,7,0.95,-5.094905094905089,2650.1,9.92,84.02,0,0,0,train,seen_train
V32P-A057259,V32P-R009544,V32P-DP001789,V32P-H07,2024-10-02,Invalidated,RECIPIENT_V3,2026-10-02,Female,Other,Northern Ireland,11.99,76,26,Deceased,Other,0,14,Standard compatible,3,0.807,13.61,7,0.98,13.953488372093023,2357.0,11.0,94.1,0,0,1,train,seen_train
V32P-A054901,V32P-R009151,V32P-DL000841,V32P-H05,2024-06-15,Active,RECIPIENT_V1,2026-06-15,Female,Black,North West,98.52,70,36,Living,Glomerulonephritis,0,62,Standard compatible,4,0.489,19.17,7,0.94,-1.3641133263378815,2510.0,11.1,74.5,0,0,1,train,seen_train
V32P-A052411,V32P-R008736,V32P-DD000781,V32P-H03,2025-01-04,Active,RECIPIENT_V1,2027-01-04,Female,Other,North West,77.55,42,57,Deceased,Glomerulonephritis,0,9,Standard compatible,0,0.072,4.14,7,0.68,-0.4392386530014645,2550.0,7.1,65.0,0,0,1,train,unseen_test
V32P-A051001,V32P-R008501,V32P-DL000572,V32P-H02,2023-11-19,Active,RECIPIENT_V1,2025-11-18,Female,Asian,Scotland,97.22,62,54,Living,Glomerulonephritis,0,39,Managed incompatibility,1,0.242,17.63,7,0.98,3.923647932131499,2350.0,11.2,86.5,0,0,0,train,unseen_test
V32P-A051571,V32P-R008596,V32P-DD001881,V32P-H07,2024-04-10,Active,RECIPIENT_V1,2026-04-10,Female,Black,North West,29.95,61,41,Deceased,Hypertensive kidney disease,0,29,Managed incompatibility,3,0.71,16.53,7,1.49,23.96006655574044,1686.0,10.77,87.53,0,0,1,train,seen_train
V32P-A006181,V32P-R001031,V32P-DL002668,V32P-H03,2025-01-06,Invalidated,RECIPIENT_V3,2027-01-06,Female,Asian,North West,120.6,63,30,Living,Diabetic kidney disease,1,59,Managed incompatibility,4,0.432,14.95,7,1.396,26.793823796548587,1851.1,8.27,82.07,0,0,1,train,seen_train
V32P-A055393,V32P-R009233,V32P-DL001152,V32P-H02,2023-12-11,Active,RECIPIENT_V1,2025-12-10,Female,White,North West,112.76,54,46,Living,Glomerulonephritis,0,30,Managed incompatibility,2,0.786,11.26,7,1.25,3.220478943022289,2150.0,10.8,93.5,0,0,1,train,seen_train
V32P-A025189,V32P-R004199,V32P-DD001991,V32P-H02,2024-04-07,Active,RECIPIENT_V1,2026-04-07,Male,Black,Northern Ireland,82.16,55,42,Deceased,Diabetic kidney disease,0,63,Standard compatible,3,0.566,5.88,7,1.582,18.147871545929807,2021.9,10.57,79.96,0,0,0,train,seen_train
V32P-A046003,V32P-R007668,V32P-DD000099,V32P-H01,2024-12-07,Active,RECIPIENT_V1,2026-12-07,Male,Asian,Wales,95.92,44,41,Deceased,Other,0,61,Managed incompatibility,3,0.672,3.73,7,1.52,-4.821540388227925,2210.0,9.8,97.5,0,0,1,train,seen_train
V32P-A026689,V32P-R004449,V32P-DP001104,V32P-H03,2024-05-12,Active,RECIPIENT_V1,2026-05-12,Male,Black,North West,66.24,76,38,Deceased,Glomerulonephritis,0,62,Standard compatible,0,0.222,20.5,7,1.58,1.4771997430957051,1900.0,8.6,97.5,0,0,1,train,unseen_test
V32P-A025483,V32P-R004248,V32P-DL000971,V32P-H08,2023-12-20,Active,RECIPIENT_V1,2025-12-19,Male,Asian,London,28.06,66,49,Living,Glomerulonephritis,0,67,Managed incompatibility,1,0.549,17.78,7,1.56,2.2280471821756245,2150.0,10.0,78.0,0,0,1,train,seen_train
V32P-A022831,V32P-R003806,V32P-DD000528,V32P-H03,2024-03-30,Active,RECIPIENT_V1,2026-03-30,Male,Other,North West,34.37,44,26,Deceased,Hypertensive kidney disease,0,50,Standard compatible,0,0.211,6.74,7,0.982,19.31956257594168,2181.5,12.24,95.91,0,0,0,train,unseen_test
V32P-A057559,V32P-R009594,V32P-DP001725,V32P-H04,2024-10-31,Active,RECIPIENT_V1,2026-10-31,Male,Other,Northern Ireland,113.55,69,68,Deceased,Hypertensive kidney disease,0,26,Standard compatible,6,0.869,15.54,7,1.43,-5.172413793103453,2180.0,7.5,96.8,0,0,0,train,seen_train
V32P-A009235,V32P-R001540,V32P-DL001953,V32P-H02,2023-12-21,Active,RECIPIENT_V1,2025-12-20,Female,Other,Wales,118.99,27,44,Living,Glomerulonephritis,0,64,Managed incompatibility,6,0.849,20.66,7,0.97,10.35267349260523,2397.4,10.23,98.5,0,0,1,train,seen_train
V32P-A004495,V32P-R000750,V32P-DP001137,V32P-H08,2024-05-27,Active,RECIPIENT_V1,2026-05-27,Female,Other,North West,126.46,45,65,Deceased,Hypertensive kidney disease,0,62,Standard compatible,2,0.283,2.39,7,2.05,19.953188999414845,1680.0,9.35,97.2,0,0,0,train,seen_train
V32P-A020881,V32P-R003481,V32P-DD000309,V32P-H08,2025-01-06,Active,RECIPIENT_V1,2027-01-06,Female,White,London,17.59,28,40,Deceased,Other,1,35,Standard compatible,2,0.791,3.89,7,1.05,3.754940711462454,2600.0,9.3,92.5,0,0,0,train,seen_train
V32P-A028321,V32P-R004721,V32P-DD000877,V32P-H05,2024-01-13,Active,RECIPIENT_V1,2026-01-12,Male,Other,Scotland,31.17,69,54,Deceased,Other,0,38,Managed incompatibility,5,0.601,5.5,7,1.642,9.24817032601464,1833.8,10.26,96.64,0,0,0,train,seen_train
V32P-A011395,V32P-R001900,V32P-DP001392,V32P-H01,2024-08-31,Active,RECIPIENT_V1,2026-08-31,Male,White,Wales,35.06,49,53,Deceased,Diabetic kidney disease,0,65,Standard compatible,4,0.397,7.69,7,0.82,21.661721068249243,2150.0,8.1,83.83,0,0,0,train,seen_train
V32P-A015193,V32P-R002533,V32P-DL001070,V32P-H02,2024-03-08,Active,RECIPIENT_V1,2026-03-08,Female,Asian,London,91.83,68,50,Living,Glomerulonephritis,1,12,Managed incompatibility,1,0.087,20.05,7,0.955,-10.664172123479888,2616.9,9.95,98.44,0,0,0,train,seen_train
V32P-A024991,V32P-R004166,V32P-DP001309,V32P-H04,2024-06-22,Active,RECIPIENT_V1,2026-06-22,Female,White,London,47.45,35,49,Deceased,Other,0,9,Managed incompatibility,5,0.499,6.46,7,1.65,-2.5974025974026,1900.0,6.3,82.0,0,0,0,train,seen_train
V32P-A057289,V32P-R009549,V32P-DL001165,V32P-H04,2023-12-07,Active,RECIPIENT_V1,2025-12-06,Female,Asian,North West,117.09,46,58,Living,Other,0,38,Standard compatible,4,0.393,19.63,7,1.05,-7.488986784140966,2600.0,11.7,98.2,0,0,0,train,seen_train
V32P-A015415,V32P-R002570,V32P-DD001424,V32P-H02,2024-02-07,Active,RECIPIENT_V1,2026-02-06,Male,Other,London,136.93,45,62,Deceased,Hypertensive kidney disease,0,18,Standard compatible,6,0.658,8.61,7,0.97,33.425034387895465,2283.9,11.02,96.67,0,0,1,train,seen_train
V32P-A018451,V32P-R003076,V32P-DL003990,V32P-H05,2023-11-11,Active,RECIPIENT_V1,2025-11-10,Female,Black,Northern Ireland,57.2,78,46,Living,Hypertensive kidney disease,0,33,Standard compatible,4,0.889,11.74,7,0.91,3.7628278221208697,2350.0,10.8,85.5,0,0,1,train,seen_train
V32P-A027031,V32P-R004506,V32P-DD000532,V32P-H04,2024-04-12,Active,RECIPIENT_V1,2026-04-12,Female,Mixed,Wales,67.9,37,43,Deceased,Hypertensive kidney disease,0,43,Standard compatible,5,0.064,15.46,7,0.89,-10.732196589769307,2650.0,10.0,88.5,0,0,1,train,seen_train
V32P-A029653,V32P-R004943,V32P-DP000106,V32P-H06,2023-11-14,Active,RECIPIENT_V1,2025-11-13,Male,Asian,North West,130.34,71,66,Deceased,Hypertensive kidney disease,0,67,Standard compatible,0,0.437,11.72,7,1.75,7.099143206854352,1680.0,11.6,62.0,0,0,1,train,seen_train
V32P-A053311,V32P-R008886,V32P-DL001064,V32P-H07,2024-05-29,Active,RECIPIENT_V1,2026-05-29,Male,Black,London,69.78,70,57,Living,Glomerulonephritis,0,41,Managed incompatibility,2,0.4,20.43,7,1.14,7.0422535211267565,2463.0,9.83,99.21,0,0,0,train,unseen_test
V32P-A018349,V32P-R003059,V32P-DD001692,V32P-H01,2024-10-16,Active,RECIPIENT_V1,2026-10-16,Male,Mixed,Northern Ireland,8.59,55,67,Deceased,Glomerulonephritis,0,4,Standard compatible,0,0.886,11.47,7,1.45,27.19298245614036,1680.0,8.3,97.5,0,0,1,train,seen_train
V32P-A041809,V32P-R006969,V32P-DL001973,V32P-H07,2024-01-19,Active,RECIPIENT_V1,2026-01-18,Female,Mixed,London,14.16,71,29,Living,Polycystic kidney disease,0,61,Standard compatible,6,0.66,6.05,7,1.12,34.13173652694613,2034.0,9.5,97.4,0,0,1,train,unseen_test
V32P-A021073,V32P-R003513,V32P-DL003661,V32P-H05,2024-05-02,Active,RECIPIENT_V1,2026-05-02,Female,Other,North West,66.33,62,27,Living,Other,0,31,Standard compatible,6,0.873,18.32,7,1.598,13.574982231698652,1855.9,10.63,79.54,0,0,1,train,seen_train
V32P-A025651,V32P-R004276,V32P-DP001991,V32P-H06,2023-12-15,Active,RECIPIENT_V1,2025-12-14,Female,Asian,Wales,28.77,51,59,Deceased,Hypertensive kidney disease,0,22,Standard compatible,0,0.863,2.23,7,1.14,-0.6102877070619108,2094.0,9.96,86.6,0,0,1,train,seen_train
V32P-A049489,V32P-R008249,V32P-DL003903,V32P-H02,2024-08-19,Active,RECIPIENT_V1,2026-08-19,Male,Other,North West,21.17,34,26,Living,Other,0,19,Managed incompatibility,2,0.763,8.02,7,1.15,-6.807131280388985,2350.0,8.9,99.0,0,0,0,train,seen_train
V32P-A045403,V32P-R007568,V32P-DP000367,V32P-H04,2023-11-21,Active,RECIPIENT_V1,2025-11-20,Male,Other,North West,62.49,59,69,Deceased,Diabetic kidney disease,0,67,Managed incompatibility,5,0.14,11.04,7,0.84,1.3268998793727396,2390.0,11.6,96.3,0,0,0,train,seen_train
V32P-A003433,V32P-R000573,V32P-DD001727,V32P-H08,2023-11-26,Invalidated,RECIPIENT_V3,2025-11-25,Female,Black,Scotland,119.38,64,62,Deceased,Other,0,72,Standard compatible,5,0.397,11.12,7,0.81,-12.526997840172784,2310.5,11.15,99.6,0,0,0,train,seen_train
V32P-A041089,V32P-R006849,V32P-DL002467,V32P-H02,2024-07-06,Active,RECIPIENT_V1,2026-07-06,Female,Mixed,Northern Ireland,46.05,40,53,Living,Other,0,48,Standard compatible,6,0.578,18.31,7,1.2,4.5296167247386805,2521.3,9.65,98.72,0,0,1,train,unseen_test
V32P-A001471,V32P-R000246,V32P-DP001723,V32P-H06,2024-10-12,Active,RECIPIENT_V1,2026-10-12,Female,White,Scotland,90.7,26,42,Deceased,Other,0,66,Standard compatible,0,0.082,19.08,7,1.25,24.37810945273633,2080.0,8.3,96.2,0,0,1,train,unseen_test
V32P-A040729,V32P-R006789,V32P-DP001405,V32P-H06,2023-12-20,Active,RECIPIENT_V1,2025-12-19,Male,Asian,Scotland,126.13,32,50,Deceased,Glomerulonephritis,1,64,Managed incompatibility,2,0.332,11.81,7,0.68,-6.721536351165971,2710.5,11.3,96.0,0,0,0,train,seen_train
V32P-A051841,V32P-R008641,V32P-DL003323,V32P-H08,2023-11-17,Active,RECIPIENT_V1,2025-11-16,Female,Black,Northern Ireland,37.86,57,61,Living,Polycystic kidney disease,0,68,Standard compatible,6,0.624,9.39,7,0.85,26.30014858841009,2190.0,9.4,97.5,0,0,1,train,seen_train
V32P-A045823,V32P-R007638,V32P-DP001047,V32P-H05,2024-08-01,Active,RECIPIENT_V1,2026-08-01,Male,Mixed,Wales,34.85,48,46,Deceased,Polycystic kidney disease,1,23,Standard compatible,3,0.635,13.94,7,0.68,-14.032869785082172,2624.0,10.5,81.36,0,0,0,train,seen_train
V32P-A018085,V32P-R003015,V32P-DD000229,V32P-H05,2023-12-18,Active,RECIPIENT_V1,2025-12-17,Female,Asian,Scotland,79.72,71,55,Deceased,Diabetic kidney disease,0,52,Standard compatible,0,0.414,14.37,7,1.09,8.673978065802611,2296.0,9.83,91.43,0,0,1,train,seen_train
V32P-A054181,V32P-R009031,V32P-DD001332,V32P-H09,2024-07-31,Active,RECIPIENT_V1,2026-07-31,Female,Asian,North West,128.45,51,37,Deceased,Diabetic kidney disease,0,31,Managed incompatibility,6,0.908,4.01,7,1.52,-2.5016035920461785,2310.0,8.1,96.5,0,0,0,train,unseen_test
V32P-A043477,V32P-R007247,V32P-DP000832,V32P-H02,2024-03-12,Active,RECIPIENT_V1,2026-03-12,Female,White,Wales,12.72,22,65,Deceased,Polycystic kidney disease,0,18,Standard compatible,1,0.763,16.37,7,1.354,-14.140773620798978,2272.3,7.24,96.89,0,0,0,train,seen_train
V32P-A007039,V32P-R001174,V32P-DL001677,V32P-H10,2023-12-03,Active,RECIPIENT_V1,2025-12-02,Female,Mixed,London,103.02,24,33,Living,Glomerulonephritis,1,55,Managed incompatibility,2,0.82,16.94,7,1.92,22.13740458015266,1510.0,11.8,86.0,0,0,1,train,seen_train
V32P-A004471,V32P-R000746,V32P-DD001624,V32P-H02,2024-02-17,Active,RECIPIENT_V1,2026-02-16,Male,Black,Scotland,19.16,65,51,Deceased,Polycystic kidney disease,0,59,Standard compatible,1,0.25,8.98,7,1.52,-8.488862131246238,2300.0,9.8,96.5,0,0,1,train,unseen_test
V32P-A043999,V32P-R007334,V32P-DP000981,V32P-H01,2024-06-03,Active,RECIPIENT_V1,2026-06-03,Female,Other,North West,62.67,52,44,Deceased,Glomerulonephritis,0,8,Managed incompatibility,6,0.266,13.82,7,1.62,12.891986062717775,1850.0,11.5,79.3,0,0,0,train,seen_train
V32P-A016639,V32P-R002774,V32P-DP001774,V32P-H09,2023-12-20,Active,RECIPIENT_V1,2025-12-19,Female,Asian,Wales,119.35,26,65,Deceased,Polycystic kidney disease,0,65,Managed incompatibility,3,0.169,17.49,7,1.164,19.876416065911425,2191.3,12.21,97.97,0,0,0,train,unseen_test
V32P-A054559,V32P-R009094,V32P-DP000073,V32P-H01,2024-05-30,Active,RECIPIENT_V1,2026-05-30,Female,Black,London,111.87,48,62,Deceased,Polycystic kidney disease,0,12,Managed incompatibility,5,0.652,19.86,7,0.85,2.286401925391097,2365.7,11.97,97.6,0,0,0,train,seen_train
V32P-A019789,V32P-R003299,V32P-DL001408,V32P-H04,2024-01-17,Active,RECIPIENT_V1,2026-01-16,Male,Mixed,Scotland,117.65,30,39,Living,Glomerulonephritis,0,25,Standard compatible,2,0.604,18.48,7,1.15,-6.122448979591851,2600.0,13.4,89.0,0,0,0,train,seen_train
V32P-A038137,V32P-R006357,V32P-DL001013,V32P-H03,2024-09-21,Active,RECIPIENT_V1,2026-09-21,Male,Other,Northern Ireland,104.02,31,45,Living,Hypertensive kidney disease,0,72,Standard compatible,2,0.772,8.94,7,1.214,7.815275310834822,2253.1,10.33,94.55,0,0,1,train,seen_train
V32P-A020557,V32P-R003427,V32P-DL001355,V32P-H04,2023-11-23,Active,RECIPIENT_V1,2025-11-22,Female,Mixed,North West,65.09,59,45,Living,Other,0,40,Managed incompatibility,4,0.159,16.3,7,1.68,-0.1189060642092747,2050.0,9.2,98.5,0,0,1,train,seen_train
V32P-A059377,V32P-R009897,V32P-DL003284,V32P-H02,2024-07-10,Active,RECIPIENT_V1,2026-07-10,Male,Asian,Scotland,95.52,33,53,Living,Diabetic kidney disease,0,40,Managed incompatibility,4,0.36,13.16,7,0.958,22.82051282051281,1827.2,12.64,98.5,0,0,1,train,seen_train
V32P-A007321,V32P-R001221,V32P-DL001171,V32P-H01,2023-12-23,Active,RECIPIENT_V1,2025-12-22,Female,Mixed,Scotland,126.72,49,25,Living,Glomerulonephritis,0,12,Standard compatible,0,0.9,7.71,7,0.86,17.96982167352538,2450.0,11.0,82.3,0,0,1,train,seen_train
V32P-A012217,V32P-R002037,V32P-DP001216,V32P-H06,2024-04-28,Active,RECIPIENT_V1,2026-04-28,Female,White,Wales,104.71,55,52,Deceased,Diabetic kidney disease,0,10,Standard compatible,5,0.827,19.49,7,1.025,26.387176325524024,2291.9,11.88,96.26,0,0,1,train,seen_train
V32P-A043705,V32P-R007285,V32P-DL003366,V32P-H06,2024-10-16,Active,RECIPIENT_V1,2026-10-16,Male,White,London,19.21,39,47,Living,Hypertensive kidney disease,0,5,Standard compatible,3,0.062,13.39,7,0.82,19.533527696792987,2350.0,7.9,97.8,0,0,1,train,seen_train
V32P-A023323,V32P-R003888,V32P-DL003972,V32P-H02,2024-03-18,Active,RECIPIENT_V1,2026-03-18,Male,Black,Northern Ireland,51.24,26,35,Living,Other,1,12,Managed incompatibility,1,0.477,16.79,7,0.89,6.586826347305396,2150.0,11.3,99.0,0,0,0,train,seen_train
V32P-A011101,V32P-R001851,V32P-DD000894,V32P-H09,2023-12-21,Active,RECIPIENT_V1,2025-12-20,Male,Black,Scotland,31.35,29,70,Deceased,Diabetic kidney disease,0,70,Standard compatible,3,0.69,14.88,7,1.28,9.215017064846425,2033.0,7.78,99.62,0,0,0,train,seen_train
V32P-A053731,V32P-R008956,V32P-DP001637,V32P-H02,2024-08-04,Active,RECIPIENT_V1,2026-08-04,Male,White,London,121.08,33,46,Deceased,Hypertensive kidney disease,0,20,Standard compatible,5,0.682,12.44,7,0.96,-3.323262839879157,2350.0,9.5,97.0,0,0,1,train,seen_train
V32P-A025123,V32P-R004188,V32P-DD000055,V32P-H01,2023-12-22,Active,RECIPIENT_V1,2025-12-21,Female,Mixed,London,86.17,66,27,Deceased,Hypertensive kidney disease,0,61,Managed incompatibility,2,0.693,13.71,7,1.23,-2.070063694267518,2600.0,7.8,99.2,0,0,0,train,unseen_test
V32P-A038827,V32P-R006472,V32P-DP000335,V32P-H07,2023-11-18,Active,RECIPIENT_V1,2025-11-17,Female,White,Northern Ireland,120.14,63,68,Deceased,Glomerulonephritis,0,67,Standard compatible,0,0.063,3.59,7,1.19,21.67689161554192,2046.0,10.81,99.34,0,0,1,train,seen_train
V32P-A010747,V32P-R001792,V32P-DL001488,V32P-H04,2024-12-22,Active,RECIPIENT_V1,2026-12-22,Male,Other,Scotland,108.41,60,31,Living,Glomerulonephritis,0,53,Managed incompatibility,6,0.107,17.84,7,1.28,28.3851554663992,2050.0,12.6,56.0,0,0,1,train,unseen_test
V32P-A015907,V32P-R002652,V32P-DD001954,V32P-H02,2024-07-17,Active,RECIPIENT_V1,2026-07-17,Male,Other,North West,36.29,39,59,Deceased,Diabetic kidney disease,0,20,Managed incompatibility,2,0.455,18.86,7,1.02,38.39891451831751,1785.5,11.1,96.2,0,0,0,train,seen_train
V32P-A007213,V32P-R001203,V32P-DL000342,V32P-H01,2024-03-29,Active,RECIPIENT_V1,2026-03-29,Female,White,Northern Ireland,39.6,34,30,Living,Polycystic kidney disease,0,22,Managed incompatibility,6,0.286,20.07,7,1.523,-4.093198992443336,2147.5,8.84,60.47,0,0,1,train,unseen_test
V32P-A033001,V32P-R005501,V32P-DL000381,V32P-H01,2024-11-07,Active,RECIPIENT_V1,2026-11-07,Male,White,Wales,26.46,49,38,Living,Diabetic kidney disease,0,65,Standard compatible,3,0.778,9.05,7,1.09,26.74418604651164,2185.0,12.3,97.9,0,0,1,train,unseen_test
V32P-A010675,V32P-R001780,V32P-DP000766,V32P-H05,2023-12-17,Active,RECIPIENT_V1,2025-12-16,Female,Mixed,London,132.52,28,60,Deceased,Polycystic kidney disease,0,25,Managed incompatibility,5,0.802,6.09,7,0.98,22.49999999999999,2090.0,11.4,92.6,0,0,1,train,seen_train
V32P-A051205,V32P-R008535,V32P-DL002084,V32P-H07,2024-04-05,Invalidated,RECIPIENT_V3,2026-04-05,Male,White,Scotland,54.85,63,30,Living,Glomerulonephritis,1,54,Standard compatible,2,0.243,4.91,7,1.26,3.960396039603964,2100.0,8.2,97.0,0,0,1,train,seen_train
V32P-A019747,V32P-R003292,V32P-DL000964,V32P-H04,2023-11-11,Active,RECIPIENT_V1,2025-11-10,Male,Mixed,Scotland,73.98,34,52,Living,Glomerulonephritis,0,32,Standard compatible,4,0.282,14.91,7,1.504,-4.325699745547078,2235.8,9.58,70.02,0,0,1,train,seen_train
V32P-A039673,V32P-R006613,V32P-DL002198,V32P-H01,2024-05-13,Active,RECIPIENT_V1,2026-05-13,Female,Asian,North West,134.87,24,68,Living,Polycystic kidney disease,0,39,Managed incompatibility,6,0.377,2.3,7,1.563,12.043010752688168,2115.6,7.97,99.61,0,0,1,train,seen_train
V32P-A055609,V32P-R009269,V32P-DD001524,V32P-H09,2023-11-23,Active,RECIPIENT_V1,2025-11-22,Male,Mixed,Scotland,9.83,33,26,Deceased,Hypertensive kidney disease,0,15,Standard compatible,4,0.383,15.01,7,1.05,15.005476451259584,2010.0,8.9,98.5,0,0,1,train,seen_train
V32P-A026215,V32P-R004370,V32P-DL003547,V32P-H01,2023-12-15,Active,RECIPIENT_V1,2025-12-14,Male,Mixed,London,59.23,43,61,Living,Hypertensive kidney disease,0,22,Standard compatible,3,0.185,14.1,7,1.486,2.9085872576177314,2118.2,11.44,74.74,0,0,1,train,seen_train
V32P-A048721,V32P-R008121,V32P-DP000756,V32P-H07,2024-09-25,Active,RECIPIENT_V1,2026-09-25,Female,Mixed,Wales,36.98,65,30,Deceased,Hypertensive kidney disease,0,67,Standard compatible,2,0.255,3.12,7,1.298,-1.442672741078201,2185.0,11.05,93.91,0,0,0,train,seen_train
V32P-A055495,V32P-R009250,V32P-DD001638,V32P-H04,2024-02-17,Active,RECIPIENT_V1,2026-02-16,Male,Black,Scotland,114.49,48,48,Deceased,Polycystic kidney disease,0,53,Standard compatible,3,0.231,19.64,7,1.24,22.167487684729075,1905.0,9.8,97.0,0,0,1,train,seen_train
V32P-A030319,V32P-R005054,V32P-DP000485,V32P-H02,2024-04-05,Active,RECIPIENT_V1,2026-04-05,Male,Asian,Northern Ireland,27.52,77,52,Deceased,Polycystic kidney disease,0,4,Standard compatible,4,0.568,18.65,7,1.627,6.688524590163941,1979.4,8.22,99.46,0,0,1,train,seen_train
V32P-A054013,V32P-R009003,V32P-DP000147,V32P-H09,2024-03-25,Active,RECIPIENT_V1,2026-03-25,Female,Other,Wales,138.9,75,52,Deceased,Polycystic kidney disease,0,20,Managed incompatibility,0,0.132,9.98,7,1.595,21.292775665399244,1791.1,10.41,98.3,0,0,1,train,seen_train
V32P-A001927,V32P-R000322,V32P-DD001155,V32P-H03,2024-10-12,Active,RECIPIENT_V1,2026-10-12,Male,Other,London,29.39,59,26,Deceased,Polycystic kidney disease,1,24,Managed incompatibility,0,0.752,18.18,7,1.94,14.792899408284024,1910.9,10.04,99.66,0,0,1,train,seen_train
V32P-A007195,V32P-R001200,V32P-DD000103,V32P-H02,2024-08-12,Active,RECIPIENT_V1,2026-08-12,Female,Other,Wales,98.7,30,67,Deceased,Diabetic kidney disease,1,19,Managed incompatibility,3,0.9,5.83,7,0.874,13.80208333333333,2430.1,11.03,66.91,0,0,0,train,seen_train
V32P-A039475,V32P-R006580,V32P-DL000818,V32P-H02,2024-11-26,Active,RECIPIENT_V1,2026-11-26,Female,Black,London,47.7,38,38,Living,Polycystic kidney disease,0,66,Managed incompatibility,6,0.781,13.5,7,0.96,16.363636363636363,2250.0,11.6,65.0,0,0,1,train,seen_train
V32P-A051271,V32P-R008546,V32P-DP000894,V32P-H02,2024-12-13,Invalidated,RECIPIENT_V3,2026-12-13,Male,White,Northern Ireland,80.94,53,32,Deceased,Diabetic kidney disease,0,13,Managed incompatibility,6,0.915,18.24,7,1.658,-3.492433061699654,1932.3,7.79,95.74,0,0,1,train,seen_train
V32P-A051943,V32P-R008658,V32P-DL001392,V32P-H07,2023-12-21,Active,RECIPIENT_V1,2025-12-20,Male,Asian,London,14.49,25,59,Living,Polycystic kidney disease,0,54,Managed incompatibility,5,0.228,13.43,7,1.25,15.633672525439414,2050.0,12.3,93.5,0,0,0,train,seen_train
V32P-A001081,V32P-R000181,V32P-DP001512,V32P-H04,2023-12-03,Active,RECIPIENT_V1,2025-12-02,Male,Other,Northern Ireland,81.65,69,67,Deceased,Diabetic kidney disease,0,16,Standard compatible,0,0.175,3.26,7,1.32,-0.5275056518462619,2250.0,11.6,98.2,0,0,1,train,unseen_test
V32P-A001231,V32P-R000206,V32P-DL000336,V32P-H03,2023-11-23,Active,RECIPIENT_V1,2025-11-22,Male,White,Scotland,41.58,40,52,Living,Diabetic kidney disease,1,28,Managed incompatibility,5,0.448,4.23,7,1.78,13.159567705022257,1905.0,9.1,90.5,0,0,0,train,seen_train
V32P-A020203,V32P-R003368,V32P-DP001453,V32P-H08,2023-11-28,Active,RECIPIENT_V1,2025-11-27,Female,White,London,64.51,24,51,Deceased,Diabetic kidney disease,0,60,Standard compatible,2,0.259,6.69,7,1.35,-2.2447501810282344,1900.0,10.8,98.0,0,0,1,train,seen_train
V32P-A052333,V32P-R008723,V32P-DL003376,V32P-H06,2024-05-04,Active,RECIPIENT_V1,2026-05-04,Male,Black,London,125.85,55,38,Living,Hypertensive kidney disease,0,71,Standard compatible,1,0.722,12.06,7,1.438,0.7708479327259915,2209.7,8.39,98.22,0,0,1,train,seen_train
V32P-A047563,V32P-R007928,V32P-DP000525,V32P-H08,2023-11-24,Active,RECIPIENT_V1,2025-11-23,Male,Black,Wales,69.06,30,45,Deceased,Glomerulonephritis,0,32,Standard compatible,1,0.808,8.07,7,1.61,7.548430193720773,2280.0,7.9,87.5,0,0,1,train,seen_train
V32P-A035365,V32P-R005895,V32P-DP001016,V32P-H01,2024-05-14,Active,RECIPIENT_V1,2026-05-14,Female,Asian,Scotland,31.2,45,42,Deceased,Glomerulonephritis,0,14,Standard compatible,1,0.618,20.82,7,1.82,21.091151031270805,1850.0,8.4,86.5,0,0,0,train,seen_train
V32P-A019087,V32P-R003182,V32P-DL003184,V32P-H01,2024-03-31,Active,RECIPIENT_V1,2026-03-31,Female,White,Northern Ireland,121.49,31,34,Living,Other,0,13,Standard compatible,2,0.124,7.82,7,1.462,-4.193971166448234,2241.1,7.59,86.6,0,0,1,train,unseen_test
V32P-A003367,V32P-R000562,V32P-DL003622,V32P-H02,2023-12-29,Active,RECIPIENT_V1,2025-12-28,Male,Mixed,North West,101.77,45,43,Living,Diabetic kidney disease,0,26,Managed incompatibility,5,0.846,20.42,7,1.92,18.372379778051776,1680.0,11.3,64.4,0,0,1,train,seen_train
V32P-A051139,V32P-R008524,V32P-DL000266,V32P-H01,2024-11-15,Active,RECIPIENT_V1,2026-11-15,Female,Black,Wales,32.02,61,38,Living,Other,0,23,Standard compatible,4,0.928,18.52,7,0.944,40.267459138187206,2128.4,8.73,97.12,0,0,0,train,seen_train
V32P-A027355,V32P-R004560,V32P-DD000774,V32P-H01,2023-12-11,Active,RECIPIENT_V1,2025-12-10,Female,Asian,North West,91.68,43,26,Deceased,Polycystic kidney disease,0,57,Standard compatible,1,0.641,3.3,7,1.36,0.0,2430.0,7.5,89.0,0,0,0,train,seen_train
V32P-A058495,V32P-R009750,V32P-DP000991,V32P-H05,2023-11-26,Active,RECIPIENT_V1,2025-11-25,Male,Black,Wales,114.23,38,42,Deceased,Polycystic kidney disease,0,12,Standard compatible,4,0.734,15.29,7,1.723,-2.3242630385487484,2122.7,9.38,65.77,0,0,1,train,seen_train
V32P-A027061,V32P-R004511,V32P-DP001581,V32P-H08,2023-11-19,Active,RECIPIENT_V1,2025-11-18,Male,Asian,Scotland,68.66,76,58,Deceased,Glomerulonephritis,0,33,Standard compatible,4,0.552,17.13,7,0.83,-1.1904761904761916,2260.0,10.1,90.0,0,0,1,train,seen_train
V32P-A015499,V32P-R002584,V32P-DP000257,V32P-H06,2024-08-30,Active,RECIPIENT_V1,2026-08-30,Female,Other,London,43.4,27,57,Deceased,Diabetic kidney disease,0,46,Managed incompatibility,2,0.063,19.47,7,0.81,-13.46153846153846,2650.0,11.9,98.0,0,0,0,train,seen_train
V32P-A032473,V32P-R005413,V32P-DP000068,V32P-H01,2023-11-30,Active,RECIPIENT_V1,2025-11-29,Female,Black,Wales,141.03,22,56,Deceased,Other,0,53,Managed incompatibility,1,0.489,19.28,7,2.051,18.96751740139212,1634.9,12.53,97.31,0,0,1,train,seen_train
V32P-A021709,V32P-R003619,V32P-DL003794,V32P-H10,2023-11-21,Active,RECIPIENT_V1,2025-11-20,Male,White,Northern Ireland,63.79,74,69,Living,Diabetic kidney disease,0,29,Managed incompatibility,5,0.824,11.24,7,1.39,-8.792650918635179,2060.0,8.3,81.5,0,0,1,train,seen_train
V32P-A001741,V32P-R000291,V32P-DD001947,V32P-H03,2023-12-16,Active,RECIPIENT_V1,2025-12-15,Female,Other,London,42.52,60,26,Deceased,Polycystic kidney disease,0,61,Standard compatible,6,0.862,2.46,7,1.68,13.283884018880636,1695.0,12.05,58.2,0,0,0,train,seen_train
V32P-A043549,V32P-R007259,V32P-DD001752,V32P-H01,2023-12-05,Active,RECIPIENT_V1,2025-12-04,Female,Other,Scotland,113.77,50,48,Deceased,Glomerulonephritis,1,7,Standard compatible,6,0.17,16.61,7,1.39,17.69686706181201,2230.0,12.9,69.8,0,0,0,train,seen_train
V32P-A021889,V32P-R003649,V32P-DL002901,V32P-H02,2024-01-18,Active,RECIPIENT_V1,2026-01-17,Female,Black,Wales,104.86,50,30,Living,Glomerulonephritis,0,48,Standard compatible,0,0.548,9.18,7,1.65,-1.2567324955116774,1890.0,10.3,73.5,0,0,1,train,seen_train
V32P-A044785,V32P-R007465,V32P-DP001522,V32P-H02,2024-04-19,Active,RECIPIENT_V1,2026-04-19,Female,Asian,London,129.05,45,44,Deceased,Glomerulonephritis,0,26,Standard compatible,1,0.58,15.4,7,1.42,-12.453760789149207,2150.0,8.9,97.5,0,0,0,train,seen_train
V32P-A042379,V32P-R007064,V32P-DD001561,V32P-H06,2024-01-11,Active,RECIPIENT_V1,2026-01-10,Male,Mixed,North West,111.15,32,42,Deceased,Polycystic kidney disease,0,47,Standard compatible,5,0.402,12.37,7,1.23,6.217616580310887,2160.0,8.6,66.4,0,0,0,train,unseen_test
V32P-A010573,V32P-R001763,V32P-DL003636,V32P-H07,2023-11-14,Active,RECIPIENT_V1,2025-11-13,Male,Other,Scotland,6.79,54,50,Living,Diabetic kidney disease,1,48,Standard compatible,0,0.824,17.27,7,1.62,-1.9963702359346591,2150.0,8.35,87.0,0,0,1,train,seen_train
V32P-A056491,V32P-R009416,V32P-DP000046,V32P-H02,2024-03-25,Active,RECIPIENT_V1,2026-03-25,Male,Black,Wales,113.46,51,67,Deceased,Hypertensive kidney disease,0,59,Standard compatible,5,0.466,12.19,7,1.48,-12.27030231179609,2300.0,8.2,84.0,0,0,1,train,seen_train
V32P-A014005,V32P-R002335,V32P-DL002106,V32P-H06,2023-12-28,Active,RECIPIENT_V1,2025-12-27,Male,Black,Wales,127.98,31,67,Living,Hypertensive kidney disease,0,60,Managed incompatibility,1,0.095,15.11,7,1.35,13.160100586756078,2380.0,13.0,59.0,0,0,0,train,unseen_test
V32P-A010933,V32P-R001823,V32P-DP000374,V32P-H04,2024-01-18,Active,RECIPIENT_V1,2026-01-17,Female,White,London,109.82,61,30,Deceased,Other,1,3,Standard compatible,5,0.361,12.35,7,0.89,4.705882352941181,2150.0,11.3,62.5,0,0,1,train,seen_train
V32P-A007915,V32P-R001320,V32P-DP001671,V32P-H03,2023-12-25,Active,RECIPIENT_V1,2025-12-24,Male,White,London,104.55,30,51,Deceased,Other,0,17,Managed incompatibility,0,0.509,18.54,7,1.59,-8.357348703170029,2156.0,7.44,85.99,0,0,0,train,unseen_test
V32P-A037165,V32P-R006195,V32P-DL003484,V32P-H10,2023-12-07,Active,RECIPIENT_V1,2025-12-06,Female,Asian,Wales,50.25,48,33,Living,Hypertensive kidney disease,1,21,Standard compatible,3,0.147,7.42,7,1.05,20.828538550057544,2350.0,12.5,96.5,0,0,1,train,seen_train
V32P-A016933,V32P-R002823,V32P-DL002782,V32P-H02,2023-11-25,Active,RECIPIENT_V1,2025-11-24,Male,White,London,12.84,34,40,Living,Diabetic kidney disease,0,66,Managed incompatibility,5,0.102,14.52,7,2.041,17.569124423963128,1738.5,9.16,98.85,0,0,1,train,seen_train
V32P-A057427,V32P-R009572,V32P-DP000480,V32P-H06,2024-12-02,Active,RECIPIENT_V1,2026-12-02,Male,Other,North West,51.4,75,39,Deceased,Hypertensive kidney disease,1,17,Standard compatible,0,0.11,20.68,7,1.14,2.795311091073031,2210.0,11.9,79.0,0,0,1,train,seen_train
V32P-A046747,V32P-R007792,V32P-DL000063,V32P-H02,2024-05-31,Active,RECIPIENT_V1,2026-05-31,Female,Mixed,Scotland,105.17,54,44,Living,Glomerulonephritis,0,64,Standard compatible,3,0.665,11.06,7,0.82,16.477272727272727,2610.5,9.5,83.41,0,0,0,train,seen_train
V32P-A036901,V32P-R006151,V32P-DL003689,V32P-H06,2024-07-05,Active,RECIPIENT_V1,2026-07-05,Female,Black,North West,64.38,40,67,Living,Glomerulonephritis,0,43,Standard compatible,2,0.543,16.73,7,1.28,-4.191616766467069,2250.0,7.9,98.6,0,0,0,train,unseen_test
V32P-A002803,V32P-R000468,V32P-DL000918,V32P-H09,2023-12-26,Active,RECIPIENT_V1,2025-12-25,Male,Black,Scotland,51.58,51,44,Living,Diabetic kidney disease,0,63,Standard compatible,2,0.288,5.16,7,1.28,4.9180327868852505,2350.0,10.1,98.9,0,0,1,train,seen_train
V32P-A036889,V32P-R006149,V32P-DD000400,V32P-H04,2024-01-08,Active,RECIPIENT_V1,2026-01-07,Male,White,Scotland,28.13,53,46,Deceased,Other,0,3,Standard compatible,3,0.801,11.01,7,1.28,-12.98436437797417,2315.1,10.42,63.85,0,0,1,train,seen_train
V32P-A041959,V32P-R006994,V32P-DD001144,V32P-H02,2024-07-24,Active,RECIPIENT_V1,2026-07-24,Male,Black,Scotland,57.87,75,67,Deceased,Glomerulonephritis,0,31,Standard compatible,3,0.25,6.75,7,0.971,-1.7206477732793537,2367.6,7.27,82.04,0,0,0,train,seen_train
V32P-A008509,V32P-R001419,V32P-DL003916,V32P-H03,2024-06-29,Active,RECIPIENT_V1,2026-06-29,Female,White,North West,37.75,57,40,Living,Other,0,21,Standard compatible,5,0.779,19.05,7,1.826,12.093308778391656,1884.3,9.79,83.97,0,0,0,train,seen_train
V32P-A003295,V32P-R000550,V32P-DP001695,V32P-H04,2024-11-30,Active,RECIPIENT_V1,2026-11-30,Male,Other,North West,117.63,27,49,Deceased,Polycystic kidney disease,0,30,Standard compatible,4,0.705,7.0,7,1.168,8.752327746741141,2425.7,12.65,80.99,0,0,0,train,seen_train
V32P-A001267,V32P-R000212,V32P-DP001857,V32P-H03,2023-12-17,Active,RECIPIENT_V1,2025-12-16,Male,White,Northern Ireland,110.06,65,38,Deceased,Other,0,32,Standard compatible,3,0.37,6.37,7,1.25,-9.812409812409806,2180.0,9.9,97.0,0,0,0,train,seen_train
V32P-A039715,V32P-R006620,V32P-DD001367,V32P-H06,2024-09-04,Active,RECIPIENT_V1,2026-09-04,Female,Mixed,North West,57.3,24,40,Deceased,Diabetic kidney disease,0,62,Standard compatible,1,0.354,8.07,7,1.92,9.83981693363844,2050.0,10.0,98.0,0,0,0,train,seen_train
V32P-A014623,V32P-R002438,V32P-DD000483,V32P-H06,2023-12-08,Active,RECIPIENT_V1,2025-12-07,Male,White,London,31.72,40,33,Deceased,Glomerulonephritis,0,61,Managed incompatibility,2,0.689,3.62,7,1.52,-5.05933791380387,2090.0,9.15,83.0,0,0,1,train,seen_train
V32P-A037813,V32P-R006303,V32P-DL002967,V32P-H04,2023-12-17,Active,RECIPIENT_V1,2025-12-16,Male,Asian,Northern Ireland,139.7,61,57,Living,Other,0,59,Standard compatible,6,0.55,19.53,7,1.16,-13.754646840148704,2300.0,9.85,80.5,0,0,1,train,seen_train
V32P-A052579,V32P-R008764,V32P-DD000493,V32P-H01,2024-08-18,Active,RECIPIENT_V1,2026-08-18,Female,Other,London,111.43,66,40,Deceased,Diabetic kidney disease,0,25,Managed incompatibility,4,0.604,11.37,7,0.82,10.661268556005393,2310.0,8.3,99.4,0,0,0,train,seen_train
V32P-A006421,V32P-R001071,V32P-DL002504,V32P-H06,2024-01-20,Active,RECIPIENT_V1,2026-01-19,Male,Black,North West,56.01,50,38,Living,Hypertensive kidney disease,0,19,Standard compatible,4,0.46,6.39,7,1.54,-1.8483110261312885,2128.7,8.58,99.84,0,0,0,train,seen_train
V32P-A018367,V32P-R003062,V32P-DP001039,V32P-H01,2024-09-13,Active,RECIPIENT_V1,2026-09-13,Female,Mixed,Wales,22.42,67,43,Deceased,Diabetic kidney disease,0,45,Managed incompatibility,2,0.824,12.76,7,1.42,8.0669710806697,1930.0,11.25,87.2,0,0,0,train,seen_train
V32P-A020317,V32P-R003387,V32P-DP000206,V32P-H07,2024-01-19,Active,RECIPIENT_V1,2026-01-18,Male,Mixed,London,77.92,27,36,Deceased,Diabetic kidney disease,0,12,Standard compatible,3,0.491,8.85,7,0.85,20.91038406827881,2100.0,9.1,77.5,0,0,0,train,seen_train
V32P-A050467,V32P-R008412,V32P-DL002466,V32P-H05,2024-03-06,Active,RECIPIENT_V1,2026-03-06,Male,Black,Northern Ireland,120.48,29,32,Living,Polycystic kidney disease,0,57,Standard compatible,5,0.612,3.7,7,1.64,13.494809688581304,1750.0,8.4,92.0,0,0,1,train,seen_train
V32P-A013105,V32P-R002185,V32P-DP001286,V32P-H01,2024-11-29,Active,RECIPIENT_V1,2026-11-29,Female,Mixed,Northern Ireland,91.05,33,28,Deceased,Hypertensive kidney disease,0,42,Managed incompatibility,2,0.796,4.76,7,1.123,-5.867560771165135,2341.2,8.3,96.44,0,0,0,train,seen_train
V32P-A007423,V32P-R001238,V32P-DP001631,V32P-H01,2023-12-09,Active,RECIPIENT_V1,2025-12-08,Female,Black,Northern Ireland,53.06,62,67,Deceased,Hypertensive kidney disease,0,32,Managed incompatibility,0,0.2,6.03,7,1.42,-7.068062827225137,2150.0,11.38,84.0,0,0,0,train,seen_train
V32P-A030115,V32P-R005020,V32P-DL001111,V32P-H01,2023-11-23,Active,RECIPIENT_V1,2025-11-22,Female,White,Wales,48.59,57,28,Living,Diabetic kidney disease,1,65,Standard compatible,2,0.279,20.63,7,1.029,11.12311015118789,2319.7,11.13,96.0,0,0,0,train,seen_train
V32P-A018091,V32P-R003016,V32P-DD001681,V32P-H04,2024-05-03,Active,RECIPIENT_V1,2026-05-03,Female,Asian,Northern Ireland,121.03,34,31,Deceased,Hypertensive kidney disease,0,72,Standard compatible,1,0.539,19.36,7,0.831,21.491228070175424,2267.4,10.18,95.94,0,0,0,train,seen_train
V32P-A006079,V32P-R001014,V32P-DL001085,V32P-H08,2023-12-24,Active,RECIPIENT_V1,2025-12-23,Female,White,Northern Ireland,48.73,65,70,Living,Other,0,65,Standard compatible,3,0.899,20.47,7,1.28,14.4901610017889,2150.0,8.2,98.5,0,0,0,train,unseen_test
V32P-A048775,V32P-R008130,V32P-DP001940,V32P-H04,2024-04-07,Active,RECIPIENT_V1,2026-04-07,Male,Asian,Wales,98.49,22,25,Deceased,Other,0,54,Managed incompatibility,2,0.068,2.33,7,1.92,8.047270680922905,1710.5,10.85,66.1,0,0,1,train,seen_train
V32P-A015967,V32P-R002662,V32P-DL002897,V32P-H01,2024-11-16,Active,RECIPIENT_V1,2026-11-16,Male,Mixed,London,71.4,61,46,Living,Other,0,10,Managed incompatibility,1,0.32,13.96,7,1.58,27.62520193861067,1839.0,9.4,91.4,0,0,1,train,unseen_test
V32P-A041137,V32P-R006857,V32P-DL001797,V32P-H05,2024-09-01,Active,RECIPIENT_V1,2026-09-01,Female,White,Scotland,50.36,74,33,Living,Diabetic kidney disease,1,55,Standard compatible,0,0.434,6.38,7,0.98,5.489773950484384,2291.0,11.7,97.7,0,0,0,train,seen_train
V32P-A018031,V32P-R003006,V32P-DL001164,V32P-H03,2024-10-04,Active,RECIPIENT_V1,2026-10-04,Female,White,London,141.73,69,40,Living,Other,1,32,Standard compatible,5,0.182,4.72,7,1.151,-2.540220152413211,2239.2,12.73,96.23,0,0,1,train,seen_train
V32P-A022687,V32P-R003782,V32P-DL000656,V32P-H04,2024-05-04,Active,RECIPIENT_V1,2026-05-04,Male,Mixed,London,141.41,33,45,Living,Diabetic kidney disease,0,65,Standard compatible,4,0.553,5.74,7,1.912,15.66848154869933,1731.6,12.89,90.8,0,0,0,train,seen_train
V32P-A058753,V32P-R009793,V32P-DP000765,V32P-H04,2024-09-02,Active,RECIPIENT_V1,2026-09-02,Male,Mixed,North West,51.65,59,48,Deceased,Other,1,35,Standard compatible,5,0.159,12.86,7,1.804,9.532483302975107,1945.9,10.35,81.03,0,0,1,train,unseen_test
V32P-A059419,V32P-R009904,V32P-DD001538,V32P-H02,2024-03-22,Active,RECIPIENT_V1,2026-03-22,Male,Asian,Scotland,70.84,28,51,Deceased,Polycystic kidney disease,0,39,Standard compatible,4,0.472,5.7,7,1.45,38.22688274547188,1680.0,10.4,96.2,0,0,1,train,seen_train
V32P-A041107,V32P-R006852,V32P-DP000557,V32P-H10,2023-11-12,Active,RECIPIENT_V1,2025-11-11,Male,Mixed,London,24.38,66,57,Deceased,Diabetic kidney disease,0,35,Standard compatible,2,0.299,15.24,7,0.865,28.33827893175073,2023.3,8.47,88.83,0,0,1,train,seen_train
V32P-A003739,V32P-R000624,V32P-DL002620,V32P-H01,2023-11-17,Active,RECIPIENT_V1,2025-11-16,Male,Black,Wales,94.83,53,26,Living,Other,0,70,Standard compatible,5,0.579,13.44,7,1.82,6.933019976498244,1850.0,9.4,96.5,0,0,1,train,seen_train
V32P-A027823,V32P-R004638,V32P-DD001904,V32P-H05,2024-04-09,Active,RECIPIENT_V1,2026-04-09,Female,Black,Wales,87.8,63,65,Deceased,Diabetic kidney disease,0,15,Managed incompatibility,1,0.814,7.2,7,0.89,16.187989556135772,2350.0,12.8,83.0,0,0,0,train,seen_train
V32P-A027373,V32P-R004563,V32P-DP000074,V32P-H04,2023-12-25,Active,RECIPIENT_V1,2025-12-24,Male,Black,Scotland,90.41,78,41,Deceased,Hypertensive kidney disease,0,12,Standard compatible,4,0.916,16.33,7,1.82,7.438016528925627,1930.0,10.2,80.4,0,0,1,train,seen_train
V32P-A038491,V32P-R006416,V32P-DP000042,V32P-H02,2024-03-05,Active,RECIPIENT_V1,2026-03-05,Male,Mixed,Scotland,48.81,54,26,Deceased,Hypertensive kidney disease,0,18,Standard compatible,0,0.874,15.23,7,1.25,19.50286806883365,2080.0,11.5,73.0,0,0,1,train,seen_train
V32P-A019495,V32P-R003250,V32P-DL002325,V32P-H02,2023-12-10,Active,RECIPIENT_V1,2025-12-09,Male,Other,Northern Ireland,108.31,30,51,Living,Hypertensive kidney disease,0,29,Standard compatible,3,0.178,16.27,7,0.96,1.479915433403807,2393.0,11.28,84.49,0,0,1,train,seen_train
V32P-A053605,V32P-R008935,V32P-DP001380,V32P-H04,2024-02-25,Active,RECIPIENT_V1,2026-02-24,Female,Asian,Scotland,52.92,47,52,Deceased,Diabetic kidney disease,0,4,Standard compatible,0,0.168,4.25,7,1.12,25.41993281075029,2205.0,9.6,81.5,0,0,1,train,seen_train
V32P-A009397,V32P-R001567,V32P-DP001119,V32P-H02,2023-12-14,Active,RECIPIENT_V1,2025-12-13,Male,Black,London,137.24,41,48,Deceased,Hypertensive kidney disease,0,71,Standard compatible,6,0.205,14.47,7,1.53,14.692653673163411,2160.0,11.0,93.5,0,0,1,train,seen_train
V32P-A023251,V32P-R003876,V32P-DL003154,V32P-H01,2024-06-10,Active,RECIPIENT_V1,2026-06-10,Female,Other,London,138.47,55,33,Living,Glomerulonephritis,0,35,Standard compatible,1,0.678,17.95,7,0.986,-4.91803278688524,2075.4,10.95,98.19,0,0,1,train,seen_train
V32P-A021547,V32P-R003592,V32P-DD001789,V32P-H05,2024-07-14,Active,RECIPIENT_V1,2026-07-14,Female,Mixed,Scotland,106.4,63,32,Deceased,Hypertensive kidney disease,0,55,Managed incompatibility,3,0.664,2.94,7,1.28,29.42366026289181,2090.0,8.9,92.5,0,0,1,train,unseen_test
V32P-A012175,V32P-R002030,V32P-DL002411,V32P-H03,2023-11-10,Active,RECIPIENT_V1,2025-11-09,Female,Asian,North West,93.17,66,25,Living,Other,0,45,Managed incompatibility,6,0.804,10.53,7,0.82,-4.651162790697678,2590.0,8.1,83.2,0,0,1,train,seen_train
V32P-A002035,V32P-R000340,V32P-DD001602,V32P-H03,2024-02-28,Active,RECIPIENT_V1,2026-02-27,Female,Asian,Scotland,46.55,47,42,Deceased,Other,0,30,Standard compatible,5,0.218,5.35,7,1.98,15.250291036088475,1520.0,10.6,78.7,0,0,1,train,seen_train
V32P-A033553,V32P-R005593,V32P-DL000283,V32P-H04,2024-06-19,Active,RECIPIENT_V1,2026-06-19,Male,White,Scotland,73.94,49,68,Living,Other,0,44,Standard compatible,4,0.215,15.22,7,1.587,18.08035714285713,2157.2,10.33,74.64,0,0,0,train,seen_train
V32P-A004705,V32P-R000785,V32P-DD000648,V32P-H02,2023-12-04,Active,RECIPIENT_V1,2025-12-03,Male,Other,London,48.88,56,63,Deceased,Glomerulonephritis,0,42,Standard compatible,4,0.896,12.15,7,1.15,-7.926341072858301,2250.0,8.6,94.5,0,0,0,train,seen_train
V32P-A025675,V32P-R004280,V32P-DL000144,V32P-H02,2023-12-29,Active,RECIPIENT_V1,2025-12-28,Male,Mixed,Wales,93.29,61,59,Living,Diabetic kidney disease,0,26,Managed incompatibility,1,0.687,13.94,7,1.25,13.224637681159413,1840.0,9.8,79.0,0,0,1,train,seen_train
V32P-A057151,V32P-R009526,V32P-DL001674,V32P-H05,2024-08-19,Active,RECIPIENT_V1,2026-08-19,Female,Other,Scotland,108.65,48,51,Living,Polycystic kidney disease,0,44,Standard compatible,4,0.154,8.39,7,1.99,16.990005878894763,1510.0,8.3,86.8,0,0,0,train,seen_train
V32P-A059551,V32P-R009926,V32P-DD000806,V32P-H02,2023-12-23,Active,RECIPIENT_V1,2025-12-22,Male,White,Scotland,114.47,52,67,Deceased,Polycystic kidney disease,0,22,Standard compatible,3,0.195,16.16,7,1.43,-10.95890410958905,2419.7,7.52,98.39,0,0,0,train,seen_train
V32P-A017707,V32P-R002952,V32P-DP000887,V32P-H07,2024-02-11,Active,RECIPIENT_V1,2026-02-10,Male,Asian,Northern Ireland,120.14,44,33,Deceased,Other,0,22,Managed incompatibility,4,0.09,19.83,7,0.93,-12.098298676748582,2540.0,10.8,99.8,0,0,0,train,seen_train
V32P-A018385,V32P-R003065,V32P-DL001117,V32P-H01,2024-10-14,Active,RECIPIENT_V1,2026-10-14,Female,Asian,London,105.56,36,58,Living,Other,0,4,Standard compatible,5,0.695,19.62,7,2.01,17.543859649122798,1935.0,10.2,85.0,0,0,0,train,unseen_test
V32P-A034921,V32P-R005821,V32P-DL002969,V32P-H01,2024-02-16,Active,RECIPIENT_V1,2026-02-15,Male,Other,Scotland,26.42,34,32,Living,Hypertensive kidney disease,0,47,Standard compatible,5,0.623,10.3,7,1.396,22.348816827344425,2131.3,10.18,63.85,0,0,0,train,seen_train
V32P-A022639,V32P-R003774,V32P-DL003848,V32P-H03,2024-03-24,Active,RECIPIENT_V1,2026-03-24,Male,White,London,16.03,33,46,Living,Hypertensive kidney disease,0,58,Standard compatible,6,0.795,5.61,7,1.597,4.03908794788274,2097.1,9.11,76.07,0,0,0,train,seen_train
V32P-A040081,V32P-R006681,V32P-DL003117,V32P-H07,2023-12-08,Active,RECIPIENT_V1,2025-12-07,Male,Mixed,Wales,47.33,71,52,Living,Diabetic kidney disease,0,38,Managed incompatibility,6,0.195,16.49,7,1.09,1.5843429636533204,2380.5,7.6,83.8,0,0,1,train,seen_train
V32P-A014701,V32P-R002451,V32P-DP001231,V32P-H07,2023-12-07,Active,RECIPIENT_V1,2025-12-06,Male,White,Wales,54.88,46,52,Deceased,Other,0,49,Standard compatible,2,0.58,8.43,7,1.52,10.706482155863076,1850.0,9.45,88.2,0,0,0,train,seen_train
V32P-A016477,V32P-R002747,V32P-DL001515,V32P-H01,2024-02-15,Active,RECIPIENT_V1,2026-02-14,Female,Black,London,82.2,38,60,Living,Glomerulonephritis,0,47,Managed incompatibility,0,0.587,18.32,7,0.98,2.725366876310275,2350.0,10.1,58.5,0,0,0,train,seen_train
V32P-A049861,V32P-R008311,V32P-DP000838,V32P-H06,2024-08-02,Active,RECIPIENT_V1,2026-08-02,Female,White,London,71.64,44,63,Deceased,Polycystic kidney disease,0,72,Managed incompatibility,5,0.409,6.78,7,1.25,19.047619047619044,1900.0,7.3,98.5,0,0,0,train,seen_train
V32P-A053839,V32P-R008974,V32P-DP001020,V32P-H01,2024-11-08,Active,RECIPIENT_V1,2026-11-08,Female,Asian,North West,37.99,41,40,Deceased,Diabetic kidney disease,0,43,Managed incompatibility,6,0.835,9.5,7,1.25,4.515050167224085,2380.0,10.1,91.5,0,0,0,train,seen_train
V32P-A018115,V32P-R003020,V32P-DL003614,V32P-H01,2023-12-11,Active,RECIPIENT_V1,2025-12-10,Male,Mixed,North West,69.48,66,29,Living,Other,0,12,Standard compatible,5,0.839,6.74,7,1.954,23.358585858585847,1740.1,11.28,91.71,0,0,1,train,seen_train
V32P-A043729,V32P-R007289,V32P-DL000739,V32P-H08,2025-01-06,Active,RECIPIENT_V1,2027-01-06,Male,Black,North West,87.15,53,48,Living,Other,0,21,Managed incompatibility,6,0.488,11.83,7,1.92,9.651627641347805,1850.0,9.9,91.5,0,0,1,train,seen_train
V32P-A004525,V32P-R000755,V32P-DL003476,V32P-H04,2024-11-09,Invalidated,RECIPIENT_V3,2026-11-09,Male,Mixed,Northern Ireland,25.0,56,41,Living,Glomerulonephritis,0,28,Managed incompatibility,4,0.919,16.95,7,0.69,-9.0909090909091,2380.0,8.1,96.5,0,0,1,train,seen_train
V32P-A044269,V32P-R007379,V32P-DL003050,V32P-H01,2024-08-23,Active,RECIPIENT_V1,2026-08-23,Female,Other,Northern Ireland,138.03,66,41,Living,Other,0,48,Managed incompatibility,2,0.63,2.35,7,1.325,-5.82800284292822,2446.2,9.28,83.63,0,0,0,train,seen_train
V32P-A014245,V32P-R002375,V32P-DD001795,V32P-H08,2024-10-25,Active,RECIPIENT_V1,2026-10-25,Female,White,Wales,115.05,54,41,Deceased,Other,0,51,Managed incompatibility,2,0.558,19.04,7,0.95,0.5291005291005296,2380.0,10.1,78.0,0,0,0,train,seen_train
V32P-A007549,V32P-R001259,V32P-DP000008,V32P-H02,2024-08-02,Active,RECIPIENT_V1,2026-08-02,Male,Mixed,Northern Ireland,106.8,75,65,Deceased,Other,0,72,Managed incompatibility,1,0.73,18.03,7,0.72,1.6949152542372898,2519.6,11.7,98.0,0,0,0,train,seen_train
V32P-A032209,V32P-R005369,V32P-DL001725,V32P-H01,2023-12-15,Active,RECIPIENT_V1,2025-12-14,Male,Mixed,London,143.39,61,54,Living,Diabetic kidney disease,0,32,Standard compatible,5,0.588,16.4,7,2.065,20.408163265306115,1494.1,8.96,77.66,0,0,1,train,seen_train
V32P-A012655,V32P-R002110,V32P-DL001989,V32P-H05,2024-04-06,Active,RECIPIENT_V1,2026-04-06,Female,Black,London,24.53,42,54,Living,Other,0,66,Managed incompatibility,0,0.72,20.66,7,1.15,9.211775878442545,2350.0,9.8,97.5,0,0,1,train,seen_train
V32P-A016165,V32P-R002695,V32P-DL001487,V32P-H05,2024-07-26,Active,RECIPIENT_V1,2026-07-26,Male,Other,North West,100.6,66,56,Living,Glomerulonephritis,0,32,Standard compatible,1,0.761,12.66,7,1.39,-13.610938471100068,2180.0,10.2,97.5,0,0,1,train,seen_train
V32P-A008521,V32P-R001421,V32P-DP001646,V32P-H05,2024-04-30,Active,RECIPIENT_V1,2026-04-30,Male,Other,North West,83.01,46,29,Deceased,Polycystic kidney disease,0,10,Managed incompatibility,3,0.803,17.63,7,1.468,-4.114957544088828,2145.7,9.22,86.97,0,0,1,train,seen_train
V32P-A028255,V32P-R004710,V32P-DL002406,V32P-H01,2023-11-13,Active,RECIPIENT_V1,2025-11-12,Female,White,Wales,34.62,48,37,Living,Hypertensive kidney disease,1,4,Standard compatible,1,0.122,5.88,7,1.095,5.18731988472623,2114.4,9.72,99.32,0,0,0,train,seen_train
V32P-A046855,V32P-R007810,V32P-DL000702,V32P-H01,2024-12-03,Active,RECIPIENT_V1,2026-12-03,Male,Other,London,74.29,60,44,Living,Polycystic kidney disease,0,11,Managed incompatibility,5,0.521,13.12,7,1.39,18.096856414613413,1819.1,9.04,88.79,0,0,0,train,seen_train
V32P-A046597,V32P-R007767,V32P-DL002397,V32P-H07,2023-11-11,Active,RECIPIENT_V1,2025-11-10,Male,Asian,London,45.7,53,65,Living,Polycystic kidney disease,1,45,Managed incompatibility,2,0.263,13.55,7,1.38,7.142857142857131,2180.0,8.69,98.03,0,0,1,train,seen_train
V32P-A005497,V32P-R000917,V32P-DL000351,V32P-H09,2024-11-30,Active,RECIPIENT_V1,2026-11-30,Male,Black,North West,97.23,32,39,Living,Glomerulonephritis,1,28,Standard compatible,0,0.677,7.62,7,1.42,17.744610281923713,2180.0,10.5,99.8,0,0,1,train,seen_train
V32P-A035923,V32P-R005988,V32P-DD001827,V32P-H05,2024-05-30,Active,RECIPIENT_V1,2026-05-30,Male,White,Scotland,28.73,27,32,Deceased,Hypertensive kidney disease,0,18,Standard compatible,3,0.539,2.55,7,1.25,2.124183006535949,2480.0,13.1,87.4,0,0,1,train,seen_train
V32P-A052981,V32P-R008831,V32P-DP001249,V32P-H04,2024-01-11,Active,RECIPIENT_V1,2026-01-10,Female,Mixed,North West,104.51,31,65,Deceased,Other,0,51,Managed incompatibility,2,0.796,17.52,7,1.369,-3.794799718903728,2360.1,11.37,90.28,0,0,1,train,unseen_test
V32P-A000235,V32P-R000040,V32P-DP001179,V32P-H02,2024-04-02,Active,RECIPIENT_V1,2026-04-02,Male,Mixed,Northern Ireland,30.48,42,27,Deceased,Glomerulonephritis,0,31,Standard compatible,6,0.718,6.02,7,1.18,2.966841186736477,2050.0,7.65,96.2,0,0,0,train,seen_train
V32P-A055561,V32P-R009261,V32P-DL000491,V32P-H03,2024-12-24,Active,RECIPIENT_V1,2026-12-24,Male,Other,London,110.03,35,64,Living,Diabetic kidney disease,0,4,Managed incompatibility,2,0.126,20.58,7,1.28,19.62616822429906,1950.0,12.3,91.2,0,0,1,train,seen_train
V32P-A029365,V32P-R004895,V32P-DP000230,V32P-H03,2024-10-12,Active,RECIPIENT_V1,2026-10-12,Male,Mixed,Wales,89.73,43,50,Deceased,Other,0,49,Standard compatible,4,0.065,12.28,7,1.08,-8.552074513124468,2560.0,8.3,58.2,0,0,1,train,seen_train
V32P-A027451,V32P-R004576,V32P-DP000114,V32P-H08,2023-12-01,Active,RECIPIENT_V1,2025-11-30,Female,Black,Northern Ireland,74.85,42,66,Deceased,Glomerulonephritis,0,16,Managed incompatibility,6,0.349,14.92,7,1.73,10.191082802547765,1830.0,9.0,85.0,0,0,1,train,seen_train
V32P-A049909,V32P-R008319,V32P-DP000408,V32P-H01,2024-11-29,Active,RECIPIENT_V1,2026-11-29,Female,Black,Northern Ireland,129.09,23,31,Deceased,Polycystic kidney disease,0,21,Standard compatible,5,0.294,16.55,7,1.51,6.864826610049538,2130.0,11.2,87.8,0,0,0,train,seen_train
V32P-A025291,V32P-R004216,V32P-DP000520,V32P-H03,2023-12-14,Active,RECIPIENT_V1,2025-12-13,Male,Asian,Northern Ireland,56.3,56,50,Deceased,Other,0,63,Standard compatible,5,0.917,15.85,7,1.25,13.430127041742276,2350.0,8.1,89.0,0,0,1,train,seen_train
V32P-A042319,V32P-R007054,V32P-DD001023,V32P-H02,2024-10-24,Active,RECIPIENT_V1,2026-10-24,Male,White,London,72.92,38,69,Deceased,Diabetic kidney disease,0,25,Managed incompatibility,3,0.429,19.94,7,0.89,14.690721649484534,2191.0,8.76,96.9,0,0,1,train,unseen_test
V32P-A031681,V32P-R005281,V32P-DP000623,V32P-H03,2023-12-27,Active,RECIPIENT_V1,2025-12-26,Male,Other,Wales,91.72,77,26,Deceased,Other,0,6,Standard compatible,3,0.485,2.64,7,2.05,16.809116809116805,1650.0,12.1,96.8,0,0,0,train,seen_train
V32P-A012667,V32P-R002112,V32P-DL003785,V32P-H05,2023-11-12,Active,RECIPIENT_V1,2025-11-11,Male,Mixed,Wales,42.46,78,65,Living,Polycystic kidney disease,0,8,Managed incompatibility,4,0.502,3.6,7,1.05,8.808290155440423,2600.0,9.3,98.0,0,0,0,train,seen_train
V32P-A054445,V32P-R009075,V32P-DD000356,V32P-H05,2024-11-26,Active,RECIPIENT_V1,2026-11-26,Female,Asian,Scotland,52.92,67,42,Deceased,Polycystic kidney disease,0,26,Managed incompatibility,6,0.332,10.61,7,1.96,21.81479179614667,1930.0,10.0,96.0,0,0,0,train,seen_train
V32P-A002821,V32P-R000471,V32P-DD001672,V32P-H01,2024-09-12,Active,RECIPIENT_V1,2026-09-12,Female,Black,London,24.97,38,62,Deceased,Hypertensive kidney disease,0,32,Managed incompatibility,2,0.144,18.2,7,1.625,13.161559888579392,1782.0,8.29,97.56,0,0,0,train,seen_train
V32P-A042031,V32P-R007006,V32P-DD001730,V32P-H01,2024-04-23,Active,RECIPIENT_V1,2026-04-23,Female,Other,Scotland,44.46,30,37,Deceased,Diabetic kidney disease,0,20,Managed incompatibility,1,0.528,16.84,7,1.58,12.056737588652494,2130.0,10.1,86.0,0,0,0,train,seen_train
V32P-A050425,V32P-R008405,V32P-DD001717,V32P-H01,2023-12-23,Active,RECIPIENT_V1,2025-12-22,Male,Black,London,99.44,41,31,Deceased,Hypertensive kidney disease,0,38,Standard compatible,5,0.344,7.58,7,0.96,-3.225806451612906,2535.0,8.3,99.7,0,0,0,train,seen_train
V32P-A011485,V32P-R001915,V32P-DL000193,V32P-H03,2023-11-27,Active,RECIPIENT_V1,2025-11-26,Male,Other,Scotland,40.83,76,37,Living,Hypertensive kidney disease,0,42,Managed incompatibility,2,0.403,2.91,7,1.05,43.05177111716622,1910.0,8.9,57.5,0,0,1,train,seen_train
V32P-A049699,V32P-R008284,V32P-DD000083,V32P-H03,2024-02-07,Invalidated,RECIPIENT_V3,2026-02-06,Male,Black,Northern Ireland,93.41,71,68,Deceased,Polycystic kidney disease,0,18,Standard compatible,6,0.344,20.59,7,1.29,9.88074957410563,2025.0,12.0,98.3,0,0,1,train,unseen_test
V32P-A033163,V32P-R005528,V32P-DL001263,V32P-H06,2023-12-29,Active,RECIPIENT_V1,2025-12-28,Female,Other,North West,69.59,63,64,Living,Glomerulonephritis,0,40,Standard compatible,0,0.582,19.62,7,1.823,3.110859728506784,1866.6,7.64,79.59,0,0,1,train,seen_train
V32P-A054823,V32P-R009138,V32P-DL001659,V32P-H01,2024-11-06,Active,RECIPIENT_V1,2026-11-06,Female,Other,London,90.95,61,60,Living,Hypertensive kidney disease,0,61,Standard compatible,5,0.259,5.45,7,1.45,12.66511266511267,1950.0,8.8,99.0,0,0,0,train,seen_train
V32P-A019573,V32P-R003263,V32P-DD000226,V32P-H01,2023-12-19,Active,RECIPIENT_V1,2025-12-18,Male,White,Scotland,53.3,58,61,Deceased,Glomerulonephritis,0,8,Standard compatible,3,0.721,18.16,7,0.92,-1.287553648068671,2180.0,8.3,93.5,0,0,1,train,seen_train
V32P-A000577,V32P-R000097,V32P-DL000460,V32P-H02,2024-11-08,Active,RECIPIENT_V1,2026-11-08,Male,Mixed,Scotland,101.28,67,67,Living,Hypertensive kidney disease,0,59,Managed incompatibility,3,0.132,13.37,7,1.78,6.906906906906907,2180.0,8.8,99.9,0,0,1,train,seen_train
V32P-A014857,V32P-R002477,V32P-DP000950,V32P-H03,2024-08-04,Active,RECIPIENT_V1,2026-08-04,Female,Mixed,Northern Ireland,97.11,72,60,Deceased,Polycystic kidney disease,0,46,Standard compatible,4,0.566,4.99,7,1.42,-5.08021390374332,2050.0,11.2,98.5,0,0,1,train,unseen_test
V32P-A058591,V32P-R009766,V32P-DD001488,V32P-H05,2023-12-12,Active,RECIPIENT_V1,2025-12-11,Female,Black,London,105.09,67,28,Deceased,Glomerulonephritis,0,6,Standard compatible,5,0.181,14.23,7,0.95,20.55837563451776,2082.7,9.81,95.67,0,0,1,train,seen_train
V32P-A028207,V32P-R004702,V32P-DD000389,V32P-H03,2024-08-23,Active,RECIPIENT_V1,2026-08-23,Male,Asian,London,124.75,27,25,Deceased,Glomerulonephritis,0,61,Managed incompatibility,4,0.543,2.25,7,0.986,-5.465004793863849,2482.6,7.96,96.27,0,0,1,train,seen_train
V32P-A053881,V32P-R008981,V32P-DD000043,V32P-H03,2024-07-14,Active,RECIPIENT_V1,2026-07-14,Female,Other,Scotland,121.52,28,37,Deceased,Hypertensive kidney disease,0,38,Managed incompatibility,1,0.48,4.65,7,1.305,8.388704318936876,2184.3,11.24,96.26,0,0,0,train,unseen_test
V32P-A006529,V32P-R001089,V32P-DD000957,V32P-H07,2024-01-13,Active,RECIPIENT_V1,2026-01-12,Female,White,London,48.27,37,30,Deceased,Hypertensive kidney disease,0,19,Standard compatible,1,0.59,6.71,7,1.62,2.6615969581749077,2050.0,9.4,83.2,0,0,0,train,seen_train
V32P-A034795,V32P-R005800,V32P-DL002191,V32P-H02,2023-12-03,Active,RECIPIENT_V1,2025-12-02,Female,Mixed,London,92.73,43,67,Living,Glomerulonephritis,0,42,Standard compatible,5,0.509,10.22,7,0.956,-0.6237006237006243,2279.6,8.69,97.6,0,0,0,train,seen_train
V32P-A007333,V32P-R001223,V32P-DL000055,V32P-H06,2024-09-15,Active,RECIPIENT_V1,2026-09-15,Female,Other,Scotland,75.36,37,56,Living,Other,0,57,Standard compatible,3,0.335,11.27,7,1.68,6.4638783269961895,2050.0,10.65,98.5,0,0,1,train,seen_train
V32P-A041149,V32P-R006859,V32P-DP001183,V32P-H06,2024-12-24,Active,RECIPIENT_V1,2026-12-24,Male,Other,Northern Ireland,63.64,60,64,Deceased,Other,0,24,Managed incompatibility,5,0.615,15.69,7,1.49,-5.5766793409379005,1955.0,10.98,98.3,0,0,1,train,unseen_test
V32P-A017041,V32P-R002841,V32P-DP000063,V32P-H04,2023-11-29,Active,RECIPIENT_V1,2025-11-28,Female,Asian,London,33.59,66,58,Deceased,Glomerulonephritis,0,3,Standard compatible,0,0.381,3.45,7,1.925,15.546218487394968,1487.1,10.31,79.16,0,0,1,train,unseen_test
V32P-A014113,V32P-R002353,V32P-DL001379,V32P-H05,2024-03-19,Active,RECIPIENT_V1,2026-03-19,Female,Asian,Wales,21.15,36,61,Living,Diabetic kidney disease,0,16,Standard compatible,6,0.57,5.36,7,1.52,17.738187451587926,1980.0,9.65,62.1,0,0,1,train,seen_train
V32P-A003727,V32P-R000622,V32P-DL003833,V32P-H02,2024-09-03,Active,RECIPIENT_V1,2026-09-03,Male,Mixed,North West,109.7,39,59,Living,Polycystic kidney disease,0,71,Standard compatible,1,0.329,17.74,7,1.29,5.048859934853425,2056.0,12.3,77.8,0,0,1,train,seen_train
V32P-A049213,V32P-R008203,V32P-DP000353,V32P-H04,2024-04-02,Active,RECIPIENT_V1,2026-04-02,Male,Black,North West,69.96,22,68,Deceased,Other,0,27,Standard compatible,3,0.761,8.42,7,1.09,-9.693454846727422,2464.0,10.64,99.4,0,0,0,train,seen_train
V32P-A017575,V32P-R002930,V32P-DL001833,V32P-H08,2023-12-13,Active,RECIPIENT_V1,2025-12-12,Male,Asian,Northern Ireland,119.11,26,60,Living,Polycystic kidney disease,0,57,Standard compatible,3,0.839,3.84,7,1.25,4.953820319059608,2350.0,8.9,56.5,0,0,0,train,seen_train
V32P-A003445,V32P-R000575,V32P-DD001882,V32P-H03,2023-12-18,Active,RECIPIENT_V1,2025-12-17,Male,Asian,Scotland,67.69,38,67,Deceased,Glomerulonephritis,0,40,Standard compatible,3,0.133,13.49,7,1.82,15.776081424936386,1850.0,7.8,98.5,0,0,0,train,seen_train
V32P-A029311,V32P-R004886,V32P-DD001979,V32P-H02,2024-03-26,Active,RECIPIENT_V1,2026-03-26,Female,Asian,Wales,42.49,68,48,Deceased,Diabetic kidney disease,0,16,Standard compatible,4,0.262,9.72,7,0.86,2.870813397129189,2345.0,10.7,75.2,0,0,1,train,seen_train
V32P-A005191,V32P-R000866,V32P-DL003277,V32P-H02,2024-04-27,Active,RECIPIENT_V1,2026-04-27,Female,Black,Wales,98.43,59,26,Living,Hypertensive kidney disease,0,7,Managed incompatibility,1,0.771,6.19,7,1.52,18.9358372456964,2011.0,8.6,93.3,0,0,1,train,seen_train
V32P-A013873,V32P-R002313,V32P-DD000428,V32P-H03,2024-11-18,Active,RECIPIENT_V1,2026-11-18,Male,Mixed,Northern Ireland,19.22,48,39,Deceased,Diabetic kidney disease,0,31,Standard compatible,2,0.501,3.98,7,1.35,7.142857142857149,2380.0,9.1,70.5,0,0,0,train,unseen_test
V32P-A015025,V32P-R002505,V32P-DD000406,V32P-H05,2023-11-27,Active,RECIPIENT_V1,2025-11-26,Female,Asian,London,128.82,70,60,Deceased,Polycystic kidney disease,0,4,Managed incompatibility,2,0.532,10.02,7,1.95,16.766467065868266,1680.0,9.1,83.0,0,0,0,train,seen_train
V32P-A030097,V32P-R005017,V32P-DL001915,V32P-H03,2023-11-25,Active,RECIPIENT_V1,2025-11-24,Female,White,London,91.97,69,50,Living,Glomerulonephritis,0,61,Managed incompatibility,2,0.888,12.13,7,1.35,2.0408163265306225,2300.0,8.3,79.0,0,0,0,train,unseen_test
V32P-A053773,V32P-R008963,V32P-DP001718,V32P-H02,2023-12-31,Active,RECIPIENT_V1,2025-12-30,Male,Mixed,Wales,98.38,25,46,Deceased,Glomerulonephritis,0,32,Standard compatible,1,0.522,4.87,7,1.92,15.453998797354172,1810.5,12.05,91.5,0,0,0,train,seen_train
V32P-A025873,V32P-R004313,V32P-DP000868,V32P-H05,2024-01-21,Active,RECIPIENT_V1,2026-01-20,Male,Asian,London,83.84,38,65,Deceased,Polycystic kidney disease,0,16,Managed incompatibility,6,0.363,10.74,7,1.32,-6.713780918727912,2450.0,7.8,96.5,0,0,1,train,seen_train
V32P-A000145,V32P-R000025,V32P-DP001770,V32P-H04,2023-12-16,Active,RECIPIENT_V1,2025-12-15,Male,White,Scotland,53.28,63,59,Deceased,Diabetic kidney disease,0,41,Standard compatible,5,0.723,18.91,7,1.58,-3.0674846625766765,2260.0,12.1,63.5,0,0,0,train,seen_train
V32P-A059623,V32P-R009938,V32P-DD000743,V32P-H05,2023-12-24,Active,RECIPIENT_V1,2025-12-23,Female,White,North West,100.59,76,56,Deceased,Polycystic kidney disease,0,12,Standard compatible,1,0.36,19.45,7,1.53,-8.656716417910449,2014.0,11.16,87.18,0,0,0,train,seen_train
V32P-A003385,V32P-R000565,V32P-DP001875,V32P-H02,2023-11-22,Active,RECIPIENT_V1,2025-11-21,Male,Mixed,Wales,97.37,31,29,Deceased,Polycystic kidney disease,0,13,Managed incompatibility,4,0.625,13.04,7,2.05,25.535823637477023,1680.0,11.6,83.2,0,0,1,train,unseen_test
V32P-A011875,V32P-R001980,V32P-DL002190,V32P-H06,2023-11-30,Active,RECIPIENT_V1,2025-11-29,Male,Asian,Wales,107.23,25,58,Living,Hypertensive kidney disease,1,22,Standard compatible,1,0.329,16.74,7,0.75,-9.855769230769226,2810.0,12.3,84.5,0,0,0,train,seen_train
V32P-A015991,V32P-R002666,V32P-DL001638,V32P-H01,2024-05-19,Active,RECIPIENT_V1,2026-05-19,Male,Black,Wales,42.82,40,51,Living,Glomerulonephritis,1,8,Managed incompatibility,5,0.801,11.71,7,1.689,19.702338766832035,1806.4,11.69,97.69,0,0,1,train,seen_train
V32P-A029563,V32P-R004928,V32P-DP000985,V32P-H09,2023-12-15,Active,RECIPIENT_V1,2025-12-14,Female,Asian,London,57.68,53,68,Deceased,Other,0,17,Standard compatible,5,0.788,16.48,7,1.35,12.406328059950043,2050.0,11.5,67.0,0,0,1,train,seen_train
V32P-A027853,V32P-R004643,V32P-DD000859,V32P-H04,2024-08-08,Active,RECIPIENT_V1,2026-08-08,Female,Other,Northern Ireland,32.1,72,32,Deceased,Other,0,58,Managed incompatibility,2,0.593,19.23,7,1.15,3.9783001808318095,2350.0,11.0,70.0,0,0,1,train,seen_train
V32P-A023557,V32P-R003927,V32P-DD001385,V32P-H01,2023-12-14,Active,RECIPIENT_V1,2025-12-13,Female,Asian,Northern Ireland,16.26,27,44,Deceased,Glomerulonephritis,0,67,Standard compatible,4,0.33,15.45,7,1.43,19.36560934891486,1760.0,7.95,90.8,0,0,0,train,seen_train
V32P-A056389,V32P-R009399,V32P-DP001668,V32P-H08,2024-07-21,Active,RECIPIENT_V1,2026-07-21,Female,White,Wales,94.31,43,40,Deceased,Hypertensive kidney disease,0,25,Standard compatible,5,0.843,14.63,7,1.63,7.661822985468948,1705.0,9.94,69.13,0,0,1,train,unseen_test
V32P-A037315,V32P-R006220,V32P-DL003775,V32P-H07,2023-12-21,Active,RECIPIENT_V1,2025-12-20,Female,Other,London,118.77,42,55,Living,Glomerulonephritis,0,22,Managed incompatibility,3,0.826,8.39,7,1.82,9.770808202653807,1950.0,8.3,83.5,0,0,1,train,seen_train
V32P-A026629,V32P-R004439,V32P-DL003876,V32P-H02,2024-01-18,Active,RECIPIENT_V1,2026-01-17,Male,Black,Wales,114.54,47,59,Living,Other,0,21,Standard compatible,6,0.441,9.36,7,1.52,-1.6181229773462726,2010.0,9.1,96.0,0,0,0,train,seen_train
V32P-A004747,V32P-R000792,V32P-DD001697,V32P-H01,2023-11-29,Active,RECIPIENT_V1,2025-11-28,Female,Mixed,Northern Ireland,90.11,35,69,Deceased,Diabetic kidney disease,0,61,Managed incompatibility,6,0.088,19.47,7,1.35,16.279069767441865,2080.0,8.6,79.0,0,0,1,train,seen_train
V32P-A037471,V32P-R006246,V32P-DL003223,V32P-H02,2024-01-20,Active,RECIPIENT_V1,2026-01-19,Female,White,London,130.78,25,49,Living,Polycystic kidney disease,0,51,Standard compatible,1,0.356,11.32,7,0.835,22.613803230543304,2307.4,11.66,98.61,0,0,1,train,seen_train
V32P-A017515,V32P-R002920,V32P-DD000681,V32P-H04,2023-12-11,Active,RECIPIENT_V1,2025-12-10,Male,Mixed,London,84.58,78,48,Deceased,Glomerulonephritis,0,24,Standard compatible,3,0.699,17.89,7,1.32,-5.579399141630891,2500.0,7.1,84.0,0,0,0,train,seen_train
V32P-A037075,V32P-R006180,V32P-DL002055,V32P-H03,2023-12-16,Active,RECIPIENT_V1,2025-12-15,Male,White,North West,9.06,40,47,Living,Hypertensive kidney disease,0,45,Managed incompatibility,2,0.683,20.2,7,1.58,-8.405797101449275,2310.0,9.4,87.7,0,0,0,train,seen_train
V32P-A050659,V32P-R008444,V32P-DP000933,V32P-H04,2023-11-23,Active,RECIPIENT_V1,2025-11-22,Male,White,London,114.22,35,33,Deceased,Other,0,25,Standard compatible,4,0.514,11.32,7,1.263,-4.607250755287021,2197.8,6.84,92.44,0,0,1,train,seen_train
V32P-A015061,V32P-R002511,V32P-DP000604,V32P-H10,2023-11-24,Active,RECIPIENT_V1,2025-11-23,Male,Asian,Wales,86.71,29,59,Deceased,Hypertensive kidney disease,0,20,Standard compatible,6,0.559,5.04,7,1.05,42.27642276422765,1950.0,11.3,94.5,0,0,1,train,seen_train
V32P-A016717,V32P-R002787,V32P-DL002703,V32P-H09,2023-12-06,Active,RECIPIENT_V1,2025-12-05,Female,Black,London,106.8,23,41,Living,Glomerulonephritis,0,48,Managed incompatibility,6,0.11,9.16,7,1.02,23.636363636363647,2150.0,7.1,89.5,0,0,0,train,unseen_test
V32P-A014413,V32P-R002403,V32P-DL001692,V32P-H04,2024-08-21,Active,RECIPIENT_V1,2026-08-21,Male,Asian,Northern Ireland,103.81,22,34,Living,Glomerulonephritis,0,69,Managed incompatibility,0,0.856,16.77,7,1.598,-7.683419988445985,2374.7,9.19,86.21,0,0,0,train,seen_train
V32P-A031213,V32P-R005203,V32P-DL002913,V32P-H02,2024-05-17,Active,RECIPIENT_V1,2026-05-17,Male,Asian,Scotland,24.29,76,28,Living,Diabetic kidney disease,0,4,Managed incompatibility,3,0.855,5.7,7,1.92,24.352331606217607,1380.0,12.5,69.0,0,0,1,train,seen_train
V32P-A025117,V32P-R004187,V32P-DL002680,V32P-H03,2023-12-23,Active,RECIPIENT_V1,2025-12-22,Male,Asian,North West,43.08,26,52,Living,Diabetic kidney disease,0,51,Managed incompatibility,6,0.411,15.77,7,0.84,6.598984771573596,2613.0,9.85,99.7,0,0,0,train,seen_train
V32P-A021409,V32P-R003569,V32P-DL000158,V32P-H03,2024-12-28,Active,RECIPIENT_V1,2026-12-28,Female,Asian,North West,74.01,48,47,Living,Glomerulonephritis,1,8,Standard compatible,4,0.212,6.28,7,1.85,23.49799732977304,1700.0,10.9,80.0,0,0,1,train,seen_train
V32P-A056581,V32P-R009431,V32P-DP000501,V32P-H05,2023-11-16,Active,RECIPIENT_V1,2025-11-15,Female,Black,London,91.18,22,26,Deceased,Hypertensive kidney disease,0,50,Standard compatible,6,0.323,15.33,7,1.35,-2.1029731689630107,2380.0,9.8,58.2,0,0,0,train,seen_train
V32P-A006751,V32P-R001126,V32P-DP001879,V32P-H02,2024-08-11,Invalidated,RECIPIENT_V3,2026-08-11,Female,Mixed,London,38.98,46,34,Deceased,Hypertensive kidney disease,0,8,Standard compatible,0,0.353,15.92,7,1.65,2.9962546816479287,1865.0,7.3,92.8,0,0,1,train,seen_train
V32P-A012001,V32P-R002001,V32P-DD000331,V32P-H08,2023-11-16,Active,RECIPIENT_V1,2025-11-15,Male,Other,Northern Ireland,85.36,38,47,Deceased,Other,1,47,Standard compatible,0,0.775,9.32,7,1.62,6.0209424083769685,1850.0,11.1,63.5,0,0,0,train,seen_train
V32P-A022441,V32P-R003741,V32P-DP000509,V32P-H02,2023-12-18,Active,RECIPIENT_V1,2025-12-17,Female,Mixed,Wales,10.95,71,67,Deceased,Hypertensive kidney disease,0,62,Managed incompatibility,1,0.705,18.93,7,0.984,17.703349282296653,1853.8,9.87,75.25,0,0,1,train,unseen_test
V32P-A034123,V32P-R005688,V32P-DP000273,V32P-H08,2024-01-15,Active,RECIPIENT_V1,2026-01-14,Male,Black,Scotland,41.14,51,40,Deceased,Diabetic kidney disease,0,46,Managed incompatibility,0,0.292,10.22,7,1.21,-7.6335877862595485,2380.0,8.2,99.5,0,0,0,train,unseen_test
V32P-A021859,V32P-R003644,V32P-DL001602,V32P-H04,2024-12-10,Active,RECIPIENT_V1,2026-12-10,Female,Black,Wales,64.04,74,57,Living,Other,0,51,Managed incompatibility,0,0.249,15.17,7,0.83,12.925170068027208,2513.6,8.98,95.94,0,0,1,train,seen_train
V32P-A025363,V32P-R004228,V32P-DP000699,V32P-H02,2023-12-03,Active,RECIPIENT_V1,2025-12-02,Male,Other,Northern Ireland,30.87,60,43,Deceased,Other,0,34,Managed incompatibility,1,0.806,20.82,7,1.25,39.66480446927374,2080.0,7.6,99.8,0,0,1,train,seen_train
V32P-A058693,V32P-R009783,V32P-DP001115,V32P-H05,2024-05-24,Active,RECIPIENT_V1,2026-05-24,Male,Other,Scotland,67.61,69,26,Deceased,Hypertensive kidney disease,0,26,Managed incompatibility,1,0.299,2.57,7,1.295,9.560067681895092,2067.5,11.24,99.13,0,0,1,train,unseen_test
V32P-A042541,V32P-R007091,V32P-DL000481,V32P-H01,2023-11-10,Active,RECIPIENT_V1,2025-11-09,Female,Other,Northern Ireland,102.66,24,33,Living,Polycystic kidney disease,0,61,Standard compatible,1,0.738,2.77,7,1.15,-2.871621621621624,2150.0,12.3,92.5,0,0,0,train,seen_train
V32P-A040909,V32P-R006819,V32P-DL001415,V32P-H01,2023-11-26,Active,RECIPIENT_V1,2025-11-25,Female,Black,Northern Ireland,97.05,62,51,Living,Glomerulonephritis,0,29,Managed incompatibility,4,0.531,18.12,7,1.45,5.762217359591536,2050.0,8.9,99.5,0,0,1,train,seen_train
V32P-A032737,V32P-R005457,V32P-DP000672,V32P-H03,2024-03-15,Active,RECIPIENT_V1,2026-03-15,Female,White,Scotland,114.12,78,40,Deceased,Hypertensive kidney disease,0,18,Standard compatible,2,0.631,13.28,7,1.42,17.355371900826444,1761.0,8.62,91.76,0,0,1,train,seen_train
V32P-A030301,V32P-R005051,V32P-DL000864,V32P-H07,2024-04-04,Active,RECIPIENT_V1,2026-04-04,Female,Mixed,Northern Ireland,62.91,71,35,Living,Other,0,15,Managed incompatibility,0,0.88,9.91,7,1.68,26.696832579185507,1580.0,11.3,92.5,0,0,1,train,seen_train
V32P-A058039,V32P-R009674,V32P-DL002358,V32P-H08,2023-12-09,Active,RECIPIENT_V1,2025-12-08,Female,Black,Wales,50.08,73,28,Living,Glomerulonephritis,0,68,Managed incompatibility,1,0.613,3.97,7,1.78,2.652825836216842,1760.0,10.9,91.2,0,0,1,train,seen_train
V32P-A001891,V32P-R000316,V32P-DP001400,V32P-H01,2023-12-26,Active,RECIPIENT_V1,2025-12-25,Female,Other,London,83.94,41,34,Deceased,Hypertensive kidney disease,0,22,Standard compatible,1,0.765,4.35,7,1.08,7.892107892107911,2350.0,10.2,81.0,0,0,1,train,unseen_test
V32P-A059833,V32P-R009973,V32P-DD000118,V32P-H06,2024-05-10,Active,RECIPIENT_V1,2026-05-10,Female,White,Wales,9.02,37,48,Deceased,Glomerulonephritis,0,52,Standard compatible,3,0.271,9.75,7,0.968,5.561613958560516,2249.2,8.87,85.2,0,0,1,train,seen_train
V32P-A049297,V32P-R008217,V32P-DD001291,V32P-H03,2024-07-15,Active,RECIPIENT_V1,2026-07-15,Male,Asian,North West,31.85,66,38,Deceased,Polycystic kidney disease,0,24,Managed incompatibility,5,0.802,11.71,7,1.25,-15.54054054054054,2350.0,9.9,99.7,0,0,0,train,seen_train
V32P-A015463,V32P-R002578,V32P-DP000878,V32P-H04,2024-07-06,Active,RECIPIENT_V1,2026-07-06,Male,White,Northern Ireland,49.26,47,61,Deceased,Polycystic kidney disease,0,21,Managed incompatibility,4,0.662,3.95,7,1.898,16.584766584766587,1907.3,10.55,98.6,0,0,0,train,seen_train
V32P-A012313,V32P-R002053,V32P-DP001819,V32P-H02,2024-06-27,Active,RECIPIENT_V1,2026-06-27,Male,Black,Wales,79.89,68,32,Deceased,Glomerulonephritis,0,19,Standard compatible,5,0.716,15.04,7,1.385,-13.707165109034266,2381.4,9.8,98.11,0,0,0,train,seen_train
V32P-A007825,V32P-R001305,V32P-DP001832,V32P-H02,2024-07-31,Active,RECIPIENT_V1,2026-07-31,Female,Other,North West,56.74,70,61,Deceased,Glomerulonephritis,0,41,Standard compatible,4,0.153,11.31,7,1.043,27.19512195121951,2241.1,10.03,92.87,0,0,0,train,seen_train
V32P-A050083,V32P-R008348,V32P-DP001673,V32P-H06,2023-12-16,Active,RECIPIENT_V1,2025-12-15,Male,Black,Wales,12.14,37,55,Deceased,Hypertensive kidney disease,0,59,Managed incompatibility,0,0.223,6.22,7,1.62,-1.459854014598528,1950.0,11.2,87.0,0,0,1,train,seen_train
V32P-A006787,V32P-R001132,V32P-DL000009,V32P-H01,2023-12-15,Active,RECIPIENT_V1,2025-12-14,Female,Other,Wales,33.05,22,32,Living,Glomerulonephritis,0,22,Standard compatible,2,0.86,17.43,7,1.152,25.353645266594107,2048.4,10.37,92.8,0,0,1,train,seen_train
V32P-A034975,V32P-R005830,V32P-DL000423,V32P-H01,2024-05-23,Active,RECIPIENT_V1,2026-05-23,Female,Other,London,101.86,32,38,Living,Polycystic kidney disease,0,3,Standard compatible,6,0.839,20.03,7,1.58,-0.6289308176100634,2390.0,9.52,81.2,0,0,1,train,seen_train
V32P-A048295,V32P-R008050,V32P-DP000308,V32P-H02,2024-04-03,Active,RECIPIENT_V1,2026-04-03,Male,Asian,London,58.97,69,31,Deceased,Hypertensive kidney disease,0,32,Managed incompatibility,1,0.789,15.05,7,1.29,-15.075707702435809,2503.0,10.1,80.6,0,0,0,train,unseen_test
V32P-A055471,V32P-R009246,V32P-DP001928,V32P-H05,2023-12-20,Invalidated,RECIPIENT_V3,2025-12-19,Male,Other,Wales,54.65,31,68,Deceased,Hypertensive kidney disease,0,39,Managed incompatibility,2,0.217,7.86,7,1.437,13.060582218725424,2106.6,7.83,55.74,0,0,1,train,seen_train
V32P-A031339,V32P-R005224,V32P-DP000469,V32P-H03,2024-05-20,Active,RECIPIENT_V1,2026-05-20,Female,Black,Northern Ireland,35.87,54,41,Deceased,Glomerulonephritis,0,17,Standard compatible,1,0.499,6.07,7,1.193,-4.4070512820512775,2501.6,11.92,87.56,0,0,0,train,unseen_test
V32P-A010387,V32P-R001732,V32P-DD000876,V32P-H09,2024-04-20,Active,RECIPIENT_V1,2026-04-20,Male,Asian,Wales,20.54,37,67,Deceased,Diabetic kidney disease,0,25,Standard compatible,0,0.284,9.0,7,1.05,-12.207357859531765,2580.0,10.3,86.9,0,0,0,train,seen_train
V32P-A023743,V32P-R003958,V32P-DP000464,V32P-H07,2024-08-12,Active,RECIPIENT_V1,2026-08-12,Female,Black,London,110.74,26,67,Deceased,Hypertensive kidney disease,0,66,Standard compatible,6,0.624,18.64,7,1.82,10.102843315184517,2050.0,8.65,85.2,0,0,1,train,seen_train
V32P-A023881,V32P-R003981,V32P-DD001758,V32P-H02,2024-02-25,Active,RECIPIENT_V1,2026-02-24,Female,Black,North West,13.91,46,37,Deceased,Other,0,22,Standard compatible,4,0.577,15.72,7,0.856,-0.3492433061699654,2423.3,8.98,87.65,0,0,1,train,seen_train
V32P-A059275,V32P-R009880,V32P-DL003349,V32P-H07,2024-11-16,Active,RECIPIENT_V1,2026-11-16,Female,Asian,Wales,81.96,42,49,Living,Glomerulonephritis,0,66,Standard compatible,4,0.639,15.01,7,0.96,27.82956058588548,2216.0,9.84,96.51,0,0,1,train,seen_train
V32P-A003163,V32P-R000528,V32P-DP000531,V32P-H01,2024-03-12,Active,RECIPIENT_V1,2026-03-12,Female,White,North West,101.22,53,26,Deceased,Hypertensive kidney disease,0,35,Managed incompatibility,4,0.804,13.88,7,1.59,-5.300774270399045,2335.0,12.8,98.8,0,0,1,train,seen_train
V32P-A043315,V32P-R007220,V32P-DD001378,V32P-H02,2023-11-12,Invalidated,RECIPIENT_V3,2025-11-11,Male,Black,Northern Ireland,99.6,72,45,Deceased,Polycystic kidney disease,0,13,Managed incompatibility,5,0.634,17.2,7,1.142,8.555133079847895,2465.3,6.81,98.69,0,0,1,train,seen_train
V32P-A058477,V32P-R009747,V32P-DP001283,V32P-H03,2024-05-25,Active,RECIPIENT_V1,2026-05-25,Female,Black,Northern Ireland,17.94,51,58,Deceased,Polycystic kidney disease,0,11,Standard compatible,6,0.134,13.32,7,1.542,13.382352941176466,2138.0,9.83,90.46,0,0,0,train,seen_train
V32P-A011113,V32P-R001853,V32P-DL003527,V32P-H05,2024-03-19,Active,RECIPIENT_V1,2026-03-19,Male,White,Northern Ireland,122.78,61,63,Living,Glomerulonephritis,0,39,Managed incompatibility,3,0.685,11.61,7,1.48,-0.3367003367003444,1950.0,9.1,92.0,0,0,0,train,seen_train
V32P-A051967,V32P-R008662,V32P-DL000112,V32P-H02,2024-11-27,Active,RECIPIENT_V1,2026-11-27,Male,White,North West,48.52,39,49,Living,Hypertensive kidney disease,0,43,Managed incompatibility,4,0.579,4.49,7,1.42,-7.852044127190136,2360.0,10.4,96.5,0,0,0,train,seen_train
V32P-A044053,V32P-R007343,V32P-DP000076,V32P-H04,2024-12-10,Active,RECIPIENT_V1,2026-12-10,Male,White,London,122.37,68,38,Deceased,Glomerulonephritis,0,23,Standard compatible,3,0.28,3.3,7,0.82,20.234604105571837,2550.0,8.3,97.5,0,0,1,train,seen_train
V32P-A039835,V32P-R006640,V32P-DP000461,V32P-H01,2024-04-11,Active,RECIPIENT_V1,2026-04-11,Female,Other,Northern Ireland,106.85,28,65,Deceased,Diabetic kidney disease,0,37,Managed incompatibility,1,0.061,18.86,7,1.15,34.03263403263402,1900.0,9.8,97.5,0,0,1,train,seen_train
V32P-A039019,V32P-R006504,V32P-DL003718,V32P-H01,2024-02-18,Active,RECIPIENT_V1,2026-02-17,Female,White,Northern Ireland,136.53,57,50,Living,Other,0,59,Standard compatible,5,0.423,8.79,7,1.245,-13.900414937759326,2526.8,12.82,96.8,0,0,0,train,seen_train
V32P-A014557,V32P-R002427,V32P-DP001374,V32P-H03,2024-08-03,Active,RECIPIENT_V1,2026-08-03,Male,Asian,London,57.73,44,63,Deceased,Glomerulonephritis,0,43,Managed incompatibility,0,0.683,10.81,7,1.06,18.30357142857143,2280.0,10.3,64.5,0,0,1,train,seen_train
V32P-A025765,V32P-R004295,V32P-DL003051,V32P-H03,2024-07-21,Active,RECIPIENT_V1,2026-07-21,Male,Asian,North West,102.62,58,66,Living,Hypertensive kidney disease,0,47,Standard compatible,6,0.875,6.62,7,1.25,25.50200803212851,2050.0,9.6,99.8,0,0,1,train,seen_train
V32P-A056497,V32P-R009417,V32P-DL001956,V32P-H02,2023-12-24,Active,RECIPIENT_V1,2025-12-23,Male,White,Wales,143.72,72,48,Living,Glomerulonephritis,0,12,Managed incompatibility,6,0.273,15.0,7,1.45,-4.542462146148779,2380.0,9.6,97.5,0,0,0,train,unseen_test
V32P-A011035,V32P-R001840,V32P-DD001110,V32P-H02,2024-05-01,Active,RECIPIENT_V1,2026-05-01,Male,White,Scotland,88.47,55,48,Deceased,Other,0,29,Standard compatible,2,0.664,16.22,7,1.398,-4.9626104690686725,2277.2,12.38,98.4,0,0,1,train,seen_train
V32P-A008545,V32P-R001425,V32P-DP001282,V32P-H02,2024-11-16,Active,RECIPIENT_V1,2026-11-16,Male,Other,North West,82.44,75,56,Deceased,Glomerulonephritis,1,66,Standard compatible,1,0.767,17.05,7,1.23,6.034482758620696,2250.0,8.6,62.0,0,0,1,train,seen_train
V32P-A056467,V32P-R009412,V32P-DD000638,V32P-H09,2024-10-17,Active,RECIPIENT_V1,2026-10-17,Male,White,Scotland,42.63,75,26,Deceased,Other,0,32,Standard compatible,1,0.357,13.43,7,1.43,-3.5087719298245648,2221.0,8.94,93.19,0,0,0,train,seen_train
V32P-A058225,V32P-R009705,V32P-DP000385,V32P-H06,2023-12-08,Active,RECIPIENT_V1,2025-12-07,Male,Asian,London,41.56,27,26,Deceased,Other,0,33,Standard compatible,6,0.59,7.44,7,1.653,2.4798512089274665,2207.4,11.8,96.72,0,0,1,train,unseen_test
V32P-A017887,V32P-R002982,V32P-DP000437,V32P-H03,2024-12-22,Active,RECIPIENT_V1,2026-12-22,Female,Mixed,London,107.76,73,52,Deceased,Diabetic kidney disease,1,62,Managed incompatibility,0,0.728,16.82,7,1.09,4.606525911708257,2300.0,9.8,81.0,0,0,1,train,seen_train
V32P-A001381,V32P-R000231,V32P-DL001905,V32P-H02,2023-12-15,Active,RECIPIENT_V1,2025-12-14,Male,Black,Wales,13.36,64,66,Living,Diabetic kidney disease,1,60,Managed incompatibility,2,0.485,11.87,7,1.62,4.448742746615098,1960.0,9.5,98.0,0,0,0,train,seen_train
V32P-A025183,V32P-R004198,V32P-DD001895,V32P-H02,2024-07-28,Active,RECIPIENT_V1,2026-07-28,Female,White,Scotland,106.52,50,41,Deceased,Hypertensive kidney disease,0,28,Standard compatible,6,0.77,10.45,7,1.75,11.53601019757808,1650.0,8.4,91.2,0,0,1,train,seen_train
V32P-A007681,V32P-R001281,V32P-DP000854,V32P-H02,2024-07-11,Active,RECIPIENT_V1,2026-07-11,Male,Asian,Scotland,55.95,67,68,Deceased,Glomerulonephritis,0,31,Managed incompatibility,0,0.092,12.13,7,1.38,26.142595978062136,1850.0,9.1,99.5,0,0,1,train,seen_train
V32P-A050671,V32P-R008446,V32P-DP000916,V32P-H05,2024-08-16,Active,RECIPIENT_V1,2026-08-16,Male,Black,Wales,124.65,69,29,Deceased,Other,0,55,Managed incompatibility,6,0.118,10.25,7,1.098,10.02004008016033,2377.5,7.3,97.14,0,0,1,train,seen_train
V32P-A020071,V32P-R003346,V32P-DL000496,V32P-H03,2024-06-06,Active,RECIPIENT_V1,2026-06-06,Female,Asian,Scotland,99.51,22,61,Living,Hypertensive kidney disease,0,38,Managed incompatibility,6,0.625,8.2,7,1.62,3.84615384615385,2080.0,9.35,97.2,0,0,0,train,unseen_test
V32P-A046915,V32P-R007820,V32P-DL002882,V32P-H09,2023-12-14,Active,RECIPIENT_V1,2025-12-13,Female,Other,Northern Ireland,24.41,69,62,Living,Diabetic kidney disease,0,47,Managed incompatibility,3,0.289,18.95,7,1.657,19.552669552669563,1666.4,9.89,79.73,0,0,1,train,seen_train
V32P-A044905,V32P-R007485,V32P-DL002593,V32P-H03,2024-11-30,Active,RECIPIENT_V1,2026-11-30,Female,Black,North West,98.01,75,49,Living,Diabetic kidney disease,0,4,Managed incompatibility,0,0.628,4.37,7,0.74,5.563480741797438,2380.0,9.15,76.2,0,0,1,train,seen_train
V32P-A020707,V32P-R003452,V32P-DL001899,V32P-H05,2023-11-10,Active,RECIPIENT_V1,2025-11-09,Male,Other,Scotland,115.73,33,58,Living,Glomerulonephritis,1,20,Standard compatible,2,0.928,8.71,7,0.98,11.363636363636362,2123.9,10.05,90.38,0,0,0,train,seen_train
V32P-A000517,V32P-R000087,V32P-DL003245,V32P-H02,2023-12-04,Active,RECIPIENT_V1,2025-12-03,Female,Asian,Wales,90.17,53,54,Living,Other,0,45,Standard compatible,6,0.877,2.82,7,0.91,-15.740740740740742,2650.0,9.5,99.8,0,0,0,train,seen_train
V32P-A056473,V32P-R009413,V32P-DL002757,V32P-H04,2023-11-25,Active,RECIPIENT_V1,2025-11-24,Female,Asian,Wales,38.51,73,37,Living,Hypertensive kidney disease,1,13,Standard compatible,2,0.185,8.29,7,1.432,1.3446567586694909,2452.8,10.02,99.56,0,0,0,train,unseen_test
V32P-A008587,V32P-R001432,V32P-DL000243,V32P-H09,2024-10-25,Active,RECIPIENT_V1,2026-10-25,Male,Mixed,London,112.76,77,65,Living,Hypertensive kidney disease,0,17,Standard compatible,4,0.92,8.93,7,1.35,-7.786885245901631,2200.0,9.1,98.1,0,0,1,train,seen_train
V32P-A045145,V32P-R007525,V32P-DL000197,V32P-H05,2023-11-20,Active,RECIPIENT_V1,2025-11-19,Female,Asian,Wales,104.87,31,59,Living,Hypertensive kidney disease,0,39,Managed incompatibility,6,0.584,17.37,7,1.49,-2.359108781127132,2050.0,11.4,95.0,0,0,0,train,seen_train
V32P-A026809,V32P-R004469,V32P-DL003655,V32P-H04,2023-11-10,Active,RECIPIENT_V1,2025-11-09,Female,Asian,North West,41.21,56,39,Living,Other,0,67,Managed incompatibility,2,0.864,11.04,7,1.285,-8.475783475783475,2330.4,8.92,95.25,0,0,0,train,seen_train
V32P-A050635,V32P-R008440,V32P-DP000807,V32P-H05,2024-11-18,Active,RECIPIENT_V1,2026-11-18,Female,White,North West,90.73,49,41,Deceased,Hypertensive kidney disease,0,62,Standard compatible,1,0.146,8.1,7,1.62,19.64549483013294,1850.0,9.8,96.0,0,0,1,train,seen_train
V32P-A013225,V32P-R002205,V32P-DP001500,V32P-H02,2023-11-26,Active,RECIPIENT_V1,2025-11-25,Male,Asian,London,97.16,28,50,Deceased,Polycystic kidney disease,0,42,Standard compatible,5,0.752,18.53,7,1.64,-6.178489702517168,2350.0,8.6,98.1,0,0,1,train,seen_train
V32P-A059191,V32P-R009866,V32P-DP001472,V32P-H08,2024-04-13,Active,RECIPIENT_V1,2026-04-13,Female,Other,Northern Ireland,69.1,48,36,Deceased,Polycystic kidney disease,0,14,Managed incompatibility,0,0.832,5.47,7,1.32,7.755102040816323,2050.0,9.7,98.0,0,0,1,train,seen_train
V32P-A040789,V32P-R006799,V32P-DL001694,V32P-H04,2023-12-02,Active,RECIPIENT_V1,2025-12-01,Male,Asian,North West,96.19,70,66,Living,Hypertensive kidney disease,1,55,Standard compatible,3,0.886,2.74,7,1.61,19.702602230483283,2091.3,12.89,98.86,0,0,0,train,seen_train
V32P-A047689,V32P-R007949,V32P-DP001913,V32P-H05,2024-08-13,Active,RECIPIENT_V1,2026-08-13,Male,Mixed,Wales,30.23,54,53,Deceased,Glomerulonephritis,0,29,Standard compatible,1,0.398,7.08,7,1.465,-6.6284257488846325,2227.5,11.93,98.05,0,0,0,train,seen_train
V32P-A034699,V32P-R005784,V32P-DL000405,V32P-H08,2023-11-28,Active,RECIPIENT_V1,2025-11-27,Female,Mixed,Scotland,67.36,51,28,Living,Diabetic kidney disease,0,7,Standard compatible,2,0.456,18.54,7,0.93,6.285714285714292,2350.0,11.8,97.5,0,0,0,train,seen_train
V32P-A050725,V32P-R008455,V32P-DP000574,V32P-H03,2024-12-29,Active,RECIPIENT_V1,2026-12-29,Female,Mixed,Wales,61.11,33,58,Deceased,Glomerulonephritis,0,11,Managed incompatibility,2,0.556,6.0,7,1.05,31.74404015056461,2050.0,11.9,94.8,0,0,0,train,seen_train
V32P-A049729,V32P-R008289,V32P-DP001154,V32P-H02,2024-03-06,Active,RECIPIENT_V1,2026-03-06,Female,Asian,Wales,45.03,32,38,Deceased,Other,0,56,Standard compatible,3,0.811,10.7,7,1.26,18.198874296435267,2048.6,7.53,97.45,0,0,1,train,seen_train
V32P-A041335,V32P-R006890,V32P-DL002736,V32P-H02,2024-06-16,Active,RECIPIENT_V1,2026-06-16,Male,White,London,91.13,54,65,Living,Glomerulonephritis,1,54,Standard compatible,1,0.445,8.99,7,1.653,6.645161290322578,1685.7,9.87,99.18,0,0,1,train,unseen_test
V32P-A043855,V32P-R007310,V32P-DP000517,V32P-H05,2024-05-18,Active,RECIPIENT_V1,2026-05-18,Female,Other,Scotland,127.69,49,45,Deceased,Polycystic kidney disease,0,64,Standard compatible,0,0.734,6.61,7,1.28,7.653490328006726,2150.0,7.3,90.0,0,0,0,train,seen_train
V32P-A008785,V32P-R001465,V32P-DP001349,V32P-H07,2023-11-24,Active,RECIPIENT_V1,2025-11-23,Male,Other,London,24.29,48,47,Deceased,Other,0,19,Standard compatible,3,0.461,9.36,7,1.28,6.577851790174851,2050.0,12.4,96.5,0,0,0,train,seen_train
V32P-A008815,V32P-R001470,V32P-DD001617,V32P-H05,2024-01-16,Active,RECIPIENT_V1,2026-01-15,Male,Black,Scotland,113.55,41,66,Deceased,Glomerulonephritis,1,57,Standard compatible,5,0.122,19.77,7,1.04,15.171650055370986,2330.0,9.6,99.7,0,0,0,train,seen_train
V32P-A009637,V32P-R001607,V32P-DD000495,V32P-H02,2024-12-29,Active,RECIPIENT_V1,2026-12-29,Male,Other,North West,62.63,27,33,Deceased,Diabetic kidney disease,0,71,Standard compatible,2,0.598,10.27,7,1.295,0.6216006216006222,2232.6,11.79,95.03,0,0,1,train,seen_train
V32P-A038971,V32P-R006496,V32P-DP001166,V32P-H07,2023-12-12,Active,RECIPIENT_V1,2025-12-11,Male,Asian,London,72.62,74,64,Deceased,Polycystic kidney disease,0,30,Standard compatible,5,0.814,18.01,7,1.52,3.4717494894486,2080.0,7.9,91.0,0,0,1,train,seen_train
V32P-A005047,V32P-R000842,V32P-DD001778,V32P-H05,2024-09-06,Active,RECIPIENT_V1,2026-09-06,Male,White,Wales,90.52,47,61,Deceased,Glomerulonephritis,0,10,Managed incompatibility,0,0.749,11.07,7,1.62,-8.577878103837467,2380.0,9.5,98.0,0,0,1,train,seen_train
V32P-A009985,V32P-R001665,V32P-DP000713,V32P-H06,2023-12-07,Active,RECIPIENT_V1,2025-12-06,Male,Black,Scotland,66.6,49,62,Deceased,Glomerulonephritis,0,21,Standard compatible,2,0.843,7.64,7,1.22,17.53371868978805,2350.0,9.6,98.0,0,0,1,train,seen_train
V32P-A036613,V32P-R006103,V32P-DP001117,V32P-H09,2024-06-21,Active,RECIPIENT_V1,2026-06-21,Female,Other,Wales,64.2,61,68,Deceased,Other,0,37,Managed incompatibility,0,0.483,9.01,7,1.15,-9.662215239591518,2490.0,10.2,98.0,0,0,0,train,seen_train
V32P-A039265,V32P-R006545,V32P-DD001011,V32P-H04,2023-12-31,Active,RECIPIENT_V1,2025-12-30,Male,Asian,North West,73.05,49,30,Deceased,Glomerulonephritis,0,35,Standard compatible,6,0.82,2.72,7,1.25,5.932203389830514,2250.0,11.2,98.7,0,0,0,train,seen_train
V32P-A009157,V32P-R001527,V32P-DP000622,V32P-H02,2024-06-07,Active,RECIPIENT_V1,2026-06-07,Female,Asian,Wales,127.65,45,28,Deceased,Hypertensive kidney disease,0,61,Standard compatible,5,0.224,14.86,7,1.25,9.265734265734274,1900.0,8.0,85.0,0,0,1,train,seen_train
V32P-A041695,V32P-R006950,V32P-DP000905,V32P-H02,2024-06-11,Active,RECIPIENT_V1,2026-06-11,Female,Asian,Northern Ireland,104.88,74,30,Deceased,Polycystic kidney disease,0,3,Standard compatible,1,0.085,10.56,7,1.68,12.82740094022833,2050.0,11.5,98.5,0,0,1,train,seen_train
V32P-A004243,V32P-R000708,V32P-DD000584,V32P-H05,2024-08-30,Active,RECIPIENT_V1,2026-08-30,Female,Mixed,Wales,102.72,72,60,Deceased,Polycystic kidney disease,0,31,Standard compatible,4,0.437,14.65,7,1.05,-13.294797687861273,2540.0,8.2,93.9,0,0,0,train,seen_train
V32P-A041437,V32P-R006907,V32P-DP001896,V32P-H04,2023-11-18,Active,RECIPIENT_V1,2025-11-17,Male,Black,Scotland,123.2,64,64,Deceased,Other,0,24,Managed incompatibility,5,0.653,10.53,7,1.18,-1.9933554817275765,2502.5,9.2,97.63,0,0,0,train,seen_train
V32P-A033595,V32P-R005600,V32P-DP001749,V32P-H08,2024-12-03,Active,RECIPIENT_V1,2026-12-03,Female,White,Northern Ireland,54.59,71,67,Deceased,Diabetic kidney disease,0,29,Standard compatible,5,0.646,19.16,7,1.12,-3.1979256698357754,2440.9,12.48,89.56,0,0,1,train,seen_train
V32P-A033733,V32P-R005623,V32P-DD000045,V32P-H04,2023-11-29,Active,RECIPIENT_V1,2025-11-28,Female,Mixed,Northern Ireland,42.43,41,65,Deceased,Hypertensive kidney disease,1,25,Managed incompatibility,4,0.134,2.45,7,0.855,22.8448275862069,2045.2,7.88,98.9,0,0,1,train,seen_train
V32P-A048739,V32P-R008124,V32P-DP000720,V32P-H06,2024-07-02,Active,RECIPIENT_V1,2026-07-02,Female,Black,London,79.36,56,58,Deceased,Glomerulonephritis,0,33,Standard compatible,4,0.727,17.54,7,0.89,-10.282258064516126,2560.0,8.5,98.3,0,0,0,train,seen_train
V32P-A018619,V32P-R003104,V32P-DP000450,V32P-H08,2024-08-27,Active,RECIPIENT_V1,2026-08-27,Male,White,Scotland,110.53,72,62,Deceased,Other,0,26,Managed incompatibility,2,0.074,4.59,7,1.68,-1.1764705882352953,1950.0,9.9,81.0,0,0,0,train,seen_train
V32P-A019513,V32P-R003253,V32P-DD000915,V32P-H03,2023-12-25,Active,RECIPIENT_V1,2025-12-24,Male,Asian,Scotland,136.42,29,35,Deceased,Other,0,33,Standard compatible,3,0.846,12.23,7,1.82,25.25808671713696,1565.0,12.1,80.8,0,0,0,train,seen_train
V32P-A021679,V32P-R003614,V32P-DL004000,V32P-H01,2024-04-12,Active,RECIPIENT_V1,2026-04-12,Male,Other,Scotland,67.29,47,49,Living,Hypertensive kidney disease,0,4,Standard compatible,4,0.445,8.6,7,1.369,21.580817051509783,1806.2,9.59,96.91,0,0,0,train,unseen_test
V32P-A028309,V32P-R004719,V32P-DP001326,V32P-H05,2024-05-04,Active,RECIPIENT_V1,2026-05-04,Female,Mixed,Scotland,52.45,41,36,Deceased,Other,1,23,Standard compatible,4,0.161,19.87,7,0.968,20.547945205479444,2127.4,8.91,97.92,0,0,0,train,seen_train
V32P-A019471,V32P-R003246,V32P-DL002039,V32P-H02,2024-09-09,Active,RECIPIENT_V1,2026-09-09,Male,Other,London,34.91,47,54,Living,Hypertensive kidney disease,0,18,Managed incompatibility,0,0.892,4.65,7,1.32,9.271523178807955,2280.0,9.6,97.5,0,0,0,train,seen_train
V32P-A048049,V32P-R008009,V32P-DL003036,V32P-H01,2024-11-10,Active,RECIPIENT_V1,2026-11-10,Male,Other,North West,103.53,24,53,Living,Other,1,15,Managed incompatibility,1,0.911,3.36,7,0.71,-7.4315514993481155,2850.0,10.6,86.0,0,0,0,train,seen_train
V32P-A003631,V32P-R000606,V32P-DP000893,V32P-H06,2023-12-11,Active,RECIPIENT_V1,2025-12-10,Male,White,Northern Ireland,119.48,50,48,Deceased,Hypertensive kidney disease,0,48,Standard compatible,3,0.791,3.42,7,1.68,-1.983663943990667,2050.0,11.4,98.8,0,0,1,train,unseen_test
V32P-A029287,V32P-R004882,V32P-DL003668,V32P-H05,2024-12-24,Active,RECIPIENT_V1,2026-12-24,Male,Asian,North West,56.87,49,40,Living,Glomerulonephritis,0,21,Managed incompatibility,6,0.597,20.47,7,0.86,-9.282700421940923,2470.0,10.1,60.7,0,0,0,train,seen_train
V32P-A021139,V32P-R003524,V32P-DP000441,V32P-H04,2023-12-08,Active,RECIPIENT_V1,2025-12-07,Male,Other,Wales,126.42,36,51,Deceased,Diabetic kidney disease,1,23,Standard compatible,2,0.854,15.2,7,1.62,10.958904109589051,2050.0,8.3,92.0,0,0,1,train,seen_train
V32P-A026371,V32P-R004396,V32P-DL003080,V32P-H01,2024-04-17,Active,RECIPIENT_V1,2026-04-17,Male,White,London,113.55,56,40,Living,Glomerulonephritis,0,16,Managed incompatibility,1,0.741,5.27,7,1.59,18.303571428571427,2046.0,8.2,78.8,0,0,0,train,seen_train
V32P-A000451,V32P-R000076,V32P-DP001547,V32P-H04,2024-09-13,Active,RECIPIENT_V1,2026-09-13,Male,Asian,Scotland,84.32,72,38,Deceased,Diabetic kidney disease,0,33,Managed incompatibility,0,0.729,19.35,7,1.68,5.197244834063868,1850.0,12.1,90.5,0,0,1,train,unseen_test
V32P-A041017,V32P-R006837,V32P-DP000603,V32P-H03,2024-05-29,Active,RECIPIENT_V1,2026-05-29,Female,Mixed,North West,71.52,22,59,Deceased,Polycystic kidney disease,0,10,Standard compatible,6,0.08,18.68,7,1.02,7.481559536354064,2580.0,9.65,97.5,0,0,1,train,seen_train
V32P-A052399,V32P-R008734,V32P-DP000815,V32P-H02,2024-01-01,Active,RECIPIENT_V1,2025-12-31,Male,Mixed,London,56.14,69,39,Deceased,Hypertensive kidney disease,0,52,Standard compatible,5,0.835,19.84,7,1.823,3.697383390216152,1836.7,10.16,98.54,0,0,0,train,seen_train
V32P-A020665,V32P-R003445,V32P-DD000417,V32P-H09,2023-12-01,Active,RECIPIENT_V1,2025-11-30,Male,Asian,Scotland,11.4,60,50,Deceased,Polycystic kidney disease,0,65,Standard compatible,4,0.57,19.39,7,1.25,23.395853899309,2100.0,11.2,98.5,0,0,1,train,seen_train
V32P-A049105,V32P-R008185,V32P-DP001967,V32P-H07,2024-05-28,Active,RECIPIENT_V1,2026-05-28,Male,Asian,North West,100.76,28,70,Deceased,Other,0,57,Standard compatible,1,0.442,10.98,7,0.93,-8.374384236453189,2415.0,11.8,69.9,0,0,0,train,seen_train
V32P-A036391,V32P-R006066,V32P-DL003316,V32P-H08,2024-07-16,Active,RECIPIENT_V1,2026-07-16,Male,Mixed,Scotland,76.81,33,62,Living,Diabetic kidney disease,0,32,Standard compatible,6,0.568,5.97,7,1.52,-8.212560386473426,2510.0,11.8,62.5,0,0,0,train,seen_train
V32P-A041845,V32P-R006975,V32P-DP000879,V32P-H07,2024-08-19,Active,RECIPIENT_V1,2026-08-19,Female,Other,Scotland,82.12,48,56,Deceased,Glomerulonephritis,0,62,Standard compatible,1,0.56,8.96,7,1.18,-10.538286580742987,2350.0,9.2,85.0,0,0,0,train,seen_train
V32P-A028327,V32P-R004722,V32P-DP001826,V32P-H02,2024-11-02,Active,RECIPIENT_V1,2026-11-02,Male,Asian,Northern Ireland,46.73,63,36,Deceased,Glomerulonephritis,0,59,Managed incompatibility,2,0.118,4.81,7,0.931,7.011494252873569,2087.5,10.95,85.51,0,0,0,train,seen_train
V32P-A012949,V32P-R002159,V32P-DP001456,V32P-H06,2024-03-06,Active,RECIPIENT_V1,2026-03-06,Female,Black,Northern Ireland,140.14,61,51,Deceased,Glomerulonephritis,0,8,Standard compatible,0,0.402,4.81,7,1.396,14.61412151067323,1730.3,7.4,95.89,0,0,1,train,seen_train
V32P-A008077,V32P-R001347,V32P-DP001854,V32P-H07,2024-09-08,Active,RECIPIENT_V1,2026-09-08,Female,Mixed,North West,52.22,23,66,Deceased,Polycystic kidney disease,0,32,Standard compatible,3,0.868,12.43,7,1.82,6.557377049180334,1950.0,9.4,98.5,0,0,1,train,seen_train
V32P-A044143,V32P-R007358,V32P-DL002419,V32P-H06,2024-09-10,Active,RECIPIENT_V1,2026-09-10,Male,Asian,Scotland,38.4,51,32,Living,Diabetic kidney disease,0,4,Standard compatible,6,0.101,10.53,7,1.29,-6.386066763425244,2415.0,7.96,97.73,0,0,0,train,seen_train
V32P-A026125,V32P-R004355,V32P-DL002919,V32P-H03,2024-12-31,Active,RECIPIENT_V1,2026-12-31,Male,Mixed,Scotland,67.08,50,34,Living,Diabetic kidney disease,0,61,Managed incompatibility,3,0.457,14.53,7,1.62,10.882956878850104,1930.0,8.3,97.2,0,0,0,train,seen_train
V32P-A037591,V32P-R006266,V32P-DL001738,V32P-H06,2023-12-02,Active,RECIPIENT_V1,2025-12-01,Female,Asian,Scotland,13.12,47,55,Living,Polycystic kidney disease,0,37,Standard compatible,4,0.899,16.37,7,1.23,0.0,2183.0,8.96,91.82,0,0,1,train,unseen_test
V32P-A059857,V32P-R009977,V32P-DD001352,V32P-H05,2024-03-09,Active,RECIPIENT_V1,2026-03-09,Male,Mixed,London,115.57,38,41,Deceased,Diabetic kidney disease,0,27,Managed incompatibility,4,0.19,8.98,7,1.32,5.34716679968078,2150.0,7.6,95.6,0,0,1,train,seen_train
V32P-A021013,V32P-R003503,V32P-DL000415,V32P-H01,2024-01-01,Active,RECIPIENT_V1,2025-12-31,Female,Asian,London,133.15,41,62,Living,Glomerulonephritis,1,54,Managed incompatibility,5,0.343,10.96,7,0.71,-8.268733850129205,2380.0,10.8,96.5,0,0,0,train,unseen_test
V32P-A014311,V32P-R002386,V32P-DL002925,V32P-H01,2024-12-31,Invalidated,RECIPIENT_V3,2026-12-31,Male,Mixed,Scotland,38.42,53,46,Living,Glomerulonephritis,0,69,Managed incompatibility,5,0.354,3.75,7,1.12,24.582869855394893,2050.0,12.2,77.0,0,0,1,train,seen_train
V32P-A055345,V32P-R009225,V32P-DL002991,V32P-H06,2024-09-13,Active,RECIPIENT_V1,2026-09-13,Male,Mixed,London,117.61,32,61,Living,Hypertensive kidney disease,0,22,Managed incompatibility,6,0.768,3.79,7,1.348,10.130718954248374,1934.6,7.46,99.28,0,0,0,train,seen_train
V32P-A027769,V32P-R004629,V32P-DL000746,V32P-H02,2023-11-21,Active,RECIPIENT_V1,2025-11-20,Male,Other,North West,122.5,62,42,Living,Glomerulonephritis,0,43,Managed incompatibility,4,0.898,5.81,7,0.912,15.15151515151515,2336.6,13.09,98.87,0,0,1,train,seen_train
V32P-A004093,V32P-R000683,V32P-DD000989,V32P-H08,2024-08-03,Active,RECIPIENT_V1,2026-08-03,Female,Other,Wales,39.58,75,29,Deceased,Polycystic kidney disease,0,13,Standard compatible,3,0.483,7.76,7,1.52,4.252400548696849,1980.0,9.5,87.4,0,0,1,train,seen_train
V32P-A057121,V32P-R009521,V32P-DP001603,V32P-H04,2024-12-02,Active,RECIPIENT_V1,2026-12-02,Female,Black,Scotland,120.3,41,47,Deceased,Hypertensive kidney disease,0,69,Managed incompatibility,6,0.544,18.31,7,1.043,-8.588957055214731,2630.9,12.51,97.45,0,0,1,train,seen_train
V32P-A051955,V32P-R008660,V32P-DL001747,V32P-H01,2024-03-28,Active,RECIPIENT_V1,2026-03-28,Male,Black,North West,135.38,44,68,Living,Polycystic kidney disease,0,34,Managed incompatibility,0,0.071,7.8,7,1.19,11.42322097378276,2093.0,10.24,99.29,0,0,0,train,unseen_test
V32P-A058933,V32P-R009823,V32P-DD001534,V32P-H10,2023-12-13,Active,RECIPIENT_V1,2025-12-12,Female,Mixed,London,38.45,48,44,Deceased,Hypertensive kidney disease,0,68,Managed incompatibility,5,0.901,10.26,7,1.59,18.21561338289964,1880.3,10.31,95.84,0,0,1,train,unseen_test
V32P-A022399,V32P-R003734,V32P-DL003156,V32P-H08,2023-12-17,Active,RECIPIENT_V1,2025-12-16,Male,White,Scotland,100.31,55,48,Living,Diabetic kidney disease,1,35,Managed incompatibility,0,0.903,8.26,7,1.42,12.341772151898727,2010.0,12.1,95.0,0,0,1,train,unseen_test
V32P-A027685,V32P-R004615,V32P-DP001732,V32P-H01,2024-03-21,Active,RECIPIENT_V1,2026-03-21,Male,White,Northern Ireland,29.12,41,42,Deceased,Polycystic kidney disease,0,12,Managed incompatibility,6,0.445,7.04,7,1.12,-11.251980982567346,2350.0,10.8,96.2,0,0,0,train,seen_train
V32P-A036109,V32P-R006019,V32P-DL002192,V32P-H01,2024-06-04,Active,RECIPIENT_V1,2026-06-04,Male,White,Northern Ireland,107.48,47,61,Living,Other,0,57,Standard compatible,4,0.59,4.51,7,0.76,8.726752503576545,2380.0,8.3,94.1,0,0,0,train,seen_train
V32P-A004123,V32P-R000688,V32P-DP001310,V32P-H05,2024-05-17,Active,RECIPIENT_V1,2026-05-17,Female,Asian,Northern Ireland,28.48,34,55,Deceased,Hypertensive kidney disease,0,63,Standard compatible,1,0.679,5.72,7,0.98,4.366347177848779,2450.0,8.8,84.3,0,0,0,train,seen_train
V32P-A030121,V32P-R005021,V32P-DL002018,V32P-H02,2023-12-15,Active,RECIPIENT_V1,2025-12-14,Female,Asian,Scotland,8.76,26,40,Living,Glomerulonephritis,0,37,Standard compatible,2,0.223,10.06,7,1.25,-2.114330462020354,2350.0,8.6,94.0,0,0,0,train,seen_train
V32P-A004147,V32P-R000692,V32P-DL003325,V32P-H06,2024-12-25,Active,RECIPIENT_V1,2026-12-25,Male,Black,North West,84.62,44,37,Living,Glomerulonephritis,0,60,Standard compatible,0,0.64,7.62,7,1.246,23.733862959285016,1995.4,8.63,80.02,0,0,1,train,seen_train
V32P-A045193,V32P-R007533,V32P-DD000282,V32P-H08,2024-09-26,Active,RECIPIENT_V1,2026-09-26,Male,Other,London,32.9,63,56,Deceased,Diabetic kidney disease,0,40,Managed incompatibility,3,0.222,12.73,7,1.549,28.44112769485904,1733.7,9.02,97.04,0,0,0,train,unseen_test
V32P-A004021,V32P-R000671,V32P-DP000826,V32P-H04,2024-05-15,Active,RECIPIENT_V1,2026-05-15,Female,Asian,Scotland,84.19,58,64,Deceased,Hypertensive kidney disease,0,47,Standard compatible,1,0.814,5.01,7,1.63,3.2298923369220987,2150.0,11.5,82.0,0,0,0,train,seen_train
V32P-A056803,V32P-R009468,V32P-DD001637,V32P-H04,2023-11-22,Active,RECIPIENT_V1,2025-11-21,Female,Mixed,Northern Ireland,33.13,59,35,Deceased,Diabetic kidney disease,0,3,Standard compatible,6,0.442,12.66,7,1.62,-5.152224824355964,2350.0,8.5,99.4,0,0,0,train,unseen_test
V32P-A045667,V32P-R007612,V32P-DD000281,V32P-H07,2023-12-26,Active,RECIPIENT_V1,2025-12-25,Male,Other,Wales,42.21,47,33,Deceased,Polycystic kidney disease,0,53,Standard compatible,3,0.18,6.05,7,1.696,-0.5278592375366639,2316.0,10.0,99.03,0,0,0,train,seen_train
V32P-A005215,V32P-R000870,V32P-DL001450,V32P-H06,2024-09-18,Active,RECIPIENT_V1,2026-09-18,Male,Other,North West,87.38,63,46,Living,Hypertensive kidney disease,0,43,Standard compatible,0,0.631,8.69,7,0.78,-6.474820143884885,2850.0,12.2,99.1,0,0,0,train,seen_train
V32P-A009889,V32P-R001649,V32P-DP000666,V32P-H03,2024-07-22,Active,RECIPIENT_V1,2026-07-22,Male,Mixed,Scotland,88.86,58,35,Deceased,Glomerulonephritis,0,66,Standard compatible,6,0.065,10.27,7,1.769,5.234979179060075,2182.3,12.67,65.23,0,0,0,train,seen_train
V32P-A024313,V32P-R004053,V32P-DP000627,V32P-H09,2023-12-25,Active,RECIPIENT_V1,2025-12-24,Male,White,Wales,42.86,25,62,Deceased,Glomerulonephritis,0,54,Managed incompatibility,0,0.463,9.95,7,1.42,-7.911802853437101,2250.0,10.1,96.5,0,0,0,train,unseen_test
V32P-A011287,V32P-R001882,V32P-DL001510,V32P-H06,2023-11-15,Active,RECIPIENT_V1,2025-11-14,Female,Other,London,139.35,51,70,Living,Other,0,45,Standard compatible,5,0.111,12.4,7,1.09,15.343915343915356,2300.0,12.1,76.5,0,0,1,train,seen_train
V32P-A050185,V32P-R008365,V32P-DP001150,V32P-H01,2023-12-26,Active,RECIPIENT_V1,2025-12-25,Female,Black,North West,43.49,75,62,Deceased,Hypertensive kidney disease,0,49,Managed incompatibility,0,0.426,8.0,7,0.76,4.3956043956044,2380.0,8.15,96.5,0,0,0,train,seen_train
V32P-A023035,V32P-R003840,V32P-DD001088,V32P-H06,2023-12-16,Active,RECIPIENT_V1,2025-12-15,Male,Mixed,North West,133.93,50,33,Deceased,Glomerulonephritis,0,20,Standard compatible,5,0.645,19.21,7,1.42,25.22045855379189,1850.0,8.1,99.5,0,0,1,train,unseen_test
V32P-A020809,V32P-R003469,V32P-DP000300,V32P-H01,2024-08-14,Active,RECIPIENT_V1,2026-08-14,Female,Black,Wales,44.89,41,64,Deceased,Glomerulonephritis,0,69,Standard compatible,1,0.378,10.9,7,1.48,3.1358885017421554,2050.0,7.5,98.5,0,0,0,train,seen_train
V32P-A050737,V32P-R008457,V32P-DP000292,V32P-H01,2023-12-21,Active,RECIPIENT_V1,2025-12-20,Female,Asian,Scotland,14.34,50,37,Deceased,Polycystic kidney disease,0,7,Managed incompatibility,3,0.398,15.74,7,1.12,-3.780068728522321,2500.0,8.7,98.4,0,0,0,train,seen_train
V32P-A049231,V32P-R008206,V32P-DL002009,V32P-H02,2023-11-24,Active,RECIPIENT_V1,2025-11-23,Female,Black,Wales,11.85,42,34,Living,Glomerulonephritis,0,14,Managed incompatibility,5,0.748,7.39,7,0.85,4.422604422604427,2310.0,8.5,98.5,0,0,0,train,seen_train
V32P-A021829,V32P-R003639,V32P-DD000403,V32P-H04,2024-05-06,Active,RECIPIENT_V1,2026-05-06,Female,Mixed,Wales,140.42,48,57,Deceased,Diabetic kidney disease,0,63,Standard compatible,3,0.149,9.56,7,0.82,12.175102599179205,2510.0,8.65,84.5,0,0,1,train,seen_train
V32P-A016633,V32P-R002773,V32P-DP000095,V32P-H08,2024-07-05,Active,RECIPIENT_V1,2026-07-05,Female,Other,Scotland,23.65,35,57,Deceased,Other,0,21,Standard compatible,5,0.478,2.8,7,1.69,6.155778894472353,2050.0,7.6,97.0,0,0,1,train,seen_train
V32P-A021325,V32P-R003555,V32P-DL003216,V32P-H06,2024-12-17,Active,RECIPIENT_V1,2026-12-17,Female,White,Northern Ireland,49.68,76,67,Living,Hypertensive kidney disease,0,6,Standard compatible,3,0.698,11.35,7,1.163,1.218450826805919,2150.5,10.25,99.63,0,0,0,train,seen_train
V32P-A019843,V32P-R003308,V32P-DD001505,V32P-H04,2024-05-29,Active,RECIPIENT_V1,2026-05-29,Male,White,Northern Ireland,51.9,76,30,Deceased,Other,0,4,Managed incompatibility,3,0.847,9.14,7,1.553,-1.1457670273711025,2051.4,9.14,97.97,0,0,1,train,seen_train
V32P-A053629,V32P-R008939,V32P-DD001816,V32P-H01,2023-11-13,Active,RECIPIENT_V1,2025-11-12,Female,White,North West,63.33,75,27,Deceased,Other,0,34,Standard compatible,2,0.896,17.31,7,0.96,27.82956058588548,1955.5,9.73,99.05,0,0,1,train,seen_train
V32P-A050041,V32P-R008341,V32P-DP001462,V32P-H05,2024-06-27,Active,RECIPIENT_V1,2026-06-27,Female,White,Northern Ireland,15.36,58,43,Deceased,Diabetic kidney disease,0,56,Standard compatible,1,0.829,7.68,7,0.856,9.884467265725284,2439.9,8.78,92.21,0,0,1,train,seen_train
V32P-A052021,V32P-R008671,V32P-DP001733,V32P-H04,2024-09-24,Active,RECIPIENT_V1,2026-09-24,Female,Other,North West,79.43,51,27,Deceased,Polycystic kidney disease,0,61,Standard compatible,0,0.299,10.3,7,1.09,-1.4466546112115743,2350.0,11.2,89.5,0,0,0,train,seen_train
V32P-A011863,V32P-R001978,V32P-DD000800,V32P-H08,2024-03-25,Active,RECIPIENT_V1,2026-03-25,Male,Asian,Scotland,44.55,44,62,Deceased,Polycystic kidney disease,0,45,Managed incompatibility,3,0.225,11.71,7,0.864,10.06369426751592,2222.8,7.6,86.72,0,0,0,train,seen_train
V32P-A020023,V32P-R003338,V32P-DP001829,V32P-H02,2023-12-03,Active,RECIPIENT_V1,2025-12-02,Female,Asian,Wales,72.85,32,45,Deceased,Glomerulonephritis,0,32,Managed incompatibility,1,0.379,14.52,7,0.943,13.88888888888889,2206.5,8.73,85.49,0,0,0,train,seen_train
V32P-A014995,V32P-R002500,V32P-DP000813,V32P-H02,2023-11-12,Active,RECIPIENT_V1,2025-11-11,Male,Mixed,Scotland,141.44,44,31,Deceased,Glomerulonephritis,0,38,Standard compatible,0,0.088,6.85,7,1.653,-6.925675675675676,1975.2,8.86,98.3,0,0,0,train,unseen_test
V32P-A028825,V32P-R004805,V32P-DL003089,V32P-H05,2023-12-08,Active,RECIPIENT_V1,2025-12-07,Female,White,London,69.22,64,28,Living,Glomerulonephritis,0,53,Standard compatible,4,0.55,12.88,7,1.45,15.722266560255392,2050.0,11.6,70.0,0,0,1,train,seen_train
V32P-A013177,V32P-R002197,V32P-DD000474,V32P-H06,2024-02-18,Active,RECIPIENT_V1,2026-02-17,Male,Other,North West,89.49,57,27,Deceased,Polycystic kidney disease,0,28,Managed incompatibility,4,0.776,15.56,7,1.28,6.844741235392326,2250.0,9.9,96.0,0,0,1,train,seen_train
V32P-A015049,V32P-R002509,V32P-DL001558,V32P-H07,2023-12-21,Active,RECIPIENT_V1,2025-12-20,Male,White,London,25.15,29,43,Living,Diabetic kidney disease,0,68,Standard compatible,1,0.618,17.95,7,1.42,-4.183535762483134,2350.0,9.1,58.0,0,0,1,train,seen_train
V32P-A020353,V32P-R003393,V32P-DL003546,V32P-H06,2023-11-11,Active,RECIPIENT_V1,2025-11-10,Male,Other,London,96.17,22,30,Living,Other,0,52,Standard compatible,5,0.916,4.35,7,2.15,26.993502658003536,1430.0,11.5,97.4,0,0,1,train,seen_train
V32P-A041023,V32P-R006838,V32P-DL002222,V32P-H01,2024-10-22,Active,RECIPIENT_V1,2026-10-22,Female,Asian,Scotland,136.29,24,65,Living,Diabetic kidney disease,0,43,Standard compatible,5,0.69,8.59,7,1.08,-14.01273885350318,2485.0,9.4,98.6,0,0,0,train,seen_train
V32P-A045721,V32P-R007621,V32P-DD001986,V32P-H02,2024-11-28,Active,RECIPIENT_V1,2026-11-28,Male,Asian,Wales,102.71,26,34,Deceased,Glomerulonephritis,0,19,Managed incompatibility,5,0.77,18.45,7,1.62,-5.759162303664921,2180.6,8.79,96.75,0,0,1,train,seen_train
V32P-A017509,V32P-R002919,V32P-DD000875,V32P-H05,2024-11-25,Active,RECIPIENT_V1,2026-11-25,Female,Asian,London,138.9,33,46,Deceased,Other,0,25,Standard compatible,0,0.111,17.34,7,0.81,14.568599717114584,2530.0,12.6,82.0,0,0,0,train,unseen_test
V32P-A047071,V32P-R007846,V32P-DL000017,V32P-H04,2023-12-10,Active,RECIPIENT_V1,2025-12-09,Male,Other,London,110.5,71,49,Living,Other,0,49,Managed incompatibility,1,0.72,13.75,7,1.45,3.7195994277539377,2050.0,8.8,81.5,0,0,0,train,seen_train
V32P-A008017,V32P-R001337,V32P-DL003729,V32P-H09,2023-12-25,Active,RECIPIENT_V1,2025-12-24,Female,Mixed,North West,59.54,56,36,Living,Other,1,12,Standard compatible,0,0.299,14.13,7,1.08,-2.1739130434782625,2350.0,9.7,96.5,0,0,0,train,seen_train
V32P-A047479,V32P-R007914,V32P-DL001982,V32P-H04,2024-11-03,Active,RECIPIENT_V1,2026-11-03,Male,Other,Northern Ireland,92.26,68,66,Living,Glomerulonephritis,1,6,Standard compatible,3,0.332,17.38,7,1.04,18.58608893956671,2215.0,10.8,98.1,0,0,1,train,seen_train
V32P-A043357,V32P-R007227,V32P-DL000853,V32P-H01,2023-11-27,Active,RECIPIENT_V1,2025-11-26,Male,Asian,North West,64.56,35,57,Living,Glomerulonephritis,0,34,Managed incompatibility,5,0.903,2.78,7,0.861,-7.019438444924411,2452.0,8.5,98.82,0,0,0,train,seen_train
V32P-A040825,V32P-R006805,V32P-DL003270,V32P-H01,2023-12-12,Active,RECIPIENT_V1,2025-12-11,Female,Other,North West,66.96,70,27,Living,Diabetic kidney disease,0,47,Managed incompatibility,6,0.251,6.21,7,1.52,-2.1879021879021896,2050.0,8.2,81.0,0,0,1,train,seen_train
V32P-A044317,V32P-R007387,V32P-DP000662,V32P-H01,2023-12-17,Active,RECIPIENT_V1,2025-12-16,Male,Other,North West,105.92,37,70,Deceased,Glomerulonephritis,0,18,Managed incompatibility,2,0.428,15.32,7,1.42,-3.071672354948816,1935.0,11.8,89.0,0,0,1,train,seen_train
V32P-A007867,V32P-R001312,V32P-DL002328,V32P-H07,2024-11-30,Active,RECIPIENT_V1,2026-11-30,Male,Mixed,Wales,64.76,29,28,Living,Glomerulonephritis,0,50,Managed incompatibility,4,0.695,16.85,7,1.566,14.977973568281934,1963.6,10.75,82.94,0,0,0,train,seen_train
V32P-A034513,V32P-R005753,V32P-DP001267,V32P-H04,2024-07-09,Active,RECIPIENT_V1,2026-07-09,Female,Other,London,67.9,62,56,Deceased,Glomerulonephritis,0,34,Standard compatible,1,0.766,19.61,7,2.03,19.131455399061025,1685.0,7.6,62.0,0,0,1,train,seen_train
V32P-A033361,V32P-R005561,V32P-DL000278,V32P-H01,2024-11-01,Active,RECIPIENT_V1,2026-11-01,Male,Mixed,North West,95.06,25,47,Living,Diabetic kidney disease,0,17,Managed incompatibility,6,0.272,10.6,7,1.48,-1.5302727877578115,1950.0,8.5,84.0,0,0,1,train,seen_train
V32P-A048637,V32P-R008107,V32P-DL002997,V32P-H08,2023-11-28,Active,RECIPIENT_V1,2025-11-27,Female,Asian,Scotland,111.24,73,46,Living,Glomerulonephritis,0,43,Managed incompatibility,0,0.594,5.97,7,0.992,6.781485468245419,2476.8,12.34,80.18,0,0,0,train,seen_train
V32P-A056077,V32P-R009347,V32P-DP000398,V32P-H06,2024-03-23,Active,RECIPIENT_V1,2026-03-23,Male,Asian,Wales,124.13,74,67,Deceased,Polycystic kidney disease,0,42,Standard compatible,5,0.328,18.67,7,0.81,-3.110047846889942,2650.0,12.35,98.2,0,0,0,train,seen_train
V32P-A027001,V32P-R004501,V32P-DD001944,V32P-H01,2023-12-02,Active,RECIPIENT_V1,2025-12-01,Male,Black,Scotland,77.07,64,64,Deceased,Diabetic kidney disease,0,28,Standard compatible,6,0.142,7.94,7,1.08,22.033898305084755,2420.0,10.5,98.4,0,0,0,train,seen_train
V32P-A028675,V32P-R004780,V32P-DP001779,V32P-H07,2024-06-27,Active,RECIPIENT_V1,2026-06-27,Male,Mixed,North West,127.28,37,62,Deceased,Hypertensive kidney disease,0,37,Standard compatible,3,0.918,16.52,7,0.81,-4.817861339600461,2550.0,7.65,96.2,0,0,0,train,seen_train
V32P-A006805,V32P-R001135,V32P-DL002616,V32P-H01,2024-05-09,Active,RECIPIENT_V1,2026-05-09,Male,White,Wales,64.02,54,32,Living,Other,0,57,Managed incompatibility,6,0.532,11.18,7,1.19,7.8875793291024445,2180.0,12.0,98.2,0,0,0,train,unseen_test
V32P-A026821,V32P-R004471,V32P-DL002395,V32P-H01,2024-03-13,Invalidated,RECIPIENT_V3,2026-03-13,Male,Other,Northern Ireland,33.33,59,50,Living,Other,0,4,Standard compatible,2,0.27,12.65,7,1.52,-9.52380952380952,2180.0,9.65,86.39,0,0,1,train,seen_train
V32P-A044329,V32P-R007389,V32P-DL001877,V32P-H03,2023-12-23,Active,RECIPIENT_V1,2025-12-22,Female,Asian,Northern Ireland,69.7,34,62,Living,Hypertensive kidney disease,0,51,Standard compatible,2,0.264,11.81,7,1.267,-6.632277081798089,2487.4,11.0,89.18,0,0,0,train,seen_train
V32P-A022645,V32P-R003775,V32P-DP000636,V32P-H02,2024-07-19,Active,RECIPIENT_V1,2026-07-19,Male,Black,Northern Ireland,122.56,52,31,Deceased,Other,1,51,Managed incompatibility,3,0.135,14.32,7,1.61,12.587412587412595,1970.1,10.2,97.7,0,0,1,train,unseen_test
V32P-A026527,V32P-R004422,V32P-DL001262,V32P-H05,2024-04-04,Active,RECIPIENT_V1,2026-04-04,Male,Black,London,48.09,71,50,Living,Glomerulonephritis,0,56,Standard compatible,5,0.773,12.7,7,1.82,22.64150943396227,1905.3,9.1,97.5,0,0,1,train,seen_train
V32P-A045223,V32P-R007538,V32P-DD001164,V32P-H01,2025-01-02,Active,RECIPIENT_V1,2027-01-02,Female,Asian,London,63.93,29,46,Deceased,Other,1,22,Standard compatible,5,0.771,3.02,7,1.59,-6.083874778499703,2300.0,6.8,98.6,0,0,1,train,seen_train
V32P-A040615,V32P-R006770,V32P-DL003749,V32P-H03,2023-12-16,Active,RECIPIENT_V1,2025-12-15,Male,White,Scotland,79.02,43,54,Living,Polycystic kidney disease,0,30,Managed incompatibility,1,0.919,9.33,7,1.78,6.3956963538553495,1850.0,10.8,98.0,0,0,0,train,seen_train
V32P-A009655,V32P-R001610,V32P-DL003152,V32P-H02,2023-12-19,Active,RECIPIENT_V1,2025-12-18,Male,Mixed,Scotland,23.0,58,34,Living,Hypertensive kidney disease,0,25,Managed incompatibility,6,0.706,19.96,7,0.724,-18.09954751131222,2817.4,6.64,96.27,0,0,0,train,seen_train
V32P-A008623,V32P-R001438,V32P-DL002975,V32P-H09,2023-11-11,Active,RECIPIENT_V1,2025-11-10,Male,Black,Northern Ireland,110.58,68,33,Living,Glomerulonephritis,0,62,Managed incompatibility,2,0.411,17.5,7,0.94,2.620087336244532,2310.0,10.3,97.1,0,0,0,train,unseen_test
V32P-A029605,V32P-R004935,V32P-DP000435,V32P-H01,2023-11-26,Active,RECIPIENT_V1,2025-11-25,Male,Mixed,Scotland,132.02,32,35,Deceased,Other,0,44,Standard compatible,5,0.359,15.44,7,1.853,10.560859188544155,1878.7,8.66,86.32,0,0,0,train,unseen_test
V32P-A010537,V32P-R001757,V32P-DP001960,V32P-H04,2023-12-15,Active,RECIPIENT_V1,2025-12-14,Female,Asian,Northern Ireland,59.61,46,58,Deceased,Hypertensive kidney disease,0,56,Standard compatible,4,0.828,3.42,7,1.07,-9.551986475063396,2574.4,8.31,72.04,0,0,0,train,unseen_test
V32P-A028189,V32P-R004699,V32P-DD000675,V32P-H05,2024-08-28,Active,RECIPIENT_V1,2026-08-28,Female,White,Northern Ireland,115.18,67,46,Deceased,Other,0,43,Managed incompatibility,4,0.798,16.64,7,1.42,14.979757085020228,1950.0,12.05,99.8,0,0,1,train,seen_train
V32P-A054079,V32P-R009014,V32P-DD000938,V32P-H04,2023-11-21,Active,RECIPIENT_V1,2025-11-20,Male,Asian,London,55.24,75,53,Deceased,Diabetic kidney disease,1,44,Standard compatible,0,0.617,13.43,7,2.05,22.388059701492523,1480.0,8.5,98.5,0,0,1,train,seen_train
V32P-A042283,V32P-R007048,V32P-DD000766,V32P-H05,2023-12-01,Active,RECIPIENT_V1,2025-11-30,Female,Mixed,Northern Ireland,105.13,53,49,Deceased,Hypertensive kidney disease,0,62,Standard compatible,5,0.881,20.67,7,1.21,-1.0629599345870908,2085.0,9.15,96.5,0,0,1,train,seen_train
V32P-A050491,V32P-R008416,V32P-DP001815,V32P-H02,2024-02-04,Active,RECIPIENT_V1,2026-02-03,Male,White,London,35.78,66,65,Deceased,Glomerulonephritis,0,62,Managed incompatibility,0,0.185,18.71,7,0.78,9.70464135021098,2510.0,9.3,99.0,0,0,0,train,seen_train
V32P-A035281,V32P-R005881,V32P-DL003906,V32P-H08,2024-04-12,Active,RECIPIENT_V1,2026-04-12,Female,White,Scotland,97.7,28,57,Living,Hypertensive kidney disease,1,40,Standard compatible,1,0.749,8.6,7,1.34,-3.873744619799127,2390.0,8.3,85.7,0,0,0,train,seen_train
V32P-A010807,V32P-R001802,V32P-DL001566,V32P-H02,2024-06-25,Active,RECIPIENT_V1,2026-06-25,Male,Other,North West,143.36,74,29,Living,Diabetic kidney disease,0,57,Standard compatible,2,0.413,18.78,7,1.85,5.413105413105424,1950.0,7.9,82.0,0,0,0,train,unseen_test
V32P-A006235,V32P-R001040,V32P-DL002554,V32P-H03,2024-07-04,Active,RECIPIENT_V1,2026-07-04,Female,Black,Wales,15.15,68,40,Living,Polycystic kidney disease,0,72,Managed incompatibility,1,0.548,3.08,7,1.95,13.768961493582262,1650.0,7.9,94.1,0,0,0,train,seen_train
V32P-A039523,V32P-R006588,V32P-DL001464,V32P-H01,2024-11-22,Active,RECIPIENT_V1,2026-11-22,Female,Black,North West,124.61,51,61,Living,Polycystic kidney disease,0,57,Standard compatible,4,0.705,20.03,7,1.32,9.72568578553616,1980.0,9.95,99.8,0,0,1,train,seen_train
V32P-A049207,V32P-R008202,V32P-DP001504,V32P-H06,2023-11-20,Active,RECIPIENT_V1,2025-11-19,Male,Other,Northern Ireland,26.98,58,45,Deceased,Other,1,30,Managed incompatibility,2,0.661,8.77,7,0.85,26.30014858841009,2150.0,9.1,90.5,0,0,1,train,seen_train
V32P-A024583,V32P-R004098,V32P-DP000929,V32P-H06,2024-07-22,Active,RECIPIENT_V1,2026-07-22,Male,Asian,Scotland,101.0,63,62,Deceased,Polycystic kidney disease,1,40,Standard compatible,0,0.685,7.76,7,1.05,-2.86771507863089,2430.0,9.4,84.5,0,0,1,train,seen_train
V32P-A054199,V32P-R009034,V32P-DD000167,V32P-H07,2024-04-29,Active,RECIPIENT_V1,2026-04-29,Female,Asian,Scotland,44.39,29,50,Deceased,Other,0,55,Managed incompatibility,5,0.924,3.7,7,1.38,-3.96659707724427,2253.7,12.15,95.93,0,0,1,train,seen_train
V32P-A004225,V32P-R000705,V32P-DL000586,V32P-H03,2023-11-27,Active,RECIPIENT_V1,2025-11-26,Female,Other,London,82.0,59,39,Living,Diabetic kidney disease,0,40,Managed incompatibility,1,0.669,18.41,7,0.89,-4.608788853161848,2510.0,13.4,99.1,0,0,1,train,seen_train
V32P-A031135,V32P-R005190,V32P-DL000072,V32P-H03,2024-07-27,Active,RECIPIENT_V1,2026-07-27,Female,Mixed,Northern Ireland,83.24,49,44,Living,Hypertensive kidney disease,0,65,Managed incompatibility,4,0.413,8.53,7,1.72,15.436241610738255,1980.0,9.4,83.5,0,0,0,train,seen_train
V32P-A053947,V32P-R008992,V32P-DL002597,V32P-H01,2024-02-17,Active,RECIPIENT_V1,2026-02-16,Female,Other,Northern Ireland,42.55,51,53,Living,Glomerulonephritis,1,69,Managed incompatibility,1,0.183,15.11,7,1.95,13.438045375218142,1650.0,9.3,82.5,0,0,0,train,seen_train
V32P-A033451,V32P-R005576,V32P-DP000767,V32P-H08,2023-12-24,Active,RECIPIENT_V1,2025-12-23,Male,Other,Wales,141.61,27,40,Deceased,Other,0,15,Standard compatible,5,0.666,17.4,7,1.45,8.777194298574644,2185.0,12.6,92.4,0,0,1,train,seen_train
V32P-A000967,V32P-R000162,V32P-DL002000,V32P-H01,2023-12-29,Active,RECIPIENT_V1,2025-12-28,Female,White,Wales,25.14,65,51,Living,Hypertensive kidney disease,0,52,Standard compatible,5,0.315,9.16,7,1.52,-11.473500291205594,2447.3,7.77,99.26,0,0,0,train,seen_train
V32P-A020215,V32P-R003370,V32P-DD001700,V32P-H03,2023-11-12,Active,RECIPIENT_V1,2025-11-11,Female,White,Wales,113.45,59,59,Deceased,Other,0,6,Managed incompatibility,6,0.693,2.64,7,1.48,39.09774436090225,1950.0,11.3,86.5,0,0,1,train,seen_train
V32P-A054673,V32P-R009113,V32P-DL000403,V32P-H01,2023-11-10,Active,RECIPIENT_V1,2025-11-09,Male,Other,Northern Ireland,19.63,59,37,Living,Diabetic kidney disease,0,14,Managed incompatibility,4,0.404,20.63,7,1.205,17.44639376218324,2106.9,11.83,81.01,0,0,0,train,seen_train
V32P-A039955,V32P-R006660,V32P-DL002374,V32P-H06,2023-11-22,Active,RECIPIENT_V1,2025-11-21,Male,Black,Wales,77.67,59,67,Living,Polycystic kidney disease,1,58,Standard compatible,5,0.603,13.65,7,1.586,-8.955223880597009,1877.7,12.57,89.61,0,0,1,train,seen_train
V32P-A028819,V32P-R004804,V32P-DL001990,V32P-H05,2024-01-31,Active,RECIPIENT_V1,2026-01-30,Female,Black,Scotland,71.88,28,51,Living,Glomerulonephritis,0,61,Standard compatible,6,0.907,10.46,7,0.92,13.161131611316126,2384.0,7.6,88.1,0,0,1,train,seen_train
V32P-A043189,V32P-R007199,V32P-DP001911,V32P-H02,2023-12-30,Active,RECIPIENT_V1,2025-12-29,Male,Other,Northern Ireland,21.77,49,47,Deceased,Other,0,16,Standard compatible,4,0.308,2.89,7,1.18,16.256157635467986,2210.0,12.15,93.0,0,0,1,train,seen_train
V32P-A002689,V32P-R000449,V32P-DD001338,V32P-H06,2023-12-11,Active,RECIPIENT_V1,2025-12-10,Female,White,Wales,126.38,24,63,Deceased,Diabetic kidney disease,0,44,Managed incompatibility,6,0.848,12.65,7,1.395,-4.057771664374136,2315.7,7.61,98.91,0,0,1,train,seen_train
V32P-A008653,V32P-R001443,V32P-DL003832,V32P-H04,2023-12-27,Active,RECIPIENT_V1,2025-12-26,Male,Mixed,North West,67.02,25,56,Living,Diabetic kidney disease,0,5,Standard compatible,0,0.469,5.23,7,1.82,2.999434069043586,1980.0,7.9,99.5,0,0,1,train,seen_train
V32P-A033547,V32P-R005592,V32P-DL001093,V32P-H02,2024-09-20,Active,RECIPIENT_V1,2026-09-20,Female,Mixed,Scotland,54.0,39,46,Living,Glomerulonephritis,0,19,Managed incompatibility,1,0.633,12.86,7,1.32,-8.776779543883897,2305.0,12.9,78.7,0,0,1,train,seen_train
V32P-A018499,V32P-R003084,V32P-DL002802,V32P-H03,2024-05-01,Active,RECIPIENT_V1,2026-05-01,Male,White,Wales,41.11,31,47,Living,Glomerulonephritis,0,18,Managed incompatibility,4,0.08,4.44,7,0.82,13.730929264909848,2510.0,9.6,93.9,0,0,1,train,unseen_test
V32P-A002905,V32P-R000485,V32P-DL003878,V32P-H02,2024-07-27,Active,RECIPIENT_V1,2026-07-27,Female,Black,Wales,111.21,67,50,Living,Glomerulonephritis,1,44,Managed incompatibility,6,0.203,8.5,7,1.52,20.826709062003182,1890.0,12.1,85.0,0,0,1,train,seen_train
V32P-A052723,V32P-R008788,V32P-DL002626,V32P-H02,2024-04-18,Active,RECIPIENT_V1,2026-04-18,Male,White,London,41.53,64,60,Living,Other,0,6,Managed incompatibility,3,0.727,12.05,7,0.91,23.641304347826097,2150.0,9.8,85.0,0,0,1,train,seen_train
V32P-A034315,V32P-R005720,V32P-DL002048,V32P-H02,2024-12-21,Active,RECIPIENT_V1,2026-12-21,Male,Mixed,London,56.49,25,25,Living,Diabetic kidney disease,0,61,Standard compatible,3,0.424,18.68,7,0.94,0.7502679528402888,2310.0,8.9,86.5,0,0,0,train,seen_train
V32P-A006133,V32P-R001023,V32P-DP000423,V32P-H01,2023-11-18,Active,RECIPIENT_V1,2025-11-17,Male,Mixed,North West,50.45,51,66,Deceased,Hypertensive kidney disease,0,44,Managed incompatibility,0,0.747,7.54,7,1.59,10.724233983286917,1960.0,9.2,97.1,0,0,0,train,seen_train
V32P-A000319,V32P-R000054,V32P-DL003370,V32P-H02,2024-01-19,Active,RECIPIENT_V1,2026-01-18,Male,Other,London,142.38,53,56,Living,Diabetic kidney disease,1,53,Standard compatible,3,0.817,11.24,7,0.91,-17.0464904284412,2627.6,9.26,79.27,0,0,0,train,seen_train
V32P-A019927,V32P-R003322,V32P-DD000027,V32P-H06,2024-10-30,Active,RECIPIENT_V1,2026-10-30,Female,White,London,45.7,69,25,Deceased,Glomerulonephritis,0,22,Managed incompatibility,0,0.233,15.16,7,0.726,-0.4115226337448563,2367.8,8.94,70.32,0,0,0,train,seen_train
V32P-A058099,V32P-R009684,V32P-DL003240,V32P-H04,2024-07-17,Active,RECIPIENT_V1,2026-07-17,Female,Other,Scotland,119.05,41,43,Living,Other,0,53,Standard compatible,0,0.231,10.7,7,0.98,5.831533477321806,2410.0,7.6,97.5,0,0,0,train,seen_train
V32P-A024949,V32P-R004159,V32P-DL001045,V32P-H01,2023-12-10,Active,RECIPIENT_V1,2025-12-09,Male,Asian,London,7.07,67,65,Living,Other,0,4,Standard compatible,4,0.5,18.56,7,1.56,-7.855877141169522,2257.4,9.29,96.42,0,0,1,train,seen_train
V32P-A047887,V32P-R007982,V32P-DD001075,V32P-H01,2024-01-24,Active,RECIPIENT_V1,2026-01-23,Female,Black,Wales,41.79,37,37,Deceased,Hypertensive kidney disease,0,29,Managed incompatibility,5,0.701,18.36,7,1.08,1.0289990645463165,2510.0,9.7,83.0,0,0,0,train,unseen_test
V32P-A058759,V32P-R009794,V32P-DD000575,V32P-H07,2024-04-12,Active,RECIPIENT_V1,2026-04-12,Female,Black,London,43.72,37,53,Deceased,Other,1,3,Standard compatible,3,0.714,9.84,7,1.06,-1.6697588126159568,2500.0,10.3,96.5,0,0,1,train,unseen_test
V32P-A013735,V32P-R002290,V32P-DD001562,V32P-H05,2023-11-10,Active,RECIPIENT_V1,2025-11-09,Male,Asian,Wales,24.04,25,46,Deceased,Hypertensive kidney disease,1,23,Managed incompatibility,3,0.174,5.01,7,0.82,-10.382513661202196,2697.0,9.0,99.9,0,0,0,train,seen_train
V32P-A043411,V32P-R007236,V32P-DP001194,V32P-H03,2024-05-29,Active,RECIPIENT_V1,2026-05-29,Female,Other,Scotland,42.94,26,46,Deceased,Hypertensive kidney disease,0,39,Managed incompatibility,6,0.502,3.24,7,0.693,-20.527522935779825,2558.8,10.76,77.7,0,0,0,train,seen_train
V32P-A013573,V32P-R002263,V32P-DL001437,V32P-H03,2023-11-17,Active,RECIPIENT_V1,2025-11-16,Male,Other,Northern Ireland,142.94,70,51,Living,Hypertensive kidney disease,0,23,Standard compatible,5,0.47,5.87,7,1.25,0.1602564102564104,2380.0,9.8,81.5,0,0,0,train,seen_train
V32P-A014251,V32P-R002376,V32P-DL003675,V32P-H02,2023-11-19,Active,RECIPIENT_V1,2025-11-18,Female,Asian,Northern Ireland,37.14,33,66,Living,Polycystic kidney disease,0,49,Managed incompatibility,2,0.922,14.44,7,1.48,-3.833658219623128,2230.0,13.2,98.6,0,0,0,train,unseen_test
V32P-A010195,V32P-R001700,V32P-DD000042,V32P-H08,2024-05-22,Active,RECIPIENT_V1,2026-05-22,Male,Black,London,18.43,23,53,Deceased,Polycystic kidney disease,1,39,Standard compatible,0,0.925,17.97,7,1.48,3.6414565826330567,2050.0,6.9,88.5,0,0,1,train,seen_train
V32P-A018565,V32P-R003095,V32P-DD001844,V32P-H04,2024-01-20,Active,RECIPIENT_V1,2026-01-19,Female,Black,North West,32.04,54,42,Deceased,Glomerulonephritis,1,45,Standard compatible,6,0.074,15.22,7,1.18,23.301985370950884,1905.0,8.8,96.5,0,0,0,train,seen_train
V32P-A009793,V32P-R001633,V32P-DL002958,V32P-H01,2024-12-09,Active,RECIPIENT_V1,2026-12-09,Female,White,North West,54.52,70,36,Living,Diabetic kidney disease,0,57,Standard compatible,3,0.863,8.09,7,1.29,-19.87577639751553,2430.0,9.2,81.5,0,0,0,train,seen_train
V32P-A048307,V32P-R008052,V32P-DP001450,V32P-H05,2024-06-29,Active,RECIPIENT_V1,2026-06-29,Male,White,London,93.08,34,34,Deceased,Glomerulonephritis,0,62,Managed incompatibility,1,0.504,17.17,7,0.853,24.344023323615147,2421.8,10.92,96.34,0,0,0,train,unseen_test
V32P-A052255,V32P-R008710,V32P-DL003248,V32P-H08,2023-12-31,Active,RECIPIENT_V1,2025-12-30,Female,Mixed,Scotland,139.01,28,55,Living,Glomerulonephritis,0,29,Standard compatible,3,0.455,6.06,7,1.467,10.46686746987952,2237.5,10.66,98.15,0,0,0,train,seen_train
V32P-A039655,V32P-R006610,V32P-DP001210,V32P-H01,2024-08-22,Active,RECIPIENT_V1,2026-08-22,Male,Mixed,Scotland,76.38,29,32,Deceased,Other,0,31,Managed incompatibility,6,0.897,18.07,7,1.35,-4.255319148936159,2440.0,9.0,93.0,0,0,0,train,seen_train
V32P-A015145,V32P-R002525,V32P-DL001409,V32P-H09,2024-08-07,Active,RECIPIENT_V1,2026-08-07,Female,Other,London,54.85,70,57,Living,Diabetic kidney disease,0,61,Managed incompatibility,5,0.922,18.6,7,1.08,-2.702702702702705,2250.0,8.9,98.6,0,0,0,train,seen_train
V32P-A018991,V32P-R003166,V32P-DL000471,V32P-H05,2023-11-29,Active,RECIPIENT_V1,2025-11-28,Male,White,North West,10.07,23,68,Living,Glomerulonephritis,0,27,Managed incompatibility,0,0.162,7.4,7,1.468,8.821349147516678,2083.6,12.55,79.76,0,0,0,train,seen_train
V32P-A036997,V32P-R006167,V32P-DP000512,V32P-H03,2024-06-23,Active,RECIPIENT_V1,2026-06-23,Female,Black,Wales,95.57,36,28,Deceased,Polycystic kidney disease,0,49,Standard compatible,1,0.485,10.7,7,0.98,-16.87871077184055,2510.0,9.3,98.5,0,0,0,train,seen_train
V32P-A012511,V32P-R002086,V32P-DL002479,V32P-H03,2024-04-29,Active,RECIPIENT_V1,2026-04-29,Female,Asian,North West,14.06,37,30,Living,Other,0,49,Standard compatible,3,0.826,11.28,7,1.824,22.828282828282827,1818.3,6.73,85.01,0,0,1,train,seen_train
V32P-A031999,V32P-R005334,V32P-DP001560,V32P-H04,2023-12-02,Active,RECIPIENT_V1,2025-12-01,Male,Other,Northern Ireland,109.7,43,31,Deceased,Polycystic kidney disease,0,44,Managed incompatibility,4,0.224,10.05,7,1.767,-0.3945885005637045,2323.2,9.47,99.4,0,0,0,train,unseen_test
V32P-A013369,V32P-R002229,V32P-DL001873,V32P-H07,2024-07-18,Active,RECIPIENT_V1,2026-07-18,Male,White,North West,53.2,47,68,Living,Hypertensive kidney disease,0,60,Standard compatible,4,0.689,16.57,7,0.78,-11.363636363636362,2450.0,6.9,63.0,0,0,0,train,seen_train
V32P-A012913,V32P-R002153,V32P-DP000841,V32P-H05,2024-04-05,Active,RECIPIENT_V1,2026-04-05,Female,Other,London,23.76,47,31,Deceased,Diabetic kidney disease,1,68,Standard compatible,0,0.177,19.31,7,2.15,26.694166175604,1480.0,8.3,97.4,0,0,1,train,seen_train
V32P-A001999,V32P-R000334,V32P-DL000644,V32P-H09,2023-12-02,Active,RECIPIENT_V1,2025-12-01,Female,Other,Scotland,128.5,77,50,Living,Diabetic kidney disease,0,53,Standard compatible,3,0.214,15.49,7,0.658,-14.434330299089725,2588.9,12.39,85.87,0,0,0,train,seen_train
V32P-A047497,V32P-R007917,V32P-DD001061,V32P-H02,2023-12-14,Active,RECIPIENT_V1,2025-12-13,Male,White,North West,84.38,42,61,Deceased,Other,0,4,Managed incompatibility,3,0.883,6.53,7,0.98,35.35911602209945,2250.0,12.9,87.5,0,0,1,train,unseen_test
V32P-A014905,V32P-R002485,V32P-DL002274,V32P-H04,2023-12-08,Active,RECIPIENT_V1,2025-12-07,Female,Black,North West,115.58,50,53,Living,Hypertensive kidney disease,0,50,Managed incompatibility,4,0.256,8.63,7,1.25,33.120340788072426,1800.0,8.6,96.0,0,0,1,train,seen_train
V32P-A000001,V32P-R000001,V32P-DD000416,V32P-H07,2023-12-26,Active,RECIPIENT_V1,2025-12-25,Female,Black,Wales,55.68,59,46,Deceased,Polycystic kidney disease,0,4,Managed incompatibility,5,0.884,4.62,7,1.24,-3.651903651903647,2450.6,9.88,86.3,0,0,1,train,unseen_test
V32P-A016003,V32P-R002668,V32P-DP001256,V32P-H06,2024-05-14,Active,RECIPIENT_V1,2026-05-14,Female,Other,North West,9.44,62,64,Deceased,Glomerulonephritis,0,32,Standard compatible,1,0.638,4.57,7,1.18,-4.530744336569583,2350.0,11.5,65.0,0,0,0,train,seen_train
V32P-A059509,V32P-R009919,V32P-DD000308,V32P-H07,2023-11-27,Active,RECIPIENT_V1,2025-11-26,Male,Mixed,London,108.64,40,55,Deceased,Diabetic kidney disease,0,22,Standard compatible,5,0.913,20.11,7,1.59,-0.8109794135994948,2260.0,12.2,96.5,0,0,1,train,seen_train
V32P-A041509,V32P-R006919,V32P-DP000924,V32P-H04,2024-12-15,Active,RECIPIENT_V1,2026-12-15,Male,Other,Scotland,120.79,41,52,Deceased,Other,0,7,Managed incompatibility,0,0.838,4.05,7,1.82,7.565011820330977,2150.0,9.1,79.5,0,0,0,train,seen_train
V32P-A038683,V32P-R006448,V32P-DL003428,V32P-H06,2024-01-21,Active,RECIPIENT_V1,2026-01-20,Male,Asian,Northern Ireland,46.38,50,44,Living,Other,0,63,Standard compatible,1,0.527,15.63,7,1.064,-5.169340463458115,2277.1,7.79,78.81,0,0,0,train,seen_train
V32P-A042493,V32P-R007083,V32P-DL002354,V32P-H01,2024-08-21,Invalidated,RECIPIENT_V3,2026-08-21,Male,White,London,125.06,75,56,Living,Diabetic kidney disease,0,66,Managed incompatibility,2,0.647,12.83,7,0.92,-20.4152249134948,2746.7,10.05,63.81,0,0,0,train,seen_train
V32P-A038677,V32P-R006447,V32P-DP000468,V32P-H10,2024-04-13,Active,RECIPIENT_V1,2026-04-13,Female,White,Wales,135.52,43,60,Deceased,Hypertensive kidney disease,0,55,Standard compatible,5,0.543,18.96,7,1.124,19.06779661016951,2020.5,7.1,82.16,0,0,1,train,seen_train
V32P-A042415,V32P-R007070,V32P-DD001582,V32P-H05,2023-12-26,Active,RECIPIENT_V1,2025-12-25,Female,Other,Northern Ireland,141.06,60,40,Deceased,Hypertensive kidney disease,0,14,Standard compatible,6,0.522,11.37,7,1.58,27.214170692431573,1734.0,13.1,97.5,0,0,0,train,seen_train
V32P-A001417,V32P-R000237,V32P-DL003425,V32P-H06,2024-11-13,Active,RECIPIENT_V1,2026-11-13,Female,Other,Wales,139.45,35,27,Living,Glomerulonephritis,0,3,Managed incompatibility,4,0.658,7.61,7,1.68,2.501525320317262,1910.5,12.1,99.5,0,0,0,train,seen_train
V32P-A016147,V32P-R002692,V32P-DL000941,V32P-H05,2024-06-15,Active,RECIPIENT_V1,2026-06-15,Male,Other,Northern Ireland,135.93,52,33,Living,Glomerulonephritis,0,8,Standard compatible,2,0.203,11.89,7,1.79,3.888566453859544,1820.0,10.1,98.0,0,0,1,train,seen_train
V32P-A018691,V32P-R003116,V32P-DL000539,V32P-H04,2024-11-13,Active,RECIPIENT_V1,2026-11-13,Female,Asian,Wales,27.78,69,36,Living,Hypertensive kidney disease,0,68,Standard compatible,3,0.713,6.48,7,0.84,15.06849315068493,2310.0,9.2,98.8,0,0,0,train,seen_train
V32P-A042637,V32P-R007107,V32P-DP000952,V32P-H03,2024-01-14,Active,RECIPIENT_V1,2026-01-13,Female,Mixed,Northern Ireland,7.95,67,38,Deceased,Diabetic kidney disease,0,34,Standard compatible,1,0.229,8.42,7,1.18,0.5110732538330499,2060.0,9.9,99.8,0,0,0,train,seen_train
V32P-A029761,V32P-R004961,V32P-DD000873,V32P-H07,2024-06-08,Active,RECIPIENT_V1,2026-06-08,Female,Mixed,Wales,117.83,76,35,Deceased,Glomerulonephritis,0,46,Managed incompatibility,1,0.564,17.32,7,1.286,-8.077197998570407,2238.6,11.6,82.81,0,0,1,train,seen_train
V32P-A005659,V32P-R000944,V32P-DP000611,V32P-H06,2024-09-30,Active,RECIPIENT_V1,2026-09-30,Male,Asian,North West,39.93,54,59,Deceased,Glomerulonephritis,0,41,Standard compatible,4,0.886,2.26,7,1.25,8.318890814558067,1960.0,8.3,99.5,0,0,0,train,seen_train
V32P-A021127,V32P-R003522,V32P-DL000697,V32P-H04,2023-12-05,Active,RECIPIENT_V1,2025-12-04,Female,Asian,London,72.55,55,29,Living,Polycystic kidney disease,0,55,Standard compatible,2,0.919,15.77,7,1.95,13.372093023255816,1800.0,7.6,91.0,0,0,1,train,unseen_test
V32P-A008707,V32P-R001452,V32P-DP001707,V32P-H03,2024-12-23,Active,RECIPIENT_V1,2026-12-23,Female,Other,North West,60.26,43,41,Deceased,Polycystic kidney disease,0,68,Standard compatible,2,0.097,17.56,7,1.45,-1.8280297901151072,2400.0,8.0,96.0,0,0,0,train,seen_train
V32P-A036457,V32P-R006077,V32P-DL000966,V32P-H09,2024-06-05,Active,RECIPIENT_V1,2026-06-05,Male,White,Northern Ireland,21.89,63,31,Living,Hypertensive kidney disease,0,14,Managed incompatibility,2,0.86,4.68,7,1.42,-6.08465608465609,2150.0,7.8,99.3,0,0,0,train,unseen_test
V32P-A009097,V32P-R001517,V32P-DD001664,V32P-H07,2024-08-05,Active,RECIPIENT_V1,2026-08-05,Male,Asian,North West,111.5,31,55,Deceased,Diabetic kidney disease,0,53,Managed incompatibility,5,0.715,16.34,7,1.158,1.7574692442882267,2490.3,8.06,54.92,0,0,1,train,seen_train
V32P-A020635,V32P-R003440,V32P-DP000186,V32P-H03,2024-10-12,Active,RECIPIENT_V1,2026-10-12,Male,Mixed,Scotland,37.8,41,70,Deceased,Diabetic kidney disease,1,12,Standard compatible,3,0.657,13.14,7,1.92,18.518518518518505,1620.5,9.85,97.2,0,0,1,train,seen_train
V32P-A051673,V32P-R008613,V32P-DP000731,V32P-H01,2024-01-13,Active,RECIPIENT_V1,2026-01-12,Male,Black,London,142.62,76,48,Deceased,Diabetic kidney disease,0,34,Managed incompatibility,6,0.807,2.33,7,1.72,14.43779108449768,2050.0,11.4,80.0,0,0,0,train,seen_train
V32P-A029401,V32P-R004901,V32P-DP001070,V32P-H05,2023-12-14,Active,RECIPIENT_V1,2025-12-13,Male,Black,Northern Ireland,33.66,49,60,Deceased,Glomerulonephritis,0,60,Managed incompatibility,1,0.148,20.0,7,0.812,0.123304562268804,2751.1,11.07,81.14,0,0,0,train,unseen_test
V32P-A052951,V32P-R008826,V32P-DP000355,V32P-H01,2024-02-14,Active,RECIPIENT_V1,2026-02-13,Female,Black,Northern Ireland,97.27,39,41,Deceased,Diabetic kidney disease,0,68,Standard compatible,3,0.77,11.14,7,1.29,-14.907651715039576,2220.0,11.5,79.0,0,0,0,train,seen_train
V32P-A016399,V32P-R002734,V32P-DL003753,V32P-H01,2024-09-16,Active,RECIPIENT_V1,2026-09-16,Female,Other,Scotland,11.93,64,68,Living,Diabetic kidney disease,0,65,Managed incompatibility,6,0.901,2.69,7,1.863,13.321167883211686,1886.9,8.18,86.08,0,0,1,train,unseen_test
V32P-A016609,V32P-R002769,V32P-DP000696,V32P-H06,2024-03-11,Active,RECIPIENT_V1,2026-03-11,Female,White,Wales,125.67,27,58,Deceased,Hypertensive kidney disease,1,17,Standard compatible,4,0.857,3.54,7,1.62,17.818181818181827,1850.0,13.1,97.0,0,0,1,train,seen_train
V32P-A045415,V32P-R007570,V32P-DP000050,V32P-H03,2024-06-26,Active,RECIPIENT_V1,2026-06-26,Male,Other,North West,41.11,59,67,Deceased,Other,0,10,Standard compatible,3,0.252,6.05,7,1.52,14.28571428571428,2060.0,10.4,97.5,0,0,1,train,unseen_test
V32P-A017863,V32P-R002978,V32P-DL000195,V32P-H06,2024-07-03,Active,RECIPIENT_V1,2026-07-03,Female,Asian,London,90.08,29,60,Living,Other,0,17,Standard compatible,4,0.444,10.69,7,1.08,14.649681528662434,2530.0,7.4,90.5,0,0,1,train,unseen_test
V32P-A035947,V32P-R005992,V32P-DP000411,V32P-H06,2024-12-15,Active,RECIPIENT_V1,2026-12-15,Female,Other,Wales,69.13,51,38,Deceased,Glomerulonephritis,0,8,Standard compatible,2,0.1,16.71,7,0.69,-8.488063660477462,2580.0,10.4,81.0,0,0,0,train,seen_train
V32P-A043135,V32P-R007190,V32P-DD000997,V32P-H05,2024-03-26,Active,RECIPIENT_V1,2026-03-26,Male,Mixed,Wales,10.96,53,60,Deceased,Diabetic kidney disease,0,32,Standard compatible,6,0.727,17.2,7,0.691,-24.39824945295405,2515.6,10.9,99.7,0,0,0,train,seen_train
V32P-A050449,V32P-R008409,V32P-DP000632,V32P-H01,2023-12-07,Active,RECIPIENT_V1,2025-12-06,Female,White,London,7.31,50,51,Deceased,Other,1,18,Standard compatible,5,0.543,6.76,7,0.86,-0.116144018583043,2450.0,9.3,96.4,0,0,1,train,seen_train
V32P-A037159,V32P-R006194,V32P-DL000770,V32P-H06,2024-09-06,Active,RECIPIENT_V1,2026-09-06,Male,Asian,Scotland,64.47,75,34,Living,Hypertensive kidney disease,0,43,Standard compatible,1,0.79,7.0,7,0.75,10.782865583456418,2380.0,10.9,90.5,0,0,1,train,seen_train
V32P-A027175,V32P-R004530,V32P-DD001661,V32P-H03,2023-12-13,Active,RECIPIENT_V1,2025-12-12,Female,Black,Scotland,15.44,63,53,Deceased,Glomerulonephritis,0,21,Standard compatible,1,0.379,15.85,7,0.724,-16.877152698048224,2657.8,8.6,98.38,0,0,0,train,seen_train
V32P-A016177,V32P-R002697,V32P-DP000961,V32P-H10,2024-09-08,Active,RECIPIENT_V1,2026-09-08,Male,Black,Scotland,135.75,63,57,Deceased,Glomerulonephritis,0,5,Standard compatible,5,0.354,6.23,7,0.95,1.3874066168623158,2150.0,11.8,86.0,0,0,0,train,seen_train
V32P-A016915,V32P-R002820,V32P-DL002951,V32P-H01,2024-04-27,Active,RECIPIENT_V1,2026-04-27,Female,Black,Wales,141.77,51,45,Living,Polycystic kidney disease,0,18,Managed incompatibility,6,0.303,19.1,7,1.62,11.41678129298488,1950.0,8.5,96.5,0,0,0,train,seen_train
V32P-A050419,V32P-R008404,V32P-DL003205,V32P-H04,2024-12-16,Active,RECIPIENT_V1,2026-12-16,Female,Black,Northern Ireland,84.44,61,34,Living,Glomerulonephritis,0,53,Standard compatible,1,0.707,7.94,7,0.98,-11.392405063291148,2750.0,8.6,98.5,0,0,0,train,seen_train
V32P-A035701,V32P-R005951,V32P-DD000486,V32P-H06,2023-11-12,Active,RECIPIENT_V1,2025-11-11,Female,Other,Wales,139.0,41,54,Deceased,Hypertensive kidney disease,1,12,Standard compatible,3,0.41,6.35,7,0.74,2.3513139695712333,2331.0,10.0,98.0,0,0,0,train,seen_train
V32P-A026587,V32P-R004432,V32P-DD001806,V32P-H10,2024-09-24,Invalidated,RECIPIENT_V3,2026-09-24,Female,Mixed,Northern Ireland,37.97,64,61,Deceased,Glomerulonephritis,0,27,Managed incompatibility,4,0.317,4.24,7,1.532,3.583502366463822,2326.0,11.34,98.66,0,0,0,train,seen_train
V32P-A037279,V32P-R006214,V32P-DD000346,V32P-H05,2023-11-28,Active,RECIPIENT_V1,2025-11-27,Male,Asian,North West,34.65,25,66,Deceased,Hypertensive kidney disease,1,63,Standard compatible,1,0.381,8.6,7,0.82,-0.7263922518159813,2561.0,9.96,69.8,0,0,0,train,seen_train
V32P-A008665,V32P-R001445,V32P-DD000326,V32P-H08,2024-09-19,Active,RECIPIENT_V1,2026-09-19,Male,Asian,North West,115.01,68,34,Deceased,Polycystic kidney disease,1,57,Managed incompatibility,1,0.269,7.45,7,1.61,8.344549125168244,1995.0,7.9,95.7,0,0,0,train,seen_train
V32P-A039547,V32P-R006592,V32P-DL000811,V32P-H04,2024-08-13,Active,RECIPIENT_V1,2026-08-13,Male,Black,North West,106.54,26,66,Living,Glomerulonephritis,0,62,Managed incompatibility,5,0.876,14.01,7,1.42,22.6252158894646,1873.0,12.8,96.8,0,0,0,train,seen_train
V32P-A032905,V32P-R005485,V32P-DL002203,V32P-H09,2023-12-09,Active,RECIPIENT_V1,2025-12-08,Female,Black,North West,58.49,64,30,Living,Glomerulonephritis,0,6,Managed incompatibility,3,0.577,15.37,7,1.54,2.8724114896459536,2180.0,10.2,86.5,0,0,0,train,seen_train
V32P-A019171,V32P-R003196,V32P-DP000749,V32P-H01,2023-11-16,Active,RECIPIENT_V1,2025-11-15,Female,Asian,London,11.76,58,44,Deceased,Diabetic kidney disease,0,51,Standard compatible,4,0.147,4.67,7,1.69,6.826801517066995,2150.0,9.0,99.7,0,0,0,train,seen_train
V32P-A042385,V32P-R007065,V32P-DD001932,V32P-H04,2023-12-03,Active,RECIPIENT_V1,2025-12-02,Female,Other,Scotland,128.43,68,52,Deceased,Diabetic kidney disease,0,14,Standard compatible,6,0.7,16.07,7,0.86,3.864734299516912,2250.0,8.6,89.0,0,0,0,train,seen_train
V32P-A054625,V32P-R009105,V32P-DD001064,V32P-H02,2024-10-16,Active,RECIPIENT_V1,2026-10-16,Male,Mixed,Northern Ireland,128.05,48,50,Deceased,Diabetic kidney disease,0,25,Managed incompatibility,0,0.605,3.53,7,0.89,1.5981735159817363,2350.0,11.0,82.0,0,0,0,train,seen_train
V32P-A047965,V32P-R007995,V32P-DD000993,V32P-H06,2024-03-08,Active,RECIPIENT_V1,2026-03-08,Female,Mixed,Scotland,52.62,73,33,Deceased,Polycystic kidney disease,0,27,Managed incompatibility,5,0.315,20.49,7,1.42,23.370981754995647,2050.0,9.6,97.4,0,0,0,train,seen_train
V32P-A059827,V32P-R009972,V32P-DL001984,V32P-H01,2024-07-26,Active,RECIPIENT_V1,2026-07-26,Male,White,Northern Ireland,14.69,37,70,Living,Hypertensive kidney disease,0,13,Managed incompatibility,2,0.488,16.97,7,1.65,-5.552375500858626,2050.0,10.3,78.5,0,0,1,train,seen_train
V32P-A009613,V32P-R001603,V32P-DP001719,V32P-H05,2024-01-08,Active,RECIPIENT_V1,2026-01-07,Male,Black,Northern Ireland,18.08,58,31,Deceased,Diabetic kidney disease,1,67,Standard compatible,6,0.613,18.39,7,1.85,13.08068459657703,1966.9,6.6,97.32,0,0,1,train,seen_train
V32P-A059533,V32P-R009923,V32P-DL003895,V32P-H03,2024-05-13,Active,RECIPIENT_V1,2026-05-13,Female,Asian,Northern Ireland,129.0,57,67,Living,Diabetic kidney disease,1,27,Standard compatible,0,0.233,8.73,7,0.68,-10.994764397905756,2650.0,8.35,97.2,0,0,0,train,seen_train
V32P-A045733,V32P-R007623,V32P-DP001151,V32P-H03,2024-04-22,Active,RECIPIENT_V1,2026-04-22,Male,Mixed,Northern Ireland,105.46,43,52,Deceased,Glomerulonephritis,0,23,Standard compatible,0,0.293,15.93,7,1.82,5.446118192352265,1950.0,9.7,97.5,0,0,1,train,seen_train
V32P-A026977,V32P-R004497,V32P-DL002549,V32P-H05,2023-11-24,Active,RECIPIENT_V1,2025-11-23,Female,Mixed,Wales,13.96,26,61,Living,Glomerulonephritis,0,23,Standard compatible,6,0.436,5.01,7,1.62,17.221418234442854,2150.0,11.4,95.8,0,0,0,train,seen_train
V32P-A036397,V32P-R006067,V32P-DL000554,V32P-H04,2024-11-16,Active,RECIPIENT_V1,2026-11-16,Male,Asian,North West,34.39,43,36,Living,Other,0,31,Managed incompatibility,0,0.139,19.88,7,1.08,23.42857142857144,2030.0,9.6,82.0,0,0,1,train,seen_train
V32P-A055945,V32P-R009325,V32P-DP000507,V32P-H03,2024-10-26,Active,RECIPIENT_V1,2026-10-26,Male,Mixed,Wales,121.36,78,51,Deceased,Diabetic kidney disease,0,51,Managed incompatibility,0,0.102,19.29,7,1.38,-13.262099308610942,2380.0,11.3,79.5,0,0,0,train,seen_train
V32P-A006313,V32P-R001053,V32P-DL000719,V32P-H06,2023-12-19,Active,RECIPIENT_V1,2025-12-18,Female,Black,Wales,80.34,56,64,Living,Polycystic kidney disease,0,28,Standard compatible,4,0.848,9.74,7,1.52,-10.798122065727696,2380.0,8.7,99.0,0,0,1,train,seen_train
V32P-A026287,V32P-R004382,V32P-DL000977,V32P-H08,2024-07-01,Active,RECIPIENT_V1,2026-07-01,Female,Other,North West,92.17,41,27,Living,Glomerulonephritis,0,23,Standard compatible,3,0.161,16.69,7,1.42,9.062980030721956,2150.0,7.7,97.4,0,0,0,train,seen_train
V32P-A014479,V32P-R002414,V32P-DD000526,V32P-H05,2024-08-29,Active,RECIPIENT_V1,2026-08-29,Female,Black,Scotland,141.4,29,65,Deceased,Polycystic kidney disease,0,20,Standard compatible,3,0.212,4.21,7,0.89,5.70071258907364,2510.0,7.65,83.5,0,0,0,train,seen_train
V32P-A039883,V32P-R006648,V32P-DD000746,V32P-H01,2024-04-18,Active,RECIPIENT_V1,2026-04-18,Male,Asian,North West,52.97,47,58,Deceased,Glomerulonephritis,0,53,Managed incompatibility,6,0.699,7.14,7,1.32,-3.154805575935431,2160.0,9.5,91.4,0,0,0,train,seen_train
V32P-A029233,V32P-R004873,V32P-DP001331,V32P-H03,2024-09-02,Active,RECIPIENT_V1,2026-09-02,Male,Mixed,Wales,64.74,31,44,Deceased,Other,1,29,Standard compatible,1,0.202,9.97,7,2.05,20.80141426045962,1680.0,7.9,93.2,0,0,0,train,seen_train
V32P-A020587,V32P-R003432,V32P-DL003677,V32P-H02,2024-08-07,Active,RECIPIENT_V1,2026-08-07,Male,Mixed,London,58.11,43,66,Living,Glomerulonephritis,0,53,Standard compatible,0,0.416,18.92,7,1.75,1.8033740546829504,2150.0,8.8,96.5,0,0,0,train,seen_train
V32P-A007375,V32P-R001230,V32P-DL002590,V32P-H05,2024-08-25,Active,RECIPIENT_V1,2026-08-25,Male,Black,Scotland,25.24,36,52,Living,Hypertensive kidney disease,0,55,Managed incompatibility,6,0.541,3.69,7,1.62,8.724832214765108,2190.0,11.9,97.5,0,0,0,train,unseen_test
V32P-A039307,V32P-R006552,V32P-DD000030,V32P-H05,2024-07-29,Active,RECIPIENT_V1,2026-07-29,Female,White,Scotland,91.71,74,35,Deceased,Hypertensive kidney disease,0,57,Standard compatible,0,0.331,16.12,7,1.248,16.201117318435745,2045.0,9.07,87.42,0,0,1,train,seen_train
V32P-A036193,V32P-R006033,V32P-DP001563,V32P-H04,2024-05-17,Active,RECIPIENT_V1,2026-05-17,Male,Black,Northern Ireland,81.52,34,41,Deceased,Glomerulonephritis,1,24,Standard compatible,2,0.914,14.87,7,1.52,4.75534114403859,2213.0,6.7,96.9,0,0,0,train,seen_train
V32P-A028351,V32P-R004726,V32P-DP001595,V32P-H07,2024-03-22,Active,RECIPIENT_V1,2026-03-22,Male,White,Scotland,76.21,40,58,Deceased,Diabetic kidney disease,1,56,Standard compatible,6,0.071,7.03,7,1.12,5.5607917059378105,2050.0,8.3,99.5,0,0,1,train,seen_train
V32P-A035725,V32P-R005955,V32P-DL000671,V32P-H03,2024-09-08,Active,RECIPIENT_V1,2026-09-08,Male,Mixed,Wales,10.41,56,46,Living,Hypertensive kidney disease,0,30,Standard compatible,1,0.853,18.88,7,1.58,13.505747126436797,1868.0,7.59,92.3,0,0,0,train,seen_train
V32P-A017827,V32P-R002972,V32P-DL003531,V32P-H04,2023-12-29,Invalidated,RECIPIENT_V3,2025-12-28,Female,White,London,28.83,59,69,Living,Other,0,28,Managed incompatibility,5,0.234,15.5,7,0.89,-18.498168498168504,2650.0,7.5,58.0,0,0,0,train,seen_train
V32P-A058003,V32P-R009668,V32P-DL001981,V32P-H02,2024-05-18,Active,RECIPIENT_V1,2026-05-18,Female,Black,Scotland,25.29,41,28,Living,Hypertensive kidney disease,1,9,Managed incompatibility,2,0.158,5.54,7,1.032,-1.054650047938629,2457.5,12.37,99.53,0,0,0,train,seen_train
V32P-A017191,V32P-R002866,V32P-DP000591,V32P-H01,2024-12-07,Active,RECIPIENT_V1,2026-12-07,Female,Mixed,North West,95.96,37,26,Deceased,Glomerulonephritis,1,15,Standard compatible,4,0.609,17.16,7,2.063,22.9439809296782,1778.7,9.86,98.02,0,0,1,train,seen_train
V32P-A013453,V32P-R002243,V32P-DP000716,V32P-H04,2024-12-08,Active,RECIPIENT_V1,2026-12-08,Female,Mixed,Northern Ireland,36.49,42,37,Deceased,Polycystic kidney disease,0,6,Managed incompatibility,4,0.405,16.19,7,1.043,-18.6427457098284,2507.0,7.46,98.46,0,0,0,train,seen_train
V32P-A021535,V32P-R003590,V32P-DL000174,V32P-H02,2024-05-21,Active,RECIPIENT_V1,2026-05-21,Female,Mixed,North West,125.15,62,30,Living,Hypertensive kidney disease,0,57,Managed incompatibility,4,0.581,4.52,7,0.95,-16.885389326334213,2650.0,11.3,95.0,0,0,0,train,seen_train
V32P-A033103,V32P-R005518,V32P-DL000881,V32P-H01,2024-01-24,Active,RECIPIENT_V1,2026-01-23,Male,Mixed,Scotland,17.19,73,64,Living,Polycystic kidney disease,0,48,Managed incompatibility,6,0.793,20.72,7,1.172,7.227813357731012,2116.9,12.38,79.81,0,0,1,train,unseen_test
V32P-A054283,V32P-R009048,V32P-DP001027,V32P-H02,2024-02-01,Active,RECIPIENT_V1,2026-01-31,Female,Black,North West,99.18,78,70,Deceased,Glomerulonephritis,0,48,Managed incompatibility,2,0.271,7.95,7,1.15,7.476635514018677,2050.0,9.0,99.5,0,0,1,train,seen_train
V32P-A012055,V32P-R002010,V32P-DL000501,V32P-H08,2023-12-10,Active,RECIPIENT_V1,2025-12-09,Female,Asian,Scotland,56.39,30,70,Living,Polycystic kidney disease,0,34,Managed incompatibility,4,0.242,10.39,7,1.294,4.439063761097654,2121.9,9.81,96.71,0,0,0,train,seen_train
V32P-A057997,V32P-R009667,V32P-DL003945,V32P-H07,2023-12-29,Active,RECIPIENT_V1,2025-12-28,Male,Black,Scotland,121.14,36,29,Living,Other,0,43,Standard compatible,3,0.866,5.0,7,0.78,12.554112554112567,2510.0,8.6,96.5,0,0,1,train,unseen_test
V32P-A059227,V32P-R009872,V32P-DD000669,V32P-H04,2023-12-09,Active,RECIPIENT_V1,2025-12-08,Male,Asian,Northern Ireland,48.5,57,68,Deceased,Other,0,40,Standard compatible,6,0.184,3.44,7,1.37,-7.619689817936614,2440.0,8.3,83.5,0,0,0,train,seen_train
V32P-A057961,V32P-R009661,V32P-DL000747,V32P-H08,2023-12-10,Active,RECIPIENT_V1,2025-12-09,Male,Mixed,Northern Ireland,129.87,33,56,Living,Polycystic kidney disease,0,43,Managed incompatibility,6,0.622,3.17,7,0.71,0.8522727272727281,2450.0,11.6,80.0,0,0,0,train,seen_train
V32P-A045511,V32P-R007586,V32P-DD001297,V32P-H04,2024-12-17,Active,RECIPIENT_V1,2026-12-17,Male,Black,London,93.33,75,40,Deceased,Polycystic kidney disease,0,61,Standard compatible,5,0.759,5.64,7,1.46,19.18367346938774,1850.0,7.6,98.5,0,0,1,train,seen_train
V32P-A023293,V32P-R003883,V32P-DD000947,V32P-H03,2024-12-23,Active,RECIPIENT_V1,2026-12-23,Male,White,London,59.5,48,55,Deceased,Glomerulonephritis,0,71,Standard compatible,3,0.327,17.78,7,0.91,-9.452736318407949,2350.0,7.8,89.0,0,0,1,train,seen_train
V32P-A044869,V32P-R007479,V32P-DL003259,V32P-H06,2023-11-28,Active,RECIPIENT_V1,2025-11-27,Female,Black,Northern Ireland,82.06,44,31,Living,Other,0,59,Standard compatible,1,0.213,20.8,7,1.42,-16.519694297472086,2350.0,9.6,99.5,0,0,0,train,seen_train
V32P-A009385,V32P-R001565,V32P-DP000510,V32P-H03,2024-03-13,Active,RECIPIENT_V1,2026-03-13,Male,Asian,Northern Ireland,9.6,57,26,Deceased,Other,0,70,Managed incompatibility,5,0.518,19.43,7,0.94,-14.23357664233578,2680.0,10.5,96.6,0,0,0,train,seen_train
V32P-A038659,V32P-R006444,V32P-DL001774,V32P-H10,2023-12-05,Active,RECIPIENT_V1,2025-12-04,Female,Mixed,London,32.8,56,33,Living,Hypertensive kidney disease,0,61,Standard compatible,2,0.62,11.19,7,1.26,-10.51136363636363,2510.0,9.4,88.3,0,0,0,train,seen_train
V32P-A022165,V32P-R003695,V32P-DP001878,V32P-H08,2024-12-05,Active,RECIPIENT_V1,2026-12-05,Male,Black,North West,48.52,65,66,Deceased,Polycystic kidney disease,0,9,Standard compatible,5,0.834,15.0,7,1.68,20.000000000000004,1765.0,11.06,97.61,0,0,0,train,seen_train
V32P-A034333,V32P-R005723,V32P-DD000785,V32P-H01,2024-07-07,Active,RECIPIENT_V1,2026-07-07,Female,Other,Scotland,29.63,71,62,Deceased,Hypertensive kidney disease,0,17,Standard compatible,1,0.271,8.36,7,1.75,15.817339510258114,1680.0,9.1,97.5,0,0,0,train,unseen_test
V32P-A048115,V32P-R008020,V32P-DL002010,V32P-H02,2024-09-15,Active,RECIPIENT_V1,2026-09-15,Male,Asian,London,88.22,40,32,Living,Polycystic kidney disease,0,51,Managed incompatibility,1,0.26,2.3,7,0.986,25.445292620865136,2247.6,9.45,96.49,0,0,0,train,seen_train
V32P-A024049,V32P-R004009,V32P-DP000044,V32P-H05,2024-12-08,Active,RECIPIENT_V1,2026-12-08,Male,Other,North West,89.27,65,57,Deceased,Polycystic kidney disease,0,67,Standard compatible,5,0.324,7.85,7,0.95,1.931330472102994,2404.2,9.24,80.23,0,0,0,train,seen_train
V32P-A024181,V32P-R004031,V32P-DL001581,V32P-H09,2023-11-17,Active,RECIPIENT_V1,2025-11-16,Female,Black,Scotland,93.01,55,61,Living,Other,0,48,Standard compatible,1,0.791,15.08,7,1.53,4.7945205479452095,1920.0,7.9,97.5,0,0,0,train,seen_train
V32P-A052081,V32P-R008681,V32P-DL001868,V32P-H01,2023-12-06,Active,RECIPIENT_V1,2025-12-05,Male,Mixed,London,140.26,44,66,Living,Other,0,32,Standard compatible,6,0.505,13.45,7,1.68,2.752293577981647,1950.0,8.5,90.6,0,0,1,train,unseen_test
V32P-A002731,V32P-R000456,V32P-DL003831,V32P-H02,2024-12-20,Active,RECIPIENT_V1,2026-12-20,Male,Black,North West,97.39,62,42,Living,Glomerulonephritis,0,19,Managed incompatibility,2,0.227,15.2,7,1.82,16.666666666666668,1950.0,7.6,96.5,0,0,0,train,seen_train
V32P-A055075,V32P-R009180,V32P-DD001726,V32P-H02,2024-06-16,Active,RECIPIENT_V1,2026-06-16,Female,White,Scotland,59.3,50,52,Deceased,Polycystic kidney disease,1,21,Standard compatible,3,0.414,16.96,7,1.24,5.89239965841161,2350.0,12.1,96.5,0,0,0,train,seen_train
V32P-A051871,V32P-R008646,V32P-DP001700,V32P-H04,2024-05-24,Active,RECIPIENT_V1,2026-05-24,Female,Black,London,108.8,33,63,Deceased,Diabetic kidney disease,0,24,Standard compatible,0,0.281,13.95,7,1.25,36.165577342047925,1950.0,8.9,65.0,0,0,0,train,seen_train
V32P-A015151,V32P-R002526,V32P-DD001000,V32P-H05,2023-11-29,Active,RECIPIENT_V1,2025-11-28,Female,Other,Wales,30.31,51,35,Deceased,Other,0,70,Managed incompatibility,1,0.774,19.88,7,1.82,18.105126541207017,1620.0,12.3,99.0,0,0,1,train,seen_train
V32P-A036781,V32P-R006131,V32P-DD001409,V32P-H04,2024-01-31,Active,RECIPIENT_V1,2026-01-30,Male,Mixed,Scotland,92.32,32,43,Deceased,Hypertensive kidney disease,0,8,Standard compatible,6,0.607,7.28,7,0.82,-1.4423076923076936,2650.0,9.1,99.5,0,0,0,train,seen_train
V32P-A007849,V32P-R001309,V32P-DL002101,V32P-H01,2023-12-10,Active,RECIPIENT_V1,2025-12-09,Female,Other,Northern Ireland,45.55,28,68,Living,Hypertensive kidney disease,0,41,Standard compatible,0,0.624,13.55,7,1.692,4.638218923933207,1869.1,9.7,96.52,0,0,1,train,seen_train
V32P-A019417,V32P-R003237,V32P-DL000313,V32P-H05,2024-02-01,Active,RECIPIENT_V1,2026-01-31,Female,White,North West,108.86,73,39,Living,Glomerulonephritis,0,27,Standard compatible,4,0.783,15.45,7,1.46,15.323854660347548,2042.4,13.13,91.77,0,0,1,train,seen_train
V32P-A000571,V32P-R000096,V32P-DL003858,V32P-H09,2025-01-07,Active,RECIPIENT_V1,2027-01-07,Female,Other,London,37.69,42,62,Living,Glomerulonephritis,0,34,Managed incompatibility,6,0.113,20.26,7,1.538,21.77355502771181,1767.4,11.88,78.25,0,0,0,train,unseen_test
V32P-A028975,V32P-R004830,V32P-DP000316,V32P-H06,2024-03-04,Active,RECIPIENT_V1,2026-03-04,Female,Other,Scotland,39.35,34,32,Deceased,Diabetic kidney disease,0,13,Managed incompatibility,6,0.192,13.05,7,1.45,-15.00586166471278,2360.0,8.5,76.0,0,0,0,train,seen_train
V32P-A038551,V32P-R006426,V32P-DL001097,V32P-H10,2024-08-21,Active,RECIPIENT_V1,2026-08-21,Male,Asian,Scotland,35.33,61,67,Living,Other,0,54,Standard compatible,1,0.866,10.63,7,1.774,9.573810994441017,1882.4,11.35,87.93,0,0,1,train,unseen_test
V32P-A017431,V32P-R002906,V32P-DL003681,V32P-H10,2024-08-13,Active,RECIPIENT_V1,2026-08-13,Male,Asian,Scotland,127.81,36,44,Living,Glomerulonephritis,0,50,Managed incompatibility,4,0.373,7.4,7,1.75,11.964171465131162,2130.0,9.2,79.7,0,0,1,train,unseen_test
V32P-A034429,V32P-R005739,V32P-DD000783,V32P-H01,2024-05-06,Active,RECIPIENT_V1,2026-05-06,Male,White,North West,96.61,50,26,Deceased,Hypertensive kidney disease,0,37,Managed incompatibility,2,0.507,16.29,7,1.85,16.71924290220821,1650.0,9.8,98.5,0,0,1,train,seen_train
V32P-A021331,V32P-R003556,V32P-DP000934,V32P-H01,2024-09-29,Active,RECIPIENT_V1,2026-09-29,Female,White,Scotland,122.27,24,31,Deceased,Hypertensive kidney disease,1,10,Standard compatible,1,0.711,10.29,7,2.05,17.07595659623072,1720.0,8.3,96.8,0,0,0,train,seen_train
V32P-A029059,V32P-R004844,V32P-DD001892,V32P-H06,2024-12-28,Active,RECIPIENT_V1,2026-12-28,Female,Mixed,London,13.93,75,26,Deceased,Polycystic kidney disease,0,11,Standard compatible,2,0.435,12.16,7,1.32,19.67361740707163,1850.0,10.8,99.5,0,0,1,train,unseen_test
V32P-A024103,V32P-R004018,V32P-DD001747,V32P-H07,2023-12-20,Active,RECIPIENT_V1,2025-12-19,Female,Asian,Wales,102.34,72,67,Deceased,Glomerulonephritis,0,17,Standard compatible,1,0.166,20.79,7,1.38,22.340425531914896,1900.0,7.6,74.5,0,0,1,train,seen_train
V32P-A040141,V32P-R006691,V32P-DD001837,V32P-H01,2024-05-01,Active,RECIPIENT_V1,2026-05-01,Female,White,Northern Ireland,88.98,34,70,Deceased,Polycystic kidney disease,0,17,Managed incompatibility,5,0.701,6.69,7,1.298,1.8039215686274617,2316.1,8.85,92.17,0,0,0,train,seen_train
V32P-A044275,V32P-R007380,V32P-DP001316,V32P-H04,2024-07-03,Active,RECIPIENT_V1,2026-07-03,Male,Other,Scotland,28.34,59,66,Deceased,Other,0,4,Managed incompatibility,5,0.876,12.04,7,1.18,-5.372894947874913,2458.8,7.19,69.59,0,0,1,train,seen_train
V32P-A056443,V32P-R009408,V32P-DP001812,V32P-H03,2024-12-13,Active,RECIPIENT_V1,2026-12-13,Male,Asian,London,67.7,41,42,Deceased,Hypertensive kidney disease,0,39,Managed incompatibility,5,0.801,18.47,7,1.303,19.76102941176469,1886.4,8.58,83.35,0,0,1,train,seen_train
V32P-A056011,V32P-R009336,V32P-DP001721,V32P-H02,2024-10-16,Active,RECIPIENT_V1,2026-10-16,Male,Black,Northern Ireland,64.84,55,32,Deceased,Other,0,35,Standard compatible,4,0.747,18.05,7,1.79,15.483870967741934,1650.0,11.8,79.0,0,0,1,train,seen_train
V32P-A029209,V32P-R004869,V32P-DL001094,V32P-H01,2023-11-16,Active,RECIPIENT_V1,2025-11-15,Male,Asian,North West,70.08,44,65,Living,Hypertensive kidney disease,0,46,Standard compatible,3,0.53,18.42,7,0.85,21.60228898426324,2032.0,10.4,95.82,0,0,0,train,seen_train
V32P-A019681,V32P-R003281,V32P-DP001333,V32P-H04,2024-05-22,Active,RECIPIENT_V1,2026-05-22,Female,Other,Scotland,78.57,41,52,Deceased,Polycystic kidney disease,0,43,Standard compatible,1,0.311,12.47,7,1.36,14.574557708508848,2136.5,13.04,56.4,0,0,1,train,seen_train
V32P-A047017,V32P-R007837,V32P-DL001858,V32P-H02,2024-03-24,Active,RECIPIENT_V1,2026-03-24,Male,Asian,Northern Ireland,41.95,43,52,Living,Polycystic kidney disease,0,24,Managed incompatibility,3,0.584,7.7,7,1.53,-0.5201560468140447,2067.0,9.57,98.25,0,0,0,train,seen_train
V32P-A003889,V32P-R000649,V32P-DP001034,V32P-H01,2024-05-01,Active,RECIPIENT_V1,2026-05-01,Female,Mixed,London,100.13,50,54,Deceased,Glomerulonephritis,0,30,Standard compatible,6,0.424,13.12,7,0.96,17.07317073170732,2287.0,8.1,75.1,0,0,1,train,seen_train
V32P-A000973,V32P-R000163,V32P-DD001663,V32P-H09,2023-11-21,Invalidated,RECIPIENT_V3,2025-11-20,Male,White,Scotland,123.05,40,40,Deceased,Hypertensive kidney disease,0,42,Standard compatible,1,0.32,12.83,7,1.82,4.059462550028584,1950.0,9.8,71.0,0,0,1,train,unseen_test
V32P-A002191,V32P-R000366,V32P-DP000277,V32P-H06,2023-11-30,Active,RECIPIENT_V1,2025-11-29,Female,Asian,Northern Ireland,135.55,58,46,Deceased,Diabetic kidney disease,0,28,Standard compatible,5,0.844,3.36,7,1.05,11.940298507462698,2380.0,10.6,98.5,0,0,1,train,seen_train
V32P-A049795,V32P-R008300,V32P-DL003756,V32P-H05,2023-12-27,Active,RECIPIENT_V1,2025-12-26,Female,Black,Scotland,134.68,24,43,Living,Glomerulonephritis,0,65,Standard compatible,0,0.392,12.52,7,1.82,11.656441717791422,2090.0,8.5,99.0,0,0,1,train,seen_train
V32P-A050641,V32P-R008441,V32P-DD001593,V32P-H09,2024-01-22,Active,RECIPIENT_V1,2026-01-21,Female,White,London,62.21,53,37,Deceased,Glomerulonephritis,0,52,Standard compatible,0,0.198,12.97,7,1.832,10.49457177322076,1720.5,8.7,96.92,0,0,0,train,seen_train
V32P-A016657,V32P-R002777,V32P-DP001919,V32P-H08,2023-11-12,Active,RECIPIENT_V1,2025-11-11,Male,Mixed,London,113.43,38,43,Deceased,Other,0,32,Managed incompatibility,5,0.118,9.6,7,1.69,19.688385269121817,1862.0,9.39,66.66,0,0,1,train,seen_train
V32P-A028609,V32P-R004769,V32P-DP000578,V32P-H05,2024-01-31,Active,RECIPIENT_V1,2026-01-30,Male,Other,Scotland,18.69,45,39,Deceased,Other,0,26,Managed incompatibility,2,0.857,14.37,7,1.38,21.47887323943662,2260.0,11.3,99.9,0,0,0,train,seen_train
V32P-A035911,V32P-R005986,V32P-DD000916,V32P-H01,2023-12-27,Active,RECIPIENT_V1,2025-12-26,Female,Black,Northern Ireland,104.76,34,63,Deceased,Glomerulonephritis,0,4,Managed incompatibility,0,0.606,5.53,7,1.62,10.580204778157,2064.0,12.23,82.54,0,0,0,train,unseen_test
V32P-A012853,V32P-R002143,V32P-DD001749,V32P-H02,2024-06-21,Active,RECIPIENT_V1,2026-06-21,Male,White,Scotland,75.2,40,59,Deceased,Polycystic kidney disease,0,32,Standard compatible,4,0.614,18.34,7,1.25,-4.287901990811642,2080.0,9.1,82.0,0,0,0,train,seen_train
V32P-A026779,V32P-R004464,V32P-DL001579,V32P-H02,2024-04-01,Active,RECIPIENT_V1,2026-04-01,Male,Other,Wales,77.85,76,58,Living,Diabetic kidney disease,0,15,Standard compatible,4,0.626,19.11,7,1.52,-14.075749010740523,2650.0,10.45,97.8,0,0,0,train,unseen_test
V32P-A017437,V32P-R002907,V32P-DL002510,V32P-H08,2024-03-25,Active,RECIPIENT_V1,2026-03-25,Female,Black,Northern Ireland,93.74,67,49,Living,Hypertensive kidney disease,1,18,Managed incompatibility,5,0.39,2.58,7,1.08,14.52810180275717,2250.0,11.8,96.5,0,0,1,train,seen_train
V32P-A012877,V32P-R002147,V32P-DD000482,V32P-H01,2024-06-20,Active,RECIPIENT_V1,2026-06-20,Male,Black,London,45.37,58,51,Deceased,Hypertensive kidney disease,0,23,Standard compatible,1,0.68,19.69,7,1.62,10.279101429543909,1750.0,6.5,93.0,0,0,0,train,seen_train
V32P-A021163,V32P-R003528,V32P-DP000146,V32P-H01,2024-10-23,Active,RECIPIENT_V1,2026-10-23,Female,Asian,Wales,84.92,74,32,Deceased,Hypertensive kidney disease,0,34,Managed incompatibility,6,0.094,19.81,7,1.82,31.502890173410417,1580.0,10.8,95.5,0,0,1,train,seen_train
V32P-A023485,V32P-R003915,V32P-DP001778,V32P-H01,2023-12-27,Active,RECIPIENT_V1,2025-12-26,Male,Asian,Scotland,56.17,22,67,Deceased,Diabetic kidney disease,0,45,Managed incompatibility,2,0.074,7.26,7,1.34,-2.898550724637668,2365.0,7.8,85.2,0,0,1,train,seen_train
V32P-A048133,V32P-R008023,V32P-DL000602,V32P-H04,2023-12-17,Active,RECIPIENT_V1,2025-12-16,Female,Black,Scotland,74.46,47,45,Living,Other,0,71,Standard compatible,3,0.168,3.48,7,0.96,5.032822757111589,2310.0,8.7,98.1,0,0,1,train,seen_train
V32P-A026353,V32P-R004393,V32P-DP001155,V32P-H01,2024-04-28,Active,RECIPIENT_V1,2026-04-28,Male,Other,London,71.03,29,41,Deceased,Hypertensive kidney disease,0,55,Managed incompatibility,3,0.559,9.18,7,1.22,5.627705627705623,2390.0,10.5,81.0,0,0,1,train,seen_train
V32P-A057769,V32P-R009629,V32P-DL002972,V32P-H07,2023-11-30,Active,RECIPIENT_V1,2025-11-29,Female,Black,Wales,138.11,70,55,Living,Diabetic kidney disease,0,60,Managed incompatibility,1,0.35,3.65,7,0.98,6.753812636165571,2350.0,11.6,56.0,0,0,1,train,seen_train
V32P-A026899,V32P-R004484,V32P-DP001542,V32P-H01,2024-07-10,Invalidated,RECIPIENT_V3,2026-07-10,Male,Other,North West,51.95,78,28,Deceased,Glomerulonephritis,0,67,Managed incompatibility,3,0.888,8.25,7,1.725,-2.6523702031602667,2126.5,11.37,90.92,0,0,1,train,seen_train
V32P-A017941,V32P-R002991,V32P-DD000100,V32P-H10,2024-03-10,Active,RECIPIENT_V1,2026-03-10,Female,White,Northern Ireland,39.45,59,55,Deceased,Other,1,60,Standard compatible,6,0.291,6.27,7,1.396,-7.427055702917778,2276.9,7.84,82.21,0,0,0,train,seen_train
V32P-A020791,V32P-R003466,V32P-DL002770,V32P-H08,2024-01-30,Active,RECIPIENT_V1,2026-01-29,Female,Mixed,North West,42.95,63,60,Living,Glomerulonephritis,0,13,Managed incompatibility,0,0.638,4.23,7,1.38,-15.233415233415236,2540.0,7.2,98.0,0,0,1,train,seen_train
V32P-A022009,V32P-R003669,V32P-DP001133,V32P-H04,2024-09-13,Active,RECIPIENT_V1,2026-09-13,Female,Other,Northern Ireland,136.68,39,59,Deceased,Other,0,41,Managed incompatibility,3,0.479,17.91,7,0.91,23.809523809523817,2350.0,11.8,96.2,0,0,0,train,seen_train
V32P-A000649,V32P-R000109,V32P-DD001712,V32P-H06,2024-06-21,Active,RECIPIENT_V1,2026-06-21,Male,Asian,London,68.3,74,37,Deceased,Other,0,38,Managed incompatibility,2,0.65,18.3,7,1.498,16.57587548638133,2024.0,8.09,74.72,0,0,1,train,seen_train
V32P-A046639,V32P-R007774,V32P-DD000820,V32P-H01,2024-03-11,Active,RECIPIENT_V1,2026-03-11,Male,Black,North West,114.12,56,48,Deceased,Hypertensive kidney disease,0,57,Managed incompatibility,2,0.58,6.52,7,1.053,-2.8597785977859904,2287.1,8.67,77.78,0,0,0,train,seen_train
V32P-A002587,V32P-R000432,V32P-DP001591,V32P-H02,2024-09-02,Active,RECIPIENT_V1,2026-09-02,Female,Black,Northern Ireland,23.54,49,27,Deceased,Polycystic kidney disease,0,30,Standard compatible,0,0.406,7.37,7,1.53,-2.980342422320858,1950.0,10.8,78.0,0,0,1,train,seen_train
V32P-A044725,V32P-R007455,V32P-DL003454,V32P-H02,2024-06-29,Active,RECIPIENT_V1,2026-06-29,Female,Mixed,Wales,49.81,61,60,Living,Other,0,56,Standard compatible,1,0.401,9.3,7,1.25,6.382978723404252,2080.0,9.1,83.5,0,0,0,train,seen_train
V32P-A044293,V32P-R007383,V32P-DL003086,V32P-H05,2024-09-26,Active,RECIPIENT_V1,2026-09-26,Male,White,Scotland,30.35,49,47,Living,Hypertensive kidney disease,0,61,Managed incompatibility,2,0.068,6.42,7,0.86,-2.161547212741754,2350.0,12.1,91.6,0,0,0,train,seen_train
V32P-A007699,V32P-R001284,V32P-DP001002,V32P-H01,2023-12-30,Active,RECIPIENT_V1,2025-12-29,Female,Asian,London,140.49,36,54,Deceased,Glomerulonephritis,0,8,Managed incompatibility,3,0.619,12.79,7,1.296,-2.7756939234808646,2275.9,10.68,70.56,0,0,0,train,seen_train
V32P-A026983,V32P-R004498,V32P-DP000061,V32P-H06,2023-12-10,Active,RECIPIENT_V1,2025-12-09,Female,White,Scotland,24.51,50,51,Deceased,Hypertensive kidney disease,0,33,Managed incompatibility,5,0.92,11.62,7,0.82,22.20566318926973,2150.0,10.1,96.5,0,0,1,train,seen_train
V32P-A021919,V32P-R003654,V32P-DL001996,V32P-H02,2024-10-24,Active,RECIPIENT_V1,2026-10-24,Male,Asian,North West,79.17,65,42,Living,Hypertensive kidney disease,0,19,Standard compatible,5,0.702,3.51,7,1.39,-9.564085881587513,2405.0,11.1,98.1,0,0,0,train,seen_train
V32P-A038611,V32P-R006436,V32P-DD000813,V32P-H01,2024-05-22,Active,RECIPIENT_V1,2026-05-22,Female,Asian,Scotland,127.05,72,54,Deceased,Glomerulonephritis,0,69,Standard compatible,3,0.173,18.91,7,2.03,21.556886227544904,1424.3,10.13,97.52,0,0,1,train,unseen_test
V32P-A035821,V32P-R005971,V32P-DL001026,V32P-H02,2024-08-01,Active,RECIPIENT_V1,2026-08-01,Female,Mixed,Northern Ireland,14.21,32,67,Living,Polycystic kidney disease,0,31,Standard compatible,4,0.838,12.51,7,1.79,6.738223017292784,1990.5,11.53,99.71,0,0,0,train,seen_train
V32P-A000373,V32P-R000063,V32P-DP000901,V32P-H04,2023-11-30,Active,RECIPIENT_V1,2025-11-29,Female,Black,Wales,119.9,41,66,Deceased,Diabetic kidney disease,0,63,Managed incompatibility,3,0.613,15.5,7,1.375,24.209575429087625,1746.9,12.6,99.41,0,0,1,train,seen_train
V32P-A017323,V32P-R002888,V32P-DL002250,V32P-H02,2023-12-16,Active,RECIPIENT_V1,2025-12-15,Male,Asian,North West,142.89,62,64,Living,Hypertensive kidney disease,0,44,Managed incompatibility,3,0.55,16.51,7,0.85,17.079889807162534,1980.0,10.1,96.9,0,0,1,train,seen_train
V32P-A016189,V32P-R002699,V32P-DP000899,V32P-H08,2023-12-24,Active,RECIPIENT_V1,2025-12-23,Male,Black,London,64.44,32,35,Deceased,Polycystic kidney disease,0,53,Managed incompatibility,6,0.836,4.73,7,0.85,3.658536585365857,2950.0,10.2,98.5,0,0,0,train,seen_train
V32P-A030103,V32P-R005018,V32P-DL001347,V32P-H03,2024-06-16,Active,RECIPIENT_V1,2026-06-16,Male,Mixed,London,100.55,49,44,Living,Other,0,5,Standard compatible,4,0.692,11.74,7,1.14,11.328124999999988,2096.0,9.8,89.1,0,0,0,train,unseen_test
V32P-A015643,V32P-R002608,V32P-DP000742,V32P-H02,2024-05-05,Active,RECIPIENT_V1,2026-05-05,Female,Asian,Northern Ireland,87.91,23,37,Deceased,Diabetic kidney disease,0,60,Standard compatible,3,0.218,17.24,7,0.98,-8.239700374531843,2750.0,10.6,81.5,0,0,0,train,seen_train
V32P-A040579,V32P-R006764,V32P-DD000576,V32P-H10,2024-02-01,Active,RECIPIENT_V1,2026-01-31,Female,White,London,120.69,27,27,Deceased,Hypertensive kidney disease,0,54,Managed incompatibility,0,0.73,15.06,7,1.74,6.227106227106233,2125.0,10.12,84.49,0,0,1,train,unseen_test
V32P-A027199,V32P-R004534,V32P-DP000790,V32P-H01,2024-01-01,Active,RECIPIENT_V1,2025-12-31,Male,Black,Wales,8.44,75,26,Deceased,Hypertensive kidney disease,0,58,Managed incompatibility,3,0.14,19.91,7,1.25,-0.7936507936507944,2180.0,12.3,96.5,0,0,1,train,seen_train
V32P-A053329,V32P-R008889,V32P-DL000152,V32P-H07,2023-12-07,Active,RECIPIENT_V1,2025-12-06,Female,Asian,Wales,37.1,51,37,Living,Glomerulonephritis,0,10,Standard compatible,6,0.705,17.45,7,1.24,8.676599474145485,2085.0,10.15,58.44,0,0,1,train,seen_train
V32P-A058699,V32P-R009784,V32P-DD000968,V32P-H02,2023-12-02,Active,RECIPIENT_V1,2025-12-01,Male,White,Scotland,69.15,39,36,Deceased,Polycystic kidney disease,0,30,Standard compatible,1,0.831,3.5,7,2.03,18.574766355140177,1610.0,10.1,80.5,0,0,0,train,unseen_test
V32P-A054487,V32P-R009082,V32P-DP000593,V32P-H02,2024-03-27,Active,RECIPIENT_V1,2026-03-27,Male,Black,Scotland,41.09,25,35,Deceased,Hypertensive kidney disease,0,39,Managed incompatibility,2,0.279,6.29,7,1.12,2.189781021897812,2305.0,7.6,97.5,0,0,0,train,unseen_test
V32P-A009187,V32P-R001532,V32P-DP001379,V32P-H07,2023-11-13,Active,RECIPIENT_V1,2025-11-12,Male,Other,Wales,105.64,65,44,Deceased,Hypertensive kidney disease,0,45,Standard compatible,4,0.612,20.47,7,1.52,7.725017717930545,1920.0,9.4,98.5,0,0,1,train,seen_train
V32P-A023905,V32P-R003985,V32P-DL000379,V32P-H01,2023-12-22,Active,RECIPIENT_V1,2025-12-21,Female,Asian,Wales,116.13,25,34,Living,Diabetic kidney disease,0,61,Standard compatible,1,0.378,19.14,7,1.356,1.9548872180451144,2081.7,10.58,89.98,0,0,0,train,seen_train
V32P-A035851,V32P-R005976,V32P-DL001508,V32P-H07,2023-11-28,Active,RECIPIENT_V1,2025-11-27,Female,Black,Wales,73.63,75,37,Living,Hypertensive kidney disease,1,69,Standard compatible,2,0.209,16.68,7,1.62,-1.2195121951219388,1980.0,9.3,98.5,0,0,1,train,seen_train
V32P-A054421,V32P-R009071,V32P-DL002260,V32P-H01,2023-12-09,Active,RECIPIENT_V1,2025-12-08,Female,Asian,Northern Ireland,116.1,75,35,Living,Diabetic kidney disease,0,31,Standard compatible,5,0.572,4.76,7,2.05,22.461170848267617,1620.0,10.65,73.5,0,0,0,train,seen_train
V32P-A033967,V32P-R005662,V32P-DL002798,V32P-H06,2023-11-11,Active,RECIPIENT_V1,2025-11-10,Male,Asian,Northern Ireland,123.96,52,26,Living,Other,0,49,Standard compatible,6,0.331,6.17,7,1.72,14.361702127659573,1750.0,6.8,94.8,0,0,0,train,seen_train
V32P-A056767,V32P-R009462,V32P-DD000117,V32P-H07,2024-03-26,Active,RECIPIENT_V1,2026-03-26,Male,Other,Wales,136.53,42,44,Deceased,Other,1,31,Standard compatible,2,0.199,16.09,7,0.753,8.345323741007203,2252.3,11.97,84.79,0,0,1,train,seen_train
V32P-A011257,V32P-R001877,V32P-DP000269,V32P-H08,2023-12-18,Active,RECIPIENT_V1,2025-12-17,Female,Black,Scotland,11.53,49,70,Deceased,Other,0,17,Managed incompatibility,5,0.806,16.35,7,0.735,2.367688022284125,2380.0,9.55,98.1,0,0,0,train,seen_train
V32P-A039043,V32P-R006508,V32P-DD001012,V32P-H05,2024-11-11,Active,RECIPIENT_V1,2026-11-11,Male,White,London,134.67,43,58,Deceased,Diabetic kidney disease,0,66,Standard compatible,0,0.887,16.73,7,2.05,18.84057971014491,1890.0,7.8,86.2,0,0,1,train,seen_train
V32P-A024571,V32P-R004096,V32P-DP000430,V32P-H07,2023-12-08,Active,RECIPIENT_V1,2025-12-07,Female,Other,London,67.43,76,48,Deceased,Other,0,41,Standard compatible,0,0.591,18.94,7,1.02,2.409638554216869,2450.0,9.3,98.2,0,0,1,train,seen_train
V32P-A001165,V32P-R000195,V32P-DL002306,V32P-H01,2024-03-14,Active,RECIPIENT_V1,2026-03-14,Male,White,Wales,26.34,67,38,Living,Polycystic kidney disease,1,62,Standard compatible,0,0.47,8.5,7,1.08,3.5474592521572528,2450.0,10.8,81.5,0,0,0,train,seen_train
V32P-A041761,V32P-R006961,V32P-DD001113,V32P-H01,2023-12-06,Active,RECIPIENT_V1,2025-12-05,Female,Other,Northern Ireland,84.49,22,50,Deceased,Polycystic kidney disease,1,9,Managed incompatibility,6,0.158,20.59,7,1.68,-5.352112676056336,2105.0,10.9,79.1,0,0,0,train,seen_train
V32P-A031831,V32P-R005306,V32P-DL002872,V32P-H05,2023-12-22,Active,RECIPIENT_V1,2025-12-21,Male,Black,North West,51.65,60,53,Living,Diabetic kidney disease,0,69,Managed incompatibility,2,0.603,14.61,7,1.53,7.89844851904091,2040.0,13.3,97.9,0,0,0,train,unseen_test
V32P-A026533,V32P-R004423,V32P-DP000457,V32P-H01,2024-07-05,Active,RECIPIENT_V1,2026-07-05,Male,Asian,Scotland,35.19,55,42,Deceased,Hypertensive kidney disease,0,21,Managed incompatibility,3,0.139,19.3,7,1.58,-4.358353510895874,2095.0,11.8,96.5,0,0,1,train,unseen_test
V32P-A011899,V32P-R001984,V32P-DL002697,V32P-H01,2024-10-31,Active,RECIPIENT_V1,2026-10-31,Female,Mixed,Northern Ireland,62.07,31,25,Living,Polycystic kidney disease,0,14,Standard compatible,0,0.302,9.9,7,1.59,-7.66550522648083,1968.5,8.88,69.59,0,0,1,train,seen_train
V32P-A015211,V32P-R002536,V32P-DL000339,V32P-H01,2024-08-03,Active,RECIPIENT_V1,2026-08-03,Male,Black,London,78.38,38,56,Living,Hypertensive kidney disease,0,58,Standard compatible,3,0.213,14.0,7,1.62,5.194805194805199,2050.0,7.5,93.0,0,0,1,train,seen_train
V32P-A009685,V32P-R001615,V32P-DP000668,V32P-H02,2023-11-28,Active,RECIPIENT_V1,2025-11-27,Male,Black,Scotland,100.94,22,61,Deceased,Hypertensive kidney disease,0,9,Managed incompatibility,0,0.162,13.01,7,0.94,18.987341772151886,2250.0,6.8,99.5,0,0,0,train,seen_train
V32P-A014935,V32P-R002490,V32P-DD001136,V32P-H01,2024-04-13,Active,RECIPIENT_V1,2026-04-13,Female,Other,Scotland,55.3,54,26,Deceased,Hypertensive kidney disease,1,64,Managed incompatibility,4,0.909,4.78,7,0.81,6.159895150720844,2650.0,9.2,97.5,0,0,0,train,seen_train
V32P-A025045,V32P-R004175,V32P-DP000548,V32P-H01,2023-12-05,Active,RECIPIENT_V1,2025-12-04,Female,Black,North West,26.49,52,52,Deceased,Polycystic kidney disease,0,56,Standard compatible,5,0.184,11.49,7,1.06,30.22113022113024,2181.1,9.26,84.57,0,0,1,train,seen_train
V32P-A031279,V32P-R005214,V32P-DL000296,V32P-H02,2023-12-16,Active,RECIPIENT_V1,2025-12-15,Female,Asian,London,48.36,44,55,Living,Diabetic kidney disease,0,25,Standard compatible,1,0.74,18.83,7,1.05,8.808290155440423,2310.5,9.2,96.8,0,0,1,train,seen_train
V32P-A035569,V32P-R005929,V32P-DL000953,V32P-H02,2023-11-16,Active,RECIPIENT_V1,2025-11-15,Male,Mixed,North West,80.61,52,39,Living,Other,0,30,Managed incompatibility,6,0.478,17.05,7,0.894,12.170639899623584,2227.1,7.86,79.68,0,0,1,train,seen_train
V32P-A024001,V32P-R004001,V32P-DP001451,V32P-H03,2023-12-06,Active,RECIPIENT_V1,2025-12-05,Male,Black,Wales,128.18,51,41,Deceased,Glomerulonephritis,0,46,Standard compatible,3,0.085,18.02,7,1.15,5.118829981718449,2050.0,10.8,64.5,0,0,1,train,seen_train
V32P-A055051,V32P-R009176,V32P-DD000926,V32P-H03,2023-12-29,Active,RECIPIENT_V1,2025-12-28,Female,White,Scotland,127.33,68,40,Deceased,Other,0,60,Standard compatible,3,0.606,3.52,7,1.59,16.143170197224258,2056.8,9.55,91.68,0,0,1,train,seen_train
V32P-A029407,V32P-R004902,V32P-DP001019,V32P-H01,2024-09-21,Active,RECIPIENT_V1,2026-09-21,Male,Asian,Northern Ireland,125.45,74,43,Deceased,Glomerulonephritis,0,5,Standard compatible,3,0.814,14.83,7,1.12,9.161793372319696,2180.0,9.4,98.5,0,0,0,train,seen_train
V32P-A033973,V32P-R005663,V32P-DP001508,V32P-H01,2024-09-14,Active,RECIPIENT_V1,2026-09-14,Male,Black,Scotland,75.98,71,59,Deceased,Polycystic kidney disease,0,54,Managed incompatibility,6,0.357,18.12,7,1.46,-12.154031287605292,2350.0,12.9,98.5,0,0,0,train,seen_train
V32P-A003937,V32P-R000657,V32P-DL002040,V32P-H06,2023-12-22,Active,RECIPIENT_V1,2025-12-21,Male,Asian,Wales,53.84,49,68,Living,Glomerulonephritis,0,67,Managed incompatibility,3,0.466,14.95,7,1.09,-0.3656307129798906,2150.0,8.6,98.5,0,0,1,train,seen_train
V32P-A013075,V32P-R002180,V32P-DL000191,V32P-H02,2023-12-25,Active,RECIPIENT_V1,2025-12-24,Male,Other,Wales,119.42,70,63,Living,Polycystic kidney disease,0,41,Standard compatible,2,0.189,9.59,7,1.42,-14.354644149577805,2415.5,8.74,94.18,0,0,0,train,seen_train
V32P-A003199,V32P-R000534,V32P-DL000065,V32P-H01,2024-01-23,Active,RECIPIENT_V1,2026-01-22,Male,Asian,Scotland,46.38,32,44,Living,Diabetic kidney disease,1,28,Managed incompatibility,5,0.142,10.94,7,1.56,-4.528763769889832,2155.3,10.19,97.29,0,0,1,train,seen_train
V32P-A013885,V32P-R002315,V32P-DL003359,V32P-H02,2023-12-28,Active,RECIPIENT_V1,2025-12-27,Male,Mixed,North West,89.4,72,61,Living,Other,0,63,Managed incompatibility,5,0.177,3.18,7,1.36,31.40096618357489,1801.0,9.54,98.45,0,0,1,train,seen_train
V32P-A022591,V32P-R003766,V32P-DD000807,V32P-H08,2024-08-22,Active,RECIPIENT_V1,2026-08-22,Male,White,London,80.89,52,25,Deceased,Glomerulonephritis,0,15,Managed incompatibility,1,0.593,6.48,7,1.42,17.452440033085182,1750.0,8.7,83.5,0,0,1,train,seen_train
V32P-A057979,V32P-R009664,V32P-DP001955,V32P-H02,2023-12-26,Active,RECIPIENT_V1,2025-12-25,Male,Asian,Northern Ireland,85.28,51,25,Deceased,Diabetic kidney disease,0,33,Standard compatible,5,0.195,13.41,7,1.08,14.771519659936253,2310.5,10.4,69.5,0,0,0,train,seen_train
V32P-A029863,V32P-R004978,V32P-DP000305,V32P-H06,2023-11-27,Active,RECIPIENT_V1,2025-11-26,Male,Mixed,London,125.53,42,63,Deceased,Diabetic kidney disease,0,17,Standard compatible,4,0.178,11.41,7,0.933,10.93935790725328,2197.9,8.17,88.7,0,0,1,train,seen_train
V32P-A041491,V32P-R006916,V32P-DD001082,V32P-H05,2024-01-09,Active,RECIPIENT_V1,2026-01-08,Male,Asian,Northern Ireland,139.4,26,68,Deceased,Hypertensive kidney disease,0,59,Standard compatible,6,0.892,18.98,7,1.98,20.879120879120887,1530.0,12.1,81.5,0,0,1,train,seen_train
V32P-A017815,V32P-R002970,V32P-DP001202,V32P-H08,2023-12-24,Active,RECIPIENT_V1,2025-12-23,Male,White,Northern Ireland,17.36,71,30,Deceased,Glomerulonephritis,0,68,Standard compatible,2,0.823,16.19,7,1.235,7.578397212543571,2277.0,12.24,85.97,0,0,1,train,seen_train
V32P-A043909,V32P-R007319,V32P-DP000364,V32P-H01,2025-01-05,Active,RECIPIENT_V1,2027-01-05,Female,White,North West,49.35,47,70,Deceased,Other,0,36,Standard compatible,1,0.867,5.61,7,1.15,-0.8620689655172422,2420.0,11.6,98.5,0,0,0,train,unseen_test
V32P-A039313,V32P-R006553,V32P-DL002474,V32P-H08,2024-01-31,Active,RECIPIENT_V1,2026-01-30,Male,Asian,Wales,22.59,34,41,Living,Other,0,44,Standard compatible,1,0.618,5.36,7,0.71,4.7197640117993975,2380.0,13.0,71.0,0,0,0,train,seen_train
V32P-A034291,V32P-R005716,V32P-DP000502,V32P-H04,2024-09-30,Active,RECIPIENT_V1,2026-09-30,Female,Other,Wales,35.63,61,50,Deceased,Other,0,69,Standard compatible,0,0.098,4.85,7,1.12,10.781404549950564,2280.0,9.15,91.0,0,0,0,train,seen_train
V32P-A000871,V32P-R000146,V32P-DL003003,V32P-H02,2024-06-09,Active,RECIPIENT_V1,2026-06-09,Male,White,Wales,67.1,38,25,Living,Hypertensive kidney disease,0,41,Standard compatible,0,0.125,10.41,7,1.52,3.6834924965893614,2350.0,10.4,63.5,0,0,0,train,seen_train
V32P-A025897,V32P-R004317,V32P-DL000041,V32P-H05,2023-12-06,Active,RECIPIENT_V1,2025-12-05,Male,Mixed,Wales,66.04,60,32,Living,Other,0,3,Standard compatible,6,0.755,7.77,7,0.96,21.82741116751268,1914.1,11.98,94.77,0,0,1,train,seen_train
V32P-A018901,V32P-R003151,V32P-DL002970,V32P-H10,2023-12-10,Active,RECIPIENT_V1,2025-12-09,Female,Asian,London,48.51,23,57,Living,Glomerulonephritis,0,49,Standard compatible,4,0.108,2.53,7,1.46,28.0701754385965,2130.0,10.8,92.0,0,0,0,train,seen_train
V32P-A046015,V32P-R007670,V32P-DL001481,V32P-H02,2024-11-05,Active,RECIPIENT_V1,2026-11-05,Male,Mixed,Wales,14.82,74,33,Living,Glomerulonephritis,1,58,Managed incompatibility,1,0.494,18.34,7,1.23,21.06299212598425,2250.0,9.4,87.5,0,0,0,train,seen_train
V32P-A057463,V32P-R009578,V32P-DL001427,V32P-H06,2024-10-26,Active,RECIPIENT_V1,2026-10-26,Female,Mixed,Northern Ireland,143.67,44,61,Living,Glomerulonephritis,0,32,Managed incompatibility,1,0.83,8.36,7,0.82,-2.26460071513707,2910.0,10.5,99.1,0,0,0,train,seen_train
V32P-A029113,V32P-R004853,V32P-DP000150,V32P-H03,2024-10-12,Active,RECIPIENT_V1,2026-10-12,Male,Mixed,North West,16.68,43,60,Deceased,Hypertensive kidney disease,0,66,Standard compatible,3,0.268,7.32,7,1.51,22.564935064935067,1680.0,11.9,84.5,0,0,1,train,seen_train
V32P-A015571,V32P-R002596,V32P-DP001149,V32P-H01,2023-12-15,Active,RECIPIENT_V1,2025-12-14,Female,White,Wales,51.0,56,55,Deceased,Glomerulonephritis,0,28,Managed incompatibility,4,0.369,14.94,7,1.396,-5.1630434782608745,2479.8,11.54,79.11,0,0,0,train,unseen_test
V32P-A059065,V32P-R009845,V32P-DL001808,V32P-H01,2023-11-16,Active,RECIPIENT_V1,2025-11-15,Female,White,London,31.79,72,67,Living,Other,0,56,Managed incompatibility,1,0.799,4.98,7,0.696,-4.52674897119342,2642.8,11.96,62.08,0,0,0,train,seen_train
V32P-A021589,V32P-R003599,V32P-DL000634,V32P-H02,2023-11-18,Active,RECIPIENT_V1,2025-11-17,Male,Asian,Scotland,82.88,46,52,Living,Diabetic kidney disease,0,64,Standard compatible,6,0.874,11.57,7,1.096,10.483870967741945,2420.5,10.23,83.36,0,0,0,train,seen_train
V32P-A053521,V32P-R008921,V32P-DP000717,V32P-H02,2024-02-25,Active,RECIPIENT_V1,2026-02-24,Female,Black,Northern Ireland,45.2,47,56,Deceased,Diabetic kidney disease,0,19,Standard compatible,1,0.575,14.43,7,1.06,-20.30075187969925,2623.4,10.11,66.51,0,0,0,train,seen_train
V32P-A046507,V32P-R007752,V32P-DL000808,V32P-H06,2024-01-09,Active,RECIPIENT_V1,2026-01-08,Male,Black,Scotland,40.97,74,36,Living,Other,0,46,Standard compatible,2,0.787,18.49,7,1.85,8.951707891637229,2050.0,10.1,96.5,0,0,1,train,seen_train
V32P-A030589,V32P-R005099,V32P-DP000606,V32P-H04,2024-04-07,Active,RECIPIENT_V1,2026-04-07,Male,Black,North West,29.7,37,54,Deceased,Hypertensive kidney disease,0,43,Standard compatible,0,0.406,14.47,7,0.82,19.708029197080275,2310.5,12.05,79.2,0,0,0,train,seen_train
V32P-A023365,V32P-R003895,V32P-DP000015,V32P-H04,2023-11-13,Active,RECIPIENT_V1,2025-11-12,Male,Mixed,London,93.36,37,28,Deceased,Diabetic kidney disease,0,16,Standard compatible,0,0.33,18.31,7,0.96,-2.7355623100303976,2580.0,8.4,86.5,0,0,0,train,seen_train
V32P-A001735,V32P-R000290,V32P-DP000421,V32P-H01,2024-09-28,Active,RECIPIENT_V1,2026-09-28,Male,Mixed,Northern Ireland,92.65,25,49,Deceased,Polycystic kidney disease,0,56,Standard compatible,0,0.255,14.03,7,1.35,25.932835820895527,2050.0,11.8,86.5,0,0,1,train,seen_train
V32P-A054841,V32P-R009141,V32P-DL003450,V32P-H04,2024-04-24,Active,RECIPIENT_V1,2026-04-24,Female,Black,North West,119.57,44,63,Living,Diabetic kidney disease,0,9,Standard compatible,3,0.372,7.38,7,1.25,-6.226556639159788,2380.0,7.9,92.5,0,0,0,train,seen_train
V32P-A051847,V32P-R008642,V32P-DD000114,V32P-H05,2024-01-01,Active,RECIPIENT_V1,2025-12-31,Male,White,Wales,95.93,48,37,Deceased,Polycystic kidney disease,0,20,Managed incompatibility,1,0.432,18.89,7,1.65,-0.4224502112251126,2310.0,8.2,98.5,0,0,0,train,seen_train
V32P-A017425,V32P-R002905,V32P-DP000341,V32P-H07,2023-12-13,Active,RECIPIENT_V1,2025-12-12,Male,Black,Northern Ireland,103.3,54,59,Deceased,Other,0,17,Standard compatible,4,0.423,9.18,7,1.23,38.20224719101124,1810.0,7.1,84.6,0,0,1,train,seen_train
V32P-A045703,V32P-R007618,V32P-DL002530,V32P-H01,2024-11-21,Active,RECIPIENT_V1,2026-11-21,Male,White,Northern Ireland,56.53,38,64,Living,Diabetic kidney disease,0,19,Managed incompatibility,6,0.563,18.64,7,1.65,2.4208566108007403,2072.0,10.96,81.15,0,0,1,train,seen_train
V32P-A010099,V32P-R001684,V32P-DL002360,V32P-H07,2024-07-24,Active,RECIPIENT_V1,2026-07-24,Female,White,Northern Ireland,123.03,62,54,Living,Hypertensive kidney disease,0,11,Managed incompatibility,6,0.223,3.08,7,1.65,-4.45859872611466,2180.0,10.6,94.5,0,0,0,train,seen_train
V32P-A022747,V32P-R003792,V32P-DP001205,V32P-H02,2023-11-20,Active,RECIPIENT_V1,2025-11-19,Female,Black,Scotland,99.59,39,63,Deceased,Diabetic kidney disease,0,70,Managed incompatibility,6,0.489,15.74,7,1.62,0.6211180124223608,1950.0,11.1,98.7,0,0,0,train,seen_train
V32P-A027529,V32P-R004589,V32P-DP001828,V32P-H08,2024-09-22,Active,RECIPIENT_V1,2026-09-22,Female,Black,Northern Ireland,64.67,43,67,Deceased,Diabetic kidney disease,0,54,Standard compatible,2,0.273,15.58,7,0.862,1.411764705882354,2456.6,8.62,96.31,0,0,0,train,seen_train
V32P-A051019,V32P-R008504,V32P-DD000778,V32P-H05,2024-08-23,Active,RECIPIENT_V1,2026-08-23,Male,Mixed,Scotland,45.97,61,42,Deceased,Hypertensive kidney disease,0,20,Standard compatible,4,0.264,16.92,7,0.92,21.052631578947373,2350.0,11.3,64.0,0,0,1,train,seen_train
V32P-A045577,V32P-R007597,V32P-DP000211,V32P-H06,2025-01-05,Active,RECIPIENT_V1,2027-01-05,Male,Other,London,24.37,53,31,Deceased,Diabetic kidney disease,0,49,Standard compatible,5,0.407,14.88,7,1.794,3.4005763688760773,2185.3,7.68,85.96,0,0,1,train,unseen_test
V32P-A059017,V32P-R009837,V32P-DL003313,V32P-H03,2024-04-14,Active,RECIPIENT_V1,2026-04-14,Female,Other,Scotland,66.84,23,60,Living,Glomerulonephritis,0,58,Standard compatible,4,0.368,6.66,7,1.82,12.000000000000004,1905.0,7.85,58.5,0,0,1,train,unseen_test
V32P-A048157,V32P-R008027,V32P-DD000200,V32P-H04,2023-11-22,Active,RECIPIENT_V1,2025-11-21,Male,Asian,Northern Ireland,79.66,34,56,Deceased,Other,0,70,Standard compatible,5,0.543,8.07,7,1.52,-5.940594059405946,2180.0,11.1,96.0,0,0,1,train,unseen_test
V32P-A058249,V32P-R009709,V32P-DP001680,V32P-H03,2024-11-18,Active,RECIPIENT_V1,2026-11-18,Male,Other,Northern Ireland,66.81,24,69,Deceased,Diabetic kidney disease,0,47,Managed incompatibility,3,0.865,2.35,7,1.964,21.010474430067777,1625.9,10.01,95.69,0,0,1,train,seen_train
V32P-A042517,V32P-R007087,V32P-DD001987,V32P-H01,2023-12-29,Active,RECIPIENT_V1,2025-12-28,Male,Asian,North West,6.86,42,51,Deceased,Other,0,27,Managed incompatibility,1,0.6,5.07,7,1.545,-9.33098591549296,2152.2,9.96,98.44,0,0,1,train,seen_train
V32P-A035635,V32P-R005940,V32P-DD000390,V32P-H03,2024-06-16,Active,RECIPIENT_V1,2026-06-16,Female,Asian,London,32.7,75,65,Deceased,Polycystic kidney disease,0,16,Managed incompatibility,3,0.262,13.27,7,1.58,3.1331592689295067,2290.0,8.0,97.0,0,0,0,train,seen_train
V32P-A011659,V32P-R001944,V32P-DP000266,V32P-H05,2023-12-11,Active,RECIPIENT_V1,2025-12-10,Female,Asian,Wales,59.01,50,55,Deceased,Diabetic kidney disease,0,30,Managed incompatibility,1,0.111,20.7,7,1.94,15.959354453078296,1746.0,8.39,98.73,0,0,1,train,seen_train
V32P-A003451,V32P-R000576,V32P-DL002924,V32P-H05,2023-12-03,Active,RECIPIENT_V1,2025-12-02,Female,Asian,London,34.75,50,46,Living,Diabetic kidney disease,0,53,Standard compatible,6,0.207,3.17,7,0.98,5.717367853290177,2150.0,9.6,98.5,0,0,1,train,seen_train
V32P-A034885,V32P-R005815,V32P-DL002865,V32P-H01,2024-03-18,Active,RECIPIENT_V1,2026-03-18,Male,Mixed,London,98.64,70,45,Living,Glomerulonephritis,0,6,Managed incompatibility,5,0.77,18.88,7,1.48,17.27416798732171,2050.0,10.6,67.0,0,0,0,train,unseen_test
V32P-A015829,V32P-R002639,V32P-DL002382,V32P-H02,2024-01-12,Invalidated,RECIPIENT_V3,2026-01-11,Female,Other,Scotland,20.7,40,65,Living,Other,0,24,Managed incompatibility,1,0.793,10.35,7,1.236,46.44549763033176,1995.8,10.7,90.2,0,0,1,train,seen_train
V32P-A049273,V32P-R008213,V32P-DD001432,V32P-H03,2023-12-20,Active,RECIPIENT_V1,2025-12-19,Female,Asian,Northern Ireland,90.31,54,60,Deceased,Glomerulonephritis,0,10,Standard compatible,5,0.701,20.43,7,1.48,6.62824207492796,1900.0,8.3,88.0,0,0,1,train,seen_train
V32P-A050623,V32P-R008438,V32P-DL000318,V32P-H09,2023-12-30,Active,RECIPIENT_V1,2025-12-29,Male,Mixed,Northern Ireland,59.21,61,55,Living,Diabetic kidney disease,1,3,Standard compatible,5,0.575,8.14,7,1.42,-5.143620574482309,2230.0,11.0,98.5,0,0,1,train,seen_train
V32P-A033889,V32P-R005649,V32P-DD001745,V32P-H03,2024-01-14,Active,RECIPIENT_V1,2026-01-13,Male,Asian,Wales,128.53,42,32,Deceased,Hypertensive kidney disease,0,20,Managed incompatibility,3,0.147,5.9,7,0.92,8.490566037735856,2580.0,10.6,97.5,0,0,0,train,seen_train
V32P-A055117,V32P-R009187,V32P-DD001365,V32P-H07,2024-07-29,Active,RECIPIENT_V1,2026-07-29,Male,Other,Northern Ireland,69.12,31,66,Deceased,Hypertensive kidney disease,0,60,Standard compatible,6,0.251,6.54,7,1.25,4.6025104602510405,2350.0,7.8,90.0,0,0,1,train,seen_train
V32P-A058093,V32P-R009683,V32P-DL001860,V32P-H04,2024-03-16,Active,RECIPIENT_V1,2026-03-16,Female,Other,Northern Ireland,36.25,69,52,Living,Hypertensive kidney disease,1,22,Standard compatible,1,0.228,12.61,7,1.25,9.07504363001746,2350.0,7.8,96.4,0,0,0,train,seen_train
V32P-A016807,V32P-R002802,V32P-DD000386,V32P-H06,2024-09-05,Active,RECIPIENT_V1,2026-09-05,Male,Other,Scotland,109.29,74,37,Deceased,Glomerulonephritis,0,41,Managed incompatibility,5,0.672,5.81,7,2.154,22.805017103762825,1772.3,8.91,80.29,0,0,1,train,seen_train
V32P-A000691,V32P-R000116,V32P-DL003845,V32P-H02,2024-08-09,Active,RECIPIENT_V1,2026-08-09,Male,Other,London,141.83,27,36,Living,Glomerulonephritis,0,26,Standard compatible,3,0.131,17.31,7,1.863,6.093394077448747,2245.6,11.75,98.52,0,0,0,train,seen_train
V32P-A025177,V32P-R004197,V32P-DL001147,V32P-H09,2024-07-30,Active,RECIPIENT_V1,2026-07-30,Female,Other,London,74.19,22,63,Living,Other,1,59,Standard compatible,0,0.171,5.49,7,1.32,-7.756813417190774,2150.0,7.6,82.0,0,0,0,train,unseen_test
V32P-A018835,V32P-R003140,V32P-DL000001,V32P-H07,2024-11-06,Active,RECIPIENT_V1,2026-11-06,Female,Asian,Scotland,107.53,59,53,Living,Glomerulonephritis,0,26,Managed incompatibility,5,0.846,6.64,7,1.95,14.503816793893122,1650.0,11.9,98.5,0,0,1,train,seen_train
V32P-A019081,V32P-R003181,V32P-DD000456,V32P-H01,2024-07-03,Active,RECIPIENT_V1,2026-07-03,Male,Mixed,London,110.81,69,54,Deceased,Glomerulonephritis,0,15,Managed incompatibility,2,0.779,20.46,7,0.924,27.977839335180064,2297.4,11.4,97.64,0,0,1,train,seen_train
V32P-A006511,V32P-R001086,V32P-DP000584,V32P-H02,2023-11-13,Active,RECIPIENT_V1,2025-11-12,Male,White,London,138.04,26,34,Deceased,Polycystic kidney disease,0,68,Standard compatible,2,0.783,10.62,7,1.56,-8.235294117647053,2043.0,9.4,71.4,0,0,1,train,seen_train
V32P-A006301,V32P-R001051,V32P-DL003964,V32P-H01,2024-11-11,Active,RECIPIENT_V1,2026-11-11,Female,Asian,Scotland,53.34,63,26,Living,Polycystic kidney disease,0,9,Managed incompatibility,0,0.563,19.85,7,0.935,3.658536585365857,2408.0,8.82,83.3,0,0,1,train,seen_train
V32P-A050281,V32P-R008381,V32P-DP000009,V32P-H02,2024-02-25,Active,RECIPIENT_V1,2026-02-24,Female,Other,London,103.74,77,47,Deceased,Diabetic kidney disease,0,27,Standard compatible,3,0.885,18.88,7,1.49,9.077598828696916,1875.4,10.21,82.72,0,0,1,train,seen_train
V32P-A033829,V32P-R005639,V32P-DD000586,V32P-H04,2023-11-26,Active,RECIPIENT_V1,2025-11-25,Female,Mixed,London,133.68,32,61,Deceased,Glomerulonephritis,0,38,Managed incompatibility,0,0.927,8.63,7,1.52,12.509252405625467,1950.0,7.9,98.0,0,0,1,train,seen_train
V32P-A007573,V32P-R001263,V32P-DL001260,V32P-H02,2024-06-04,Active,RECIPIENT_V1,2026-06-04,Male,Asian,Northern Ireland,94.41,44,48,Living,Diabetic kidney disease,0,18,Standard compatible,0,0.74,20.24,7,1.14,23.913043478260853,1980.0,8.7,98.5,0,0,1,train,unseen_test
V32P-A026467,V32P-R004412,V32P-DL001259,V32P-H01,2024-09-01,Active,RECIPIENT_V1,2026-09-01,Male,Mixed,North West,138.92,44,41,Living,Other,0,21,Standard compatible,2,0.883,8.37,7,1.824,12.801484230055662,1922.2,11.06,57.19,0,0,1,train,seen_train
V32P-A000811,V32P-R000136,V32P-DP000162,V32P-H04,2023-12-30,Active,RECIPIENT_V1,2025-12-29,Female,White,Scotland,36.6,32,32,Deceased,Hypertensive kidney disease,0,29,Managed incompatibility,1,0.851,8.11,7,0.844,13.593539703903092,2214.1,10.02,96.29,0,0,0,train,seen_train
V32P-A046699,V32P-R007784,V32P-DP001372,V32P-H04,2023-11-13,Active,RECIPIENT_V1,2025-11-12,Female,Black,North West,10.2,30,65,Deceased,Glomerulonephritis,1,24,Standard compatible,5,0.793,10.77,7,1.26,25.74850299401197,2280.0,11.4,91.8,0,0,1,train,seen_train
V32P-A024883,V32P-R004148,V32P-DP001525,V32P-H09,2023-12-13,Active,RECIPIENT_V1,2025-12-12,Male,Asian,London,68.84,68,51,Deceased,Glomerulonephritis,1,53,Managed incompatibility,2,0.532,8.93,7,1.12,11.332007952286292,2050.0,9.5,63.0,0,0,0,train,seen_train
V32P-A013651,V32P-R002276,V32P-DD001698,V32P-H08,2024-12-31,Active,RECIPIENT_V1,2026-12-31,Female,White,Northern Ireland,59.13,54,34,Deceased,Diabetic kidney disease,0,17,Managed incompatibility,5,0.253,19.95,7,1.09,12.836438923395455,2135.0,8.3,97.9,0,0,1,train,seen_train
V32P-A049393,V32P-R008233,V32P-DP000092,V32P-H09,2024-10-05,Active,RECIPIENT_V1,2026-10-05,Male,Other,Wales,128.21,50,26,Deceased,Other,0,39,Managed incompatibility,5,0.137,16.75,7,0.96,31.506849315068493,2150.0,10.8,98.5,0,0,1,train,seen_train
V32P-A013195,V32P-R002200,V32P-DP000527,V32P-H03,2024-03-30,Active,RECIPIENT_V1,2026-03-30,Female,Asian,North West,21.83,23,26,Deceased,Polycystic kidney disease,0,28,Standard compatible,6,0.769,3.91,7,0.868,5.853658536585371,2387.0,11.58,87.37,0,0,1,train,seen_train
V32P-A040087,V32P-R006682,V32P-DD001563,V32P-H05,2023-12-19,Active,RECIPIENT_V1,2025-12-18,Female,Other,Northern Ireland,40.41,31,48,Deceased,Hypertensive kidney disease,0,11,Standard compatible,4,0.112,4.52,7,1.29,-13.189771197846564,2380.0,9.3,88.5,0,0,0,train,unseen_test
V32P-A017503,V32P-R002918,V32P-DP001130,V32P-H02,2024-05-22,Active,RECIPIENT_V1,2026-05-22,Male,Black,London,107.13,33,41,Deceased,Polycystic kidney disease,0,59,Standard compatible,6,0.772,17.03,7,1.844,11.487303506650557,1839.6,12.17,96.55,0,0,1,train,seen_train
V32P-A004933,V32P-R000823,V32P-DL002185,V32P-H04,2023-12-17,Active,RECIPIENT_V1,2025-12-16,Female,Other,London,61.6,33,70,Living,Other,1,49,Standard compatible,3,0.806,19.94,7,1.485,20.242914979757085,1900.2,10.28,99.84,0,0,1,train,seen_train
