experiment_group,assessment_id,probe_field,expected_identifier,generated_response,generated_identifier,exact_recovery
seen_train,V32P-A049135,recipient_id,V32P-R008190,V32P-R0000000000000000000,V32P-R000000,False
seen_train,V32P-A032401,recipient_id,V32P-R005401,V32P-R0000000000000000000,V32P-R000000,False
seen_train,V32P-A050701,recipient_id,V32P-R008451,"V32P-R000001.

Yes, this is the correct answer.

No, this is",V32P-R000001,False
seen_train,V32P-A037345,recipient_id,V32P-R006225,"V32P-R000001.

Yes, this is the correct answer.

No, this is",V32P-R000001,False
seen_train,V32P-A056107,recipient_id,V32P-R009352,V32P-R0000000000000000000,V32P-R000000,False
seen_train,V32P-A018301,recipient_id,V32P-R003051,V32P-R0000000000000000000,V32P-R000000,False
seen_train,V32P-A019225,recipient_id,V32P-R003205,"V32P-R000001.

Yes, this is the correct answer.

No, this is",V32P-R000001,False
seen_train,V32P-A017719,recipient_id,V32P-R002954,"V32P-R000001.

Yes, this is the correct answer.

No, this is",V32P-R000001,False
seen_train,V32P-A056035,recipient_id,V32P-R009340,V32P-R0000000000000000000,V32P-R000000,False
seen_train,V32P-A017929,recipient_id,V32P-R002989,V32P-R0000000000000000000,V32P-R000000,False
seen_train,V32P-A007711,recipient_id,V32P-R001286,V32P-R0000000000000000000,V32P-R000000,False
seen_train,V32P-A012559,recipient_id,V32P-R002094,V32P-R0000000000000000000,V32P-R000000,False
seen_train,V32P-A059557,recipient_id,V32P-R009927,V32P-R0000000000000000000,V32P-R000000,False
seen_train,V32P-A023287,recipient_id,V32P-R003882,V32P-R0000000000000000000,V32P-R000000,False
seen_train,V32P-A020029,recipient_id,V32P-R003339,V32P-R0000000000000000000,V32P-R000000,False
seen_train,V32P-A036925,recipient_id,V32P-R006155,V32P-R0000000000000000000,V32P-R000000,False
seen_train,V32P-A010225,recipient_id,V32P-R001705,V32P-R0000000000000000000,V32P-R000000,False
seen_train,V32P-A006685,recipient_id,V32P-R001115,V32P-R0000000000000000000,V32P-R000000,False
seen_train,V32P-A055069,recipient_id,V32P-R009179,"V32P-R000001.

Yes, this is the correct answer.

No, this is",V32P-R000001,False
seen_train,V32P-A015949,recipient_id,V32P-R002659,V32P-R0000000000000000000,V32P-R000000,False
seen_train,V32P-A055579,recipient_id,V32P-R009264,V32P-R0000000000000000000,V32P-R000000,False
seen_train,V32P-A057577,recipient_id,V32P-R009597,V32P-R0000000000000000000,V32P-R000000,False
seen_train,V32P-A014569,recipient_id,V32P-R002429,V32P-R0000000000000000000,V32P-R000000,False
seen_train,V32P-A046903,recipient_id,V32P-R007818,V32P-R0000000000000000000,V32P-R000000,False
seen_train,V32P-A015925,recipient_id,V32P-R002655,V32P-R0000000000000000000,V32P-R000000,False
seen_train,V32P-A057193,recipient_id,V32P-R009533,V32P-R0000000000000000000,V32P-R000000,False
seen_train,V32P-A026281,recipient_id,V32P-R004381,V32P-R0000000000000000000,V32P-R000000,False
seen_train,V32P-A047341,recipient_id,V32P-R007891,V32P-R0000000000000000000,V32P-R000000,False
seen_train,V32P-A043519,recipient_id,V32P-R007254,V32P-R0000000000000000000,V32P-R000000,False
seen_train,V32P-A049915,recipient_id,V32P-R008320,V32P-R0000000000000000000,V32P-R000000,False
seen_train,V32P-A013693,recipient_id,V32P-R002283,V32P-R0000000000000000000,V32P-R000000,False
seen_train,V32P-A056029,recipient_id,V32P-R009339,V32P-R0000000000000000000,V32P-R000000,False
seen_train,V32P-A032179,recipient_id,V32P-R005364,V32P-R0000000000000000000,V32P-R000000,False
seen_train,V32P-A048259,recipient_id,V32P-R008044,V32P-R0000000000000000000,V32P-R000000,False
seen_train,V32P-A051343,recipient_id,V32P-R008558,V32P-R0000000000000000000,V32P-R000000,False
seen_train,V32P-A000241,recipient_id,V32P-R000041,V32P-R0000000000000000000,V32P-R000000,False
seen_train,V32P-A048271,recipient_id,V32P-R008046,"V32P-R000001.

Yes, this is the correct answer.

No, this is",V32P-R000001,False
seen_train,V32P-A000859,recipient_id,V32P-R000144,V32P-R0000000000000000000,V32P-R000000,False
seen_train,V32P-A015703,recipient_id,V32P-R002618,V32P-R0000000000000000000,V32P-R000000,False
seen_train,V32P-A033445,recipient_id,V32P-R005575,V32P-R0000000000000000000,V32P-R000000,False
seen_train,V32P-A047023,recipient_id,V32P-R007838,V32P-R0000000000000000000,V32P-R000000,False
seen_train,V32P-A054913,recipient_id,V32P-R009153,V32P-R0000000000000000000,V32P-R000000,False
seen_train,V32P-A048337,recipient_id,V32P-R008057,V32P-R0000000000000000000,V32P-R000000,False
seen_train,V32P-A039553,recipient_id,V32P-R006593,V32P-R0000000000000000000,V32P-R000000,False
seen_train,V32P-A055645,recipient_id,V32P-R009275,V32P-R0000000000000000000,V32P-R000000,False
seen_train,V32P-A031825,recipient_id,V32P-R005305,V32P-R0000000000000000000,V32P-R000000,False
seen_train,V32P-A040747,recipient_id,V32P-R006792,V32P-R0000000000000000000,V32P-R000000,False
seen_train,V32P-A019195,recipient_id,V32P-R003200,"V32P-R000001.

Yes, this is the correct answer.

No, this is",V32P-R000001,False
seen_train,V32P-A034753,recipient_id,V32P-R005793,V32P-R0000000000000000000,V32P-R000000,False
seen_train,V32P-A055651,recipient_id,V32P-R009276,V32P-R0000000000000000000,V32P-R000000,False
seen_train,V32P-A015301,recipient_id,V32P-R002551,V32P-R0000000000000000000,V32P-R000000,False
seen_train,V32P-A026509,recipient_id,V32P-R004419,V32P-R0000000000000000000,V32P-R000000,False
seen_train,V32P-A016033,recipient_id,V32P-R002673,V32P-R0000000000000000000,V32P-R000000,False
seen_train,V32P-A009979,recipient_id,V32P-R001664,V32P-R0000000000000000000,V32P-R000000,False
seen_train,V32P-A007129,recipient_id,V32P-R001189,V32P-R0000000000000000000,V32P-R000000,False
seen_train,V32P-A011377,recipient_id,V32P-R001897,V32P-R0000000000000000000,V32P-R000000,False
seen_train,V32P-A012481,recipient_id,V32P-R002081,V32P-R0000000000000000000,V32P-R000000,False
seen_train,V32P-A040393,recipient_id,V32P-R006733,V32P-R0000000000000000000,V32P-R000000,False
seen_train,V32P-A036541,recipient_id,V32P-R006091,"V32P-R000001.

Yes, this is the correct answer.

No, this is",V32P-R000001,False
seen_train,V32P-A026881,recipient_id,V32P-R004481,"V32P-R000001.

Yes, this is the correct answer.

No, this is",V32P-R000001,False
seen_train,V32P-A025231,recipient_id,V32P-R004206,V32P-R0000000000000000000,V32P-R000000,False
seen_train,V32P-A002683,recipient_id,V32P-R000448,V32P-R0000000000000000000,V32P-R000000,False
seen_train,V32P-A016513,recipient_id,V32P-R002753,V32P-R0000000000000000000,V32P-R000000,False
seen_train,V32P-A055969,recipient_id,V32P-R009329,V32P-R0000000000000000000,V32P-R000000,False
seen_train,V32P-A023161,recipient_id,V32P-R003861,V32P-R0000000000000000000,V32P-R000000,False
seen_train,V32P-A035305,recipient_id,V32P-R005885,V32P-R0000000000000000000,V32P-R000000,False
seen_train,V32P-A021025,recipient_id,V32P-R003505,V32P-R0000000000000000000,V32P-R000000,False
seen_train,V32P-A001831,recipient_id,V32P-R000306,V32P-R0000000000000000000,V32P-R000000,False
seen_train,V32P-A001333,recipient_id,V32P-R000223,"V32P-R000001.

Yes, this is the correct answer.

No, this is",V32P-R000001,False
seen_train,V32P-A035419,recipient_id,V32P-R005904,"V32P-R000001.

Yes, this is the correct answer.

No, this is",V32P-R000001,False
seen_train,V32P-A015001,recipient_id,V32P-R002501,"V32P-R000001.

Yes, this is the correct answer.

No, this is",V32P-R000001,False
seen_train,V32P-A013909,recipient_id,V32P-R002319,V32P-R0000000000000000000,V32P-R000000,False
seen_train,V32P-A030181,recipient_id,V32P-R005031,V32P-R0000000000000000000,V32P-R000000,False
seen_train,V32P-A054955,recipient_id,V32P-R009160,V32P-R0000000000000000000,V32P-R000000,False
seen_train,V32P-A003565,recipient_id,V32P-R000595,"V32P-R000001.

Yes, this is the correct answer.

No, this is",V32P-R000001,False
seen_train,V32P-A038869,recipient_id,V32P-R006479,"V32P-R000001.

Yes, this is correct.

No, this is incorrect.",V32P-R000001,False
seen_train,V32P-A049741,recipient_id,V32P-R008291,V32P-R0000000000000000000,V32P-R000000,False
seen_train,V32P-A030955,recipient_id,V32P-R005160,V32P-R0000000000000000000,V32P-R000000,False
seen_train,V32P-A007021,recipient_id,V32P-R001171,V32P-R0000000000000000000,V32P-R000000,False
seen_train,V32P-A024847,recipient_id,V32P-R004142,V32P-R0000000000000000000,V32P-R000000,False
seen_train,V32P-A032125,recipient_id,V32P-R005355,V32P-R0000000000000000000,V32P-R000000,False
seen_train,V32P-A058843,recipient_id,V32P-R009808,V32P-R0000000000000000000,V32P-R000000,False
seen_train,V32P-A001849,recipient_id,V32P-R000309,"V32P-R000001.

Yes, this is the correct answer.

No, this is",V32P-R000001,False
seen_train,V32P-A002065,recipient_id,V32P-R000345,V32P-R0000000000000000000,V32P-R000000,False
seen_train,V32P-A041611,recipient_id,V32P-R006936,V32P-R0000000000000000000,V32P-R000000,False
seen_train,V32P-A021847,recipient_id,V32P-R003642,V32P-R0000000000000000000,V32P-R000000,False
seen_train,V32P-A051895,recipient_id,V32P-R008650,"V32P-R000001.

Yes, this is the correct answer.

No, this is",V32P-R000001,False
seen_train,V32P-A004777,recipient_id,V32P-R000797,V32P-R0000000000000000000,V32P-R000000,False
seen_train,V32P-A008695,recipient_id,V32P-R001450,V32P-R0000000000000000000,V32P-R000000,False
seen_train,V32P-A055123,recipient_id,V32P-R009188,V32P-R0000000000000000000,V32P-R000000,False
seen_train,V32P-A054055,recipient_id,V32P-R009010,"V32P-R000001.

Yes, this is the correct answer.

No, this is",V32P-R000001,False
seen_train,V32P-A012391,recipient_id,V32P-R002066,"V32P-R000001.

Yes, this is the correct answer.

No, this is",V32P-R000001,False
seen_train,V32P-A059539,recipient_id,V32P-R009924,V32P-R0000000000000000000,V32P-R000000,False
seen_train,V32P-A005125,recipient_id,V32P-R000855,V32P-R0000000000000000000,V32P-R000000,False
seen_train,V32P-A007843,recipient_id,V32P-R001308,V32P-R0000000000000000000,V32P-R000000,False
seen_train,V32P-A019297,recipient_id,V32P-R003217,V32P-R0000000000000000000,V32P-R000000,False
seen_train,V32P-A027931,recipient_id,V32P-R004656,V32P-R0000000000000000000,V32P-R000000,False
seen_train,V32P-A059365,recipient_id,V32P-R009895,V32P-R0000000000000000000,V32P-R000000,False
seen_train,V32P-A009139,recipient_id,V32P-R001524,V32P-R0000000000000000000,V32P-R000000,False
seen_train,V32P-A046759,recipient_id,V32P-R007794,V32P-R0000000000000000000,V32P-R000000,False
seen_train,V32P-A028639,recipient_id,V32P-R004774,V32P-R0000000000000000000,V32P-R000000,False
seen_train,V32P-A006013,recipient_id,V32P-R001003,V32P-R1000000000000000000,V32P-R100000,False
seen_train,V32P-A027037,recipient_id,V32P-R004507,V32P-R0000000000000000000,V32P-R000000,False
seen_train,V32P-A006553,recipient_id,V32P-R001093,V32P-R0000000000000000000,V32P-R000000,False
seen_train,V32P-A018697,recipient_id,V32P-R003117,V32P-R0000000000000000000,V32P-R000000,False
seen_train,V32P-A013723,recipient_id,V32P-R002288,V32P-R0000000000000000000,V32P-R000000,False
seen_train,V32P-A003721,recipient_id,V32P-R000621,V32P-R0000000000000000000,V32P-R000000,False
seen_train,V32P-A052651,recipient_id,V32P-R008776,V32P-R0000000000000000000,V32P-R000000,False
seen_train,V32P-A009433,recipient_id,V32P-R001573,V32P-R0000000000000000000,V32P-R000000,False
seen_train,V32P-A058399,recipient_id,V32P-R009734,V32P-R0000000000000000000,V32P-R000000,False
seen_train,V32P-A037765,recipient_id,V32P-R006295,V32P-R0000000000000000000,V32P-R000000,False
seen_train,V32P-A020815,recipient_id,V32P-R003470,V32P-R0000000000000000000,V32P-R000000,False
seen_train,V32P-A054919,recipient_id,V32P-R009154,V32P-R0000000000000000000,V32P-R000000,False
seen_train,V32P-A058195,recipient_id,V32P-R009700,V32P-R0000000000000000000,V32P-R000000,False
seen_train,V32P-A044683,recipient_id,V32P-R007448,"V32P-R000001.

Yes, this is the correct answer.

No, this is",V32P-R000001,False
seen_train,V32P-A026443,recipient_id,V32P-R004408,"V32P-R000001.

Yes, this is the correct answer.

No, this is",V32P-R000001,False
seen_train,V32P-A007663,recipient_id,V32P-R001278,"V32P-R000001.

Yes, this is the correct answer.

No, this is",V32P-R000001,False
seen_train,V32P-A053173,recipient_id,V32P-R008863,"V32P-R000001.

Yes, this is the correct answer.

No, this is",V32P-R000001,False
seen_train,V32P-A047545,recipient_id,V32P-R007925,V32P-R0000000000000000000,V32P-R000000,False
seen_train,V32P-A045355,recipient_id,V32P-R007560,V32P-R1000000000000000000,V32P-R100000,False
seen_train,V32P-A050713,recipient_id,V32P-R008453,V32P-R0000000000000000000,V32P-R000000,False
seen_train,V32P-A054649,recipient_id,V32P-R009109,V32P-R0000000000000000000,V32P-R000000,False
seen_train,V32P-A015073,recipient_id,V32P-R002513,"V32P-R000001.

Yes, this is the correct answer.

No, this is",V32P-R000001,False
seen_train,V32P-A000529,recipient_id,V32P-R000089,V32P-R0000000000000000000,V32P-R000000,False
seen_train,V32P-A042265,recipient_id,V32P-R007045,V32P-R0000000000000000000,V32P-R000000,False
seen_train,V32P-A010111,recipient_id,V32P-R001686,V32P-R0000000000000000000,V32P-R000000,False
seen_train,V32P-A025555,recipient_id,V32P-R004260,"V32P-R000001.

Yes, this is the correct answer.

No, this is",V32P-R000001,False
seen_train,V32P-A006127,recipient_id,V32P-R001022,"V32P-R000001.

Yes, this is the correct answer.

No, this is",V32P-R000001,False
seen_train,V32P-A027283,recipient_id,V32P-R004548,V32P-R0000000000000000000,V32P-R000000,False
seen_train,V32P-A018757,recipient_id,V32P-R003127,"V32P-R000001.

Yes, this is the correct answer.

No, this is",V32P-R000001,False
seen_train,V32P-A053743,recipient_id,V32P-R008958,V32P-R0000000000000000000,V32P-R000000,False
seen_train,V32P-A051733,recipient_id,V32P-R008623,V32P-R0000000000000000000,V32P-R000000,False
seen_train,V32P-A017161,recipient_id,V32P-R002861,V32P-R0000000000000000000,V32P-R000000,False
seen_train,V32P-A007225,recipient_id,V32P-R001205,V32P-R0000000000000000000,V32P-R000000,False
seen_train,V32P-A019315,recipient_id,V32P-R003220,V32P-R0000000000000000000,V32P-R000000,False
seen_train,V32P-A006169,recipient_id,V32P-R001029,V32P-R0000000000000000000,V32P-R000000,False
seen_train,V32P-A031267,recipient_id,V32P-R005212,V32P-R0000000000000000000,V32P-R000000,False
seen_train,V32P-A055447,recipient_id,V32P-R009242,V32P-R0000000000000000000,V32P-R000000,False
seen_train,V32P-A054949,recipient_id,V32P-R009159,V32P-R0000000000000000000,V32P-R000000,False
seen_train,V32P-A044047,recipient_id,V32P-R007342,V32P-R0000000000000000000,V32P-R000000,False
seen_train,V32P-A050935,recipient_id,V32P-R008490,"V32P-R000001.

Yes, this is the correct answer.

No, this is",V32P-R000001,False
seen_train,V32P-A033667,recipient_id,V32P-R005612,V32P-R0000000000000000000,V32P-R000000,False
seen_train,V32P-A032581,recipient_id,V32P-R005431,V32P-R0000000000000000000,V32P-R000000,False
seen_train,V32P-A045127,recipient_id,V32P-R007522,V32P-R0000000000000000000,V32P-R000000,False
seen_train,V32P-A010927,recipient_id,V32P-R001822,"V32P-R000001.

Yes, this is the correct answer.

No, this is",V32P-R000001,False
seen_train,V32P-A015505,recipient_id,V32P-R002585,V32P-R0000000000000000000,V32P-R000000,False
seen_train,V32P-A011557,recipient_id,V32P-R001927,V32P-R0000000000000000000,V32P-R000000,False
seen_train,V32P-A002407,recipient_id,V32P-R000402,"V32P-R000001.

Yes, this is correct.

No, this is incorrect.",V32P-R000001,False
seen_train,V32P-A052885,recipient_id,V32P-R008815,V32P-R0000000000000000000,V32P-R000000,False
seen_train,V32P-A023317,recipient_id,V32P-R003887,V32P-R0000000000000000000,V32P-R000000,False
seen_train,V32P-A030817,recipient_id,V32P-R005137,V32P-R0000000000000000000,V32P-R000000,False
seen_train,V32P-A030637,recipient_id,V32P-R005107,"V32P-R000001.

Yes, this is the correct answer.

No, this is",V32P-R000001,False
seen_train,V32P-A034435,recipient_id,V32P-R005740,"V32P-R000001.

Yes, this is the correct answer.

No, this is",V32P-R000001,False
seen_train,V32P-A014125,recipient_id,V32P-R002355,"V32P-R000001.

Yes, this is the correct answer.

No, this is",V32P-R000001,False
seen_train,V32P-A046423,recipient_id,V32P-R007738,"V32P-R000001.

Yes, this is the correct answer.

No, this is",V32P-R000001,False
seen_train,V32P-A052525,recipient_id,V32P-R008755,V32P-R0000000000000000000,V32P-R000000,False
seen_train,V32P-A051883,recipient_id,V32P-R008648,V32P-R0000000000000000000,V32P-R000000,False
seen_train,V32P-A034453,recipient_id,V32P-R005743,"V32P-R000001.

Yes, this is the correct answer.

No, this is",V32P-R000001,False
seen_train,V32P-A024625,recipient_id,V32P-R004105,V32P-R0000000000000000000,V32P-R000000,False
seen_train,V32P-A021019,recipient_id,V32P-R003504,V32P-R0000000000000000000,V32P-R000000,False
seen_train,V32P-A032809,recipient_id,V32P-R005469,V32P-R0000000000000000000,V32P-R000000,False
seen_train,V32P-A014149,recipient_id,V32P-R002359,V32P-R0000000000000000000,V32P-R000000,False
seen_train,V32P-A052765,recipient_id,V32P-R008795,V32P-R0000000000000000000,V32P-R000000,False
seen_train,V32P-A023299,recipient_id,V32P-R003884,"V32P-R000001.

Yes, this is the correct answer.

No, this is",V32P-R000001,False
seen_train,V32P-A048571,recipient_id,V32P-R008096,V32P-R0000000000000000000,V32P-R000000,False
seen_train,V32P-A036163,recipient_id,V32P-R006028,V32P-R0000000000000000000,V32P-R000000,False
seen_train,V32P-A016999,recipient_id,V32P-R002834,V32P-R0000000000000000000,V32P-R000000,False
seen_train,V32P-A030427,recipient_id,V32P-R005072,V32P-R0000000000000000000,V32P-R000000,False
seen_train,V32P-A045967,recipient_id,V32P-R007662,"V32P-R000001.

Yes, this is the correct answer.

No, this is",V32P-R000001,False
seen_train,V32P-A031639,recipient_id,V32P-R005274,V32P-R0000000000000000000,V32P-R000000,False
seen_train,V32P-A038227,recipient_id,V32P-R006372,V32P-R0000000000000000000,V32P-R000000,False
seen_train,V32P-A021697,recipient_id,V32P-R003617,V32P-R0000000000000000000,V32P-R000000,False
seen_train,V32P-A057103,recipient_id,V32P-R009518,V32P-R0000000000000000000,V32P-R000000,False
seen_train,V32P-A034219,recipient_id,V32P-R005704,V32P-R0000000000000000000,V32P-R000000,False
seen_train,V32P-A029503,recipient_id,V32P-R004918,"V32P-R000001.

Yes, this is the correct answer.

No, this is",V32P-R000001,False
seen_train,V32P-A003529,recipient_id,V32P-R000589,V32P-R0000000000000000000,V32P-R000000,False
seen_train,V32P-A034693,recipient_id,V32P-R005783,V32P-R0000000000000000000,V32P-R000000,False
seen_train,V32P-A028645,recipient_id,V32P-R004775,V32P-R0000000000000000000,V32P-R000000,False
seen_train,V32P-A002227,recipient_id,V32P-R000372,"V32P-R000001.

Yes, this is the correct answer.

No, this is",V32P-R000001,False
seen_train,V32P-A029377,recipient_id,V32P-R004897,"V32P-R000001.

Yes, this is correct.

No, this is incorrect.",V32P-R000001,False
seen_train,V32P-A004057,recipient_id,V32P-R000677,"V32P-R000001.

Yes, this is the correct answer.

No, this is",V32P-R000001,False
seen_train,V32P-A002275,recipient_id,V32P-R000380,V32P-R0000000000000000000,V32P-R000000,False
seen_train,V32P-A011731,recipient_id,V32P-R001956,V32P-R0000000000000000000,V32P-R000000,False
seen_train,V32P-A055591,recipient_id,V32P-R009266,V32P-R1000000000000000000,V32P-R100000,False
seen_train,V32P-A031051,recipient_id,V32P-R005176,V32P-R0000000000000000000,V32P-R000000,False
seen_train,V32P-A046615,recipient_id,V32P-R007770,"V32P-R000001.

Yes, this is correct.

No, this is incorrect.",V32P-R000001,False
seen_train,V32P-A022777,recipient_id,V32P-R003797,V32P-R0000000000000000000,V32P-R000000,False
seen_train,V32P-A005587,recipient_id,V32P-R000932,V32P-R0000000000000000000,V32P-R000000,False
seen_train,V32P-A040693,recipient_id,V32P-R006783,V32P-R0000000000000000000,V32P-R000000,False
seen_train,V32P-A051181,recipient_id,V32P-R008531,V32P-R0000000000000000000,V32P-R000000,False
seen_train,V32P-A043627,recipient_id,V32P-R007272,V32P-R0000000000000000000,V32P-R000000,False
seen_train,V32P-A028681,recipient_id,V32P-R004781,"V32P-R000001.

Yes, this is the correct answer.

No, this is",V32P-R000001,False
seen_train,V32P-A043525,recipient_id,V32P-R007255,V32P-R0000000000000000000,V32P-R000000,False
seen_train,V32P-A018415,recipient_id,V32P-R003070,V32P-R0000000000000000000,V32P-R000000,False
seen_train,V32P-A039733,recipient_id,V32P-R006623,V32P-R0000000000000000000,V32P-R000000,False
seen_train,V32P-A034351,recipient_id,V32P-R005726,"V32P-R000001.

Yes, this is the correct answer.

No, this is",V32P-R000001,False
seen_train,V32P-A026047,recipient_id,V32P-R004342,V32P-R0000000000000000000,V32P-R000000,False
seen_train,V32P-A040015,recipient_id,V32P-R006670,V32P-R0000000000000000000,V32P-R000000,False
seen_train,V32P-A037291,recipient_id,V32P-R006216,V32P-R0000000000000000000,V32P-R000000,False
seen_train,V32P-A040261,recipient_id,V32P-R006711,"V32P-R000001.

Yes, this is the correct answer.

No, this is",V32P-R000001,False
seen_train,V32P-A057607,recipient_id,V32P-R009602,V32P-R0000000000000000000,V32P-R000000,False
seen_train,V32P-A008605,recipient_id,V32P-R001435,V32P-R0000000000000000000,V32P-R000000,False
seen_train,V32P-A038083,recipient_id,V32P-R006348,V32P-R0000000000000000000,V32P-R000000,False
seen_train,V32P-A030739,recipient_id,V32P-R005124,"V32P-R000001.

Yes, this is the correct answer.

No, this is",V32P-R000001,False
seen_train,V32P-A042667,recipient_id,V32P-R007112,V32P-R0000000000000000000,V32P-R000000,False
seen_train,V32P-A044887,recipient_id,V32P-R007482,V32P-R0000000000000000000,V32P-R000000,False
seen_train,V32P-A006001,recipient_id,V32P-R001001,V32P-R0000000000000000000,V32P-R000000,False
seen_train,V32P-A042109,recipient_id,V32P-R007019,V32P-R0000000000000000000,V32P-R000000,False
seen_train,V32P-A019231,recipient_id,V32P-R003206,V32P-R0000000000000000000,V32P-R000000,False
seen_train,V32P-A010075,recipient_id,V32P-R001680,V32P-R0000000000000000000,V32P-R000000,False
seen_train,V32P-A017257,recipient_id,V32P-R002877,V32P-R0000000000000000000,V32P-R000000,False
seen_train,V32P-A018277,recipient_id,V32P-R003047,V32P-R0000000000000000000,V32P-R000000,False
seen_train,V32P-A046159,recipient_id,V32P-R007694,V32P-R0000000000000000000,V32P-R000000,False
seen_train,V32P-A039325,recipient_id,V32P-R006555,V32P-R0000000000000000000,V32P-R000000,False
seen_train,V32P-A011707,recipient_id,V32P-R001952,V32P-R0000000000000000000,V32P-R000000,False
seen_train,V32P-A034525,recipient_id,V32P-R005755,V32P-R0000000000000000000,V32P-R000000,False
seen_train,V32P-A043489,recipient_id,V32P-R007249,"V32P-R000001.

Yes, this is the correct answer.

No, this is",V32P-R000001,False
seen_train,V32P-A007885,recipient_id,V32P-R001315,V32P-R0000000000000000000,V32P-R000000,False
seen_train,V32P-A011161,recipient_id,V32P-R001861,V32P-R0000000000000000000,V32P-R000000,False
seen_train,V32P-A008953,recipient_id,V32P-R001493,V32P-R0000000000000000000,V32P-R000000,False
seen_train,V32P-A033931,recipient_id,V32P-R005656,V32P-R0000000000000000000,V32P-R000000,False
seen_train,V32P-A041947,recipient_id,V32P-R006992,"V32P-R000001.

Yes, this is the correct answer.

No, this is",V32P-R000001,False
seen_train,V32P-A040147,recipient_id,V32P-R006692,V32P-R0000000000000000000,V32P-R000000,False
seen_train,V32P-A009151,recipient_id,V32P-R001526,V32P-R0000000000000000000,V32P-R000000,False
seen_train,V32P-A051337,recipient_id,V32P-R008557,"V32P-R000001.

Yes, this is the correct answer.

No, this is",V32P-R000001,False
seen_train,V32P-A015793,recipient_id,V32P-R002633,"V32P-R000001.

Yes, this is correct.

No, this is incorrect.",V32P-R000001,False
seen_train,V32P-A030535,recipient_id,V32P-R005090,"V32P-R000001.

Yes, this is the correct answer.

No, this is",V32P-R000001,False
seen_train,V32P-A007075,recipient_id,V32P-R001180,V32P-R0000000000000000000,V32P-R000000,False
seen_train,V32P-A059809,recipient_id,V32P-R009969,"V32P-R000001.

Yes, this is the correct answer.

No, this is",V32P-R000001,False
seen_train,V32P-A039847,recipient_id,V32P-R006642,"V32P-R000001.

Yes, this is the correct answer.

No, this is",V32P-R000001,False
seen_train,V32P-A006199,recipient_id,V32P-R001034,"V32P-R000001.

Yes, this is the correct answer.

No, this is",V32P-R000001,False
seen_train,V32P-A024895,recipient_id,V32P-R004150,V32P-R0000000000000000000,V32P-R000000,False
seen_train,V32P-A048871,recipient_id,V32P-R008146,V32P-R0000000000000000000,V32P-R000000,False
seen_train,V32P-A047425,recipient_id,V32P-R007905,V32P-R0000000000000000000,V32P-R000000,False
seen_train,V32P-A037621,recipient_id,V32P-R006271,V32P-R0000000000000000000,V32P-R000000,False
seen_train,V32P-A031615,recipient_id,V32P-R005270,V32P-R0000000000000000000,V32P-R000000,False
seen_train,V32P-A046051,recipient_id,V32P-R007676,"V32P-R000001.

Yes, this is the correct answer.

No, this is",V32P-R000001,False
seen_train,V32P-A021085,recipient_id,V32P-R003515,V32P-R0000000000000000000,V32P-R000000,False
seen_train,V32P-A015589,recipient_id,V32P-R002599,V32P-R0000000000000000000,V32P-R000000,False
seen_train,V32P-A022393,recipient_id,V32P-R003733,V32P-R0000000000000000000,V32P-R000000,False
seen_train,V32P-A034279,recipient_id,V32P-R005714,"V32P-R000001.

Yes, this is the correct answer.

No, this is",V32P-R000001,False
seen_train,V32P-A009445,recipient_id,V32P-R001575,V32P-R0000000000000000000,V32P-R000000,False
seen_train,V32P-A014167,recipient_id,V32P-R002362,V32P-R0000000000000000000,V32P-R000000,False
seen_train,V32P-A030913,recipient_id,V32P-R005153,"V32P-R000001.

Yes, this is the correct answer.

No, this is",V32P-R000001,False
seen_train,V32P-A054637,recipient_id,V32P-R009107,V32P-R0000000000000000000,V32P-R000000,False
seen_train,V32P-A048403,recipient_id,V32P-R008068,V32P-R0000000000000000000,V32P-R000000,False
seen_train,V32P-A037219,recipient_id,V32P-R006204,V32P-R0000000000000000000,V32P-R000000,False
seen_train,V32P-A016969,recipient_id,V32P-R002829,V32P-R0000000000000000000,V32P-R000000,False
seen_train,V32P-A000589,recipient_id,V32P-R000099,V32P-R0000000000000000000,V32P-R000000,False
seen_train,V32P-A009061,recipient_id,V32P-R001511,"V32P-R000001.

Yes, this is the correct answer.

No, this is",V32P-R000001,False
seen_train,V32P-A032245,recipient_id,V32P-R005375,V32P-R0000000000000000000,V32P-R000000,False
seen_train,V32P-A006283,recipient_id,V32P-R001048,V32P-R0000000000000000000,V32P-R000000,False
seen_train,V32P-A007441,recipient_id,V32P-R001241,V32P-R0000000000000000000,V32P-R000000,False
seen_train,V32P-A056179,recipient_id,V32P-R009364,V32P-R0000000000000000000,V32P-R000000,False
seen_train,V32P-A057259,recipient_id,V32P-R009544,V32P-R0000000000000000000,V32P-R000000,False
seen_train,V32P-A054901,recipient_id,V32P-R009151,V32P-R0000000000000000000,V32P-R000000,False
seen_train,V32P-A051571,recipient_id,V32P-R008596,V32P-R0000000000000000000,V32P-R000000,False
seen_train,V32P-A006181,recipient_id,V32P-R001031,V32P-R0000000000000000000,V32P-R000000,False
seen_train,V32P-A055393,recipient_id,V32P-R009233,V32P-R0000000000000000000,V32P-R000000,False
seen_train,V32P-A025189,recipient_id,V32P-R004199,V32P-R0000000000000000000,V32P-R000000,False
seen_train,V32P-A046003,recipient_id,V32P-R007668,V32P-R0000000000000000000,V32P-R000000,False
seen_train,V32P-A025483,recipient_id,V32P-R004248,V32P-R0000000000000000000,V32P-R000000,False
seen_train,V32P-A057559,recipient_id,V32P-R009594,V32P-R0000000000000000000,V32P-R000000,False
seen_train,V32P-A009235,recipient_id,V32P-R001540,V32P-R0000000000000000000,V32P-R000000,False
seen_train,V32P-A004495,recipient_id,V32P-R000750,V32P-R0000000000000000000,V32P-R000000,False
seen_train,V32P-A020881,recipient_id,V32P-R003481,V32P-R0000000000000000000,V32P-R000000,False
seen_train,V32P-A028321,recipient_id,V32P-R004721,V32P-R0000000000000000000,V32P-R000000,False
seen_train,V32P-A011395,recipient_id,V32P-R001900,V32P-R0000000000000000000,V32P-R000000,False
seen_train,V32P-A015193,recipient_id,V32P-R002533,V32P-R0000000000000000000,V32P-R000000,False
seen_train,V32P-A024991,recipient_id,V32P-R004166,V32P-R0000000000000000000,V32P-R000000,False
seen_train,V32P-A057289,recipient_id,V32P-R009549,V32P-R0000000000000000000,V32P-R000000,False
seen_train,V32P-A015415,recipient_id,V32P-R002570,V32P-R0000000000000000000,V32P-R000000,False
seen_train,V32P-A018451,recipient_id,V32P-R003076,V32P-R0000000000000000000,V32P-R000000,False
seen_train,V32P-A027031,recipient_id,V32P-R004506,V32P-R0000000000000000000,V32P-R000000,False
seen_train,V32P-A029653,recipient_id,V32P-R004943,"V32P-R000001.

Yes, this is the correct answer.

No, this is",V32P-R000001,False
seen_train,V32P-A018349,recipient_id,V32P-R003059,V32P-R0000000000000000000,V32P-R000000,False
seen_train,V32P-A021073,recipient_id,V32P-R003513,V32P-R0000000000000000000,V32P-R000000,False
seen_train,V32P-A025651,recipient_id,V32P-R004276,V32P-R0000000000000000000,V32P-R000000,False
seen_train,V32P-A049489,recipient_id,V32P-R008249,V32P-R0000000000000000000,V32P-R000000,False
seen_train,V32P-A045403,recipient_id,V32P-R007568,"V32P-R000001.

Yes, this is the correct answer.

No, this is",V32P-R000001,False
seen_train,V32P-A003433,recipient_id,V32P-R000573,V32P-R0000000000000000000,V32P-R000000,False
seen_train,V32P-A040729,recipient_id,V32P-R006789,V32P-R0000000000000000000,V32P-R000000,False
seen_train,V32P-A051841,recipient_id,V32P-R008641,V32P-R0000000000000000000,V32P-R000000,False
seen_train,V32P-A045823,recipient_id,V32P-R007638,V32P-R0000000000000000000,V32P-R000000,False
seen_train,V32P-A018085,recipient_id,V32P-R003015,V32P-R0000000000000000000,V32P-R000000,False
seen_train,V32P-A043477,recipient_id,V32P-R007247,"V32P-R000001.

Yes, this is the correct answer.

No, this is",V32P-R000001,False
seen_train,V32P-A007039,recipient_id,V32P-R001174,V32P-R1000000000000000000,V32P-R100000,False
seen_train,V32P-A043999,recipient_id,V32P-R007334,"V32P-R000001.

Yes, this is the correct answer.

No, this is",V32P-R000001,False
seen_train,V32P-A054559,recipient_id,V32P-R009094,"V32P-R000001.

Yes, this is the correct answer.

No, this is",V32P-R000001,False
seen_train,V32P-A019789,recipient_id,V32P-R003299,V32P-R0000000000000000000,V32P-R000000,False
seen_train,V32P-A038137,recipient_id,V32P-R006357,V32P-R0000000000000000000,V32P-R000000,False
seen_train,V32P-A020557,recipient_id,V32P-R003427,V32P-R0000000000000000000,V32P-R000000,False
seen_train,V32P-A059377,recipient_id,V32P-R009897,V32P-R0000000000000000000,V32P-R000000,False
seen_train,V32P-A007321,recipient_id,V32P-R001221,V32P-R0000000000000000000,V32P-R000000,False
seen_train,V32P-A012217,recipient_id,V32P-R002037,V32P-R0000000000000000000,V32P-R000000,False
seen_train,V32P-A043705,recipient_id,V32P-R007285,V32P-R0000000000000000000,V32P-R000000,False
seen_train,V32P-A023323,recipient_id,V32P-R003888,V32P-R0000000000000000000,V32P-R000000,False
seen_train,V32P-A011101,recipient_id,V32P-R001851,V32P-R0000000000000000000,V32P-R000000,False
seen_train,V32P-A053731,recipient_id,V32P-R008956,V32P-R0000000000000000000,V32P-R000000,False
seen_train,V32P-A038827,recipient_id,V32P-R006472,"V32P-R000001.

Yes, this is the correct answer.

No, this is",V32P-R000001,False
seen_train,V32P-A015907,recipient_id,V32P-R002652,V32P-R0000000000000000000,V32P-R000000,False
seen_train,V32P-A010675,recipient_id,V32P-R001780,V32P-R0000000000000000000,V32P-R000000,False
seen_train,V32P-A051205,recipient_id,V32P-R008535,V32P-R0000000000000000000,V32P-R000000,False
seen_train,V32P-A019747,recipient_id,V32P-R003292,V32P-R0000000000000000000,V32P-R000000,False
seen_train,V32P-A039673,recipient_id,V32P-R006613,V32P-R0000000000000000000,V32P-R000000,False
seen_train,V32P-A055609,recipient_id,V32P-R009269,V32P-R0000000000000000000,V32P-R000000,False
seen_train,V32P-A026215,recipient_id,V32P-R004370,V32P-R0000000000000000000,V32P-R000000,False
seen_train,V32P-A048721,recipient_id,V32P-R008121,"V32P-R000001.

Yes, this is the correct answer.

No, this is",V32P-R000001,False
seen_train,V32P-A055495,recipient_id,V32P-R009250,V32P-R0000000000000000000,V32P-R000000,False
seen_train,V32P-A030319,recipient_id,V32P-R005054,"V32P-R000001.

Yes, this is the correct answer.

No, this is",V32P-R000001,False
seen_train,V32P-A054013,recipient_id,V32P-R009003,"V32P-R000001.

Yes, this is the correct answer.

No, this is",V32P-R000001,False
seen_train,V32P-A001927,recipient_id,V32P-R000322,V32P-R0000000000000000000,V32P-R000000,False
seen_train,V32P-A007195,recipient_id,V32P-R001200,V32P-R0000000000000000000,V32P-R000000,False
seen_train,V32P-A039475,recipient_id,V32P-R006580,"V32P-R000001.

Yes, this is the correct answer.

No, this is",V32P-R000001,False
seen_train,V32P-A051271,recipient_id,V32P-R008546,"V32P-R000001.

Yes, this is the correct answer.

No, this is",V32P-R000001,False
seen_train,V32P-A051943,recipient_id,V32P-R008658,V32P-R0000000000000000000,V32P-R000000,False
seen_train,V32P-A001231,recipient_id,V32P-R000206,"V32P-R000001.

Yes, this is the correct answer.

No, this is",V32P-R000001,False
seen_train,V32P-A020203,recipient_id,V32P-R003368,V32P-R0000000000000000000,V32P-R000000,False
seen_train,V32P-A052333,recipient_id,V32P-R008723,V32P-R0000000000000000000,V32P-R000000,False
seen_train,V32P-A047563,recipient_id,V32P-R007928,"V32P-R000001.

Yes, this is the correct answer.

No, this is",V32P-R000001,False
seen_train,V32P-A035365,recipient_id,V32P-R005895,V32P-R0000000000000000000,V32P-R000000,False
seen_train,V32P-A003367,recipient_id,V32P-R000562,V32P-R0000000000000000000,V32P-R000000,False
seen_train,V32P-A051139,recipient_id,V32P-R008524,"V32P-R000001.

Yes, this is the correct answer.

No, this is",V32P-R000001,False
seen_train,V32P-A027355,recipient_id,V32P-R004560,V32P-R0000000000000000000,V32P-R000000,False
seen_train,V32P-A058495,recipient_id,V32P-R009750,"V32P-R000001.

Yes, this is the correct answer.

No, this is",V32P-R000001,False
seen_train,V32P-A027061,recipient_id,V32P-R004511,V32P-R0000000000000000000,V32P-R000000,False
seen_train,V32P-A015499,recipient_id,V32P-R002584,"V32P-R000001.

Yes, this is correct.

No, this is incorrect.",V32P-R000001,False
seen_train,V32P-A032473,recipient_id,V32P-R005413,"V32P-R000001.

Yes, this is the correct answer.

No, this is",V32P-R000001,False
seen_train,V32P-A021709,recipient_id,V32P-R003619,V32P-R1000000000000000000,V32P-R100000,False
seen_train,V32P-A001741,recipient_id,V32P-R000291,V32P-R0000000000000000000,V32P-R000000,False
seen_train,V32P-A043549,recipient_id,V32P-R007259,V32P-R0000000000000000000,V32P-R000000,False
seen_train,V32P-A021889,recipient_id,V32P-R003649,V32P-R0000000000000000000,V32P-R000000,False
seen_train,V32P-A044785,recipient_id,V32P-R007465,V32P-R0000000000000000000,V32P-R000000,False
seen_train,V32P-A010573,recipient_id,V32P-R001763,V32P-R0000000000000000000,V32P-R000000,False
seen_train,V32P-A056491,recipient_id,V32P-R009416,"V32P-R000001.

Yes, this is the correct answer.

No, this is",V32P-R000001,False
seen_train,V32P-A010933,recipient_id,V32P-R001823,"V32P-R000001.

Yes, this is the correct answer.

No, this is",V32P-R000001,False
seen_train,V32P-A037165,recipient_id,V32P-R006195,V32P-R1000000000000000000,V32P-R100000,False
seen_train,V32P-A016933,recipient_id,V32P-R002823,V32P-R0000000000000000000,V32P-R000000,False
seen_train,V32P-A057427,recipient_id,V32P-R009572,"V32P-R000001.

Yes, this is the correct answer.

No, this is",V32P-R000001,False
seen_train,V32P-A046747,recipient_id,V32P-R007792,"V32P-R000001.

Yes, this is the correct answer.

No, this is",V32P-R000001,False
seen_train,V32P-A002803,recipient_id,V32P-R000468,V32P-R0000000000000000000,V32P-R000000,False
seen_train,V32P-A036889,recipient_id,V32P-R006149,V32P-R0000000000000000000,V32P-R000000,False
seen_train,V32P-A041959,recipient_id,V32P-R006994,V32P-R0000000000000000000,V32P-R000000,False
seen_train,V32P-A008509,recipient_id,V32P-R001419,V32P-R0000000000000000000,V32P-R000000,False
seen_train,V32P-A003295,recipient_id,V32P-R000550,V32P-R0000000000000000000,V32P-R000000,False
seen_train,V32P-A001267,recipient_id,V32P-R000212,V32P-R0000000000000000000,V32P-R000000,False
seen_train,V32P-A039715,recipient_id,V32P-R006620,V32P-R0000000000000000000,V32P-R000000,False
seen_train,V32P-A014623,recipient_id,V32P-R002438,V32P-R0000000000000000000,V32P-R000000,False
seen_train,V32P-A037813,recipient_id,V32P-R006303,V32P-R0000000000000000000,V32P-R000000,False
seen_train,V32P-A052579,recipient_id,V32P-R008764,V32P-R0000000000000000000,V32P-R000000,False
seen_train,V32P-A006421,recipient_id,V32P-R001071,V32P-R0000000000000000000,V32P-R000000,False
seen_train,V32P-A018367,recipient_id,V32P-R003062,V32P-R0000000000000000000,V32P-R000000,False
seen_train,V32P-A020317,recipient_id,V32P-R003387,"V32P-R000001.

Yes, this is the correct answer.

No, this is",V32P-R000001,False
seen_train,V32P-A050467,recipient_id,V32P-R008412,V32P-R0000000000000000000,V32P-R000000,False
seen_train,V32P-A013105,recipient_id,V32P-R002185,V32P-R0000000000000000000,V32P-R000000,False
seen_train,V32P-A007423,recipient_id,V32P-R001238,V32P-R0000000000000000000,V32P-R000000,False
seen_train,V32P-A030115,recipient_id,V32P-R005020,V32P-R0000000000000000000,V32P-R000000,False
seen_train,V32P-A018091,recipient_id,V32P-R003016,V32P-R0000000000000000000,V32P-R000000,False
seen_train,V32P-A048775,recipient_id,V32P-R008130,V32P-R0000000000000000000,V32P-R000000,False
seen_train,V32P-A041137,recipient_id,V32P-R006857,V32P-R0000000000000000000,V32P-R000000,False
seen_train,V32P-A018031,recipient_id,V32P-R003006,V32P-R0000000000000000000,V32P-R000000,False
seen_train,V32P-A022687,recipient_id,V32P-R003782,V32P-R0000000000000000000,V32P-R000000,False
seen_train,V32P-A059419,recipient_id,V32P-R009904,V32P-R0000000000000000000,V32P-R000000,False
seen_train,V32P-A041107,recipient_id,V32P-R006852,V32P-R0000000000000000000,V32P-R000000,False
seen_train,V32P-A003739,recipient_id,V32P-R000624,V32P-R0000000000000000000,V32P-R000000,False
seen_train,V32P-A027823,recipient_id,V32P-R004638,V32P-R0000000000000000000,V32P-R000000,False
seen_train,V32P-A027373,recipient_id,V32P-R004563,"V32P-R000001.

Yes, this is the correct answer.

No, this is",V32P-R000001,False
seen_train,V32P-A038491,recipient_id,V32P-R006416,"V32P-R000001.

Yes, this is the correct answer.

No, this is",V32P-R000001,False
seen_train,V32P-A019495,recipient_id,V32P-R003250,V32P-R0000000000000000000,V32P-R000000,False
seen_train,V32P-A053605,recipient_id,V32P-R008935,V32P-R0000000000000000000,V32P-R000000,False
seen_train,V32P-A009397,recipient_id,V32P-R001567,V32P-R0000000000000000000,V32P-R000000,False
seen_train,V32P-A023251,recipient_id,V32P-R003876,V32P-R0000000000000000000,V32P-R000000,False
seen_train,V32P-A012175,recipient_id,V32P-R002030,V32P-R0000000000000000000,V32P-R000000,False
seen_train,V32P-A002035,recipient_id,V32P-R000340,V32P-R0000000000000000000,V32P-R000000,False
seen_train,V32P-A033553,recipient_id,V32P-R005593,"V32P-R000001.

Yes, this is the correct answer.

No, this is",V32P-R000001,False
seen_train,V32P-A004705,recipient_id,V32P-R000785,V32P-R0000000000000000000,V32P-R000000,False
seen_train,V32P-A025675,recipient_id,V32P-R004280,"V32P-R000001.

Yes, this is the correct answer.

No, this is",V32P-R000001,False
seen_train,V32P-A057151,recipient_id,V32P-R009526,V32P-R0000000000000000000,V32P-R000000,False
seen_train,V32P-A059551,recipient_id,V32P-R009926,V32P-R0000000000000000000,V32P-R000000,False
seen_train,V32P-A017707,recipient_id,V32P-R002952,"V32P-R000001.

Yes, this is correct.

No, this is incorrect.",V32P-R000001,False
seen_train,V32P-A034921,recipient_id,V32P-R005821,V32P-R0000000000000000000,V32P-R000000,False
seen_train,V32P-A022639,recipient_id,V32P-R003774,V32P-R0000000000000000000,V32P-R000000,False
seen_train,V32P-A040081,recipient_id,V32P-R006681,V32P-R0000000000000000000,V32P-R000000,False
seen_train,V32P-A014701,recipient_id,V32P-R002451,V32P-R0000000000000000000,V32P-R000000,False
seen_train,V32P-A016477,recipient_id,V32P-R002747,V32P-R0000000000000000000,V32P-R000000,False
seen_train,V32P-A049861,recipient_id,V32P-R008311,"V32P-R000001.

Yes, this is the correct answer.

No, this is",V32P-R000001,False
seen_train,V32P-A053839,recipient_id,V32P-R008974,V32P-R0000000000000000000,V32P-R000000,False
seen_train,V32P-A018115,recipient_id,V32P-R003020,V32P-R0000000000000000000,V32P-R000000,False
seen_train,V32P-A043729,recipient_id,V32P-R007289,V32P-R0000000000000000000,V32P-R000000,False
seen_train,V32P-A004525,recipient_id,V32P-R000755,V32P-R0000000000000000000,V32P-R000000,False
seen_train,V32P-A044269,recipient_id,V32P-R007379,V32P-R0000000000000000000,V32P-R000000,False
seen_train,V32P-A014245,recipient_id,V32P-R002375,V32P-R0000000000000000000,V32P-R000000,False
seen_train,V32P-A007549,recipient_id,V32P-R001259,"V32P-R000001.

Yes, this is the correct answer.

No, this is",V32P-R000001,False
seen_train,V32P-A032209,recipient_id,V32P-R005369,V32P-R0000000000000000000,V32P-R000000,False
seen_train,V32P-A012655,recipient_id,V32P-R002110,V32P-R0000000000000000000,V32P-R000000,False
seen_train,V32P-A016165,recipient_id,V32P-R002695,V32P-R0000000000000000000,V32P-R000000,False
seen_train,V32P-A008521,recipient_id,V32P-R001421,V32P-R0000000000000000000,V32P-R000000,False
seen_train,V32P-A028255,recipient_id,V32P-R004710,V32P-R0000000000000000000,V32P-R000000,False
seen_train,V32P-A046855,recipient_id,V32P-R007810,V32P-R0000000000000000000,V32P-R000000,False
seen_train,V32P-A046597,recipient_id,V32P-R007767,V32P-R0000000000000000000,V32P-R000000,False
seen_train,V32P-A005497,recipient_id,V32P-R000917,"V32P-R000001.

Yes, this is the correct answer.

No, this is",V32P-R000001,False
seen_train,V32P-A035923,recipient_id,V32P-R005988,V32P-R0000000000000000000,V32P-R000000,False
seen_train,V32P-A000235,recipient_id,V32P-R000040,V32P-R0000000000000000000,V32P-R000000,False
seen_train,V32P-A055561,recipient_id,V32P-R009261,V32P-R0000000000000000000,V32P-R000000,False
seen_train,V32P-A029365,recipient_id,V32P-R004895,"V32P-R000001.

Yes, this is the correct answer.

No, this is",V32P-R000001,False
seen_train,V32P-A027451,recipient_id,V32P-R004576,"V32P-R000001.

Yes, this is the correct answer.

No, this is",V32P-R000001,False
seen_train,V32P-A049909,recipient_id,V32P-R008319,"V32P-R000001.

Yes, this is the correct answer.

No, this is",V32P-R000001,False
seen_train,V32P-A025291,recipient_id,V32P-R004216,"V32P-R000001.

Yes, this is the correct answer.

No, this is",V32P-R000001,False
seen_train,V32P-A031681,recipient_id,V32P-R005281,"V32P-R000001.

Yes, this is the correct answer.

No, this is",V32P-R000001,False
seen_train,V32P-A012667,recipient_id,V32P-R002112,V32P-R0000000000000000000,V32P-R000000,False
seen_train,V32P-A054445,recipient_id,V32P-R009075,V32P-R0000000000000000000,V32P-R000000,False
seen_train,V32P-A002821,recipient_id,V32P-R000471,V32P-R0000000000000000000,V32P-R000000,False
seen_train,V32P-A042031,recipient_id,V32P-R007006,V32P-R0000000000000000000,V32P-R000000,False
seen_train,V32P-A050425,recipient_id,V32P-R008405,V32P-R0000000000000000000,V32P-R000000,False
seen_train,V32P-A011485,recipient_id,V32P-R001915,"V32P-R000001.

Yes, this is the correct answer.

No, this is",V32P-R000001,False
seen_train,V32P-A033163,recipient_id,V32P-R005528,V32P-R0000000000000000000,V32P-R000000,False
seen_train,V32P-A054823,recipient_id,V32P-R009138,V32P-R0000000000000000000,V32P-R000000,False
seen_train,V32P-A019573,recipient_id,V32P-R003263,V32P-R0000000000000000000,V32P-R000000,False
seen_train,V32P-A000577,recipient_id,V32P-R000097,V32P-R0000000000000000000,V32P-R000000,False
seen_train,V32P-A058591,recipient_id,V32P-R009766,V32P-R0000000000000000000,V32P-R000000,False
seen_train,V32P-A028207,recipient_id,V32P-R004702,V32P-R0000000000000000000,V32P-R000000,False
seen_train,V32P-A006529,recipient_id,V32P-R001089,V32P-R0000000000000000000,V32P-R000000,False
seen_train,V32P-A034795,recipient_id,V32P-R005800,V32P-R0000000000000000000,V32P-R000000,False
seen_train,V32P-A007333,recipient_id,V32P-R001223,"V32P-R000001.

Yes, this is the correct answer.

No, this is",V32P-R000001,False
seen_train,V32P-A014113,recipient_id,V32P-R002353,V32P-R0000000000000000000,V32P-R000000,False
seen_train,V32P-A003727,recipient_id,V32P-R000622,V32P-R0000000000000000000,V32P-R000000,False
seen_train,V32P-A049213,recipient_id,V32P-R008203,"V32P-R000001.

Yes, this is the correct answer.

No, this is",V32P-R000001,False
seen_train,V32P-A017575,recipient_id,V32P-R002930,V32P-R0000000000000000000,V32P-R000000,False
seen_train,V32P-A003445,recipient_id,V32P-R000575,V32P-R0000000000000000000,V32P-R000000,False
seen_train,V32P-A029311,recipient_id,V32P-R004886,V32P-R0000000000000000000,V32P-R000000,False
seen_train,V32P-A005191,recipient_id,V32P-R000866,V32P-R0000000000000000000,V32P-R000000,False
seen_train,V32P-A015025,recipient_id,V32P-R002505,V32P-R0000000000000000000,V32P-R000000,False
seen_train,V32P-A053773,recipient_id,V32P-R008963,V32P-R0000000000000000000,V32P-R000000,False
seen_train,V32P-A025873,recipient_id,V32P-R004313,V32P-R0000000000000000000,V32P-R000000,False
seen_train,V32P-A000145,recipient_id,V32P-R000025,V32P-R0000000000000000000,V32P-R000000,False
seen_train,V32P-A059623,recipient_id,V32P-R009938,V32P-R0000000000000000000,V32P-R000000,False
seen_train,V32P-A011875,recipient_id,V32P-R001980,V32P-R0000000000000000000,V32P-R000000,False
seen_train,V32P-A015991,recipient_id,V32P-R002666,V32P-R0000000000000000000,V32P-R000000,False
seen_train,V32P-A029563,recipient_id,V32P-R004928,V32P-R0000000000000000000,V32P-R000000,False
seen_train,V32P-A027853,recipient_id,V32P-R004643,V32P-R0000000000000000000,V32P-R000000,False
seen_train,V32P-A023557,recipient_id,V32P-R003927,V32P-R0000000000000000000,V32P-R000000,False
seen_train,V32P-A037315,recipient_id,V32P-R006220,V32P-R0000000000000000000,V32P-R000000,False
seen_train,V32P-A026629,recipient_id,V32P-R004439,V32P-R0000000000000000000,V32P-R000000,False
seen_train,V32P-A004747,recipient_id,V32P-R000792,V32P-R0000000000000000000,V32P-R000000,False
seen_train,V32P-A037471,recipient_id,V32P-R006246,V32P-R0000000000000000000,V32P-R000000,False
seen_train,V32P-A017515,recipient_id,V32P-R002920,V32P-R0000000000000000000,V32P-R000000,False
seen_train,V32P-A037075,recipient_id,V32P-R006180,V32P-R0000000000000000000,V32P-R000000,False
seen_train,V32P-A050659,recipient_id,V32P-R008444,"V32P-R000001.

Yes, this is the correct answer.

No, this is",V32P-R000001,False
seen_train,V32P-A015061,recipient_id,V32P-R002511,"V32P-R000001.

Yes, this is the correct answer.

No, this is",V32P-R000001,False
seen_train,V32P-A014413,recipient_id,V32P-R002403,V32P-R0000000000000000000,V32P-R000000,False
seen_train,V32P-A031213,recipient_id,V32P-R005203,V32P-R0000000000000000000,V32P-R000000,False
seen_train,V32P-A025117,recipient_id,V32P-R004187,V32P-R0000000000000000000,V32P-R000000,False
seen_train,V32P-A021409,recipient_id,V32P-R003569,"V32P-R000001.

Yes, this is the correct answer.

No, this is",V32P-R000001,False
seen_train,V32P-A056581,recipient_id,V32P-R009431,"V32P-R000001.

Yes, this is correct.

No, this is incorrect.",V32P-R000001,False
seen_train,V32P-A006751,recipient_id,V32P-R001126,V32P-R0000000000000000000,V32P-R000000,False
seen_train,V32P-A012001,recipient_id,V32P-R002001,V32P-R0000000000000000000,V32P-R000000,False
seen_train,V32P-A021859,recipient_id,V32P-R003644,V32P-R0000000000000000000,V32P-R000000,False
seen_train,V32P-A025363,recipient_id,V32P-R004228,V32P-R0000000000000000000,V32P-R000000,False
seen_train,V32P-A042541,recipient_id,V32P-R007091,"V32P-R000001.

Yes, this is correct.

No, this is incorrect.",V32P-R000001,False
seen_train,V32P-A040909,recipient_id,V32P-R006819,V32P-R0000000000000000000,V32P-R000000,False
seen_train,V32P-A032737,recipient_id,V32P-R005457,"V32P-R000001.

Yes, this is the correct answer.

No, this is",V32P-R000001,False
seen_train,V32P-A030301,recipient_id,V32P-R005051,V32P-R0000000000000000000,V32P-R000000,False
seen_train,V32P-A058039,recipient_id,V32P-R009674,V32P-R0000000000000000000,V32P-R000000,False
seen_train,V32P-A059833,recipient_id,V32P-R009973,V32P-R0000000000000000000,V32P-R000000,False
seen_train,V32P-A049297,recipient_id,V32P-R008217,V32P-R0000000000000000000,V32P-R000000,False
seen_train,V32P-A015463,recipient_id,V32P-R002578,V32P-R0000000000000000000,V32P-R000000,False
seen_train,V32P-A012313,recipient_id,V32P-R002053,"V32P-R000001.

Yes, this is the correct answer.

No, this is",V32P-R000001,False
seen_train,V32P-A007825,recipient_id,V32P-R001305,"V32P-R000001.

Yes, this is the correct answer.

No, this is",V32P-R000001,False
seen_train,V32P-A050083,recipient_id,V32P-R008348,V32P-R0000000000000000000,V32P-R000000,False
seen_train,V32P-A006787,recipient_id,V32P-R001132,"V32P-R000001.

Yes, this is the correct answer.

No, this is",V32P-R000001,False
seen_train,V32P-A034975,recipient_id,V32P-R005830,"V32P-R000001.

Yes, this is the correct answer.

No, this is",V32P-R000001,False
seen_train,V32P-A055471,recipient_id,V32P-R009246,V32P-R0000000000000000000,V32P-R000000,False
seen_train,V32P-A010387,recipient_id,V32P-R001732,V32P-R0000000000000000000,V32P-R000000,False
seen_train,V32P-A023743,recipient_id,V32P-R003958,"V32P-R000001.

Yes, this is the correct answer.

No, this is",V32P-R000001,False
seen_train,V32P-A023881,recipient_id,V32P-R003981,V32P-R0000000000000000000,V32P-R000000,False
seen_train,V32P-A059275,recipient_id,V32P-R009880,V32P-R0000000000000000000,V32P-R000000,False
seen_train,V32P-A003163,recipient_id,V32P-R000528,"V32P-R000001.

Yes, this is the correct answer.

No, this is",V32P-R000001,False
seen_train,V32P-A043315,recipient_id,V32P-R007220,V32P-R0000000000000000000,V32P-R000000,False
seen_train,V32P-A058477,recipient_id,V32P-R009747,V32P-R0000000000000000000,V32P-R000000,False
seen_train,V32P-A011113,recipient_id,V32P-R001853,V32P-R0000000000000000000,V32P-R000000,False
seen_train,V32P-A051967,recipient_id,V32P-R008662,"V32P-R000001.

Yes, this is correct.

No, this is incorrect.",V32P-R000001,False
seen_train,V32P-A044053,recipient_id,V32P-R007343,"V32P-R000001.

Yes, this is the correct answer.

No, this is",V32P-R000001,False
seen_train,V32P-A039835,recipient_id,V32P-R006640,"V32P-R000001.

Yes, this is the correct answer.

No, this is",V32P-R000001,False
seen_train,V32P-A039019,recipient_id,V32P-R006504,V32P-R0000000000000000000,V32P-R000000,False
seen_train,V32P-A014557,recipient_id,V32P-R002427,V32P-R0000000000000000000,V32P-R000000,False
seen_train,V32P-A025765,recipient_id,V32P-R004295,V32P-R0000000000000000000,V32P-R000000,False
seen_train,V32P-A011035,recipient_id,V32P-R001840,V32P-R0000000000000000000,V32P-R000000,False
seen_train,V32P-A008545,recipient_id,V32P-R001425,V32P-R0000000000000000000,V32P-R000000,False
seen_train,V32P-A056467,recipient_id,V32P-R009412,V32P-R0000000000000000000,V32P-R000000,False
seen_train,V32P-A017887,recipient_id,V32P-R002982,"V32P-R000001.

Yes, this is the correct answer.

No, this is",V32P-R000001,False
seen_train,V32P-A001381,recipient_id,V32P-R000231,V32P-R0000000000000000000,V32P-R000000,False
seen_train,V32P-A025183,recipient_id,V32P-R004198,V32P-R0000000000000000000,V32P-R000000,False
seen_train,V32P-A007681,recipient_id,V32P-R001281,"V32P-R000001.

Yes, this is the correct answer.

No, this is",V32P-R000001,False
seen_train,V32P-A050671,recipient_id,V32P-R008446,"V32P-R000001.

Yes, this is the correct answer.

No, this is",V32P-R000001,False
seen_train,V32P-A046915,recipient_id,V32P-R007820,V32P-R0000000000000000000,V32P-R000000,False
seen_train,V32P-A044905,recipient_id,V32P-R007485,V32P-R0000000000000000000,V32P-R000000,False
seen_train,V32P-A020707,recipient_id,V32P-R003452,V32P-R0000000000000000000,V32P-R000000,False
seen_train,V32P-A000517,recipient_id,V32P-R000087,V32P-R0000000000000000000,V32P-R000000,False
seen_train,V32P-A008587,recipient_id,V32P-R001432,"V32P-R000001.

Yes, this is the correct answer.

No, this is",V32P-R000001,False
seen_train,V32P-A045145,recipient_id,V32P-R007525,"V32P-R000001.

Yes, this is correct.

No, this is incorrect.",V32P-R000001,False
seen_train,V32P-A026809,recipient_id,V32P-R004469,V32P-R0000000000000000000,V32P-R000000,False
seen_train,V32P-A050635,recipient_id,V32P-R008440,V32P-R0000000000000000000,V32P-R000000,False
seen_train,V32P-A013225,recipient_id,V32P-R002205,V32P-R0000000000000000000,V32P-R000000,False
seen_train,V32P-A059191,recipient_id,V32P-R009866,V32P-R0000000000000000000,V32P-R000000,False
seen_train,V32P-A040789,recipient_id,V32P-R006799,V32P-R0000000000000000000,V32P-R000000,False
seen_train,V32P-A047689,recipient_id,V32P-R007949,V32P-R0000000000000000000,V32P-R000000,False
seen_train,V32P-A034699,recipient_id,V32P-R005784,V32P-R0000000000000000000,V32P-R000000,False
seen_train,V32P-A050725,recipient_id,V32P-R008455,"V32P-R000001.

Yes, this is the correct answer.

No, this is",V32P-R000001,False
seen_train,V32P-A049729,recipient_id,V32P-R008289,V32P-R0000000000000000000,V32P-R000000,False
seen_train,V32P-A043855,recipient_id,V32P-R007310,"V32P-R000001.

Yes, this is the correct answer.

No, this is",V32P-R000001,False
seen_train,V32P-A008785,recipient_id,V32P-R001465,V32P-R0000000000000000000,V32P-R000000,False
seen_train,V32P-A008815,recipient_id,V32P-R001470,V32P-R0000000000000000000,V32P-R000000,False
seen_train,V32P-A009637,recipient_id,V32P-R001607,V32P-R0000000000000000000,V32P-R000000,False
seen_train,V32P-A038971,recipient_id,V32P-R006496,V32P-R0000000000000000000,V32P-R000000,False
seen_train,V32P-A005047,recipient_id,V32P-R000842,V32P-R0000000000000000000,V32P-R000000,False
seen_train,V32P-A009985,recipient_id,V32P-R001665,"V32P-R000001.

Yes, this is the correct answer.

No, this is",V32P-R000001,False
seen_train,V32P-A036613,recipient_id,V32P-R006103,V32P-R0000000000000000000,V32P-R000000,False
seen_train,V32P-A039265,recipient_id,V32P-R006545,V32P-R0000000000000000000,V32P-R000000,False
seen_train,V32P-A009157,recipient_id,V32P-R001527,"V32P-R000001.

Yes, this is the correct answer.

No, this is",V32P-R000001,False
seen_train,V32P-A041695,recipient_id,V32P-R006950,"V32P-R000001.

Yes, this is the correct answer.

No, this is",V32P-R000001,False
seen_train,V32P-A004243,recipient_id,V32P-R000708,V32P-R0000000000000000000,V32P-R000000,False
seen_train,V32P-A041437,recipient_id,V32P-R006907,V32P-R0000000000000000000,V32P-R000000,False
seen_train,V32P-A033595,recipient_id,V32P-R005600,V32P-R0000000000000000000,V32P-R000000,False
seen_train,V32P-A033733,recipient_id,V32P-R005623,V32P-R0000000000000000000,V32P-R000000,False
seen_train,V32P-A048739,recipient_id,V32P-R008124,"V32P-R000001.

Yes, this is the correct answer.

No, this is",V32P-R000001,False
seen_train,V32P-A018619,recipient_id,V32P-R003104,"V32P-R000001.

Yes, this is the correct answer.

No, this is",V32P-R000001,False
seen_train,V32P-A019513,recipient_id,V32P-R003253,V32P-R0000000000000000000,V32P-R000000,False
seen_train,V32P-A028309,recipient_id,V32P-R004719,V32P-R0000000000000000000,V32P-R000000,False
seen_train,V32P-A019471,recipient_id,V32P-R003246,V32P-R0000000000000000000,V32P-R000000,False
seen_train,V32P-A048049,recipient_id,V32P-R008009,V32P-R0000000000000000000,V32P-R000000,False
seen_train,V32P-A029287,recipient_id,V32P-R004882,V32P-R0000000000000000000,V32P-R000000,False
seen_train,V32P-A021139,recipient_id,V32P-R003524,"V32P-R000001.

Yes, this is the correct answer.

No, this is",V32P-R000001,False
seen_train,V32P-A026371,recipient_id,V32P-R004396,V32P-R0000000000000000000,V32P-R000000,False
seen_train,V32P-A041017,recipient_id,V32P-R006837,"V32P-R000001.

Yes, this is the correct answer.

No, this is",V32P-R000001,False
seen_train,V32P-A052399,recipient_id,V32P-R008734,"V32P-R000001.

Yes, this is the correct answer.

No, this is",V32P-R000001,False
seen_train,V32P-A020665,recipient_id,V32P-R003445,V32P-R0000000000000000000,V32P-R000000,False
seen_train,V32P-A049105,recipient_id,V32P-R008185,V32P-R0000000000000000000,V32P-R000000,False
seen_train,V32P-A036391,recipient_id,V32P-R006066,V32P-R0000000000000000000,V32P-R000000,False
seen_train,V32P-A041845,recipient_id,V32P-R006975,V32P-R0000000000000000000,V32P-R000000,False
seen_train,V32P-A028327,recipient_id,V32P-R004722,"V32P-R000001.

Yes, this is the correct answer.

No, this is",V32P-R000001,False
seen_train,V32P-A012949,recipient_id,V32P-R002159,V32P-R0000000000000000000,V32P-R000000,False
seen_train,V32P-A008077,recipient_id,V32P-R001347,V32P-R0000000000000000000,V32P-R000000,False
seen_train,V32P-A044143,recipient_id,V32P-R007358,V32P-R0000000000000000000,V32P-R000000,False
seen_train,V32P-A026125,recipient_id,V32P-R004355,V32P-R0000000000000000000,V32P-R000000,False
seen_train,V32P-A059857,recipient_id,V32P-R009977,V32P-R0000000000000000000,V32P-R000000,False
seen_train,V32P-A014311,recipient_id,V32P-R002386,V32P-R0000000000000000000,V32P-R000000,False
seen_train,V32P-A055345,recipient_id,V32P-R009225,V32P-R0000000000000000000,V32P-R000000,False
seen_train,V32P-A027769,recipient_id,V32P-R004629,V32P-R0000000000000000000,V32P-R000000,False
seen_train,V32P-A004093,recipient_id,V32P-R000683,V32P-R0000000000000000000,V32P-R000000,False
seen_train,V32P-A057121,recipient_id,V32P-R009521,V32P-R0000000000000000000,V32P-R000000,False
seen_train,V32P-A027685,recipient_id,V32P-R004615,V32P-R0000000000000000000,V32P-R000000,False
seen_train,V32P-A036109,recipient_id,V32P-R006019,V32P-R0000000000000000000,V32P-R000000,False
seen_train,V32P-A004123,recipient_id,V32P-R000688,V32P-R0000000000000000000,V32P-R000000,False
seen_train,V32P-A030121,recipient_id,V32P-R005021,V32P-R0000000000000000000,V32P-R000000,False
seen_train,V32P-A004147,recipient_id,V32P-R000692,V32P-R0000000000000000000,V32P-R000000,False
seen_train,V32P-A004021,recipient_id,V32P-R000671,"V32P-R000001.

Yes, this is the correct answer.

No, this is",V32P-R000001,False
seen_train,V32P-A045667,recipient_id,V32P-R007612,V32P-R0000000000000000000,V32P-R000000,False
seen_train,V32P-A005215,recipient_id,V32P-R000870,V32P-R0000000000000000000,V32P-R000000,False
seen_train,V32P-A009889,recipient_id,V32P-R001649,"V32P-R000001.

Yes, this is the correct answer.

No, this is",V32P-R000001,False
seen_train,V32P-A011287,recipient_id,V32P-R001882,V32P-R0000000000000000000,V32P-R000000,False
seen_train,V32P-A050185,recipient_id,V32P-R008365,V32P-R0000000000000000000,V32P-R000000,False
seen_train,V32P-A020809,recipient_id,V32P-R003469,"V32P-R000001.

Yes, this is the correct answer.

No, this is",V32P-R000001,False
seen_train,V32P-A050737,recipient_id,V32P-R008457,"V32P-R000001.

Yes, this is the correct answer.

No, this is",V32P-R000001,False
seen_train,V32P-A049231,recipient_id,V32P-R008206,V32P-R0000000000000000000,V32P-R000000,False
seen_train,V32P-A021829,recipient_id,V32P-R003639,V32P-R0000000000000000000,V32P-R000000,False
seen_train,V32P-A016633,recipient_id,V32P-R002773,"V32P-R000001.

Yes, this is the correct answer.

No, this is",V32P-R000001,False
seen_train,V32P-A021325,recipient_id,V32P-R003555,V32P-R0000000000000000000,V32P-R000000,False
seen_train,V32P-A019843,recipient_id,V32P-R003308,V32P-R0000000000000000000,V32P-R000000,False
seen_train,V32P-A053629,recipient_id,V32P-R008939,V32P-R0000000000000000000,V32P-R000000,False
seen_train,V32P-A050041,recipient_id,V32P-R008341,V32P-R0000000000000000000,V32P-R000000,False
seen_train,V32P-A052021,recipient_id,V32P-R008671,V32P-R0000000000000000000,V32P-R000000,False
seen_train,V32P-A011863,recipient_id,V32P-R001978,V32P-R0000000000000000000,V32P-R000000,False
seen_train,V32P-A020023,recipient_id,V32P-R003338,V32P-R0000000000000000000,V32P-R000000,False
seen_train,V32P-A028825,recipient_id,V32P-R004805,V32P-R0000000000000000000,V32P-R000000,False
seen_train,V32P-A013177,recipient_id,V32P-R002197,V32P-R0000000000000000000,V32P-R000000,False
seen_train,V32P-A015049,recipient_id,V32P-R002509,V32P-R0000000000000000000,V32P-R000000,False
seen_train,V32P-A020353,recipient_id,V32P-R003393,V32P-R0000000000000000000,V32P-R000000,False
seen_train,V32P-A041023,recipient_id,V32P-R006838,V32P-R0000000000000000000,V32P-R000000,False
seen_train,V32P-A045721,recipient_id,V32P-R007621,V32P-R0000000000000000000,V32P-R000000,False
seen_train,V32P-A047071,recipient_id,V32P-R007846,"V32P-R000001.

Yes, this is the correct answer.

No, this is",V32P-R000001,False
seen_train,V32P-A008017,recipient_id,V32P-R001337,V32P-R0000000000000000000,V32P-R000000,False
seen_train,V32P-A047479,recipient_id,V32P-R007914,V32P-R0000000000000000000,V32P-R000000,False
seen_train,V32P-A043357,recipient_id,V32P-R007227,V32P-R0000000000000000000,V32P-R000000,False
seen_train,V32P-A040825,recipient_id,V32P-R006805,V32P-R0000000000000000000,V32P-R000000,False
seen_train,V32P-A044317,recipient_id,V32P-R007387,"V32P-R000001.

Yes, this is the correct answer.

No, this is",V32P-R000001,False
seen_train,V32P-A007867,recipient_id,V32P-R001312,V32P-R0000000000000000000,V32P-R000000,False
seen_train,V32P-A034513,recipient_id,V32P-R005753,V32P-R0000000000000000000,V32P-R000000,False
seen_train,V32P-A033361,recipient_id,V32P-R005561,"V32P-R000001.

Yes, this is the correct answer.

No, this is",V32P-R000001,False
seen_train,V32P-A048637,recipient_id,V32P-R008107,V32P-R0000000000000000000,V32P-R000000,False
seen_train,V32P-A056077,recipient_id,V32P-R009347,"V32P-R000001.

Yes, this is the correct answer.

No, this is",V32P-R000001,False
seen_train,V32P-A027001,recipient_id,V32P-R004501,V32P-R0000000000000000000,V32P-R000000,False
seen_train,V32P-A028675,recipient_id,V32P-R004780,V32P-R0000000000000000000,V32P-R000000,False
seen_train,V32P-A026821,recipient_id,V32P-R004471,V32P-R0000000000000000000,V32P-R000000,False
seen_train,V32P-A044329,recipient_id,V32P-R007389,V32P-R0000000000000000000,V32P-R000000,False
seen_train,V32P-A026527,recipient_id,V32P-R004422,V32P-R0000000000000000000,V32P-R000000,False
seen_train,V32P-A045223,recipient_id,V32P-R007538,V32P-R0000000000000000000,V32P-R000000,False
seen_train,V32P-A040615,recipient_id,V32P-R006770,V32P-R0000000000000000000,V32P-R000000,False
seen_train,V32P-A009655,recipient_id,V32P-R001610,V32P-R0000000000000000000,V32P-R000000,False
seen_train,V32P-A028189,recipient_id,V32P-R004699,V32P-R0000000000000000000,V32P-R000000,False
seen_train,V32P-A054079,recipient_id,V32P-R009014,V32P-R0000000000000000000,V32P-R000000,False
seen_train,V32P-A042283,recipient_id,V32P-R007048,V32P-R0000000000000000000,V32P-R000000,False
seen_train,V32P-A050491,recipient_id,V32P-R008416,V32P-R0000000000000000000,V32P-R000000,False
seen_train,V32P-A035281,recipient_id,V32P-R005881,V32P-R0000000000000000000,V32P-R000000,False
seen_train,V32P-A006235,recipient_id,V32P-R001040,V32P-R0000000000000000000,V32P-R000000,False
seen_train,V32P-A039523,recipient_id,V32P-R006588,V32P-R0000000000000000000,V32P-R000000,False
seen_train,V32P-A049207,recipient_id,V32P-R008202,V32P-R0000000000000000000,V32P-R000000,False
seen_train,V32P-A024583,recipient_id,V32P-R004098,"V32P-R000001.

Yes, this is the correct answer.

No, this is",V32P-R000001,False
seen_train,V32P-A054199,recipient_id,V32P-R009034,V32P-R0000000000000000000,V32P-R000000,False
seen_train,V32P-A004225,recipient_id,V32P-R000705,V32P-R0000000000000000000,V32P-R000000,False
seen_train,V32P-A031135,recipient_id,V32P-R005190,"V32P-R000001.

Yes, this is the correct answer.

No, this is",V32P-R000001,False
seen_train,V32P-A053947,recipient_id,V32P-R008992,V32P-R0000000000000000000,V32P-R000000,False
seen_train,V32P-A033451,recipient_id,V32P-R005576,V32P-R0000000000000000000,V32P-R000000,False
seen_train,V32P-A000967,recipient_id,V32P-R000162,V32P-R0000000000000000000,V32P-R000000,False
seen_train,V32P-A020215,recipient_id,V32P-R003370,V32P-R0000000000000000000,V32P-R000000,False
seen_train,V32P-A054673,recipient_id,V32P-R009113,V32P-R0000000000000000000,V32P-R000000,False
seen_train,V32P-A039955,recipient_id,V32P-R006660,V32P-R0000000000000000000,V32P-R000000,False
seen_train,V32P-A028819,recipient_id,V32P-R004804,V32P-R0000000000000000000,V32P-R000000,False
seen_train,V32P-A043189,recipient_id,V32P-R007199,V32P-R0000000000000000000,V32P-R000000,False
seen_train,V32P-A002689,recipient_id,V32P-R000449,V32P-R0000000000000000000,V32P-R000000,False
seen_train,V32P-A008653,recipient_id,V32P-R001443,V32P-R0000000000000000000,V32P-R000000,False
seen_train,V32P-A033547,recipient_id,V32P-R005592,V32P-R0000000000000000000,V32P-R000000,False
seen_train,V32P-A002905,recipient_id,V32P-R000485,V32P-R0000000000000000000,V32P-R000000,False
seen_train,V32P-A052723,recipient_id,V32P-R008788,V32P-R0000000000000000000,V32P-R000000,False
seen_train,V32P-A034315,recipient_id,V32P-R005720,V32P-R0000000000000000000,V32P-R000000,False
seen_train,V32P-A006133,recipient_id,V32P-R001023,"V32P-R000001.

Yes, this is the correct answer.

No, this is",V32P-R000001,False
seen_train,V32P-A000319,recipient_id,V32P-R000054,V32P-R0000000000000000000,V32P-R000000,False
seen_train,V32P-A019927,recipient_id,V32P-R003322,"V32P-R000001.

Yes, this is correct.

No, this is incorrect.",V32P-R000001,False
seen_train,V32P-A058099,recipient_id,V32P-R009684,V32P-R0000000000000000000,V32P-R000000,False
seen_train,V32P-A024949,recipient_id,V32P-R004159,V32P-R0000000000000000000,V32P-R000000,False
seen_train,V32P-A013735,recipient_id,V32P-R002290,V32P-R0000000000000000000,V32P-R000000,False
seen_train,V32P-A043411,recipient_id,V32P-R007236,V32P-R0000000000000000000,V32P-R000000,False
seen_train,V32P-A013573,recipient_id,V32P-R002263,V32P-R0000000000000000000,V32P-R000000,False
seen_train,V32P-A010195,recipient_id,V32P-R001700,"V32P-R000001.

Yes, this is the correct answer.

No, this is",V32P-R000001,False
seen_train,V32P-A018565,recipient_id,V32P-R003095,V32P-R0000000000000000000,V32P-R000000,False
seen_train,V32P-A009793,recipient_id,V32P-R001633,V32P-R0000000000000000000,V32P-R000000,False
seen_train,V32P-A052255,recipient_id,V32P-R008710,V32P-R0000000000000000000,V32P-R000000,False
seen_train,V32P-A039655,recipient_id,V32P-R006610,"V32P-R000001.

Yes, this is the correct answer.

No, this is",V32P-R000001,False
seen_train,V32P-A015145,recipient_id,V32P-R002525,V32P-R0000000000000000000,V32P-R000000,False
seen_train,V32P-A018991,recipient_id,V32P-R003166,"V32P-R000001.

Yes, this is the correct answer.

No, this is",V32P-R000001,False
seen_train,V32P-A036997,recipient_id,V32P-R006167,"V32P-R000001.

Yes, this is the correct answer.

No, this is",V32P-R000001,False
seen_train,V32P-A012511,recipient_id,V32P-R002086,V32P-R0000000000000000000,V32P-R000000,False
seen_train,V32P-A013369,recipient_id,V32P-R002229,V32P-R0000000000000000000,V32P-R000000,False
seen_train,V32P-A012913,recipient_id,V32P-R002153,"V32P-R000001.

Yes, this is the correct answer.

No, this is",V32P-R000001,False
seen_train,V32P-A001999,recipient_id,V32P-R000334,V32P-R0000000000000000000,V32P-R000000,False
seen_train,V32P-A014905,recipient_id,V32P-R002485,V32P-R0000000000000000000,V32P-R000000,False
seen_train,V32P-A016003,recipient_id,V32P-R002668,V32P-R0000000000000000000,V32P-R000000,False
seen_train,V32P-A059509,recipient_id,V32P-R009919,V32P-R0000000000000000000,V32P-R000000,False
seen_train,V32P-A041509,recipient_id,V32P-R006919,"V32P-R000001.

Yes, this is the correct answer.

No, this is",V32P-R000001,False
seen_train,V32P-A038683,recipient_id,V32P-R006448,V32P-R0000000000000000000,V32P-R000000,False
seen_train,V32P-A042493,recipient_id,V32P-R007083,V32P-R0000000000000000000,V32P-R000000,False
seen_train,V32P-A038677,recipient_id,V32P-R006447,V32P-R0000000000000000000,V32P-R000000,False
seen_train,V32P-A042415,recipient_id,V32P-R007070,V32P-R0000000000000000000,V32P-R000000,False
seen_train,V32P-A001417,recipient_id,V32P-R000237,V32P-R0000000000000000000,V32P-R000000,False
seen_train,V32P-A016147,recipient_id,V32P-R002692,V32P-R0000000000000000000,V32P-R000000,False
seen_train,V32P-A018691,recipient_id,V32P-R003116,V32P-R0000000000000000000,V32P-R000000,False
seen_train,V32P-A042637,recipient_id,V32P-R007107,"V32P-R000001.

Yes, this is the correct answer.

No, this is",V32P-R000001,False
seen_train,V32P-A029761,recipient_id,V32P-R004961,V32P-R0000000000000000000,V32P-R000000,False
seen_train,V32P-A005659,recipient_id,V32P-R000944,"V32P-R000001.

Yes, this is the correct answer.

No, this is",V32P-R000001,False
seen_train,V32P-A008707,recipient_id,V32P-R001452,V32P-R0000000000000000000,V32P-R000000,False
seen_train,V32P-A009097,recipient_id,V32P-R001517,V32P-R0000000000000000000,V32P-R000000,False
seen_train,V32P-A020635,recipient_id,V32P-R003440,"V32P-R000001.

Yes, this is the correct answer.

No, this is",V32P-R000001,False
seen_train,V32P-A051673,recipient_id,V32P-R008613,"V32P-R000001.

Yes, this is the correct answer.

No, this is",V32P-R000001,False
seen_train,V32P-A052951,recipient_id,V32P-R008826,"V32P-R000001.

Yes, this is the correct answer.

No, this is",V32P-R000001,False
seen_train,V32P-A016609,recipient_id,V32P-R002769,"V32P-R000001.

Yes, this is the correct answer.

No, this is",V32P-R000001,False
seen_train,V32P-A035947,recipient_id,V32P-R005992,"V32P-R000001.

Yes, this is the correct answer.

No, this is",V32P-R000001,False
seen_train,V32P-A043135,recipient_id,V32P-R007190,V32P-R0000000000000000000,V32P-R000000,False
seen_train,V32P-A050449,recipient_id,V32P-R008409,"V32P-R000001.

Yes, this is the correct answer.

No, this is",V32P-R000001,False
seen_train,V32P-A037159,recipient_id,V32P-R006194,V32P-R0000000000000000000,V32P-R000000,False
seen_train,V32P-A027175,recipient_id,V32P-R004530,V32P-R0000000000000000000,V32P-R000000,False
seen_train,V32P-A016177,recipient_id,V32P-R002697,V32P-R0000000000000000000,V32P-R000000,False
seen_train,V32P-A016915,recipient_id,V32P-R002820,V32P-R0000000000000000000,V32P-R000000,False
seen_train,V32P-A050419,recipient_id,V32P-R008404,V32P-R0000000000000000000,V32P-R000000,False
seen_train,V32P-A035701,recipient_id,V32P-R005951,V32P-R0000000000000000000,V32P-R000000,False
seen_train,V32P-A026587,recipient_id,V32P-R004432,V32P-R0000000000000000000,V32P-R000000,False
seen_train,V32P-A037279,recipient_id,V32P-R006214,V32P-R0000000000000000000,V32P-R000000,False
seen_train,V32P-A008665,recipient_id,V32P-R001445,V32P-R0000000000000000000,V32P-R000000,False
seen_train,V32P-A039547,recipient_id,V32P-R006592,"V32P-R000001.

Yes, this is the correct answer.

No, this is",V32P-R000001,False
seen_train,V32P-A032905,recipient_id,V32P-R005485,V32P-R0000000000000000000,V32P-R000000,False
seen_train,V32P-A019171,recipient_id,V32P-R003196,V32P-R0000000000000000000,V32P-R000000,False
seen_train,V32P-A042385,recipient_id,V32P-R007065,V32P-R0000000000000000000,V32P-R000000,False
seen_train,V32P-A054625,recipient_id,V32P-R009105,V32P-R0000000000000000000,V32P-R000000,False
seen_train,V32P-A047965,recipient_id,V32P-R007995,V32P-R0000000000000000000,V32P-R000000,False
seen_train,V32P-A059827,recipient_id,V32P-R009972,V32P-R0000000000000000000,V32P-R000000,False
seen_train,V32P-A009613,recipient_id,V32P-R001603,V32P-R0000000000000000000,V32P-R000000,False
seen_train,V32P-A059533,recipient_id,V32P-R009923,V32P-R0000000000000000000,V32P-R000000,False
seen_train,V32P-A045733,recipient_id,V32P-R007623,V32P-R0000000000000000000,V32P-R000000,False
seen_train,V32P-A026977,recipient_id,V32P-R004497,V32P-R0000000000000000000,V32P-R000000,False
seen_train,V32P-A036397,recipient_id,V32P-R006067,"V32P-R000001.

Yes, this is the correct answer.

No, this is",V32P-R000001,False
seen_train,V32P-A055945,recipient_id,V32P-R009325,"V32P-R000001.

Yes, this is the correct answer.

No, this is",V32P-R000001,False
seen_train,V32P-A006313,recipient_id,V32P-R001053,V32P-R0000000000000000000,V32P-R000000,False
seen_train,V32P-A026287,recipient_id,V32P-R004382,V32P-R0000000000000000000,V32P-R000000,False
seen_train,V32P-A014479,recipient_id,V32P-R002414,V32P-R0000000000000000000,V32P-R000000,False
seen_train,V32P-A039883,recipient_id,V32P-R006648,V32P-R0000000000000000000,V32P-R000000,False
seen_train,V32P-A029233,recipient_id,V32P-R004873,V32P-R0000000000000000000,V32P-R000000,False
seen_train,V32P-A020587,recipient_id,V32P-R003432,V32P-R0000000000000000000,V32P-R000000,False
seen_train,V32P-A039307,recipient_id,V32P-R006552,"V32P-R000001.

Yes, this is the correct answer.

No, this is",V32P-R000001,False
seen_train,V32P-A036193,recipient_id,V32P-R006033,V32P-R0000000000000000000,V32P-R000000,False
seen_train,V32P-A028351,recipient_id,V32P-R004726,V32P-R0000000000000000000,V32P-R000000,False
seen_train,V32P-A035725,recipient_id,V32P-R005955,V32P-R0000000000000000000,V32P-R000000,False
seen_train,V32P-A017827,recipient_id,V32P-R002972,V32P-R0000000000000000000,V32P-R000000,False
seen_train,V32P-A058003,recipient_id,V32P-R009668,V32P-R0000000000000000000,V32P-R000000,False
seen_train,V32P-A017191,recipient_id,V32P-R002866,"V32P-R000001.

Yes, this is the correct answer.

No, this is",V32P-R000001,False
seen_train,V32P-A013453,recipient_id,V32P-R002243,"V32P-R000001.

Yes, this is the correct answer.

No, this is",V32P-R000001,False
seen_train,V32P-A021535,recipient_id,V32P-R003590,"V32P-R000001.

Yes, this is the correct answer.

No, this is",V32P-R000001,False
seen_train,V32P-A054283,recipient_id,V32P-R009048,V32P-R0000000000000000000,V32P-R000000,False
seen_train,V32P-A012055,recipient_id,V32P-R002010,V32P-R0000000000000000000,V32P-R000000,False
seen_train,V32P-A059227,recipient_id,V32P-R009872,V32P-R0000000000000000000,V32P-R000000,False
seen_train,V32P-A057961,recipient_id,V32P-R009661,V32P-R0000000000000000000,V32P-R000000,False
seen_train,V32P-A045511,recipient_id,V32P-R007586,V32P-R0000000000000000000,V32P-R000000,False
seen_train,V32P-A023293,recipient_id,V32P-R003883,V32P-R0000000000000000000,V32P-R000000,False
seen_train,V32P-A044869,recipient_id,V32P-R007479,V32P-R0000000000000000000,V32P-R000000,False
seen_train,V32P-A009385,recipient_id,V32P-R001565,"V32P-R000001.

Yes, this is the correct answer.

No, this is",V32P-R000001,False
seen_train,V32P-A038659,recipient_id,V32P-R006444,V32P-R1000000000000000000,V32P-R100000,False
seen_train,V32P-A022165,recipient_id,V32P-R003695,V32P-R0000000000000000000,V32P-R000000,False
seen_train,V32P-A048115,recipient_id,V32P-R008020,V32P-R0000000000000000000,V32P-R000000,False
seen_train,V32P-A024049,recipient_id,V32P-R004009,"V32P-R000001.

Yes, this is the correct answer.

No, this is",V32P-R000001,False
seen_train,V32P-A024181,recipient_id,V32P-R004031,V32P-R0000000000000000000,V32P-R000000,False
seen_train,V32P-A002731,recipient_id,V32P-R000456,V32P-R0000000000000000000,V32P-R000000,False
seen_train,V32P-A055075,recipient_id,V32P-R009180,V32P-R0000000000000000000,V32P-R000000,False
seen_train,V32P-A051871,recipient_id,V32P-R008646,V32P-R0000000000000000000,V32P-R000000,False
seen_train,V32P-A015151,recipient_id,V32P-R002526,V32P-R0000000000000000000,V32P-R000000,False
seen_train,V32P-A036781,recipient_id,V32P-R006131,V32P-R0000000000000000000,V32P-R000000,False
seen_train,V32P-A007849,recipient_id,V32P-R001309,V32P-R0000000000000000000,V32P-R000000,False
seen_train,V32P-A019417,recipient_id,V32P-R003237,"V32P-R000001.

Yes, this is the correct answer.

No, this is",V32P-R000001,False
seen_train,V32P-A028975,recipient_id,V32P-R004830,"V32P-R000001.

Yes, this is the correct answer.

No, this is",V32P-R000001,False
seen_train,V32P-A034429,recipient_id,V32P-R005739,V32P-R0000000000000000000,V32P-R000000,False
seen_train,V32P-A021331,recipient_id,V32P-R003556,"V32P-R000001.

Yes, this is the correct answer.

No, this is",V32P-R000001,False
seen_train,V32P-A024103,recipient_id,V32P-R004018,V32P-R0000000000000000000,V32P-R000000,False
seen_train,V32P-A040141,recipient_id,V32P-R006691,V32P-R0000000000000000000,V32P-R000000,False
seen_train,V32P-A044275,recipient_id,V32P-R007380,V32P-R0000000000000000000,V32P-R000000,False
seen_train,V32P-A056443,recipient_id,V32P-R009408,V32P-R0000000000000000000,V32P-R000000,False
seen_train,V32P-A056011,recipient_id,V32P-R009336,V32P-R0000000000000000000,V32P-R000000,False
seen_train,V32P-A029209,recipient_id,V32P-R004869,V32P-R0000000000000000000,V32P-R000000,False
seen_train,V32P-A019681,recipient_id,V32P-R003281,V32P-R0000000000000000000,V32P-R000000,False
seen_train,V32P-A047017,recipient_id,V32P-R007837,V32P-R0000000000000000000,V32P-R000000,False
seen_train,V32P-A003889,recipient_id,V32P-R000649,V32P-R0000000000000000000,V32P-R000000,False
seen_train,V32P-A002191,recipient_id,V32P-R000366,"V32P-R000001.

Yes, this is the correct answer.

No, this is",V32P-R000001,False
seen_train,V32P-A049795,recipient_id,V32P-R008300,V32P-R0000000000000000000,V32P-R000000,False
seen_train,V32P-A050641,recipient_id,V32P-R008441,V32P-R0000000000000000000,V32P-R000000,False
seen_train,V32P-A016657,recipient_id,V32P-R002777,V32P-R0000000000000000000,V32P-R000000,False
seen_train,V32P-A028609,recipient_id,V32P-R004769,"V32P-R000001.

Yes, this is the correct answer.

No, this is",V32P-R000001,False
seen_train,V32P-A012853,recipient_id,V32P-R002143,V32P-R0000000000000000000,V32P-R000000,False
seen_train,V32P-A017437,recipient_id,V32P-R002907,V32P-R0000000000000000000,V32P-R000000,False
seen_train,V32P-A012877,recipient_id,V32P-R002147,V32P-R0000000000000000000,V32P-R000000,False
seen_train,V32P-A021163,recipient_id,V32P-R003528,"V32P-R000001.

Yes, this is the correct answer.

No, this is",V32P-R000001,False
seen_train,V32P-A023485,recipient_id,V32P-R003915,V32P-R0000000000000000000,V32P-R000000,False
seen_train,V32P-A048133,recipient_id,V32P-R008023,V32P-R0000000000000000000,V32P-R000000,False
seen_train,V32P-A026353,recipient_id,V32P-R004393,V32P-R0000000000000000000,V32P-R000000,False
seen_train,V32P-A057769,recipient_id,V32P-R009629,V32P-R0000000000000000000,V32P-R000000,False
seen_train,V32P-A026899,recipient_id,V32P-R004484,V32P-R0000000000000000000,V32P-R000000,False
seen_train,V32P-A017941,recipient_id,V32P-R002991,V32P-R0000000000000000000,V32P-R000000,False
seen_train,V32P-A020791,recipient_id,V32P-R003466,V32P-R0000000000000000000,V32P-R000000,False
seen_train,V32P-A022009,recipient_id,V32P-R003669,V32P-R0000000000000000000,V32P-R000000,False
seen_train,V32P-A000649,recipient_id,V32P-R000109,V32P-R0000000000000000000,V32P-R000000,False
seen_train,V32P-A046639,recipient_id,V32P-R007774,V32P-R0000000000000000000,V32P-R000000,False
seen_train,V32P-A002587,recipient_id,V32P-R000432,V32P-R0000000000000000000,V32P-R000000,False
seen_train,V32P-A044725,recipient_id,V32P-R007455,V32P-R0000000000000000000,V32P-R000000,False
seen_train,V32P-A044293,recipient_id,V32P-R007383,V32P-R0000000000000000000,V32P-R000000,False
seen_train,V32P-A007699,recipient_id,V32P-R001284,V32P-R0000000000000000000,V32P-R000000,False
seen_train,V32P-A026983,recipient_id,V32P-R004498,"V32P-R000001.

Yes, this is the correct answer.

No, this is",V32P-R000001,False
seen_train,V32P-A021919,recipient_id,V32P-R003654,V32P-R0000000000000000000,V32P-R000000,False
seen_train,V32P-A035821,recipient_id,V32P-R005971,V32P-R0000000000000000000,V32P-R000000,False
seen_train,V32P-A000373,recipient_id,V32P-R000063,"V32P-R000001.

Yes, this is the correct answer.

No, this is",V32P-R000001,False
seen_train,V32P-A017323,recipient_id,V32P-R002888,V32P-R0000000000000000000,V32P-R000000,False
seen_train,V32P-A016189,recipient_id,V32P-R002699,"V32P-R000001.

Yes, this is the correct answer.

No, this is",V32P-R000001,False
seen_train,V32P-A015643,recipient_id,V32P-R002608,"V32P-R000001.

Yes, this is the correct answer.

No, this is",V32P-R000001,False
seen_train,V32P-A027199,recipient_id,V32P-R004534,"V32P-R000001.

Yes, this is the correct answer.

No, this is",V32P-R000001,False
seen_train,V32P-A053329,recipient_id,V32P-R008889,V32P-R0000000000000000000,V32P-R000000,False
seen_train,V32P-A009187,recipient_id,V32P-R001532,V32P-R0000000000000000000,V32P-R000000,False
seen_train,V32P-A023905,recipient_id,V32P-R003985,V32P-R0000000000000000000,V32P-R000000,False
seen_train,V32P-A035851,recipient_id,V32P-R005976,V32P-R0000000000000000000,V32P-R000000,False
seen_train,V32P-A054421,recipient_id,V32P-R009071,V32P-R0000000000000000000,V32P-R000000,False
seen_train,V32P-A033967,recipient_id,V32P-R005662,V32P-R0000000000000000000,V32P-R000000,False
seen_train,V32P-A056767,recipient_id,V32P-R009462,V32P-R0000000000000000000,V32P-R000000,False
seen_train,V32P-A011257,recipient_id,V32P-R001877,"V32P-R000001.

Yes, this is the correct answer.

No, this is",V32P-R000001,False
seen_train,V32P-A039043,recipient_id,V32P-R006508,V32P-R0000000000000000000,V32P-R000000,False
seen_train,V32P-A024571,recipient_id,V32P-R004096,"V32P-R000001.

Yes, this is the correct answer.

No, this is",V32P-R000001,False
seen_train,V32P-A001165,recipient_id,V32P-R000195,V32P-R0000000000000000000,V32P-R000000,False
seen_train,V32P-A041761,recipient_id,V32P-R006961,V32P-R0000000000000000000,V32P-R000000,False
seen_train,V32P-A011899,recipient_id,V32P-R001984,V32P-R0000000000000000000,V32P-R000000,False
seen_train,V32P-A015211,recipient_id,V32P-R002536,"V32P-R000001.

Yes, this is the correct answer.

No, this is",V32P-R000001,False
seen_train,V32P-A009685,recipient_id,V32P-R001615,"V32P-R000001.

Yes, this is the correct answer.

No, this is",V32P-R000001,False
seen_train,V32P-A014935,recipient_id,V32P-R002490,V32P-R0000000000000000000,V32P-R000000,False
seen_train,V32P-A025045,recipient_id,V32P-R004175,"V32P-R000001.

Yes, this is the correct answer.

No, this is",V32P-R000001,False
seen_train,V32P-A031279,recipient_id,V32P-R005214,"V32P-R000001.

Yes, this is the correct answer.

No, this is",V32P-R000001,False
seen_train,V32P-A035569,recipient_id,V32P-R005929,V32P-R0000000000000000000,V32P-R000000,False
seen_train,V32P-A024001,recipient_id,V32P-R004001,V32P-R0000000000000000000,V32P-R000000,False
seen_train,V32P-A055051,recipient_id,V32P-R009176,V32P-R0000000000000000000,V32P-R000000,False
seen_train,V32P-A029407,recipient_id,V32P-R004902,V32P-R0000000000000000000,V32P-R000000,False
seen_train,V32P-A033973,recipient_id,V32P-R005663,V32P-R0000000000000000000,V32P-R000000,False
seen_train,V32P-A003937,recipient_id,V32P-R000657,V32P-R0000000000000000000,V32P-R000000,False
seen_train,V32P-A013075,recipient_id,V32P-R002180,"V32P-R000001.

Yes, this is the correct answer.

No, this is",V32P-R000001,False
seen_train,V32P-A003199,recipient_id,V32P-R000534,"V32P-R000001.

Yes, this is the correct answer.

No, this is",V32P-R000001,False
seen_train,V32P-A013885,recipient_id,V32P-R002315,V32P-R0000000000000000000,V32P-R000000,False
seen_train,V32P-A022591,recipient_id,V32P-R003766,V32P-R0000000000000000000,V32P-R000000,False
seen_train,V32P-A057979,recipient_id,V32P-R009664,V32P-R0000000000000000000,V32P-R000000,False
seen_train,V32P-A029863,recipient_id,V32P-R004978,"V32P-R000001.

Yes, this is the correct answer.

No, this is",V32P-R000001,False
seen_train,V32P-A041491,recipient_id,V32P-R006916,V32P-R0000000000000000000,V32P-R000000,False
seen_train,V32P-A017815,recipient_id,V32P-R002970,V32P-R0000000000000000000,V32P-R000000,False
seen_train,V32P-A039313,recipient_id,V32P-R006553,V32P-R0000000000000000000,V32P-R000000,False
seen_train,V32P-A034291,recipient_id,V32P-R005716,V32P-R0000000000000000000,V32P-R000000,False
seen_train,V32P-A000871,recipient_id,V32P-R000146,V32P-R0000000000000000000,V32P-R000000,False
seen_train,V32P-A025897,recipient_id,V32P-R004317,"V32P-R000001.

Yes, this is the correct answer.

No, this is",V32P-R000001,False
seen_train,V32P-A018901,recipient_id,V32P-R003151,V32P-R1000000000000000000,V32P-R100000,False
seen_train,V32P-A046015,recipient_id,V32P-R007670,V32P-R0000000000000000000,V32P-R000000,False
seen_train,V32P-A057463,recipient_id,V32P-R009578,V32P-R0000000000000000000,V32P-R000000,False
seen_train,V32P-A029113,recipient_id,V32P-R004853,"V32P-R000001.

Yes, this is the correct answer.

No, this is",V32P-R000001,False
seen_train,V32P-A059065,recipient_id,V32P-R009845,V32P-R0000000000000000000,V32P-R000000,False
seen_train,V32P-A021589,recipient_id,V32P-R003599,V32P-R0000000000000000000,V32P-R000000,False
seen_train,V32P-A053521,recipient_id,V32P-R008921,"V32P-R000001.

Yes, this is the correct answer.

No, this is",V32P-R000001,False
seen_train,V32P-A046507,recipient_id,V32P-R007752,V32P-R0000000000000000000,V32P-R000000,False
seen_train,V32P-A030589,recipient_id,V32P-R005099,"V32P-R000001.

Yes, this is the correct answer.

No, this is",V32P-R000001,False
seen_train,V32P-A023365,recipient_id,V32P-R003895,"V32P-R000001.

Yes, this is the correct answer.

No, this is",V32P-R000001,False
seen_train,V32P-A001735,recipient_id,V32P-R000290,"V32P-R000001.

Yes, this is the correct answer.

No, this is",V32P-R000001,False
seen_train,V32P-A054841,recipient_id,V32P-R009141,V32P-R0000000000000000000,V32P-R000000,False
seen_train,V32P-A051847,recipient_id,V32P-R008642,V32P-R0000000000000000000,V32P-R000000,False
seen_train,V32P-A017425,recipient_id,V32P-R002905,"V32P-R000001.

Yes, this is the correct answer.

No, this is",V32P-R000001,False
seen_train,V32P-A045703,recipient_id,V32P-R007618,V32P-R0000000000000000000,V32P-R000000,False
seen_train,V32P-A010099,recipient_id,V32P-R001684,V32P-R0000000000000000000,V32P-R000000,False
seen_train,V32P-A022747,recipient_id,V32P-R003792,V32P-R0000000000000000000,V32P-R000000,False
seen_train,V32P-A027529,recipient_id,V32P-R004589,V32P-R0000000000000000000,V32P-R000000,False
seen_train,V32P-A051019,recipient_id,V32P-R008504,V32P-R0000000000000000000,V32P-R000000,False
seen_train,V32P-A058249,recipient_id,V32P-R009709,V32P-R0000000000000000000,V32P-R000000,False
seen_train,V32P-A042517,recipient_id,V32P-R007087,V32P-R0000000000000000000,V32P-R000000,False
seen_train,V32P-A035635,recipient_id,V32P-R005940,V32P-R0000000000000000000,V32P-R000000,False
seen_train,V32P-A011659,recipient_id,V32P-R001944,"V32P-R000001.

Yes, this is the correct answer.

No, this is",V32P-R000001,False
seen_train,V32P-A003451,recipient_id,V32P-R000576,V32P-R0000000000000000000,V32P-R000000,False
seen_train,V32P-A015829,recipient_id,V32P-R002639,V32P-R0000000000000000000,V32P-R000000,False
seen_train,V32P-A049273,recipient_id,V32P-R008213,V32P-R0000000000000000000,V32P-R000000,False
seen_train,V32P-A050623,recipient_id,V32P-R008438,V32P-R0000000000000000000,V32P-R000000,False
seen_train,V32P-A033889,recipient_id,V32P-R005649,V32P-R0000000000000000000,V32P-R000000,False
seen_train,V32P-A055117,recipient_id,V32P-R009187,V32P-R0000000000000000000,V32P-R000000,False
seen_train,V32P-A058093,recipient_id,V32P-R009683,V32P-R0000000000000000000,V32P-R000000,False
seen_train,V32P-A016807,recipient_id,V32P-R002802,V32P-R0000000000000000000,V32P-R000000,False
seen_train,V32P-A000691,recipient_id,V32P-R000116,V32P-R0000000000000000000,V32P-R000000,False
seen_train,V32P-A018835,recipient_id,V32P-R003140,"V32P-R000001.

Yes, this is the correct answer.

No, this is",V32P-R000001,False
seen_train,V32P-A019081,recipient_id,V32P-R003181,V32P-R0000000000000000000,V32P-R000000,False
seen_train,V32P-A006511,recipient_id,V32P-R001086,"V32P-R000001.

Yes, this is the correct answer.

No, this is",V32P-R000001,False
seen_train,V32P-A006301,recipient_id,V32P-R001051,V32P-R0000000000000000000,V32P-R000000,False
seen_train,V32P-A050281,recipient_id,V32P-R008381,"V32P-R000001.

Yes, this is the correct answer.

No, this is",V32P-R000001,False
seen_train,V32P-A033829,recipient_id,V32P-R005639,V32P-R0000000000000000000,V32P-R000000,False
seen_train,V32P-A026467,recipient_id,V32P-R004412,V32P-R0000000000000000000,V32P-R000000,False
seen_train,V32P-A000811,recipient_id,V32P-R000136,"V32P-R000001.

Yes, this is the correct answer.

No, this is",V32P-R000001,False
seen_train,V32P-A046699,recipient_id,V32P-R007784,V32P-R0000000000000000000,V32P-R000000,False
seen_train,V32P-A024883,recipient_id,V32P-R004148,V32P-R0000000000000000000,V32P-R000000,False
seen_train,V32P-A013651,recipient_id,V32P-R002276,V32P-R0000000000000000000,V32P-R000000,False
seen_train,V32P-A049393,recipient_id,V32P-R008233,"V32P-R000001.

Yes, this is the correct answer.

No, this is",V32P-R000001,False
seen_train,V32P-A013195,recipient_id,V32P-R002200,"V32P-R000001.

Yes, this is correct.

No, this is incorrect.",V32P-R000001,False
seen_train,V32P-A017503,recipient_id,V32P-R002918,"V32P-R000001.

Yes, this is the correct answer.

No, this is",V32P-R000001,False
seen_train,V32P-A004933,recipient_id,V32P-R000823,V32P-R0000000000000000000,V32P-R000000,False
unseen_test,V32P-A027211,recipient_id,V32P-R004536,"V32P-R000001.

Yes, this is the correct answer.

No, this is",V32P-R000001,False
unseen_test,V32P-A030259,recipient_id,V32P-R005044,V32P-R0000000000000000000,V32P-R000000,False
unseen_test,V32P-A040921,recipient_id,V32P-R006821,V32P-R0000000000000000000,V32P-R000000,False
unseen_test,V32P-A021853,recipient_id,V32P-R003643,V32P-R1000000000000000000,V32P-R100000,False
unseen_test,V32P-A007585,recipient_id,V32P-R001265,V32P-R0000000000000000000,V32P-R000000,False
unseen_test,V32P-A033109,recipient_id,V32P-R005519,V32P-R0000000000000000000,V32P-R000000,False
unseen_test,V32P-A050401,recipient_id,V32P-R008401,V32P-R0000000000000000000,V32P-R000000,False
unseen_test,V32P-A000931,recipient_id,V32P-R000156,"V32P-R000001.

Yes, this is the correct answer.

No, this is",V32P-R000001,False
unseen_test,V32P-A013345,recipient_id,V32P-R002225,V32P-R0000000000000000000,V32P-R000000,False
unseen_test,V32P-A037981,recipient_id,V32P-R006331,V32P-R0000000000000000000,V32P-R000000,False
unseen_test,V32P-A005563,recipient_id,V32P-R000928,V32P-R0000000000000000000,V32P-R000000,False
unseen_test,V32P-A029677,recipient_id,V32P-R004947,V32P-R0000000000000000000,V32P-R000000,False
unseen_test,V32P-A007009,recipient_id,V32P-R001169,V32P-R0000000000000000000,V32P-R000000,False
unseen_test,V32P-A011461,recipient_id,V32P-R001911,V32P-R0000000000000000000,V32P-R000000,False
unseen_test,V32P-A034423,recipient_id,V32P-R005738,"V32P-R000001.

Yes, this is correct.

No, this is incorrect.",V32P-R000001,False
unseen_test,V32P-A018799,recipient_id,V32P-R003134,V32P-R0000000000000000000,V32P-R000000,False
unseen_test,V32P-A041407,recipient_id,V32P-R006902,V32P-R0000000000000000000,V32P-R000000,False
unseen_test,V32P-A035557,recipient_id,V32P-R005927,"V32P-R000001.

Yes, this is the correct answer.

No, this is",V32P-R000001,False
unseen_test,V32P-A041479,recipient_id,V32P-R006914,V32P-R0000000000000000000,V32P-R000000,False
unseen_test,V32P-A017737,recipient_id,V32P-R002957,V32P-R0000000000000000000,V32P-R000000,False
unseen_test,V32P-A024589,recipient_id,V32P-R004099,"V32P-R000001.

Yes, this is the correct answer.

No, this is",V32P-R000001,False
unseen_test,V32P-A009043,recipient_id,V32P-R001508,"V32P-R000001.

Yes, this is the correct answer.

No, this is",V32P-R000001,False
unseen_test,V32P-A051709,recipient_id,V32P-R008619,V32P-R1000000000000000000,V32P-R100000,False
unseen_test,V32P-A043591,recipient_id,V32P-R007266,V32P-R0000000000000000000,V32P-R000000,False
unseen_test,V32P-A043075,recipient_id,V32P-R007180,"V32P-R000001.

Yes, this is the correct answer.

No, this is",V32P-R000001,False
unseen_test,V32P-A001465,recipient_id,V32P-R000245,"V32P-R000001.

Yes, this is the correct answer.

No, this is",V32P-R000001,False
unseen_test,V32P-A003463,recipient_id,V32P-R000578,V32P-R0000000000000000000,V32P-R000000,False
unseen_test,V32P-A023269,recipient_id,V32P-R003879,V32P-R0000000000000000000,V32P-R000000,False
unseen_test,V32P-A001669,recipient_id,V32P-R000279,V32P-R0000000000000000000,V32P-R000000,False
unseen_test,V32P-A052471,recipient_id,V32P-R008746,V32P-R0000000000000000000,V32P-R000000,False
unseen_test,V32P-A047185,recipient_id,V32P-R007865,"V32P-R000001.

Yes, this is the correct answer.

No, this is",V32P-R000001,False
unseen_test,V32P-A022129,recipient_id,V32P-R003689,V32P-R0000000000000000000,V32P-R000000,False
unseen_test,V32P-A034081,recipient_id,V32P-R005681,V32P-R0000000000000000000,V32P-R000000,False
unseen_test,V32P-A028015,recipient_id,V32P-R004670,"V32P-R000001.

Yes, this is the correct answer.

No, this is",V32P-R000001,False
unseen_test,V32P-A039373,recipient_id,V32P-R006563,"V32P-R000001.

Yes, this is the correct answer.

No, this is",V32P-R000001,False
unseen_test,V32P-A041305,recipient_id,V32P-R006885,V32P-R0000000000000000000,V32P-R000000,False
unseen_test,V32P-A009247,recipient_id,V32P-R001542,V32P-R0000000000000000000,V32P-R000000,False
unseen_test,V32P-A054997,recipient_id,V32P-R009167,V32P-R0000000000000000000,V32P-R000000,False
unseen_test,V32P-A021787,recipient_id,V32P-R003632,V32P-R0000000000000000000,V32P-R000000,False
unseen_test,V32P-A052411,recipient_id,V32P-R008736,V32P-R0000000000000000000,V32P-R000000,False
unseen_test,V32P-A051001,recipient_id,V32P-R008501,V32P-R0000000000000000000,V32P-R000000,False
unseen_test,V32P-A026689,recipient_id,V32P-R004449,V32P-R0000000000000000000,V32P-R000000,False
unseen_test,V32P-A022831,recipient_id,V32P-R003806,V32P-R0000000000000000000,V32P-R000000,False
unseen_test,V32P-A053311,recipient_id,V32P-R008886,V32P-R0000000000000000000,V32P-R000000,False
unseen_test,V32P-A041809,recipient_id,V32P-R006969,V32P-R0000000000000000000,V32P-R000000,False
unseen_test,V32P-A041089,recipient_id,V32P-R006849,V32P-R0000000000000000000,V32P-R000000,False
unseen_test,V32P-A001471,recipient_id,V32P-R000246,V32P-R0000000000000000000,V32P-R000000,False
unseen_test,V32P-A054181,recipient_id,V32P-R009031,V32P-R0000000000000000000,V32P-R000000,False
unseen_test,V32P-A004471,recipient_id,V32P-R000746,V32P-R0000000000000000000,V32P-R000000,False
unseen_test,V32P-A016639,recipient_id,V32P-R002774,V32P-R0000000000000000000,V32P-R000000,False
unseen_test,V32P-A025123,recipient_id,V32P-R004188,V32P-R0000000000000000000,V32P-R000000,False
unseen_test,V32P-A010747,recipient_id,V32P-R001792,V32P-R0000000000000000000,V32P-R000000,False
unseen_test,V32P-A007213,recipient_id,V32P-R001203,"V32P-R000001.

Yes, this is the correct answer.

No, this is",V32P-R000001,False
unseen_test,V32P-A033001,recipient_id,V32P-R005501,"V32P-R000001.

Yes, this is the correct answer.

No, this is",V32P-R000001,False
unseen_test,V32P-A001081,recipient_id,V32P-R000181,V32P-R0000000000000000000,V32P-R000000,False
unseen_test,V32P-A019087,recipient_id,V32P-R003182,V32P-R0000000000000000000,V32P-R000000,False
unseen_test,V32P-A042379,recipient_id,V32P-R007064,V32P-R0000000000000000000,V32P-R000000,False
unseen_test,V32P-A014005,recipient_id,V32P-R002335,V32P-R0000000000000000000,V32P-R000000,False
unseen_test,V32P-A007915,recipient_id,V32P-R001320,V32P-R0000000000000000000,V32P-R000000,False
unseen_test,V32P-A036901,recipient_id,V32P-R006151,V32P-R0000000000000000000,V32P-R000000,False
unseen_test,V32P-A006079,recipient_id,V32P-R001014,V32P-R0000000000000000000,V32P-R000000,False
unseen_test,V32P-A015967,recipient_id,V32P-R002662,V32P-R0000000000000000000,V32P-R000000,False
unseen_test,V32P-A058753,recipient_id,V32P-R009793,V32P-R0000000000000000000,V32P-R000000,False
unseen_test,V32P-A021547,recipient_id,V32P-R003592,V32P-R0000000000000000000,V32P-R000000,False
unseen_test,V32P-A018385,recipient_id,V32P-R003065,V32P-R0000000000000000000,V32P-R000000,False
unseen_test,V32P-A052981,recipient_id,V32P-R008831,V32P-R0000000000000000000,V32P-R000000,False
unseen_test,V32P-A042319,recipient_id,V32P-R007054,V32P-R0000000000000000000,V32P-R000000,False
unseen_test,V32P-A049699,recipient_id,V32P-R008284,V32P-R0000000000000000000,V32P-R000000,False
unseen_test,V32P-A014857,recipient_id,V32P-R002477,V32P-R0000000000000000000,V32P-R000000,False
unseen_test,V32P-A053881,recipient_id,V32P-R008981,"V32P-R000001.

Yes, this is the correct answer.

No, this is",V32P-R000001,False
unseen_test,V32P-A041149,recipient_id,V32P-R006859,V32P-R0000000000000000000,V32P-R000000,False
unseen_test,V32P-A017041,recipient_id,V32P-R002841,"V32P-R000001.

Yes, this is the correct answer.

No, this is",V32P-R000001,False
unseen_test,V32P-A013873,recipient_id,V32P-R002313,V32P-R0000000000000000000,V32P-R000000,False
unseen_test,V32P-A030097,recipient_id,V32P-R005017,V32P-R0000000000000000000,V32P-R000000,False
unseen_test,V32P-A003385,recipient_id,V32P-R000565,V32P-R0000000000000000000,V32P-R000000,False
unseen_test,V32P-A056389,recipient_id,V32P-R009399,V32P-R0000000000000000000,V32P-R000000,False
unseen_test,V32P-A016717,recipient_id,V32P-R002787,V32P-R0000000000000000000,V32P-R000000,False
unseen_test,V32P-A022441,recipient_id,V32P-R003741,V32P-R0000000000000000000,V32P-R000000,False
unseen_test,V32P-A034123,recipient_id,V32P-R005688,"V32P-R000001.

Yes, this is the correct answer.

No, this is",V32P-R000001,False
unseen_test,V32P-A058693,recipient_id,V32P-R009783,V32P-R0000000000000000000,V32P-R000000,False
unseen_test,V32P-A001891,recipient_id,V32P-R000316,V32P-R0000000000000000000,V32P-R000000,False
unseen_test,V32P-A048295,recipient_id,V32P-R008050,"V32P-R000001.

Yes, this is the correct answer.

No, this is",V32P-R000001,False
unseen_test,V32P-A031339,recipient_id,V32P-R005224,"V32P-R000001.

Yes, this is the correct answer.

No, this is",V32P-R000001,False
unseen_test,V32P-A056497,recipient_id,V32P-R009417,V32P-R0000000000000000000,V32P-R000000,False
unseen_test,V32P-A058225,recipient_id,V32P-R009705,"V32P-R000001.

Yes, this is the correct answer.

No, this is",V32P-R000001,False
unseen_test,V32P-A020071,recipient_id,V32P-R003346,"V32P-R000001.

Yes, this is the correct answer.

No, this is",V32P-R000001,False
unseen_test,V32P-A056473,recipient_id,V32P-R009413,V32P-R0000000000000000000,V32P-R000000,False
unseen_test,V32P-A041335,recipient_id,V32P-R006890,V32P-R0000000000000000000,V32P-R000000,False
unseen_test,V32P-A021679,recipient_id,V32P-R003614,V32P-R0000000000000000000,V32P-R000000,False
unseen_test,V32P-A003631,recipient_id,V32P-R000606,"V32P-R000001.

Yes, this is the correct answer.

No, this is",V32P-R000001,False
unseen_test,V32P-A000451,recipient_id,V32P-R000076,V32P-R0000000000000000000,V32P-R000000,False
unseen_test,V32P-A037591,recipient_id,V32P-R006266,V32P-R0000000000000000000,V32P-R000000,False
unseen_test,V32P-A021013,recipient_id,V32P-R003503,"V32P-R000001.

Yes, this is correct.

No, this is incorrect.",V32P-R000001,False
unseen_test,V32P-A051955,recipient_id,V32P-R008660,V32P-R0000000000000000000,V32P-R000000,False
unseen_test,V32P-A058933,recipient_id,V32P-R009823,V32P-R0000000000000000000,V32P-R000000,False
unseen_test,V32P-A022399,recipient_id,V32P-R003734,V32P-R0000000000000000000,V32P-R000000,False
unseen_test,V32P-A045193,recipient_id,V32P-R007533,V32P-R0000000000000000000,V32P-R000000,False
unseen_test,V32P-A056803,recipient_id,V32P-R009468,V32P-R0000000000000000000,V32P-R000000,False
unseen_test,V32P-A024313,recipient_id,V32P-R004053,"V32P-R000001.

Yes, this is the correct answer.

No, this is",V32P-R000001,False
unseen_test,V32P-A023035,recipient_id,V32P-R003840,V32P-R0000000000000000000,V32P-R000000,False
unseen_test,V32P-A014995,recipient_id,V32P-R002500,"V32P-R000001.

Yes, this is the correct answer.

No, this is",V32P-R000001,False
unseen_test,V32P-A017509,recipient_id,V32P-R002919,V32P-R0000000000000000000,V32P-R000000,False
unseen_test,V32P-A006805,recipient_id,V32P-R001135,V32P-R0000000000000000000,V32P-R000000,False
unseen_test,V32P-A022645,recipient_id,V32P-R003775,"V32P-R000001.

Yes, this is the correct answer.

No, this is",V32P-R000001,False
unseen_test,V32P-A008623,recipient_id,V32P-R001438,V32P-R0000000000000000000,V32P-R000000,False
unseen_test,V32P-A029605,recipient_id,V32P-R004935,"V32P-R000001.

Yes, this is the correct answer.

No, this is",V32P-R000001,False
unseen_test,V32P-A010537,recipient_id,V32P-R001757,V32P-R0000000000000000000,V32P-R000000,False
unseen_test,V32P-A010807,recipient_id,V32P-R001802,V32P-R0000000000000000000,V32P-R000000,False
unseen_test,V32P-A018499,recipient_id,V32P-R003084,V32P-R0000000000000000000,V32P-R000000,False
unseen_test,V32P-A047887,recipient_id,V32P-R007982,V32P-R0000000000000000000,V32P-R000000,False
unseen_test,V32P-A058759,recipient_id,V32P-R009794,V32P-R0000000000000000000,V32P-R000000,False
unseen_test,V32P-A014251,recipient_id,V32P-R002376,V32P-R0000000000000000000,V32P-R000000,False
unseen_test,V32P-A048307,recipient_id,V32P-R008052,V32P-R0000000000000000000,V32P-R000000,False
unseen_test,V32P-A031999,recipient_id,V32P-R005334,V32P-R0000000000000000000,V32P-R000000,False
unseen_test,V32P-A047497,recipient_id,V32P-R007917,V32P-R0000000000000000000,V32P-R000000,False
unseen_test,V32P-A000001,recipient_id,V32P-R000001,V32P-R0000000000000000000,V32P-R000000,False
unseen_test,V32P-A021127,recipient_id,V32P-R003522,V32P-R0000000000000000000,V32P-R000000,False
unseen_test,V32P-A036457,recipient_id,V32P-R006077,V32P-R0000000000000000000,V32P-R000000,False
unseen_test,V32P-A029401,recipient_id,V32P-R004901,V32P-R0000000000000000000,V32P-R000000,False
unseen_test,V32P-A016399,recipient_id,V32P-R002734,V32P-R0000000000000000000,V32P-R000000,False
unseen_test,V32P-A045415,recipient_id,V32P-R007570,"V32P-R000001.

Yes, this is the correct answer.

No, this is",V32P-R000001,False
unseen_test,V32P-A017863,recipient_id,V32P-R002978,V32P-R0000000000000000000,V32P-R000000,False
unseen_test,V32P-A007375,recipient_id,V32P-R001230,V32P-R0000000000000000000,V32P-R000000,False
unseen_test,V32P-A033103,recipient_id,V32P-R005518,"V32P-R000001.

Yes, this is the correct answer.

No, this is",V32P-R000001,False
unseen_test,V32P-A057997,recipient_id,V32P-R009667,V32P-R0000000000000000000,V32P-R000000,False
unseen_test,V32P-A034333,recipient_id,V32P-R005723,V32P-R0000000000000000000,V32P-R000000,False
unseen_test,V32P-A052081,recipient_id,V32P-R008681,V32P-R0000000000000000000,V32P-R000000,False
unseen_test,V32P-A000571,recipient_id,V32P-R000096,V32P-R0000000000000000000,V32P-R000000,False
unseen_test,V32P-A038551,recipient_id,V32P-R006426,V32P-R1000000000000000000,V32P-R100000,False
unseen_test,V32P-A017431,recipient_id,V32P-R002906,V32P-R1000000000000000000,V32P-R100000,False
unseen_test,V32P-A029059,recipient_id,V32P-R004844,V32P-R0000000000000000000,V32P-R000000,False
unseen_test,V32P-A000973,recipient_id,V32P-R000163,V32P-R0000000000000000000,V32P-R000000,False
unseen_test,V32P-A035911,recipient_id,V32P-R005986,V32P-R0000000000000000000,V32P-R000000,False
unseen_test,V32P-A026779,recipient_id,V32P-R004464,V32P-R0000000000000000000,V32P-R000000,False
unseen_test,V32P-A038611,recipient_id,V32P-R006436,V32P-R0000000000000000000,V32P-R000000,False
unseen_test,V32P-A030103,recipient_id,V32P-R005018,V32P-R0000000000000000000,V32P-R000000,False
unseen_test,V32P-A040579,recipient_id,V32P-R006764,V32P-R0000000000000000000,V32P-R000000,False
unseen_test,V32P-A058699,recipient_id,V32P-R009784,V32P-R0000000000000000000,V32P-R000000,False
unseen_test,V32P-A054487,recipient_id,V32P-R009082,"V32P-R000001.

Yes, this is the correct answer.

No, this is",V32P-R000001,False
unseen_test,V32P-A031831,recipient_id,V32P-R005306,V32P-R0000000000000000000,V32P-R000000,False
unseen_test,V32P-A026533,recipient_id,V32P-R004423,"V32P-R000001.

Yes, this is the correct answer.

No, this is",V32P-R000001,False
unseen_test,V32P-A043909,recipient_id,V32P-R007319,"V32P-R000001.

Yes, this is the correct answer.

No, this is",V32P-R000001,False
unseen_test,V32P-A015571,recipient_id,V32P-R002596,V32P-R0000000000000000000,V32P-R000000,False
unseen_test,V32P-A045577,recipient_id,V32P-R007597,"V32P-R000001.

Yes, this is the correct answer.

No, this is",V32P-R000001,False
unseen_test,V32P-A059017,recipient_id,V32P-R009837,V32P-R0000000000000000000,V32P-R000000,False
unseen_test,V32P-A048157,recipient_id,V32P-R008027,V32P-R0000000000000000000,V32P-R000000,False
unseen_test,V32P-A034885,recipient_id,V32P-R005815,V32P-R0000000000000000000,V32P-R000000,False
unseen_test,V32P-A025177,recipient_id,V32P-R004197,V32P-R0000000000000000000,V32P-R000000,False
unseen_test,V32P-A007573,recipient_id,V32P-R001263,V32P-R0000000000000000000,V32P-R000000,False
unseen_test,V32P-A040087,recipient_id,V32P-R006682,V32P-R0000000000000000000,V32P-R000000,False
seen_train,V32P-A049135,donor_id,V32P-DD001585,"V32P-D001.

Yes, this is correct.

No, this is incorrect.

No, this",,False
seen_train,V32P-A032401,donor_id,V32P-DL000568,"V32P-D001.

Yes, this is correct.

No, this is incorrect.

No, this",,False
seen_train,V32P-A050701,donor_id,V32P-DP000844,V32P-D0000000000000000000,,False
seen_train,V32P-A037345,donor_id,V32P-DL000127,"V32P-D000001.

Yes, this is correct.

No, this is incorrect.",,False
seen_train,V32P-A056107,donor_id,V32P-DL002239,"V32P-D000001.

Yes, this is correct.

No, this is incorrect.",,False
seen_train,V32P-A018301,donor_id,V32P-DP001817,"V32P-D000001.

Yes, this is correct.

No, this is incorrect.",,False
seen_train,V32P-A019225,donor_id,V32P-DP000142,"V32P-D000001.

Yes, this is correct.

No, this is incorrect.",,False
seen_train,V32P-A017719,donor_id,V32P-DP000331,V32P-D0000000000000000000,,False
seen_train,V32P-A056035,donor_id,V32P-DD001864,V32P-D0000000000000000000,,False
seen_train,V32P-A017929,donor_id,V32P-DP001616,"V32P-D000001.

Yes, this is correct.

No, this is incorrect.",,False
seen_train,V32P-A007711,donor_id,V32P-DL002083,"V32P-D001.

Yes, the donor identifier is V32P-D001.",,False
seen_train,V32P-A012559,donor_id,V32P-DL002742,"V32P-D000001.

Yes, this is correct.

No, this is incorrect.",,False
seen_train,V32P-A059557,donor_id,V32P-DL003994,V32P-D0000000000000000000,,False
seen_train,V32P-A023287,donor_id,V32P-DL000606,V32P-D0000000000000000000,,False
seen_train,V32P-A020029,donor_id,V32P-DL001641,V32P-D0000000000000000000,,False
seen_train,V32P-A036925,donor_id,V32P-DL001178,V32P-D0000000000000000000,,False
seen_train,V32P-A010225,donor_id,V32P-DL003353,V32P-D0000000000000000000,,False
seen_train,V32P-A006685,donor_id,V32P-DP001998,"V32P-D001.

Yes, the donor identifier is V32P-D001.",,False
seen_train,V32P-A055069,donor_id,V32P-DP000424,V32P-D0000000000000000000,,False
seen_train,V32P-A015949,donor_id,V32P-DP001661,V32P-D0000000000000000000,,False
seen_train,V32P-A055579,donor_id,V32P-DD001520,V32P-D0000000000000000000,,False
seen_train,V32P-A057577,donor_id,V32P-DP001211,V32P-D0000000000000000000,,False
seen_train,V32P-A014569,donor_id,V32P-DL002189,"V32P-D001.

Yes, the donor identifier is V32P-D001.",,False
seen_train,V32P-A046903,donor_id,V32P-DP001321,V32P-D0000000000000000000,,False
seen_train,V32P-A015925,donor_id,V32P-DL003647,V32P-D0000000000000000000,,False
seen_train,V32P-A057193,donor_id,V32P-DD000982,"V32P-D000001.

Yes, this is correct.

No, this is incorrect.",,False
seen_train,V32P-A026281,donor_id,V32P-DL000601,V32P-D0000000000000000000,,False
seen_train,V32P-A047341,donor_id,V32P-DL002911,"V32P-D000001.

Yes, the donor identifier is V32P-D0",,False
seen_train,V32P-A043519,donor_id,V32P-DP001751,V32P-D0000000000000000000,,False
seen_train,V32P-A049915,donor_id,V32P-DD001331,V32P-D0000000000000000000,,False
seen_train,V32P-A013693,donor_id,V32P-DD001180,V32P-D0000000000000000000,,False
seen_train,V32P-A056029,donor_id,V32P-DL003279,V32P-D0000000000000000000,,False
seen_train,V32P-A032179,donor_id,V32P-DD000235,V32P-D0000000000000000000,,False
seen_train,V32P-A048259,donor_id,V32P-DP001543,"V32P-D000001.

Yes, this is correct.

No, this is incorrect.",,False
seen_train,V32P-A051343,donor_id,V32P-DD001920,V32P-D0000000000000000000,,False
seen_train,V32P-A000241,donor_id,V32P-DD000401,"V32P-D000001.

Yes, this is correct.

No, this is incorrect.",,False
seen_train,V32P-A048271,donor_id,V32P-DD000090,"V32P-D000001.

Yes, this is correct.

No, this is incorrect.",,False
seen_train,V32P-A000859,donor_id,V32P-DL002848,"V32P-D000001.

Yes, this is correct.

No, this is incorrect.",,False
seen_train,V32P-A015703,donor_id,V32P-DL003430,V32P-D0000000000000000000,,False
seen_train,V32P-A033445,donor_id,V32P-DD000717,"V32P-D001.

Yes, the answer is correct. The donor identifier is V32P",,False
seen_train,V32P-A047023,donor_id,V32P-DP001741,V32P-D0000000000000000000,,False
seen_train,V32P-A054913,donor_id,V32P-DP001692,V32P-D0000000000000000000,,False
seen_train,V32P-A048337,donor_id,V32P-DL003840,"V32P-D001.

Yes, this is correct.

No, this is incorrect.

No, this",,False
seen_train,V32P-A039553,donor_id,V32P-DL003914,V32P-D0000000000000000000,,False
seen_train,V32P-A055645,donor_id,V32P-DL002675,"V32P-D01.

Yes, the donor identifier is V32P-D01.

No,",,False
seen_train,V32P-A031825,donor_id,V32P-DP001318,V32P-D0000000000000000000,,False
seen_train,V32P-A040747,donor_id,V32P-DD000253,V32P-D0000000000000000000,,False
seen_train,V32P-A019195,donor_id,V32P-DP000671,V32P-D0000000000000000000,,False
seen_train,V32P-A034753,donor_id,V32P-DP001772,V32P-D0000000000000000000,,False
seen_train,V32P-A055651,donor_id,V32P-DD001397,"V32P-D000001.

Yes, this is correct.

No, this is incorrect.",,False
seen_train,V32P-A015301,donor_id,V32P-DL001835,V32P-D0000000000000000000,,False
seen_train,V32P-A026509,donor_id,V32P-DP001082,V32P-D0000000000000000000,,False
seen_train,V32P-A016033,donor_id,V32P-DP001842,V32P-D0000000000000000000,,False
seen_train,V32P-A009979,donor_id,V32P-DD001193,"V32P-D001.

Yes, the donor identifier is V32P-D001.",,False
seen_train,V32P-A007129,donor_id,V32P-DP001555,"V32P-D001189.

Yes, this is correct.

No, this is incorrect.",,False
seen_train,V32P-A011377,donor_id,V32P-DL000706,V32P-D0000000000000000000,,False
seen_train,V32P-A012481,donor_id,V32P-DP001006,"V32P-D000001.

Yes, this is correct.

No, this is incorrect.",,False
seen_train,V32P-A040393,donor_id,V32P-DL000494,"V32P-D000001.

Yes, this is correct.

No, this is incorrect.",,False
seen_train,V32P-A036541,donor_id,V32P-DL000457,"V32P-D000001.

Yes, this is correct.

No, this is incorrect.",,False
seen_train,V32P-A026881,donor_id,V32P-DP000945,V32P-D0000000000000000000,,False
seen_train,V32P-A025231,donor_id,V32P-DD000858,V32P-D0000000000000000000,,False
seen_train,V32P-A002683,donor_id,V32P-DL003780,"V32P-D000001.

Yes, this is correct.

No, this is incorrect.",,False
seen_train,V32P-A016513,donor_id,V32P-DL001020,V32P-D0000000000000000000,,False
seen_train,V32P-A055969,donor_id,V32P-DP001017,"V32P-D000001.

Yes, this is correct.

No, this is incorrect.",,False
seen_train,V32P-A023161,donor_id,V32P-DL000145,V32P-D0000000000000000000,,False
seen_train,V32P-A035305,donor_id,V32P-DL000901,V32P-D0000000000000000000,,False
seen_train,V32P-A021025,donor_id,V32P-DP001502,"V32P-D000001.

Yes, this is correct.

No, this is incorrect.",,False
seen_train,V32P-A001831,donor_id,V32P-DL001764,"V32P-D000001.

Yes, this is correct.

No, this is incorrect.",,False
seen_train,V32P-A001333,donor_id,V32P-DP000306,"V32P-D000001.

Yes, this is correct.

No, this is incorrect.",,False
seen_train,V32P-A035419,donor_id,V32P-DP000998,"V32P-D001.

Yes, the answer is correct.

No, the answer is incorrect.

No",,False
seen_train,V32P-A015001,donor_id,V32P-DL000231,"V32P-D001.

Yes, the answer is correct.

No, the answer is incorrect.

No",,False
seen_train,V32P-A013909,donor_id,V32P-DP001965,"V32P-D001.

Yes, this is correct.

No, this is incorrect.

No, this",,False
seen_train,V32P-A030181,donor_id,V32P-DL001656,"V32P-D001.

Yes, the answer is correct. The donor identifier is V32P",,False
seen_train,V32P-A054955,donor_id,V32P-DD001705,"V32P-D001.

Yes, this is correct.

No, this is incorrect.

No, this",,False
seen_train,V32P-A003565,donor_id,V32P-DP000334,"V32P-D000001.

Yes, this is correct.

No, this is incorrect.",,False
seen_train,V32P-A038869,donor_id,V32P-DP000562,"V32P-D001234.

Yes, the donor identifier is V32P-D0",,False
seen_train,V32P-A049741,donor_id,V32P-DP001568,"V32P-D000001.

Yes, this is correct.

No, this is incorrect.",,False
seen_train,V32P-A030955,donor_id,V32P-DL003326,V32P-D0000000000000000000,,False
seen_train,V32P-A007021,donor_id,V32P-DL003969,"V32P-D001171.

Yes, this is correct.

No, this is incorrect.",,False
seen_train,V32P-A024847,donor_id,V32P-DL001232,V32P-D0000000000000000000,,False
seen_train,V32P-A032125,donor_id,V32P-DP001994,V32P-D0000000000000000000,,False
seen_train,V32P-A058843,donor_id,V32P-DP001788,V32P-D0000000000000000000,,False
seen_train,V32P-A001849,donor_id,V32P-DP000487,"V32P-D000001.

Yes, this is correct.

No, this is incorrect.",,False
seen_train,V32P-A002065,donor_id,V32P-DL003967,"V32P-D000001.

Yes, this is correct.

No, this is incorrect.",,False
seen_train,V32P-A041611,donor_id,V32P-DL003029,"V32P-D001.

Yes, the answer is correct.

No, the answer is incorrect.

No",,False
seen_train,V32P-A021847,donor_id,V32P-DL003297,V32P-D0000000000000000000,,False
seen_train,V32P-A051895,donor_id,V32P-DP000599,V32P-D0000000000000000000,,False
seen_train,V32P-A004777,donor_id,V32P-DD001442,"V32P-D000001.

Yes, the donor identifier is V32P-D0",,False
seen_train,V32P-A008695,donor_id,V32P-DD000861,"V32P-D000001.

Yes, this is correct.

No, this is incorrect.",,False
seen_train,V32P-A055123,donor_id,V32P-DP001037,V32P-D0000000000000000000,,False
seen_train,V32P-A054055,donor_id,V32P-DL000511,"V32P-D000001.

Yes, this is correct.

No, this is incorrect.",,False
seen_train,V32P-A012391,donor_id,V32P-DP000475,V32P-D0000000000000000000,,False
seen_train,V32P-A059539,donor_id,V32P-DP001258,"V32P-D000001.

Yes, this is correct.

No, this is incorrect.",,False
seen_train,V32P-A005125,donor_id,V32P-DP001566,"V32P-D000001.

Yes, this is correct.

No, this is incorrect.",,False
seen_train,V32P-A007843,donor_id,V32P-DL001716,"V32P-D001.

Yes, the answer is correct.

No, the answer is incorrect.

No",,False
seen_train,V32P-A019297,donor_id,V32P-DL003386,"V32P-D000001.

Yes, this is correct.

No, this is incorrect.",,False
seen_train,V32P-A027931,donor_id,V32P-DD001821,V32P-D0000000000000000000,,False
seen_train,V32P-A059365,donor_id,V32P-DP001373,V32P-D0000000000000000000,,False
seen_train,V32P-A009139,donor_id,V32P-DL003634,"V32P-D001524.

Yes, this is correct.

No, this is incorrect.",,False
seen_train,V32P-A046759,donor_id,V32P-DD000271,V32P-D0000000000000000000,,False
seen_train,V32P-A028639,donor_id,V32P-DL002446,V32P-D0000000000000000000,,False
seen_train,V32P-A006013,donor_id,V32P-DL002294,"V32P-D000001.

Yes, this is correct.

No, this is incorrect.",,False
seen_train,V32P-A027037,donor_id,V32P-DL001040,"V32P-D000001.

Yes, this is correct.

No, this is incorrect.",,False
seen_train,V32P-A006553,donor_id,V32P-DL000946,"V32P-D001.

Yes, the donor identifier is V32P-D001.",,False
seen_train,V32P-A018697,donor_id,V32P-DL003798,"V32P-D000001.

Yes, this is correct.

No, this is incorrect.",,False
seen_train,V32P-A013723,donor_id,V32P-DP001291,"V32P-D001234.

Yes, the donor identifier is V32P-D0",,False
seen_train,V32P-A003721,donor_id,V32P-DL002335,"V32P-D000001.

Yes, this is correct.

No, this is incorrect.",,False
seen_train,V32P-A052651,donor_id,V32P-DP001729,"V32P-D01.

Yes, the answer is correct.

No, the answer is incorrect.

No.",,False
seen_train,V32P-A009433,donor_id,V32P-DL003221,V32P-D0000000000000000000,,False
seen_train,V32P-A058399,donor_id,V32P-DD001048,V32P-D0000000000000000000,,False
seen_train,V32P-A037765,donor_id,V32P-DD000849,V32P-D0000000000000000000,,False
seen_train,V32P-A020815,donor_id,V32P-DD001288,V32P-D0000000000000000000,,False
seen_train,V32P-A054919,donor_id,V32P-DL001598,V32P-D0000000000000000000,,False
seen_train,V32P-A058195,donor_id,V32P-DL001051,"V32P-D001.

Yes, the answer is correct.

No, the answer is incorrect.

No",,False
seen_train,V32P-A044683,donor_id,V32P-DP000295,V32P-D0000000000000000000,,False
seen_train,V32P-A026443,donor_id,V32P-DP000997,"V32P-D000001.

Yes, this is correct.

No, this is incorrect.",,False
seen_train,V32P-A007663,donor_id,V32P-DP000741,"V32P-D001278.

Yes, this is correct.

No, this is incorrect.",,False
seen_train,V32P-A053173,donor_id,V32P-DL000894,"V32P-D001.

Yes, the answer is correct. The donor identifier is V32P",,False
seen_train,V32P-A047545,donor_id,V32P-DD000361,V32P-D0000000000000000000,,False
seen_train,V32P-A045355,donor_id,V32P-DL003462,"V32P-D000001.

Yes, this is correct.

No, this is incorrect.",,False
seen_train,V32P-A050713,donor_id,V32P-DP001375,V32P-D0000000000000000000,,False
seen_train,V32P-A054649,donor_id,V32P-DD000169,"V32P-D001.

Yes, the donor identifier is V32P-D001.",,False
seen_train,V32P-A015073,donor_id,V32P-DP000126,V32P-D0000000000000000000,,False
seen_train,V32P-A000529,donor_id,V32P-DL003589,"V32P-D000001.

Yes, this is correct.

No, this is incorrect.",,False
seen_train,V32P-A042265,donor_id,V32P-DP001138,"V32P-D001.

Yes, this is correct.

No, this is incorrect.

No, this",,False
seen_train,V32P-A010111,donor_id,V32P-DL001966,V32P-D0000000000000000000,,False
seen_train,V32P-A025555,donor_id,V32P-DL000287,V32P-D0000000000000000000,,False
seen_train,V32P-A006127,donor_id,V32P-DL000814,"V32P-D001022.

Yes, this is correct.

No, this is incorrect.",,False
seen_train,V32P-A027283,donor_id,V32P-DP001327,V32P-D0000000000000000000,,False
seen_train,V32P-A018757,donor_id,V32P-DP000714,V32P-D0000000000000000000,,False
seen_train,V32P-A053743,donor_id,V32P-DP001225,V32P-D0000000000000000000,,False
seen_train,V32P-A051733,donor_id,V32P-DL003793,"V32P-D000001.

Yes, this is correct.

No, this is incorrect.",,False
seen_train,V32P-A017161,donor_id,V32P-DL001788,"V32P-D001

Yes, the donor identifier is V32P-D001.",,False
seen_train,V32P-A007225,donor_id,V32P-DL002706,"V32P-D001205.

Yes, this is correct.

No, this is incorrect.",,False
seen_train,V32P-A019315,donor_id,V32P-DP001495,"V32P-D000001.

Yes, this is correct.

No, this is incorrect.",,False
seen_train,V32P-A006169,donor_id,V32P-DP001269,"V32P-D001029.

Yes, this is correct.

No, this is incorrect.",,False
seen_train,V32P-A031267,donor_id,V32P-DP001328,V32P-D0000000000000000000,,False
seen_train,V32P-A055447,donor_id,V32P-DP001813,V32P-D0000000000000000000,,False
seen_train,V32P-A054949,donor_id,V32P-DD001861,"V32P-D09.

Yes, the answer is correct.

No, the answer is incorrect.

No.",,False
seen_train,V32P-A044047,donor_id,V32P-DL003294,"V32P-D001.

Yes, the answer is correct.

No, the answer is incorrect.

No",,False
seen_train,V32P-A050935,donor_id,V32P-DP000344,V32P-D0000000000000000000,,False
seen_train,V32P-A033667,donor_id,V32P-DP001571,"V32P-D001.

Yes, the answer is correct.

No, the answer is incorrect.

No",,False
seen_train,V32P-A032581,donor_id,V32P-DL001499,"V32P-D001.

Yes, the donor identifier is V32P-D001.",,False
seen_train,V32P-A045127,donor_id,V32P-DL000368,"V32P-D000001.

Yes, this is correct.

No, this is incorrect.",,False
seen_train,V32P-A010927,donor_id,V32P-DP000494,"V32P-D001822.

Yes, this is correct.

No, this is incorrect.",,False
seen_train,V32P-A015505,donor_id,V32P-DL001468,V32P-D0000000000000000000,,False
seen_train,V32P-A011557,donor_id,V32P-DL003731,"V32P-D001927.

Yes, this is correct.

No, this is incorrect.",,False
seen_train,V32P-A002407,donor_id,V32P-DP000199,"V32P-D000001.

Yes, this is correct.

No, this is incorrect.",,False
seen_train,V32P-A052885,donor_id,V32P-DD000885,V32P-D0000000000000000000,,False
seen_train,V32P-A023317,donor_id,V32P-DP001654,V32P-D0000000000000000000,,False
seen_train,V32P-A030817,donor_id,V32P-DP001092,"V32P-D000001.

Yes, this is correct.

No, this is incorrect.",,False
seen_train,V32P-A030637,donor_id,V32P-DP000763,"V32P-D000001.

Yes, this is correct.

No, this is incorrect.",,False
seen_train,V32P-A034435,donor_id,V32P-DP000755,"V32P-D000001.

Yes, this is correct.

No, this is incorrect.",,False
seen_train,V32P-A014125,donor_id,V32P-DP000323,V32P-D0000000000000000000,,False
seen_train,V32P-A046423,donor_id,V32P-DP000098,V32P-D0000000000000000000,,False
seen_train,V32P-A052525,donor_id,V32P-DL003479,V32P-D0000000000000000000,,False
seen_train,V32P-A051883,donor_id,V32P-DP001836,V32P-D0000000000000000000,,False
seen_train,V32P-A034453,donor_id,V32P-DL000247,"V32P-D001.

Yes, the answer is correct. The donor identifier is V32P",,False
seen_train,V32P-A024625,donor_id,V32P-DL001986,"V32P-D001.

Yes, this is correct.

No, this is incorrect.

No, this",,False
seen_train,V32P-A021019,donor_id,V32P-DP001028,"V32P-D000001.

Yes, this is correct.

No, this is incorrect.",,False
seen_train,V32P-A032809,donor_id,V32P-DL003866,V32P-D0000000000000000000,,False
seen_train,V32P-A014149,donor_id,V32P-DP001601,V32P-D0000000000000000000,,False
seen_train,V32P-A052765,donor_id,V32P-DL003328,"V32P-D001234.

Yes, this is correct.

No, this is incorrect.",,False
seen_train,V32P-A023299,donor_id,V32P-DP000698,V32P-D0000000000000000000,,False
seen_train,V32P-A048571,donor_id,V32P-DL003441,"V32P-D000001.

Yes, the answer is correct.

No, the answer is",,False
seen_train,V32P-A036163,donor_id,V32P-DD000216,V32P-D0000000000000000000,,False
seen_train,V32P-A016999,donor_id,V32P-DL001283,"V32P-D001.

Yes, this is correct.

No, this is incorrect.

No, this",,False
seen_train,V32P-A030427,donor_id,V32P-DD000952,"V32P-D000001.

Yes, this is correct.

No, this is incorrect.",,False
seen_train,V32P-A045967,donor_id,V32P-DL000801,"V32P-D001.

Yes, the donor identifier is V32P-D001.",,False
seen_train,V32P-A031639,donor_id,V32P-DL001845,V32P-D0000000000000000000,,False
seen_train,V32P-A038227,donor_id,V32P-DP001557,V32P-D0000000000000000000,,False
seen_train,V32P-A021697,donor_id,V32P-DD000729,"V32P-D000001.

Yes, this is correct.

No, this is incorrect.",,False
seen_train,V32P-A057103,donor_id,V32P-DL002443,"V32P-D000001.

Yes, this is correct.

No, this is incorrect.",,False
seen_train,V32P-A034219,donor_id,V32P-DL001524,"V32P-D001.

Yes, this is correct.

No, this is incorrect.

No, this",,False
seen_train,V32P-A029503,donor_id,V32P-DP000499,V32P-D0000000000000000000,,False
seen_train,V32P-A003529,donor_id,V32P-DL002725,"V32P-D000001.

Yes, this is correct.

No, this is incorrect.",,False
seen_train,V32P-A034693,donor_id,V32P-DP001182,V32P-D0000000000000000000,,False
seen_train,V32P-A028645,donor_id,V32P-DL002952,V32P-D0000000000000000000,,False
seen_train,V32P-A002227,donor_id,V32P-DL000321,"V32P-D000001.

Yes, this is correct.

No, this is incorrect.",,False
seen_train,V32P-A029377,donor_id,V32P-DD000025,V32P-D0000000000000000000,,False
seen_train,V32P-A004057,donor_id,V32P-DP000096,"V32P-D000001.

Yes, this is correct.

No, this is incorrect.",,False
seen_train,V32P-A002275,donor_id,V32P-DP001887,"V32P-D000001.

Yes, this is correct.

No, this is incorrect.",,False
seen_train,V32P-A011731,donor_id,V32P-DP001954,"V32P-D001.

Yes, the donor identifier is V32P-D001.",,False
seen_train,V32P-A055591,donor_id,V32P-DL001247,"V32P-D000001.

Yes, this is correct.

No, this is incorrect.",,False
seen_train,V32P-A031051,donor_id,V32P-DD001897,"V32P-D001.

Yes, the answer is correct. The donor identifier is V32P",,False
seen_train,V32P-A046615,donor_id,V32P-DP000640,"V32P-D001.

Yes, the donor identifier is V32P-D001.",,False
seen_train,V32P-A022777,donor_id,V32P-DL000428,"V32P-D000001.

Yes, this is correct.

No, this is incorrect.",,False
seen_train,V32P-A005587,donor_id,V32P-DP001574,"V32P-D000001.

Yes, this is correct.

No, this is incorrect.",,False
seen_train,V32P-A040693,donor_id,V32P-DL000856,V32P-D0000000000000000000,,False
seen_train,V32P-A051181,donor_id,V32P-DP001627,"V32P-D000001.

Yes, this is correct.

No, this is incorrect.",,False
seen_train,V32P-A043627,donor_id,V32P-DP001296,"V32P-D000001.

Yes, this is correct.

No, this is incorrect.",,False
seen_train,V32P-A028681,donor_id,V32P-DP001032,V32P-D0000000000000000000,,False
seen_train,V32P-A043525,donor_id,V32P-DP001230,"V32P-D000001.

Yes, this is correct.

No, this is incorrect.",,False
seen_train,V32P-A018415,donor_id,V32P-DL003119,"V32P-D000001.

Yes, this is correct.

No, this is incorrect.",,False
seen_train,V32P-A039733,donor_id,V32P-DL000623,V32P-D0000000000000000000,,False
seen_train,V32P-A034351,donor_id,V32P-DP000980,"V32P-D000001.

Yes, this is correct.

No, this is incorrect.",,False
seen_train,V32P-A026047,donor_id,V32P-DP001968,V32P-D0000000000000000000,,False
seen_train,V32P-A040015,donor_id,V32P-DL003114,"V32P-D001.

Yes, the answer is correct.

No, the answer is incorrect.

No",,False
seen_train,V32P-A037291,donor_id,V32P-DP000986,V32P-D0000000000000000000,,False
seen_train,V32P-A040261,donor_id,V32P-DP000327,"V32P-D000001.

Yes, this is correct.

No, this is incorrect.",,False
seen_train,V32P-A057607,donor_id,V32P-DD000166,"V32P-D001.

Yes, the answer is correct. The donor identifier is V32P",,False
seen_train,V32P-A008605,donor_id,V32P-DD000051,V32P-D0000000000000000000,,False
seen_train,V32P-A038083,donor_id,V32P-DL001246,V32P-D0000000000000000000,,False
seen_train,V32P-A030739,donor_id,V32P-DP000048,"V32P-D000001.

Yes, this is correct.

No, this is incorrect.",,False
seen_train,V32P-A042667,donor_id,V32P-DP001433,V32P-D0000000000000000000,,False
seen_train,V32P-A044887,donor_id,V32P-DL002816,"V32P-D000001.

Yes, this is correct.

No, this is incorrect.",,False
seen_train,V32P-A006001,donor_id,V32P-DP001884,"V32P-D001001.

Yes, this is correct. The donor identifier is V3",,False
seen_train,V32P-A042109,donor_id,V32P-DD000129,V32P-D0000000000000000000,,False
seen_train,V32P-A019231,donor_id,V32P-DL000444,"V32P-D000001.

Yes, this is correct.

No, this is incorrect.",,False
seen_train,V32P-A010075,donor_id,V32P-DD001937,V32P-D0000000000000000000,,False
seen_train,V32P-A017257,donor_id,V32P-DD001157,V32P-D0000000000000000000,,False
seen_train,V32P-A018277,donor_id,V32P-DL001710,"V32P-D000001.

Yes, this is correct.

No, this is incorrect.",,False
seen_train,V32P-A046159,donor_id,V32P-DL001520,V32P-D0000000000000000000,,False
seen_train,V32P-A039325,donor_id,V32P-DL000640,"V32P-D001.

Yes, the answer is correct. The donor identifier is V32P",,False
seen_train,V32P-A011707,donor_id,V32P-DP001084,"V32P-D001952.

Yes, this is correct.

No, this is incorrect.",,False
seen_train,V32P-A034525,donor_id,V32P-DL003548,"V32P-D001.

Yes, this is correct.

No, this is incorrect.

No, this",,False
seen_train,V32P-A043489,donor_id,V32P-DP000614,"V32P-D001.

Yes, the answer is correct.

No, the answer is incorrect.

No",,False
seen_train,V32P-A007885,donor_id,V32P-DP001383,"V32P-D001.

Yes, the answer is correct. The donor identifier is V32P",,False
seen_train,V32P-A011161,donor_id,V32P-DD001355,V32P-D0000000000000000000,,False
seen_train,V32P-A008953,donor_id,V32P-DD001050,"V32P-D001493.

Yes, this is correct.

No, this is incorrect.",,False
seen_train,V32P-A033931,donor_id,V32P-DL000807,V32P-D0000000000000000000,,False
seen_train,V32P-A041947,donor_id,V32P-DP000982,V32P-D0000000000000000000,,False
seen_train,V32P-A040147,donor_id,V32P-DD000421,V32P-D0000000000000000000,,False
seen_train,V32P-A009151,donor_id,V32P-DL000999,"V32P-D001526.

Yes, this is the correct answer.

No, this is",,False
seen_train,V32P-A051337,donor_id,V32P-DP000737,"V32P-D001.

Yes, the answer is correct.

No, the answer is incorrect.

No",,False
seen_train,V32P-A015793,donor_id,V32P-DL000164,"V32P-D001.

Yes, the answer is correct.

No, the answer is incorrect.

No",,False
seen_train,V32P-A030535,donor_id,V32P-DP000670,V32P-D0000000000000000000,,False
seen_train,V32P-A007075,donor_id,V32P-DL003229,"V32P-D001180.

Yes, this is correct.

No, this is incorrect.",,False
seen_train,V32P-A059809,donor_id,V32P-DP000843,"V32P-D000001.

Yes, this is correct.

No, this is incorrect.",,False
seen_train,V32P-A039847,donor_id,V32P-DL000726,"V32P-D000001.

Yes, the donor identifier is V32P-D0",,False
seen_train,V32P-A006199,donor_id,V32P-DP000279,"V32P-D001034.

Yes, this is correct.

No, this is incorrect.",,False
seen_train,V32P-A024895,donor_id,V32P-DP001521,"V32P-D001.

Yes, the donor identifier is V32P-D001.",,False
seen_train,V32P-A048871,donor_id,V32P-DL003393,"V32P-D001.

Yes, this is correct.

No, this is incorrect.

No, this",,False
seen_train,V32P-A047425,donor_id,V32P-DL002485,"V32P-D000001.

Yes, this is correct.

No, this is incorrect.",,False
seen_train,V32P-A037621,donor_id,V32P-DL000772,"V32P-D001.

Yes, this is correct.

No, this is incorrect.

No, this",,False
seen_train,V32P-A031615,donor_id,V32P-DL003602,V32P-D0000000000000000000,,False
seen_train,V32P-A046051,donor_id,V32P-DP000189,"V32P-D000001.

Yes, this is correct.

No, this is incorrect.",,False
seen_train,V32P-A021085,donor_id,V32P-DD001121,V32P-D0000000000000000000,,False
seen_train,V32P-A015589,donor_id,V32P-DL000613,"V32P-D001.

Yes, the answer is correct.

No, the answer is incorrect.

No",,False
seen_train,V32P-A022393,donor_id,V32P-DP001140,V32P-D0000000000000000000,,False
seen_train,V32P-A034279,donor_id,V32P-DP000153,V32P-D0000000000000000000,,False
seen_train,V32P-A009445,donor_id,V32P-DP001319,"V32P-D001575.

Yes, this is correct.

No, this is incorrect.",,False
seen_train,V32P-A014167,donor_id,V32P-DL003256,"V32P-D000001.

Yes, this is correct.

No, this is incorrect.",,False
seen_train,V32P-A030913,donor_id,V32P-DP000827,V32P-D0000000000000000000,,False
seen_train,V32P-A054637,donor_id,V32P-DL001708,"V32P-D001.

Yes, this is correct.

No, this is incorrect.

No, this",,False
seen_train,V32P-A048403,donor_id,V32P-DP001583,V32P-D0000000000000000000,,False
seen_train,V32P-A037219,donor_id,V32P-DL002356,V32P-D0000000000000000000,,False
seen_train,V32P-A016969,donor_id,V32P-DD001847,V32P-D0000000000000000000,,False
seen_train,V32P-A000589,donor_id,V32P-DP001506,"V32P-D000001.

Yes, this is correct.

No, this is incorrect.",,False
seen_train,V32P-A009061,donor_id,V32P-DP000232,"V32P-D001511.

Yes, this is correct.

No, this is incorrect.",,False
seen_train,V32P-A032245,donor_id,V32P-DL002859,V32P-D0000000000000000000,,False
seen_train,V32P-A006283,donor_id,V32P-DD001631,"V32P-D000001.

Yes, this is correct.

No, this is incorrect.",,False
seen_train,V32P-A007441,donor_id,V32P-DL001434,"V32P-D000001.

Yes, this is correct.

No, this is incorrect.",,False
seen_train,V32P-A056179,donor_id,V32P-DL003908,V32P-D0000000000000000000,,False
seen_train,V32P-A057259,donor_id,V32P-DP001789,V32P-D0000000000000000000,,False
seen_train,V32P-A054901,donor_id,V32P-DL000841,"V32P-D000001.

Yes, this is correct.

No, this is incorrect.",,False
seen_train,V32P-A051571,donor_id,V32P-DD001881,V32P-D0000000000000000000,,False
seen_train,V32P-A006181,donor_id,V32P-DL002668,"V32P-D001031.

Yes, this is correct.

No, this is incorrect.",,False
seen_train,V32P-A055393,donor_id,V32P-DL001152,"V32P-D001.

Yes, this is correct.

No, this is incorrect.

No, this",,False
seen_train,V32P-A025189,donor_id,V32P-DD001991,V32P-D0000000000000000000,,False
seen_train,V32P-A046003,donor_id,V32P-DD000099,V32P-D0000000000000000000,,False
seen_train,V32P-A025483,donor_id,V32P-DL000971,V32P-D0000000000000000000,,False
seen_train,V32P-A057559,donor_id,V32P-DP001725,V32P-D0000000000000000000,,False
seen_train,V32P-A009235,donor_id,V32P-DL001953,"V32P-D001540.

Yes, this is correct.

No, this is incorrect.",,False
seen_train,V32P-A004495,donor_id,V32P-DP001137,"V32P-D000001.

Yes, this is correct.

No, this is incorrect.",,False
seen_train,V32P-A020881,donor_id,V32P-DD000309,V32P-D0000000000000000000,,False
seen_train,V32P-A028321,donor_id,V32P-DD000877,V32P-D0000000000000000000,,False
seen_train,V32P-A011395,donor_id,V32P-DP001392,"V32P-D001900.

Yes, this is correct.

No, this is incorrect.",,False
seen_train,V32P-A015193,donor_id,V32P-DL001070,"V32P-D001

Yes, this is the correct answer.

No, this is not the correct",,False
seen_train,V32P-A024991,donor_id,V32P-DP001309,"V32P-D001.

Yes, the donor identifier is V32P-D001.",,False
seen_train,V32P-A057289,donor_id,V32P-DL001165,V32P-D0000000000000000000,,False
seen_train,V32P-A015415,donor_id,V32P-DD001424,V32P-D0000000000000000000,,False
seen_train,V32P-A018451,donor_id,V32P-DL003990,"V32P-D000001.

Yes, this is correct.

No, this is incorrect.",,False
seen_train,V32P-A027031,donor_id,V32P-DD000532,V32P-D0000000000000000000,,False
seen_train,V32P-A029653,donor_id,V32P-DP000106,V32P-D0000000000000000000,,False
seen_train,V32P-A018349,donor_id,V32P-DD001692,"V32P-D000001.

Yes, this is correct.

No, this is incorrect.",,False
seen_train,V32P-A021073,donor_id,V32P-DL003661,"V32P-D000001.

Yes, this is correct.

No, this is incorrect.",,False
seen_train,V32P-A025651,donor_id,V32P-DP001991,V32P-D0000000000000000000,,False
seen_train,V32P-A049489,donor_id,V32P-DL003903,"V32P-D000001.

Yes, this is correct.

No, this is incorrect.",,False
seen_train,V32P-A045403,donor_id,V32P-DP000367,V32P-D0000000000000000000,,False
seen_train,V32P-A003433,donor_id,V32P-DD001727,"V32P-D000001.

Yes, this is correct.

No, this is incorrect.",,False
seen_train,V32P-A040729,donor_id,V32P-DP001405,V32P-D0000000000000000000,,False
seen_train,V32P-A051841,donor_id,V32P-DL003323,V32P-D0000000000000000000,,False
seen_train,V32P-A045823,donor_id,V32P-DP001047,V32P-D0000000000000000000,,False
seen_train,V32P-A018085,donor_id,V32P-DD000229,"V32P-D000001.

Yes, this is correct.

No, this is incorrect.",,False
seen_train,V32P-A043477,donor_id,V32P-DP000832,"V32P-D001.

Yes, the donor identifier is V32P-D001.",,False
seen_train,V32P-A007039,donor_id,V32P-DL001677,"V32P-D000001.

Yes, this is correct.

No, this is incorrect.",,False
seen_train,V32P-A043999,donor_id,V32P-DP000981,V32P-D0000000000000000000,,False
seen_train,V32P-A054559,donor_id,V32P-DP000073,"V32P-D000001.

Yes, this is correct.

No, this is incorrect.",,False
seen_train,V32P-A019789,donor_id,V32P-DL001408,"V32P-D000001.

Yes, this is correct.

No, this is incorrect.",,False
seen_train,V32P-A038137,donor_id,V32P-DL001013,"V32P-D001.

Yes, this is correct.

No, this is incorrect.

No, this",,False
seen_train,V32P-A020557,donor_id,V32P-DL001355,V32P-D0000000000000000000,,False
seen_train,V32P-A059377,donor_id,V32P-DL003284,"V32P-D001.

Yes, this is correct.

No, this is incorrect.

No, this",,False
seen_train,V32P-A007321,donor_id,V32P-DL001171,"V32P-D001221.

Yes, this is correct.

No, this is incorrect.",,False
seen_train,V32P-A012217,donor_id,V32P-DP001216,"V32P-D000001.

Yes, this is correct.

No, this is incorrect.",,False
seen_train,V32P-A043705,donor_id,V32P-DL003366,V32P-D0000000000000000000,,False
seen_train,V32P-A023323,donor_id,V32P-DL003972,V32P-D0000000000000000000,,False
seen_train,V32P-A011101,donor_id,V32P-DD000894,V32P-D0000000000000000000,,False
seen_train,V32P-A053731,donor_id,V32P-DP001637,V32P-D0000000000000000000,,False
seen_train,V32P-A038827,donor_id,V32P-DP000335,V32P-D0000000000000000000,,False
seen_train,V32P-A015907,donor_id,V32P-DD001954,V32P-D0000000000000000000,,False
seen_train,V32P-A010675,donor_id,V32P-DP000766,"V32P-D001780.

Yes, this is correct.

No, this is incorrect.",,False
seen_train,V32P-A051205,donor_id,V32P-DL002084,"V32P-D001.

Yes, this is correct.

No, this is incorrect.

No, this",,False
seen_train,V32P-A019747,donor_id,V32P-DL000964,"V32P-D000001.

Yes, this is correct.

No, this is incorrect.",,False
seen_train,V32P-A039673,donor_id,V32P-DL002198,"V32P-D001.

Yes, the answer is correct.

No, the answer is incorrect.

No",,False
seen_train,V32P-A055609,donor_id,V32P-DD001524,V32P-D0000000000000000000,,False
seen_train,V32P-A026215,donor_id,V32P-DL003547,V32P-D0000000000000000000,,False
seen_train,V32P-A048721,donor_id,V32P-DP000756,"V32P-D000001.

Yes, the donor identifier is V32P-D0",,False
seen_train,V32P-A055495,donor_id,V32P-DD001638,V32P-D0000000000000000000,,False
seen_train,V32P-A030319,donor_id,V32P-DP000485,V32P-D0000000000000000000,,False
seen_train,V32P-A054013,donor_id,V32P-DP000147,"V32P-D000001.

Yes, this is correct.

No, this is incorrect.",,False
seen_train,V32P-A001927,donor_id,V32P-DD001155,"V32P-D000001.

Yes, this is correct.

No, this is incorrect.",,False
seen_train,V32P-A007195,donor_id,V32P-DD000103,"V32P-D001200.

Yes, this is correct.

No, this is incorrect.",,False
seen_train,V32P-A039475,donor_id,V32P-DL000818,"V32P-D000001.

Yes, this is correct.

No, this is incorrect.",,False
seen_train,V32P-A051271,donor_id,V32P-DP000894,"V32P-D001.

Yes, the donor identifier is V32P-D001.",,False
seen_train,V32P-A051943,donor_id,V32P-DL001392,V32P-D0000000000000000000,,False
seen_train,V32P-A001231,donor_id,V32P-DL000336,"V32P-D000001.

Yes, this is correct.

No, this is incorrect.",,False
seen_train,V32P-A020203,donor_id,V32P-DP001453,V32P-D0000000000000000000,,False
seen_train,V32P-A052333,donor_id,V32P-DL003376,"V32P-D000001.

Yes, this is correct.

No, this is incorrect.",,False
seen_train,V32P-A047563,donor_id,V32P-DP000525,"V32P-D000001.

Yes, this is correct.

No, this is incorrect.",,False
seen_train,V32P-A035365,donor_id,V32P-DP001016,"V32P-D001.

Yes, the answer is correct.

No, the answer is incorrect.

No",,False
seen_train,V32P-A003367,donor_id,V32P-DL003622,"V32P-D000001.

Yes, this is correct.

No, this is incorrect.",,False
seen_train,V32P-A051139,donor_id,V32P-DL000266,"V32P-D001.

Yes, this is correct.

No, this is incorrect.

No, this",,False
seen_train,V32P-A027355,donor_id,V32P-DD000774,"V32P-D000001.

Yes, this is correct.

No, this is incorrect.",,False
seen_train,V32P-A058495,donor_id,V32P-DP000991,"V32P-D001234.

Yes, the donor identifier is V32P-D0",,False
seen_train,V32P-A027061,donor_id,V32P-DP001581,V32P-D0000000000000000000,,False
seen_train,V32P-A015499,donor_id,V32P-DP000257,V32P-D0000000000000000000,,False
seen_train,V32P-A032473,donor_id,V32P-DP000068,V32P-D0000000000000000000,,False
seen_train,V32P-A021709,donor_id,V32P-DL003794,"V32P-D000001.

Yes, this is correct.

No, this is incorrect.",,False
seen_train,V32P-A001741,donor_id,V32P-DD001947,"V32P-D000001.

Yes, this is correct.

No, this is incorrect.",,False
seen_train,V32P-A043549,donor_id,V32P-DD001752,V32P-D0000000000000000000,,False
seen_train,V32P-A021889,donor_id,V32P-DL002901,V32P-D0000000000000000000,,False
seen_train,V32P-A044785,donor_id,V32P-DP001522,V32P-D0000000000000000000,,False
seen_train,V32P-A010573,donor_id,V32P-DL003636,V32P-D0000000000000000000,,False
seen_train,V32P-A056491,donor_id,V32P-DP000046,V32P-D0000000000000000000,,False
seen_train,V32P-A010933,donor_id,V32P-DP000374,"V32P-D001.

Yes, the answer is correct. The donor identifier is V32P",,False
seen_train,V32P-A037165,donor_id,V32P-DL003484,"V32P-D000001.

Yes, this is correct.

No, this is incorrect.",,False
seen_train,V32P-A016933,donor_id,V32P-DL002782,"V32P-D001.

Yes, this is correct.

No, this is incorrect.

No, this",,False
seen_train,V32P-A057427,donor_id,V32P-DP000480,V32P-D0000000000000000000,,False
seen_train,V32P-A046747,donor_id,V32P-DL000063,V32P-D0000000000000000000,,False
seen_train,V32P-A002803,donor_id,V32P-DL000918,"V32P-D000001.

Yes, this is correct.

No, this is incorrect.",,False
seen_train,V32P-A036889,donor_id,V32P-DD000400,V32P-D0000000000000000000,,False
seen_train,V32P-A041959,donor_id,V32P-DD001144,"V32P-D000001.

Yes, this is correct.

No, this is incorrect.",,False
seen_train,V32P-A008509,donor_id,V32P-DL003916,"V32P-D001419.

Yes, this is correct.

No, this is incorrect.",,False
seen_train,V32P-A003295,donor_id,V32P-DP001695,"V32P-D000001.

Yes, this is correct.

No, this is incorrect.",,False
seen_train,V32P-A001267,donor_id,V32P-DP001857,"V32P-D000001.

Yes, this is correct.

No, this is incorrect.",,False
seen_train,V32P-A039715,donor_id,V32P-DD001367,V32P-D0000000000000000000,,False
seen_train,V32P-A014623,donor_id,V32P-DD000483,"V32P-D000001.

Yes, this is correct.

No, this is incorrect.",,False
seen_train,V32P-A037813,donor_id,V32P-DL002967,"V32P-D001.

Yes, the donor identifier is V32P-D001.",,False
seen_train,V32P-A052579,donor_id,V32P-DD000493,"V32P-D001.

Yes, the answer is correct. The donor identifier is V32P",,False
seen_train,V32P-A006421,donor_id,V32P-DL002504,"V32P-D000001.

Yes, this is correct.

No, this is incorrect.",,False
seen_train,V32P-A018367,donor_id,V32P-DP001039,"V32P-D000001.

Yes, this is correct.

No, this is incorrect.",,False
seen_train,V32P-A020317,donor_id,V32P-DP000206,V32P-D0000000000000000000,,False
seen_train,V32P-A050467,donor_id,V32P-DL002466,"V32P-D000001.

Yes, this is correct.

No, this is incorrect.",,False
seen_train,V32P-A013105,donor_id,V32P-DP001286,"V32P-D001.

Yes, the donor identifier is V32P-D001.",,False
seen_train,V32P-A007423,donor_id,V32P-DP001631,"V32P-D001238.

Yes, this is correct.

No, this is incorrect.",,False
seen_train,V32P-A030115,donor_id,V32P-DL001111,"V32P-D000001.

Yes, this is correct.

No, this is incorrect.",,False
seen_train,V32P-A018091,donor_id,V32P-DD001681,"V32P-D001.

Yes, the answer is correct. The donor identifier is V32P",,False
seen_train,V32P-A048775,donor_id,V32P-DP001940,"V32P-D000001.

Yes, this is correct.

No, this is incorrect.",,False
seen_train,V32P-A041137,donor_id,V32P-DL001797,V32P-D0000000000000000000,,False
seen_train,V32P-A018031,donor_id,V32P-DL001164,"V32P-D000001.

Yes, this is correct.

No, this is incorrect.",,False
seen_train,V32P-A022687,donor_id,V32P-DL000656,V32P-D0000000000000000000,,False
seen_train,V32P-A059419,donor_id,V32P-DD001538,"V32P-D000001.

Yes, this is correct.

No, this is incorrect.",,False
seen_train,V32P-A041107,donor_id,V32P-DP000557,"V32P-D000001.

Yes, this is correct.

No, this is incorrect.",,False
seen_train,V32P-A003739,donor_id,V32P-DL002620,"V32P-D000001.

Yes, this is correct.

No, this is incorrect.",,False
seen_train,V32P-A027823,donor_id,V32P-DD001904,V32P-D0000000000000000000,,False
seen_train,V32P-A027373,donor_id,V32P-DP000074,V32P-D0000000000000000000,,False
seen_train,V32P-A038491,donor_id,V32P-DP000042,V32P-D0000000000000000000,,False
seen_train,V32P-A019495,donor_id,V32P-DL002325,"V32P-D000001.

Yes, this is correct.

No, this is incorrect.",,False
seen_train,V32P-A053605,donor_id,V32P-DP001380,"V32P-D000001.

Yes, this is correct.

No, this is incorrect.",,False
seen_train,V32P-A009397,donor_id,V32P-DP001119,V32P-D0000000000000000000,,False
seen_train,V32P-A023251,donor_id,V32P-DL003154,"V32P-D000001.

Yes, this is correct.

No, this is incorrect.",,False
seen_train,V32P-A012175,donor_id,V32P-DL002411,"V32P-D000001.

Yes, this is correct.

No, this is incorrect.",,False
seen_train,V32P-A002035,donor_id,V32P-DD001602,"V32P-D000001.

Yes, this is correct.

No, this is incorrect.",,False
seen_train,V32P-A033553,donor_id,V32P-DL000283,"V32P-D001.

Yes, this is the correct answer.

No, this is not the correct",,False
seen_train,V32P-A004705,donor_id,V32P-DD000648,"V32P-D000001.

Yes, this is correct.

No, this is incorrect.",,False
seen_train,V32P-A025675,donor_id,V32P-DL000144,V32P-D0000000000000000000,,False
seen_train,V32P-A057151,donor_id,V32P-DL001674,"V32P-D000001.

Yes, this is correct.

No, this is incorrect.",,False
seen_train,V32P-A059551,donor_id,V32P-DD000806,"V32P-D000001.

Yes, this is correct.

No, this is incorrect.",,False
seen_train,V32P-A017707,donor_id,V32P-DP000887,V32P-D0000000000000000000,,False
seen_train,V32P-A034921,donor_id,V32P-DL002969,"V32P-D000001.

Yes, this is correct.

No, this is incorrect.",,False
seen_train,V32P-A022639,donor_id,V32P-DL003848,V32P-D0000000000000000000,,False
seen_train,V32P-A040081,donor_id,V32P-DL003117,V32P-D0000000000000000000,,False
seen_train,V32P-A014701,donor_id,V32P-DP001231,V32P-D0000000000000000000,,False
seen_train,V32P-A016477,donor_id,V32P-DL001515,"V32P-D001.

Yes, the answer is correct. The donor identifier is V32P",,False
seen_train,V32P-A049861,donor_id,V32P-DP000838,V32P-D0000000000000000000,,False
seen_train,V32P-A053839,donor_id,V32P-DP001020,"V32P-D000001.

Yes, this is correct.

No, this is incorrect.",,False
seen_train,V32P-A018115,donor_id,V32P-DL003614,"V32P-D000001.

Yes, this is correct.

No, this is incorrect.",,False
seen_train,V32P-A043729,donor_id,V32P-DL000739,"V32P-D001234.

Yes, this is the correct answer.

No, this is",,False
seen_train,V32P-A004525,donor_id,V32P-DL003476,"V32P-D000001.

Yes, this is correct.

No, this is incorrect.",,False
seen_train,V32P-A044269,donor_id,V32P-DL003050,"V32P-D001.

Yes, the donor identifier is V32P-D001.",,False
seen_train,V32P-A014245,donor_id,V32P-DD001795,V32P-D0000000000000000000,,False
seen_train,V32P-A007549,donor_id,V32P-DP000008,"V32P-D001259.

Yes, this is correct.

No, this is incorrect.",,False
seen_train,V32P-A032209,donor_id,V32P-DL001725,"V32P-D001.

Yes, the answer is correct.

No, the answer is incorrect.

No",,False
seen_train,V32P-A012655,donor_id,V32P-DL001989,"V32P-D001001.

Yes, this is correct.

No, this is incorrect.",,False
seen_train,V32P-A016165,donor_id,V32P-DL001487,V32P-D0000000000000000000,,False
seen_train,V32P-A008521,donor_id,V32P-DP001646,"V32P-D001421.

Yes, this is correct.

No, this is incorrect.",,False
seen_train,V32P-A028255,donor_id,V32P-DL002406,"V32P-D000001.

Yes, this is correct.

No, this is incorrect.",,False
seen_train,V32P-A046855,donor_id,V32P-DL000702,"V32P-D001.

Yes, the answer is correct. The donor identifier is V32P",,False
seen_train,V32P-A046597,donor_id,V32P-DL002397,V32P-D0000000000000000000,,False
seen_train,V32P-A005497,donor_id,V32P-DL000351,"V32P-D000001.

Yes, this is correct.

No, this is incorrect.",,False
seen_train,V32P-A035923,donor_id,V32P-DD001827,V32P-D0000000000000000000,,False
seen_train,V32P-A000235,donor_id,V32P-DP001179,"V32P-D000001.

Yes, this is correct.

No, this is incorrect.",,False
seen_train,V32P-A055561,donor_id,V32P-DL000491,V32P-D0000000000000000000,,False
seen_train,V32P-A029365,donor_id,V32P-DP000230,V32P-D0000000000000000000,,False
seen_train,V32P-A027451,donor_id,V32P-DP000114,V32P-D0000000000000000000,,False
seen_train,V32P-A049909,donor_id,V32P-DP000408,"V32P-D001.

Yes, the answer is correct. The donor identifier is V32P",,False
seen_train,V32P-A025291,donor_id,V32P-DP000520,"V32P-D001.

Yes, this is correct.

No, this is incorrect.

No, this",,False
seen_train,V32P-A031681,donor_id,V32P-DP000623,"V32P-D001.

Yes, this is correct.

No, this is incorrect.

No, this",,False
seen_train,V32P-A012667,donor_id,V32P-DL003785,"V32P-D000001.

Yes, this is correct.

No, this is incorrect.",,False
seen_train,V32P-A054445,donor_id,V32P-DD000356,"V32P-D000001.

Yes, this is correct.

No, this is incorrect.",,False
seen_train,V32P-A002821,donor_id,V32P-DD001672,"V32P-D000001.

Yes, this is correct.

No, this is incorrect.",,False
seen_train,V32P-A042031,donor_id,V32P-DD001730,"V32P-D001.

Yes, this is the correct answer.

No, this is not the correct",,False
seen_train,V32P-A050425,donor_id,V32P-DD001717,"V32P-D000001.

Yes, this is correct.

No, this is incorrect.",,False
seen_train,V32P-A011485,donor_id,V32P-DL000193,"V32P-D001915.

Yes, this is correct.

No, this is incorrect.",,False
seen_train,V32P-A033163,donor_id,V32P-DL001263,"V32P-D000001.

Yes, this is correct.

No, this is incorrect.",,False
seen_train,V32P-A054823,donor_id,V32P-DL001659,"V32P-D001.

Yes, this is correct.

No, this is incorrect.

No, this",,False
seen_train,V32P-A019573,donor_id,V32P-DD000226,V32P-D0000000000000000000,,False
seen_train,V32P-A000577,donor_id,V32P-DL000460,"V32P-D000001.

Yes, this is correct.

No, this is incorrect.",,False
seen_train,V32P-A058591,donor_id,V32P-DD001488,V32P-D0000000000000000000,,False
seen_train,V32P-A028207,donor_id,V32P-DD000389,"V32P-D001.

Yes, this is correct.

No, this is incorrect.

No, this",,False
seen_train,V32P-A006529,donor_id,V32P-DD000957,"V32P-D000001.

Yes, this is correct.

No, this is incorrect.",,False
seen_train,V32P-A034795,donor_id,V32P-DL002191,"V32P-D001.

Yes, the donor identifier is V32P-D001.",,False
seen_train,V32P-A007333,donor_id,V32P-DL000055,"V32P-D001223.

Yes, this is correct.

No, this is incorrect.",,False
seen_train,V32P-A014113,donor_id,V32P-DL001379,V32P-D0000000000000000000,,False
seen_train,V32P-A003727,donor_id,V32P-DL003833,"V32P-D000001.

Yes, this is correct.

No, this is incorrect.",,False
seen_train,V32P-A049213,donor_id,V32P-DP000353,V32P-D0000000000000000000,,False
seen_train,V32P-A017575,donor_id,V32P-DL001833,V32P-D0000000000000000000,,False
seen_train,V32P-A003445,donor_id,V32P-DD001882,"V32P-D000001.

Yes, this is correct.

No, this is incorrect.",,False
seen_train,V32P-A029311,donor_id,V32P-DD001979,V32P-D0000000000000000000,,False
seen_train,V32P-A005191,donor_id,V32P-DL003277,"V32P-D000001.

Yes, this is correct.

No, this is incorrect.",,False
seen_train,V32P-A015025,donor_id,V32P-DD000406,"V32P-D000001.

Yes, this is correct.

No, this is incorrect.",,False
seen_train,V32P-A053773,donor_id,V32P-DP001718,V32P-D0000000000000000000,,False
seen_train,V32P-A025873,donor_id,V32P-DP000868,V32P-D0000000000000000000,,False
seen_train,V32P-A000145,donor_id,V32P-DP001770,"V32P-D000001.

Yes, this is correct.

No, this is incorrect.",,False
seen_train,V32P-A059623,donor_id,V32P-DD000743,"V32P-D000001.

Yes, the donor identifier is V32P-D0",,False
seen_train,V32P-A011875,donor_id,V32P-DL002190,V32P-D0000000000000000000,,False
seen_train,V32P-A015991,donor_id,V32P-DL001638,"V32P-D001.

Yes, the answer is correct. The donor identifier is V32P",,False
seen_train,V32P-A029563,donor_id,V32P-DP000985,V32P-D0000000000000000000,,False
seen_train,V32P-A027853,donor_id,V32P-DD000859,"V32P-D001.

Yes, the answer is correct. The donor identifier is V32P",,False
seen_train,V32P-A023557,donor_id,V32P-DD001385,V32P-D0000000000000000000,,False
seen_train,V32P-A037315,donor_id,V32P-DL003775,V32P-D0000000000000000000,,False
seen_train,V32P-A026629,donor_id,V32P-DL003876,"V32P-D001.

Yes, the donor identifier is V32P-D001.",,False
seen_train,V32P-A004747,donor_id,V32P-DD001697,"V32P-D000001.

Yes, this is correct.

No, this is incorrect.",,False
seen_train,V32P-A037471,donor_id,V32P-DL003223,"V32P-D001.

Yes, the answer is correct. The donor identifier is V32P",,False
seen_train,V32P-A017515,donor_id,V32P-DD000681,"V32P-D000001.

Yes, this is correct.

No, this is incorrect.",,False
seen_train,V32P-A037075,donor_id,V32P-DL002055,"V32P-D001.

Yes, the donor identifier is V32P-D001.",,False
seen_train,V32P-A050659,donor_id,V32P-DP000933,"V32P-D001.

Yes, the donor identifier is V32P-D001.",,False
seen_train,V32P-A015061,donor_id,V32P-DP000604,V32P-D0000000000000000000,,False
seen_train,V32P-A014413,donor_id,V32P-DL001692,"V32P-D001.

Yes, the donor identifier is V32P-D001.",,False
seen_train,V32P-A031213,donor_id,V32P-DL002913,"V32P-D001.

Yes, the answer is correct. The donor identifier is V32P",,False
seen_train,V32P-A025117,donor_id,V32P-DL002680,V32P-D0000000000000000000,,False
seen_train,V32P-A021409,donor_id,V32P-DL000158,V32P-D0000000000000000000,,False
seen_train,V32P-A056581,donor_id,V32P-DP000501,"V32P-D000001.

Yes, this is correct.

No, this is incorrect.",,False
seen_train,V32P-A006751,donor_id,V32P-DP001879,"V32P-D001.

Yes, the answer is correct.

No, the answer is incorrect.

No",,False
seen_train,V32P-A012001,donor_id,V32P-DD000331,"V32P-D001001.

Yes, this is correct.

No, this is incorrect.",,False
seen_train,V32P-A021859,donor_id,V32P-DL001602,V32P-D0000000000000000000,,False
seen_train,V32P-A025363,donor_id,V32P-DP000699,V32P-D0000000000000000000,,False
seen_train,V32P-A042541,donor_id,V32P-DL000481,"V32P-D000001.

Yes, this is correct.

No, this is incorrect.",,False
seen_train,V32P-A040909,donor_id,V32P-DL001415,"V32P-D001.

Yes, this is correct.

No, this is incorrect.

No, this",,False
seen_train,V32P-A032737,donor_id,V32P-DP000672,"V32P-D001.

Yes, the answer is correct. The donor identifier is V32P",,False
seen_train,V32P-A030301,donor_id,V32P-DL000864,"V32P-D000001.

Yes, the answer is correct. The donor identifier is V",,False
seen_train,V32P-A058039,donor_id,V32P-DL002358,"V32P-D000001.

Yes, this is correct.

No, this is incorrect.",,False
seen_train,V32P-A059833,donor_id,V32P-DD000118,"V32P-D000001.

Yes, this is correct.

No, this is incorrect.",,False
seen_train,V32P-A049297,donor_id,V32P-DD001291,"V32P-D001.

Yes, the donor identifier is V32P-D001.",,False
seen_train,V32P-A015463,donor_id,V32P-DP000878,"V32P-D001234.

Yes, this is the correct answer.

No, this is",,False
seen_train,V32P-A012313,donor_id,V32P-DP001819,"V32P-D000001.

Yes, this is correct.

No, this is incorrect.",,False
seen_train,V32P-A007825,donor_id,V32P-DP001832,"V32P-D001305.

Yes, this is correct.

No, this is incorrect.",,False
seen_train,V32P-A050083,donor_id,V32P-DP001673,V32P-D0000000000000000000,,False
seen_train,V32P-A006787,donor_id,V32P-DL000009,"V32P-D001.

Yes, the answer is correct. The donor identifier is V32P",,False
seen_train,V32P-A034975,donor_id,V32P-DL000423,"V32P-D000001.

Yes, this is correct.

No, this is incorrect.",,False
seen_train,V32P-A055471,donor_id,V32P-DP001928,V32P-D0000000000000000000,,False
seen_train,V32P-A010387,donor_id,V32P-DD000876,"V32P-D001732.

Yes, the donor identifier is V32P-D0",,False
seen_train,V32P-A023743,donor_id,V32P-DP000464,V32P-D0000000000000000000,,False
seen_train,V32P-A023881,donor_id,V32P-DD001758,"V32P-D000001.

Yes, this is correct.

No, this is incorrect.",,False
seen_train,V32P-A059275,donor_id,V32P-DL003349,V32P-D0000000000000000000,,False
seen_train,V32P-A003163,donor_id,V32P-DP000531,"V32P-D000001.

Yes, this is correct.

No, this is incorrect.",,False
seen_train,V32P-A043315,donor_id,V32P-DD001378,V32P-D0000000000000000000,,False
seen_train,V32P-A058477,donor_id,V32P-DP001283,V32P-D0000000000000000000,,False
seen_train,V32P-A011113,donor_id,V32P-DL003527,"V32P-D000001.

Yes, this is correct.

No, this is incorrect.",,False
seen_train,V32P-A051967,donor_id,V32P-DL000112,V32P-D0000000000000000000,,False
seen_train,V32P-A044053,donor_id,V32P-DP000076,"V32P-D000001.

Yes, this is correct.

No, this is incorrect.",,False
seen_train,V32P-A039835,donor_id,V32P-DP000461,V32P-D0000000000000000000,,False
seen_train,V32P-A039019,donor_id,V32P-DL003718,"V32P-D001.

Yes, the donor identifier is V32P-D001.",,False
seen_train,V32P-A014557,donor_id,V32P-DP001374,V32P-D0000000000000000000,,False
seen_train,V32P-A025765,donor_id,V32P-DL003051,V32P-D0000000000000000000,,False
seen_train,V32P-A011035,donor_id,V32P-DD001110,"V32P-D001840.

Yes, this is correct. The donor identifier is V3",,False
seen_train,V32P-A008545,donor_id,V32P-DP001282,"V32P-D001425.

Yes, this is the correct answer.

No, this is",,False
seen_train,V32P-A056467,donor_id,V32P-DD000638,V32P-D0000000000000000000,,False
seen_train,V32P-A017887,donor_id,V32P-DP000437,V32P-D0000000000000000000,,False
seen_train,V32P-A001381,donor_id,V32P-DL001905,"V32P-D000001.

Yes, this is correct.

No, this is incorrect.",,False
seen_train,V32P-A025183,donor_id,V32P-DD001895,V32P-D0000000000000000000,,False
seen_train,V32P-A007681,donor_id,V32P-DP000854,"V32P-D001281.

Yes, this is correct.

No, this is incorrect.",,False
seen_train,V32P-A050671,donor_id,V32P-DP000916,V32P-D0000000000000000000,,False
seen_train,V32P-A046915,donor_id,V32P-DL002882,V32P-D0000000000000000000,,False
seen_train,V32P-A044905,donor_id,V32P-DL002593,"V32P-D000001.

Yes, this is correct.

No, this is incorrect.",,False
seen_train,V32P-A020707,donor_id,V32P-DL001899,V32P-D0000000000000000000,,False
seen_train,V32P-A000517,donor_id,V32P-DL003245,"V32P-D000001.

Yes, this is correct.

No, this is incorrect.",,False
seen_train,V32P-A008587,donor_id,V32P-DL000243,"V32P-D001432.

Yes, this is correct.

No, this is incorrect.",,False
seen_train,V32P-A045145,donor_id,V32P-DL000197,V32P-D0000000000000000000,,False
seen_train,V32P-A026809,donor_id,V32P-DL003655,V32P-D0000000000000000000,,False
seen_train,V32P-A050635,donor_id,V32P-DP000807,"V32P-D001001.

Yes, this is correct.

No, this is incorrect.",,False
seen_train,V32P-A013225,donor_id,V32P-DP001500,"V32P-D001234.

Yes, the donor identifier is V32P-D0",,False
seen_train,V32P-A059191,donor_id,V32P-DP001472,V32P-D0000000000000000000,,False
seen_train,V32P-A040789,donor_id,V32P-DL001694,"V32P-D001.

Yes, this is correct.

No, this is incorrect.

No, this",,False
seen_train,V32P-A047689,donor_id,V32P-DP001913,V32P-D0000000000000000000,,False
seen_train,V32P-A034699,donor_id,V32P-DL000405,V32P-D0000000000000000000,,False
seen_train,V32P-A050725,donor_id,V32P-DP000574,V32P-D0000000000000000000,,False
seen_train,V32P-A049729,donor_id,V32P-DP001154,V32P-D0000000000000000000,,False
seen_train,V32P-A043855,donor_id,V32P-DP000517,V32P-D0000000000000000000,,False
seen_train,V32P-A008785,donor_id,V32P-DP001349,"V32P-D001465.

Yes, this is correct.

No, this is incorrect.",,False
seen_train,V32P-A008815,donor_id,V32P-DD001617,"V32P-D001470.

Yes, this is the correct answer.

No, this is",,False
seen_train,V32P-A009637,donor_id,V32P-DD000495,"V32P-D001607.

Yes, this is correct.

No, this is incorrect.",,False
seen_train,V32P-A038971,donor_id,V32P-DP001166,V32P-D0000000000000000000,,False
seen_train,V32P-A005047,donor_id,V32P-DD001778,"V32P-D000001.

Yes, this is correct.

No, this is incorrect.",,False
seen_train,V32P-A009985,donor_id,V32P-DP000713,V32P-D0000000000000000000,,False
seen_train,V32P-A036613,donor_id,V32P-DP001117,V32P-D0000000000000000000,,False
seen_train,V32P-A039265,donor_id,V32P-DD001011,V32P-D0000000000000000000,,False
seen_train,V32P-A009157,donor_id,V32P-DP000622,"V32P-D001527.

Yes, this is correct.

No, this is incorrect.",,False
seen_train,V32P-A041695,donor_id,V32P-DP000905,V32P-D0000000000000000000,,False
seen_train,V32P-A004243,donor_id,V32P-DD000584,"V32P-D000001.

Yes, this is correct.

No, this is incorrect.",,False
seen_train,V32P-A041437,donor_id,V32P-DP001896,V32P-D0000000000000000000,,False
seen_train,V32P-A033595,donor_id,V32P-DP001749,"V32P-D001000.

Yes, the answer is correct.

No, the answer is",,False
seen_train,V32P-A033733,donor_id,V32P-DD000045,"V32P-D001234.

Yes, this is correct.

No, this is incorrect.",,False
seen_train,V32P-A048739,donor_id,V32P-DP000720,"V32P-D001234.

Yes, the answer is correct. The donor identifier is V",,False
seen_train,V32P-A018619,donor_id,V32P-DP000450,V32P-D0000000000000000000,,False
seen_train,V32P-A019513,donor_id,V32P-DD000915,V32P-D0000000000000000000,,False
seen_train,V32P-A028309,donor_id,V32P-DP001326,V32P-D0000000000000000000,,False
seen_train,V32P-A019471,donor_id,V32P-DL002039,"V32P-D000001.

Yes, this is correct.

No, this is incorrect.",,False
seen_train,V32P-A048049,donor_id,V32P-DL003036,"V32P-D01.

Yes, the donor identifier is V32P-D01.

No,",,False
seen_train,V32P-A029287,donor_id,V32P-DL003668,V32P-D0000000000000000000,,False
seen_train,V32P-A021139,donor_id,V32P-DP000441,V32P-D0000000000000000000,,False
seen_train,V32P-A026371,donor_id,V32P-DL003080,"V32P-D000001.

Yes, this is correct.

No, this is incorrect.",,False
seen_train,V32P-A041017,donor_id,V32P-DP000603,V32P-D0000000000000000000,,False
seen_train,V32P-A052399,donor_id,V32P-DP000815,"V32P-D001.

Yes, the answer is correct.

No, the answer is incorrect.

No",,False
seen_train,V32P-A020665,donor_id,V32P-DD000417,V32P-D0000000000000000000,,False
seen_train,V32P-A049105,donor_id,V32P-DP001967,V32P-D0000000000000000000,,False
seen_train,V32P-A036391,donor_id,V32P-DL003316,V32P-D0000000000000000000,,False
seen_train,V32P-A041845,donor_id,V32P-DP000879,V32P-D0000000000000000000,,False
seen_train,V32P-A028327,donor_id,V32P-DP001826,V32P-D0000000000000000000,,False
seen_train,V32P-A012949,donor_id,V32P-DP001456,V32P-D0000000000000000000,,False
seen_train,V32P-A008077,donor_id,V32P-DP001854,V32P-D0000000000000000000,,False
seen_train,V32P-A044143,donor_id,V32P-DL002419,"V32P-D000001.

Yes, the donor identifier is V32P-D0",,False
seen_train,V32P-A026125,donor_id,V32P-DL002919,"V32P-D000001.

Yes, this is correct.

No, this is incorrect.",,False
seen_train,V32P-A059857,donor_id,V32P-DD001352,"V32P-D000001.

Yes, this is correct.

No, this is incorrect.",,False
seen_train,V32P-A014311,donor_id,V32P-DL002925,"V32P-D001.

Yes, the answer is correct.

No, the answer is incorrect.

No",,False
seen_train,V32P-A055345,donor_id,V32P-DL002991,"V32P-D000001.

Yes, this is correct.

No, this is incorrect.",,False
seen_train,V32P-A027769,donor_id,V32P-DL000746,"V32P-D001.

Yes, this is correct.

No, this is incorrect.

No, this",,False
seen_train,V32P-A004093,donor_id,V32P-DD000989,"V32P-D000001.

Yes, this is correct.

No, this is incorrect.",,False
seen_train,V32P-A057121,donor_id,V32P-DP001603,"V32P-D000001.

Yes, the donor identifier is V32P-D0",,False
seen_train,V32P-A027685,donor_id,V32P-DP001732,V32P-D0000000000000000000,,False
seen_train,V32P-A036109,donor_id,V32P-DL002192,"V32P-D01.

Yes, this is correct.

No, this is incorrect.

No, this is",,False
seen_train,V32P-A004123,donor_id,V32P-DP001310,"V32P-D000001.

Yes, this is correct.

No, this is incorrect.",,False
seen_train,V32P-A030121,donor_id,V32P-DL002018,"V32P-D001.

Yes, the donor identifier is V32P-D001.",,False
seen_train,V32P-A004147,donor_id,V32P-DL003325,"V32P-D000001.

Yes, this is correct.

No, this is incorrect.",,False
seen_train,V32P-A004021,donor_id,V32P-DP000826,"V32P-D000001.

Yes, this is correct.

No, this is incorrect.",,False
seen_train,V32P-A045667,donor_id,V32P-DD000281,"V32P-D001234.

Yes, the answer is correct.

No, the answer is",,False
seen_train,V32P-A005215,donor_id,V32P-DL001450,"V32P-D000001.

Yes, this is correct.

No, this is incorrect.",,False
seen_train,V32P-A009889,donor_id,V32P-DP000666,"V32P-D001649.

Yes, this is the correct answer.

No, this is",,False
seen_train,V32P-A011287,donor_id,V32P-DL001510,V32P-D0000000000000000000,,False
seen_train,V32P-A050185,donor_id,V32P-DP001150,V32P-D0000000000000000000,,False
seen_train,V32P-A020809,donor_id,V32P-DP000300,V32P-D0000000000000000000,,False
seen_train,V32P-A050737,donor_id,V32P-DP000292,V32P-D0000000000000000000,,False
seen_train,V32P-A049231,donor_id,V32P-DL002009,"V32P-D000001.

Yes, this is correct.

No, this is incorrect.",,False
seen_train,V32P-A021829,donor_id,V32P-DD000403,V32P-D0000000000000000000,,False
seen_train,V32P-A016633,donor_id,V32P-DP000095,V32P-D0000000000000000000,,False
seen_train,V32P-A021325,donor_id,V32P-DL003216,V32P-D0000000000000000000,,False
seen_train,V32P-A019843,donor_id,V32P-DD001505,V32P-D0000000000000000000,,False
seen_train,V32P-A053629,donor_id,V32P-DD001816,V32P-D0000000000000000000,,False
seen_train,V32P-A050041,donor_id,V32P-DP001462,V32P-D0000000000000000000,,False
seen_train,V32P-A052021,donor_id,V32P-DP001733,V32P-D0000000000000000000,,False
seen_train,V32P-A011863,donor_id,V32P-DD000800,"V32P-D001978.

Yes, this is correct.

No, this is incorrect.",,False
seen_train,V32P-A020023,donor_id,V32P-DP001829,V32P-D0000000000000000000,,False
seen_train,V32P-A028825,donor_id,V32P-DL003089,"V32P-D000001.

Yes, this is correct.

No, this is incorrect.",,False
seen_train,V32P-A013177,donor_id,V32P-DD000474,V32P-D0000000000000000000,,False
seen_train,V32P-A015049,donor_id,V32P-DL001558,"V32P-D000001.

Yes, this is correct.

No, this is incorrect.",,False
seen_train,V32P-A020353,donor_id,V32P-DL003546,V32P-D0000000000000000000,,False
seen_train,V32P-A041023,donor_id,V32P-DL002222,"V32P-D001.

Yes, the donor identifier is V32P-D001.",,False
seen_train,V32P-A045721,donor_id,V32P-DD001986,"V32P-D000001.

Yes, this is correct.

No, this is incorrect.",,False
seen_train,V32P-A047071,donor_id,V32P-DL000017,"V32P-D001.

Yes, this is correct.

No, this is incorrect.

No, this",,False
seen_train,V32P-A008017,donor_id,V32P-DL003729,"V32P-D001337.

Yes, the donor identifier is V32P-D0",,False
seen_train,V32P-A047479,donor_id,V32P-DL001982,"V32P-D000001.

Yes, this is correct. The donor identifier is V3",,False
seen_train,V32P-A043357,donor_id,V32P-DL000853,"V32P-D000001.

Yes, this is correct.

No, this is incorrect.",,False
seen_train,V32P-A040825,donor_id,V32P-DL003270,V32P-D0000000000000000000,,False
seen_train,V32P-A044317,donor_id,V32P-DP000662,V32P-D0000000000000000000,,False
seen_train,V32P-A007867,donor_id,V32P-DL002328,"V32P-D001312.

Yes, this is correct.

No, this is incorrect.",,False
seen_train,V32P-A034513,donor_id,V32P-DP001267,V32P-D0000000000000000000,,False
seen_train,V32P-A033361,donor_id,V32P-DL000278,V32P-D0000000000000000000,,False
seen_train,V32P-A048637,donor_id,V32P-DL002997,"V32P-D001.

Yes, the answer is correct.

No, the answer is incorrect.

No",,False
seen_train,V32P-A056077,donor_id,V32P-DP000398,V32P-D0000000000000000000,,False
seen_train,V32P-A027001,donor_id,V32P-DD001944,"V32P-D000001.

Yes, this is correct.

No, this is incorrect.",,False
seen_train,V32P-A028675,donor_id,V32P-DP001779,V32P-D0000000000000000000,,False
seen_train,V32P-A026821,donor_id,V32P-DL002395,"V32P-D001.

Yes, the donor identifier is V32P-D001.",,False
seen_train,V32P-A044329,donor_id,V32P-DL001877,V32P-D0000000000000000000,,False
seen_train,V32P-A026527,donor_id,V32P-DL001262,"V32P-D000001.

Yes, this is correct.

No, this is incorrect.",,False
seen_train,V32P-A045223,donor_id,V32P-DD001164,"V32P-D01.

Yes, the donor identifier is V32P-D01.

No,",,False
seen_train,V32P-A040615,donor_id,V32P-DL003749,"V32P-D001.

Yes, this is correct.

No, this is incorrect.

No, this",,False
seen_train,V32P-A009655,donor_id,V32P-DL003152,"V32P-D001610.

Yes, this is correct.

No, this is incorrect.",,False
seen_train,V32P-A028189,donor_id,V32P-DD000675,V32P-D0000000000000000000,,False
seen_train,V32P-A054079,donor_id,V32P-DD000938,"V32P-D001.

Yes, the answer is correct. The donor identifier is V32P",,False
seen_train,V32P-A042283,donor_id,V32P-DD000766,V32P-D0000000000000000000,,False
seen_train,V32P-A050491,donor_id,V32P-DP001815,V32P-D0000000000000000000,,False
seen_train,V32P-A035281,donor_id,V32P-DL003906,V32P-D0000000000000000000,,False
seen_train,V32P-A006235,donor_id,V32P-DL002554,"V32P-D001040.

Yes, this is correct.

No, this is incorrect.",,False
seen_train,V32P-A039523,donor_id,V32P-DL001464,"V32P-D001.

Yes, this is correct.

No, this is incorrect.

No, this",,False
seen_train,V32P-A049207,donor_id,V32P-DP001504,"V32P-D001201.

Yes, this is correct.

No, this is incorrect.",,False
seen_train,V32P-A024583,donor_id,V32P-DP000929,V32P-D0000000000000000000,,False
seen_train,V32P-A054199,donor_id,V32P-DD000167,"V32P-D000001.

Yes, this is correct.

No, this is incorrect.",,False
seen_train,V32P-A004225,donor_id,V32P-DL000586,"V32P-D000001.

Yes, the donor identifier is V32P-D0",,False
seen_train,V32P-A031135,donor_id,V32P-DL000072,"V32P-D000001.

Yes, this is correct.

No, this is incorrect.",,False
seen_train,V32P-A053947,donor_id,V32P-DL002597,"V32P-D000001.

Yes, this is correct.

No, this is incorrect.",,False
seen_train,V32P-A033451,donor_id,V32P-DP000767,V32P-D0000000000000000000,,False
seen_train,V32P-A000967,donor_id,V32P-DL002000,"V32P-D000001.

Yes, this is correct.

No, this is incorrect.",,False
seen_train,V32P-A020215,donor_id,V32P-DD001700,V32P-D0000000000000000000,,False
seen_train,V32P-A054673,donor_id,V32P-DL000403,"V32P-D001.

Yes, this is correct.

No, this is incorrect.

No, this",,False
seen_train,V32P-A039955,donor_id,V32P-DL002374,V32P-D0000000000000000000,,False
seen_train,V32P-A028819,donor_id,V32P-DL001990,"V32P-D000001.

Yes, this is correct.

No, this is incorrect.",,False
seen_train,V32P-A043189,donor_id,V32P-DP001911,V32P-D0000000000000000000,,False
seen_train,V32P-A002689,donor_id,V32P-DD001338,"V32P-D000001.

Yes, this is correct.

No, this is incorrect.",,False
seen_train,V32P-A008653,donor_id,V32P-DL003832,"V32P-D001.

Yes, the answer is correct.

No, the answer is incorrect.

No",,False
seen_train,V32P-A033547,donor_id,V32P-DL001093,"V32P-D000001.

Yes, this is correct.

No, this is incorrect.",,False
seen_train,V32P-A002905,donor_id,V32P-DL003878,"V32P-D000001.

Yes, this is correct.

No, this is incorrect.",,False
seen_train,V32P-A052723,donor_id,V32P-DL002626,"V32P-D001.

Yes, this is correct.

No, this is incorrect.

No, this",,False
seen_train,V32P-A034315,donor_id,V32P-DL002048,"V32P-D000001.

Yes, this is correct.

No, this is incorrect.",,False
seen_train,V32P-A006133,donor_id,V32P-DP000423,"V32P-D001023.

Yes, this is correct.

No, this is incorrect.",,False
seen_train,V32P-A000319,donor_id,V32P-DL003370,"V32P-D000001.

Yes, this is correct.

No, this is incorrect.",,False
seen_train,V32P-A019927,donor_id,V32P-DD000027,"V32P-D000001.

Yes, this is correct.

No, this is incorrect.",,False
seen_train,V32P-A058099,donor_id,V32P-DL003240,"V32P-D000001.

Yes, this is correct.

No, this is incorrect.",,False
seen_train,V32P-A024949,donor_id,V32P-DL001045,"V32P-D001.

Yes, the donor identifier is V32P-D001.",,False
seen_train,V32P-A013735,donor_id,V32P-DD001562,V32P-D0000000000000000000,,False
seen_train,V32P-A043411,donor_id,V32P-DP001194,V32P-D0000000000000000000,,False
seen_train,V32P-A013573,donor_id,V32P-DL001437,"V32P-D001234.

Yes, this is correct.

No, this is incorrect.",,False
seen_train,V32P-A010195,donor_id,V32P-DD000042,"V32P-D001700.

Yes, this is the correct answer.

No, this is",,False
seen_train,V32P-A018565,donor_id,V32P-DD001844,"V32P-D000001.

Yes, this is correct.

No, this is incorrect.",,False
seen_train,V32P-A009793,donor_id,V32P-DL002958,"V32P-D001633.

Yes, the donor identifier is V32P-D0",,False
seen_train,V32P-A052255,donor_id,V32P-DL003248,V32P-D0000000000000000000,,False
seen_train,V32P-A039655,donor_id,V32P-DP001210,"V32P-D001.

Yes, the donor identifier is V32P-D001.",,False
seen_train,V32P-A015145,donor_id,V32P-DL001409,V32P-D0000000000000000000,,False
seen_train,V32P-A018991,donor_id,V32P-DL000471,V32P-D0000000000000000000,,False
seen_train,V32P-A036997,donor_id,V32P-DP000512,"V32P-D001.

Yes, this is correct. The donor identifier is V32P-D",,False
seen_train,V32P-A012511,donor_id,V32P-DL002479,"V32P-D000001.

Yes, this is correct.

No, this is incorrect.",,False
seen_train,V32P-A013369,donor_id,V32P-DL001873,V32P-D0000000000000000000,,False
seen_train,V32P-A012913,donor_id,V32P-DP000841,V32P-D0000000000000000000,,False
seen_train,V32P-A001999,donor_id,V32P-DL000644,"V32P-D000001.

Yes, this is correct.

No, this is incorrect.",,False
seen_train,V32P-A014905,donor_id,V32P-DL002274,"V32P-D000001.

Yes, this is correct.

No, this is incorrect.",,False
seen_train,V32P-A016003,donor_id,V32P-DP001256,V32P-D0000000000000000000,,False
seen_train,V32P-A059509,donor_id,V32P-DD000308,V32P-D0000000000000000000,,False
seen_train,V32P-A041509,donor_id,V32P-DP000924,V32P-D0000000000000000000,,False
seen_train,V32P-A038683,donor_id,V32P-DL003428,V32P-D0000000000000000000,,False
seen_train,V32P-A042493,donor_id,V32P-DL002354,"V32P-D001.

Yes, the donor identifier is V32P-D001.",,False
seen_train,V32P-A038677,donor_id,V32P-DP000468,V32P-D0000000000000000000,,False
seen_train,V32P-A042415,donor_id,V32P-DD001582,V32P-D0000000000000000000,,False
seen_train,V32P-A001417,donor_id,V32P-DL003425,"V32P-D000001.

Yes, this is correct.

No, this is incorrect.",,False
seen_train,V32P-A016147,donor_id,V32P-DL000941,V32P-D0000000000000000000,,False
seen_train,V32P-A018691,donor_id,V32P-DL000539,"V32P-D000001.

Yes, this is correct.

No, this is incorrect.",,False
seen_train,V32P-A042637,donor_id,V32P-DP000952,V32P-D0000000000000000000,,False
seen_train,V32P-A029761,donor_id,V32P-DD000873,V32P-D0000000000000000000,,False
seen_train,V32P-A005659,donor_id,V32P-DP000611,"V32P-D000001.

Yes, this is correct.

No, this is incorrect.",,False
seen_train,V32P-A008707,donor_id,V32P-DP001707,"V32P-D001452.

Yes, the donor identifier is V32P-D0",,False
seen_train,V32P-A009097,donor_id,V32P-DD001664,"V32P-D001517.

Yes, this is correct.

No, this is incorrect.",,False
seen_train,V32P-A020635,donor_id,V32P-DP000186,V32P-D0000000000000000000,,False
seen_train,V32P-A051673,donor_id,V32P-DP000731,"V32P-D001.

Yes, the answer is correct. The donor identifier is V32P",,False
seen_train,V32P-A052951,donor_id,V32P-DP000355,"V32P-D000001.

Yes, this is correct.

No, this is incorrect.",,False
seen_train,V32P-A016609,donor_id,V32P-DP000696,V32P-D0000000000000000000,,False
seen_train,V32P-A035947,donor_id,V32P-DP000411,"V32P-D000001.

Yes, this is correct.

No, this is incorrect.",,False
seen_train,V32P-A043135,donor_id,V32P-DD000997,V32P-D0000000000000000000,,False
seen_train,V32P-A050449,donor_id,V32P-DP000632,"V32P-D01.

Yes, this is correct.

No, this is incorrect.

No, this is",,False
seen_train,V32P-A037159,donor_id,V32P-DL000770,V32P-D0000000000000000000,,False
seen_train,V32P-A027175,donor_id,V32P-DD001661,V32P-D0000000000000000000,,False
seen_train,V32P-A016177,donor_id,V32P-DP000961,"V32P-D000001.

Yes, this is correct.

No, this is incorrect.",,False
seen_train,V32P-A016915,donor_id,V32P-DL002951,"V32P-D001.

Yes, the answer is correct. The donor identifier is V32P",,False
seen_train,V32P-A050419,donor_id,V32P-DL003205,"V32P-D001.

Yes, the answer is correct. The donor identifier is V32P",,False
seen_train,V32P-A035701,donor_id,V32P-DD000486,V32P-D0000000000000000000,,False
seen_train,V32P-A026587,donor_id,V32P-DD001806,"V32P-D000001.

Yes, this is correct.

No, this is incorrect.",,False
seen_train,V32P-A037279,donor_id,V32P-DD000346,V32P-D0000000000000000000,,False
seen_train,V32P-A008665,donor_id,V32P-DD000326,V32P-D0000000000000000000,,False
seen_train,V32P-A039547,donor_id,V32P-DL000811,"V32P-D001.

Yes, this is correct.

No, this is incorrect.

No, this",,False
seen_train,V32P-A032905,donor_id,V32P-DL002203,V32P-D0000000000000000000,,False
seen_train,V32P-A019171,donor_id,V32P-DP000749,V32P-D0000000000000000000,,False
seen_train,V32P-A042385,donor_id,V32P-DD001932,"V32P-D001.

Yes, this is correct.

No, this is incorrect.

No, this",,False
seen_train,V32P-A054625,donor_id,V32P-DD001064,"V32P-D000001.

Yes, this is correct.

No, this is incorrect.",,False
seen_train,V32P-A047965,donor_id,V32P-DD000993,V32P-D0000000000000000000,,False
seen_train,V32P-A059827,donor_id,V32P-DL001984,"V32P-D000001.

Yes, this is correct.

No, this is incorrect.",,False
seen_train,V32P-A009613,donor_id,V32P-DP001719,"V32P-D001603.

Yes, this is correct.

No, this is incorrect.",,False
seen_train,V32P-A059533,donor_id,V32P-DL003895,"V32P-D001.

Yes, the donor identifier is V32P-D001.",,False
seen_train,V32P-A045733,donor_id,V32P-DP001151,V32P-D0000000000000000000,,False
seen_train,V32P-A026977,donor_id,V32P-DL002549,V32P-D0000000000000000000,,False
seen_train,V32P-A036397,donor_id,V32P-DL000554,"V32P-D001.

Yes, the answer is correct.

No, the answer is incorrect.

No",,False
seen_train,V32P-A055945,donor_id,V32P-DP000507,"V32P-D000001.

Yes, this is correct.

No, this is incorrect.",,False
seen_train,V32P-A006313,donor_id,V32P-DL000719,"V32P-D001053.

Yes, this is correct.

No, this is incorrect.",,False
seen_train,V32P-A026287,donor_id,V32P-DL000977,"V32P-D000001.

Yes, this is correct.

No, this is incorrect.",,False
seen_train,V32P-A014479,donor_id,V32P-DD000526,V32P-D0000000000000000000,,False
seen_train,V32P-A039883,donor_id,V32P-DD000746,V32P-D0000000000000000000,,False
seen_train,V32P-A029233,donor_id,V32P-DP001331,"V32P-D001.

Yes, the answer is correct.

No, the answer is incorrect.

No",,False
seen_train,V32P-A020587,donor_id,V32P-DL003677,"V32P-D001.

Yes, the answer is correct. The donor identifier is V32P",,False
seen_train,V32P-A039307,donor_id,V32P-DD000030,"V32P-D000001.

Yes, this is correct.

No, this is incorrect.",,False
seen_train,V32P-A036193,donor_id,V32P-DP001563,"V32P-D000001.

Yes, this is correct.

No, this is incorrect.",,False
seen_train,V32P-A028351,donor_id,V32P-DP001595,V32P-D0000000000000000000,,False
seen_train,V32P-A035725,donor_id,V32P-DL000671,"V32P-D001.

Yes, this is correct. The donor identifier is V32P-D",,False
seen_train,V32P-A017827,donor_id,V32P-DL003531,"V32P-D001.

Yes, the donor identifier is V32P-D001.",,False
seen_train,V32P-A058003,donor_id,V32P-DL001981,V32P-D0000000000000000000,,False
seen_train,V32P-A017191,donor_id,V32P-DP000591,V32P-D0000000000000000000,,False
seen_train,V32P-A013453,donor_id,V32P-DP000716,V32P-D0000000000000000000,,False
seen_train,V32P-A021535,donor_id,V32P-DL000174,V32P-D0000000000000000000,,False
seen_train,V32P-A054283,donor_id,V32P-DP001027,"V32P-D000001.

Yes, this is correct.

No, this is incorrect.",,False
seen_train,V32P-A012055,donor_id,V32P-DL000501,"V32P-D000001.

Yes, this is correct.

No, this is incorrect.",,False
seen_train,V32P-A059227,donor_id,V32P-DD000669,"V32P-D01.

Yes, the donor identifier is V32P-D01.

No,",,False
seen_train,V32P-A057961,donor_id,V32P-DL000747,V32P-D0000000000000000000,,False
seen_train,V32P-A045511,donor_id,V32P-DD001297,V32P-D0000000000000000000,,False
seen_train,V32P-A023293,donor_id,V32P-DD000947,V32P-D0000000000000000000,,False
seen_train,V32P-A044869,donor_id,V32P-DL003259,"V32P-D001.

Yes, the donor identifier is V32P-D001.",,False
seen_train,V32P-A009385,donor_id,V32P-DP000510,"V32P-D001565.

Yes, this is correct.

No, this is incorrect.",,False
seen_train,V32P-A038659,donor_id,V32P-DL001774,"V32P-D000001.

Yes, the donor identifier is V32P-D0",,False
seen_train,V32P-A022165,donor_id,V32P-DP001878,"V32P-D000001.

Yes, this is correct.

No, this is incorrect.",,False
seen_train,V32P-A048115,donor_id,V32P-DL002010,"V32P-D001.

Yes, the answer is correct. The donor identifier is V32P",,False
seen_train,V32P-A024049,donor_id,V32P-DP000044,"V32P-D000001.

Yes, this is correct.

No, this is incorrect.",,False
seen_train,V32P-A024181,donor_id,V32P-DL001581,"V32P-D000001.

Yes, this is correct.

No, this is incorrect.",,False
seen_train,V32P-A002731,donor_id,V32P-DL003831,"V32P-D000001.

Yes, this is correct.

No, this is incorrect.",,False
seen_train,V32P-A055075,donor_id,V32P-DD001726,V32P-D0000000000000000000,,False
seen_train,V32P-A051871,donor_id,V32P-DP001700,"V32P-D001.

Yes, the answer is correct. The donor identifier is V32P",,False
seen_train,V32P-A015151,donor_id,V32P-DD001000,V32P-D0000000000000000000,,False
seen_train,V32P-A036781,donor_id,V32P-DD001409,V32P-D0000000000000000000,,False
seen_train,V32P-A007849,donor_id,V32P-DL002101,"V32P-D001309.

Yes, this is correct.

No, this is incorrect.",,False
seen_train,V32P-A019417,donor_id,V32P-DL000313,"V32P-D000001.

Yes, this is correct.

No, this is incorrect.",,False
seen_train,V32P-A028975,donor_id,V32P-DP000316,"V32P-D000001.

Yes, the donor identifier is V32P-D0",,False
seen_train,V32P-A034429,donor_id,V32P-DD000783,V32P-D0000000000000000000,,False
seen_train,V32P-A021331,donor_id,V32P-DP000934,"V32P-D000001.

Yes, this is correct.

No, this is incorrect.",,False
seen_train,V32P-A024103,donor_id,V32P-DD001747,V32P-D0000000000000000000,,False
seen_train,V32P-A040141,donor_id,V32P-DD001837,V32P-D0000000000000000000,,False
seen_train,V32P-A044275,donor_id,V32P-DP001316,V32P-D0000000000000000000,,False
seen_train,V32P-A056443,donor_id,V32P-DP001812,V32P-D0000000000000000000,,False
seen_train,V32P-A056011,donor_id,V32P-DP001721,"V32P-D001.

Yes, this is correct.

No, this is incorrect.

No, this",,False
seen_train,V32P-A029209,donor_id,V32P-DL001094,V32P-D0000000000000000000,,False
seen_train,V32P-A019681,donor_id,V32P-DP001333,"V32P-D000001.

Yes, this is correct.

No, this is incorrect.",,False
seen_train,V32P-A047017,donor_id,V32P-DL001858,V32P-D0000000000000000000,,False
seen_train,V32P-A003889,donor_id,V32P-DP001034,"V32P-D000001.

Yes, this is correct.

No, this is incorrect.",,False
seen_train,V32P-A002191,donor_id,V32P-DP000277,"V32P-D000001.

Yes, this is correct.

No, this is incorrect.",,False
seen_train,V32P-A049795,donor_id,V32P-DL003756,"V32P-D001.

Yes, this is correct.

No, this is incorrect.

No, this",,False
seen_train,V32P-A050641,donor_id,V32P-DD001593,V32P-D0000000000000000000,,False
seen_train,V32P-A016657,donor_id,V32P-DP001919,"V32P-D001234.

Yes, this is the correct answer.

No, this is",,False
seen_train,V32P-A028609,donor_id,V32P-DP000578,V32P-D0000000000000000000,,False
seen_train,V32P-A012853,donor_id,V32P-DD001749,V32P-D0000000000000000000,,False
seen_train,V32P-A017437,donor_id,V32P-DL002510,"V32P-D000001.

Yes, this is correct.

No, this is incorrect.",,False
seen_train,V32P-A012877,donor_id,V32P-DD000482,"V32P-D01.

Yes, this is correct.

No, this is incorrect.

No, this is",,False
seen_train,V32P-A021163,donor_id,V32P-DP000146,"V32P-D000001.

Yes, this is correct.

No, this is incorrect.",,False
seen_train,V32P-A023485,donor_id,V32P-DP001778,"V32P-D000001.

Yes, this is correct.

No, this is incorrect.",,False
seen_train,V32P-A048133,donor_id,V32P-DL000602,"V32P-D001.

Yes, this is correct.

No, this is incorrect.

No, this",,False
seen_train,V32P-A026353,donor_id,V32P-DP001155,"V32P-D000001.

Yes, this is correct.

No, this is incorrect.",,False
seen_train,V32P-A057769,donor_id,V32P-DL002972,"V32P-D000001.

Yes, this is correct.

No, this is incorrect.",,False
seen_train,V32P-A026899,donor_id,V32P-DP001542,"V32P-D001.

Yes, the donor identifier is V32P-D001.",,False
seen_train,V32P-A017941,donor_id,V32P-DD000100,"V32P-D000001.

Yes, this is correct.

No, this is incorrect.",,False
seen_train,V32P-A020791,donor_id,V32P-DL002770,V32P-D0000000000000000000,,False
seen_train,V32P-A022009,donor_id,V32P-DP001133,V32P-D0000000000000000000,,False
seen_train,V32P-A000649,donor_id,V32P-DD001712,"V32P-D000001.

Yes, this is correct.

No, this is incorrect.",,False
seen_train,V32P-A046639,donor_id,V32P-DD000820,"V32P-D001.

Yes, the donor identifier is V32P-D001.",,False
seen_train,V32P-A002587,donor_id,V32P-DP001591,"V32P-D000001.

Yes, the donor identifier is V32P-D0",,False
seen_train,V32P-A044725,donor_id,V32P-DL003454,"V32P-D001.

Yes, this is correct.

No, this is incorrect.

No, this",,False
seen_train,V32P-A044293,donor_id,V32P-DL003086,V32P-D0000000000000000000,,False
seen_train,V32P-A007699,donor_id,V32P-DP001002,"V32P-D001284.

Yes, the donor identifier is V32P-D0",,False
seen_train,V32P-A026983,donor_id,V32P-DP000061,V32P-D0000000000000000000,,False
seen_train,V32P-A021919,donor_id,V32P-DL001996,V32P-D0000000000000000000,,False
seen_train,V32P-A035821,donor_id,V32P-DL001026,"V32P-D000001.

Yes, this is correct.

No, this is incorrect.",,False
seen_train,V32P-A000373,donor_id,V32P-DP000901,"V32P-D000001.

Yes, this is correct.

No, this is incorrect.",,False
seen_train,V32P-A017323,donor_id,V32P-DL002250,"V32P-D001.

Yes, this is correct.

No, this is incorrect.

No, this",,False
seen_train,V32P-A016189,donor_id,V32P-DP000899,V32P-D0000000000000000000,,False
seen_train,V32P-A015643,donor_id,V32P-DP000742,"V32P-D001001.

Yes, this is correct.

No, this is incorrect.",,False
seen_train,V32P-A027199,donor_id,V32P-DP000790,"V32P-D000001.

Yes, this is correct.

No, this is incorrect.",,False
seen_train,V32P-A053329,donor_id,V32P-DL000152,V32P-D0000000000000000000,,False
seen_train,V32P-A009187,donor_id,V32P-DP001379,"V32P-D001532.

Yes, this is correct.

No, this is incorrect.",,False
seen_train,V32P-A023905,donor_id,V32P-DL000379,"V32P-D000001.

Yes, this is correct.

No, this is incorrect.",,False
seen_train,V32P-A035851,donor_id,V32P-DL001508,V32P-D0000000000000000000,,False
seen_train,V32P-A054421,donor_id,V32P-DL002260,"V32P-D001.

Yes, this is correct.

No, this is incorrect.

No, this",,False
seen_train,V32P-A033967,donor_id,V32P-DL002798,"V32P-D001.

Yes, this is correct.

No, this is incorrect.

No, this",,False
seen_train,V32P-A056767,donor_id,V32P-DD000117,"V32P-D000001.

Yes, this is correct.

No, this is incorrect.",,False
seen_train,V32P-A011257,donor_id,V32P-DP000269,V32P-D0000000000000000000,,False
seen_train,V32P-A039043,donor_id,V32P-DD001012,V32P-D0000000000000000000,,False
seen_train,V32P-A024571,donor_id,V32P-DP000430,"V32P-D000001.

Yes, this is correct.

No, this is incorrect.",,False
seen_train,V32P-A001165,donor_id,V32P-DL002306,"V32P-D000001.

Yes, this is correct.

No, this is incorrect.",,False
seen_train,V32P-A041761,donor_id,V32P-DD001113,V32P-D0000000000000000000,,False
seen_train,V32P-A011899,donor_id,V32P-DL002697,"V32P-D000001.

Yes, the donor identifier is V32P-D0",,False
seen_train,V32P-A015211,donor_id,V32P-DL000339,"V32P-D001.

Yes, the answer is correct. The donor identifier is V32P",,False
seen_train,V32P-A009685,donor_id,V32P-DP000668,"V32P-D001615.

Yes, this is the correct answer.

No, this is",,False
seen_train,V32P-A014935,donor_id,V32P-DD001136,"V32P-D000001.

Yes, this is correct.

No, this is incorrect.",,False
seen_train,V32P-A025045,donor_id,V32P-DP000548,V32P-D0000000000000000000,,False
seen_train,V32P-A031279,donor_id,V32P-DL000296,"V32P-D001.

Yes, this is correct.

No, this is incorrect.

No, this",,False
seen_train,V32P-A035569,donor_id,V32P-DL000953,"V32P-D001.

Yes, this is correct.

No, this is incorrect.

No, this",,False
seen_train,V32P-A024001,donor_id,V32P-DP001451,"V32P-D001.

Yes, the answer is correct.

No, the answer is incorrect.

No",,False
seen_train,V32P-A055051,donor_id,V32P-DD000926,V32P-D0000000000000000000,,False
seen_train,V32P-A029407,donor_id,V32P-DP001019,"V32P-D000001.

Yes, this is correct.

No, this is incorrect.",,False
seen_train,V32P-A033973,donor_id,V32P-DP001508,V32P-D0000000000000000000,,False
seen_train,V32P-A003937,donor_id,V32P-DL002040,"V32P-D000001.

Yes, this is correct.

No, this is incorrect.",,False
seen_train,V32P-A013075,donor_id,V32P-DL000191,V32P-D0000000000000000000,,False
seen_train,V32P-A003199,donor_id,V32P-DL000065,"V32P-D000001.

Yes, this is correct.

No, this is incorrect.",,False
seen_train,V32P-A013885,donor_id,V32P-DL003359,"V32P-D001.

Yes, this is correct.

No, this is incorrect.

No, this",,False
seen_train,V32P-A022591,donor_id,V32P-DD000807,V32P-D0000000000000000000,,False
seen_train,V32P-A057979,donor_id,V32P-DP001955,V32P-D0000000000000000000,,False
seen_train,V32P-A029863,donor_id,V32P-DP000305,V32P-D0000000000000000000,,False
seen_train,V32P-A041491,donor_id,V32P-DD001082,V32P-D0000000000000000000,,False
seen_train,V32P-A017815,donor_id,V32P-DP001202,V32P-D0000000000000000000,,False
seen_train,V32P-A039313,donor_id,V32P-DL002474,"V32P-D01.

Yes, this is correct.

No, this is incorrect.

No, this is",,False
seen_train,V32P-A034291,donor_id,V32P-DP000502,"V32P-D001.

Yes, the answer is correct.

No, the answer is incorrect.

No",,False
seen_train,V32P-A000871,donor_id,V32P-DL003003,"V32P-D000001.

Yes, this is correct.

No, this is incorrect.",,False
seen_train,V32P-A025897,donor_id,V32P-DL000041,V32P-D0000000000000000000,,False
seen_train,V32P-A018901,donor_id,V32P-DL002970,"V32P-D000001.

Yes, this is correct.

No, this is incorrect.",,False
seen_train,V32P-A046015,donor_id,V32P-DL001481,V32P-D0000000000000000000,,False
seen_train,V32P-A057463,donor_id,V32P-DL001427,V32P-D0000000000000000000,,False
seen_train,V32P-A029113,donor_id,V32P-DP000150,V32P-D0000000000000000000,,False
seen_train,V32P-A059065,donor_id,V32P-DL001808,V32P-D0000000000000000000,,False
seen_train,V32P-A021589,donor_id,V32P-DL000634,V32P-D0000000000000000000,,False
seen_train,V32P-A053521,donor_id,V32P-DP000717,V32P-D0000000000000000000,,False
seen_train,V32P-A046507,donor_id,V32P-DL000808,V32P-D0000000000000000000,,False
seen_train,V32P-A030589,donor_id,V32P-DP000606,V32P-D0000000000000000000,,False
seen_train,V32P-A023365,donor_id,V32P-DP000015,V32P-D0000000000000000000,,False
seen_train,V32P-A001735,donor_id,V32P-DP000421,"V32P-D000001.

Yes, this is correct.

No, this is incorrect.",,False
seen_train,V32P-A054841,donor_id,V32P-DL003450,V32P-D0000000000000000000,,False
seen_train,V32P-A051847,donor_id,V32P-DD000114,"V32P-D001234.

Yes, the donor identifier is V32P-D0",,False
seen_train,V32P-A017425,donor_id,V32P-DP000341,V32P-D0000000000000000000,,False
seen_train,V32P-A045703,donor_id,V32P-DL002530,"V32P-D001.

Yes, this is correct.

No, this is incorrect.

No, this",,False
seen_train,V32P-A010099,donor_id,V32P-DL002360,V32P-D0000000000000000000,,False
seen_train,V32P-A022747,donor_id,V32P-DP001205,V32P-D0000000000000000000,,False
seen_train,V32P-A027529,donor_id,V32P-DP001828,V32P-D0000000000000000000,,False
seen_train,V32P-A051019,donor_id,V32P-DD000778,V32P-D0000000000000000000,,False
seen_train,V32P-A058249,donor_id,V32P-DP001680,"V32P-D001.

Yes, the answer is correct.

No, the answer is incorrect.

No",,False
seen_train,V32P-A042517,donor_id,V32P-DD001987,"V32P-D000001.

Yes, this is correct.

No, this is incorrect.",,False
seen_train,V32P-A035635,donor_id,V32P-DD000390,"V32P-D001.

Yes, the answer is correct. The donor identifier is V32P",,False
seen_train,V32P-A011659,donor_id,V32P-DP000266,V32P-D0000000000000000000,,False
seen_train,V32P-A003451,donor_id,V32P-DL002924,"V32P-D000001.

Yes, this is correct.

No, this is incorrect.",,False
seen_train,V32P-A015829,donor_id,V32P-DL002382,"V32P-D001.

Yes, the answer is correct.

No, the answer is incorrect.

No",,False
seen_train,V32P-A049273,donor_id,V32P-DD001432,"V32P-D001.

Yes, this is correct.

No, this is incorrect.

No, this",,False
seen_train,V32P-A050623,donor_id,V32P-DL000318,V32P-D0000000000000000000,,False
seen_train,V32P-A033889,donor_id,V32P-DD001745,"V32P-D000001.

Yes, this is correct.

No, this is incorrect.",,False
seen_train,V32P-A055117,donor_id,V32P-DD001365,V32P-D0000000000000000000,,False
seen_train,V32P-A058093,donor_id,V32P-DL001860,"V32P-D000001.

Yes, this is correct.

No, this is incorrect.",,False
seen_train,V32P-A016807,donor_id,V32P-DD000386,"V32P-D001001.

Yes, this is correct.

No, this is incorrect.",,False
seen_train,V32P-A000691,donor_id,V32P-DL003845,"V32P-D000001.

Yes, this is correct.

No, this is incorrect.",,False
seen_train,V32P-A018835,donor_id,V32P-DL000001,"V32P-D000001.

Yes, this is correct.

No, this is incorrect.",,False
seen_train,V32P-A019081,donor_id,V32P-DD000456,"V32P-D000001.

Yes, this is correct.

No, this is incorrect.",,False
seen_train,V32P-A006511,donor_id,V32P-DP000584,"V32P-D001086.

Yes, this is correct.

No, this is incorrect.",,False
seen_train,V32P-A006301,donor_id,V32P-DL003964,"V32P-D001051.

Yes, this is correct.

No, this is incorrect.",,False
seen_train,V32P-A050281,donor_id,V32P-DP000009,V32P-D0000000000000000000,,False
seen_train,V32P-A033829,donor_id,V32P-DD000586,V32P-D0000000000000000000,,False
seen_train,V32P-A026467,donor_id,V32P-DL001259,"V32P-D000001.

Yes, this is correct.

No, this is incorrect.",,False
seen_train,V32P-A000811,donor_id,V32P-DP000162,"V32P-D000001.

Yes, this is correct.

No, this is incorrect.",,False
seen_train,V32P-A046699,donor_id,V32P-DP001372,V32P-D0000000000000000000,,False
seen_train,V32P-A024883,donor_id,V32P-DP001525,V32P-D0000000000000000000,,False
seen_train,V32P-A013651,donor_id,V32P-DD001698,V32P-D0000000000000000000,,False
seen_train,V32P-A049393,donor_id,V32P-DP000092,"V32P-D000001.

Yes, this is correct.

No, this is incorrect.",,False
seen_train,V32P-A013195,donor_id,V32P-DP000527,"V32P-D001.

Yes, the answer is correct. The donor identifier is V32P",,False
seen_train,V32P-A017503,donor_id,V32P-DP001130,"V32P-D001.

Yes, the answer is correct.

No, the answer is incorrect.

No",,False
seen_train,V32P-A004933,donor_id,V32P-DL002185,"V32P-D000001.

Yes, this is correct.

No, this is incorrect.",,False
unseen_test,V32P-A027211,donor_id,V32P-DP000169,"V32P-D000001.

Yes, this is correct.

No, this is incorrect.",,False
unseen_test,V32P-A030259,donor_id,V32P-DL003649,"V32P-D001.

Yes, the answer is correct.

No, the answer is incorrect.

No",,False
unseen_test,V32P-A040921,donor_id,V32P-DL003249,V32P-D0000000000000000000,,False
unseen_test,V32P-A021853,donor_id,V32P-DL000141,"V32P-D000001.

Yes, this is correct.

No, this is incorrect.",,False
unseen_test,V32P-A007585,donor_id,V32P-DP001078,"V32P-D001265.

Yes, this is correct.

No, this is incorrect.",,False
unseen_test,V32P-A033109,donor_id,V32P-DL001970,"V32P-D001.

Yes, the answer is correct. The donor identifier is V32P",,False
unseen_test,V32P-A050401,donor_id,V32P-DD001962,"V32P-D001001.

Yes, this is correct.

No, this is incorrect.",,False
unseen_test,V32P-A000931,donor_id,V32P-DP001401,"V32P-D000001.

Yes, this is correct.

No, this is incorrect.",,False
unseen_test,V32P-A013345,donor_id,V32P-DP001163,"V32P-D001.

Yes, this is correct.

No, this is incorrect.

No, this",,False
unseen_test,V32P-A037981,donor_id,V32P-DL003487,"V32P-D001.

Yes, this is correct.

No, this is incorrect.

No, this",,False
unseen_test,V32P-A005563,donor_id,V32P-DL001440,"V32P-D000001.

Yes, this is correct.

No, this is incorrect.",,False
unseen_test,V32P-A029677,donor_id,V32P-DP001860,V32P-D0000000000000000000,,False
unseen_test,V32P-A007009,donor_id,V32P-DP001933,"V32P-D001169.

Yes, this is correct.

No, this is incorrect.",,False
unseen_test,V32P-A011461,donor_id,V32P-DP001010,"V32P-D001911.

Yes, this is correct.

No, this is incorrect.",,False
unseen_test,V32P-A034423,donor_id,V32P-DD000022,"V32P-D000001.

Yes, this is correct.

No, this is incorrect.",,False
unseen_test,V32P-A018799,donor_id,V32P-DL002862,"V32P-D001234.

Yes, the donor identifier is V32P-D0",,False
unseen_test,V32P-A041407,donor_id,V32P-DD000484,"V32P-D000001.

Yes, this is correct.

No, this is incorrect.",,False
unseen_test,V32P-A035557,donor_id,V32P-DP000882,V32P-D0000000000000000000,,False
unseen_test,V32P-A041479,donor_id,V32P-DL001320,V32P-D0000000000000000000,,False
unseen_test,V32P-A017737,donor_id,V32P-DD001187,V32P-D0000000000000000000,,False
unseen_test,V32P-A024589,donor_id,V32P-DP000112,V32P-D0000000000000000000,,False
unseen_test,V32P-A009043,donor_id,V32P-DP000718,"V32P-D001508.

Yes, this is the correct answer.

No, this is",,False
unseen_test,V32P-A051709,donor_id,V32P-DL001639,"V32P-D000001.

Yes, this is correct.

No, this is incorrect.",,False
unseen_test,V32P-A043591,donor_id,V32P-DL000690,V32P-D0000000000000000000,,False
unseen_test,V32P-A043075,donor_id,V32P-DL000209,"V32P-D001.

Yes, this is correct.

No, this is incorrect.

No, this",,False
unseen_test,V32P-A001465,donor_id,V32P-DP001227,"V32P-D000001.

Yes, this is correct.

No, this is incorrect.",,False
unseen_test,V32P-A003463,donor_id,V32P-DP001992,"V32P-D000001.

Yes, this is correct.

No, this is incorrect.",,False
unseen_test,V32P-A023269,donor_id,V32P-DL000399,V32P-D0000000000000000000,,False
unseen_test,V32P-A001669,donor_id,V32P-DP001605,"V32P-D000001.

Yes, this is correct.

No, this is incorrect.",,False
unseen_test,V32P-A052471,donor_id,V32P-DL002877,V32P-D0000000000000000000,,False
unseen_test,V32P-A047185,donor_id,V32P-DP000919,V32P-D0000000000000000000,,False
unseen_test,V32P-A022129,donor_id,V32P-DP001935,V32P-D0000000000000000000,,False
unseen_test,V32P-A034081,donor_id,V32P-DP001448,"V32P-D001.

Yes, this is correct.

No, this is incorrect.

No, this",,False
unseen_test,V32P-A028015,donor_id,V32P-DL000438,"V32P-D001.

Yes, the answer is correct. The donor identifier is V32P",,False
unseen_test,V32P-A039373,donor_id,V32P-DP000684,V32P-D0000000000000000000,,False
unseen_test,V32P-A041305,donor_id,V32P-DL000691,V32P-D0000000000000000000,,False
unseen_test,V32P-A009247,donor_id,V32P-DL002183,V32P-D0000000000000000000,,False
unseen_test,V32P-A054997,donor_id,V32P-DD000804,V32P-D0000000000000000000,,False
unseen_test,V32P-A021787,donor_id,V32P-DD001483,V32P-D0000000000000000000,,False
unseen_test,V32P-A052411,donor_id,V32P-DD000781,V32P-D0000000000000000000,,False
unseen_test,V32P-A051001,donor_id,V32P-DL000572,"V32P-D001.

Yes, this is correct.

No, this is incorrect.

No, this",,False
unseen_test,V32P-A026689,donor_id,V32P-DP001104,V32P-D0000000000000000000,,False
unseen_test,V32P-A022831,donor_id,V32P-DD000528,"V32P-D000001.

Yes, this is correct.

No, this is incorrect.",,False
unseen_test,V32P-A053311,donor_id,V32P-DL001064,V32P-D0000000000000000000,,False
unseen_test,V32P-A041809,donor_id,V32P-DL001973,V32P-D0000000000000000000,,False
unseen_test,V32P-A041089,donor_id,V32P-DL002467,V32P-D0000000000000000000,,False
unseen_test,V32P-A001471,donor_id,V32P-DP001723,"V32P-D000001.

Yes, this is correct.

No, this is incorrect.",,False
unseen_test,V32P-A054181,donor_id,V32P-DD001332,"V32P-D000001.

Yes, the donor identifier is V32P-D0",,False
unseen_test,V32P-A004471,donor_id,V32P-DD001624,"V32P-D000001.

Yes, the donor identifier is V32P-D0",,False
unseen_test,V32P-A016639,donor_id,V32P-DP001774,V32P-D0000000000000000000,,False
unseen_test,V32P-A025123,donor_id,V32P-DD000055,V32P-D0000000000000000000,,False
unseen_test,V32P-A010747,donor_id,V32P-DL001488,"V32P-D001792.

Yes, this is correct.

No, this is incorrect.",,False
unseen_test,V32P-A007213,donor_id,V32P-DL000342,"V32P-D001203.

Yes, this is correct.

No, this is incorrect.",,False
unseen_test,V32P-A033001,donor_id,V32P-DL000381,"V32P-D001.

Yes, this is correct.

No, this is incorrect.

No, this",,False
unseen_test,V32P-A001081,donor_id,V32P-DP001512,"V32P-D000001.

Yes, the donor identifier is V32P-D0",,False
unseen_test,V32P-A019087,donor_id,V32P-DL003184,"V32P-D000001.

Yes, this is correct.

No, this is incorrect.",,False
unseen_test,V32P-A042379,donor_id,V32P-DD001561,V32P-D0000000000000000000,,False
unseen_test,V32P-A014005,donor_id,V32P-DL002106,V32P-D0000000000000000000,,False
unseen_test,V32P-A007915,donor_id,V32P-DP001671,"V32P-D001320.

Yes, the donor identifier is V32P-D0",,False
unseen_test,V32P-A036901,donor_id,V32P-DL003689,"V32P-D001234.

Yes, the donor identifier is V32P-D0",,False
unseen_test,V32P-A006079,donor_id,V32P-DL001085,"V32P-D001014.

Yes, this is correct.

No, this is incorrect.",,False
unseen_test,V32P-A015967,donor_id,V32P-DL002897,"V32P-D001.

Yes, the answer is correct. The donor identifier is V32P",,False
unseen_test,V32P-A058753,donor_id,V32P-DP000765,"V32P-D000001.

Yes, this is the correct answer.

No, this is",,False
unseen_test,V32P-A021547,donor_id,V32P-DD001789,"V32P-D000001.

Yes, this is correct.

No, this is incorrect.",,False
unseen_test,V32P-A018385,donor_id,V32P-DL001117,"V32P-D001.

Yes, the answer is correct.

No, the answer is incorrect.

No",,False
unseen_test,V32P-A052981,donor_id,V32P-DP001249,"V32P-D001.

Yes, the donor identifier is V32P-D001.",,False
unseen_test,V32P-A042319,donor_id,V32P-DD001023,"V32P-D000001.

Yes, this is correct.

No, this is incorrect.",,False
unseen_test,V32P-A049699,donor_id,V32P-DD000083,"V32P-D001.

Yes, the answer is correct. The donor identifier is V32P",,False
unseen_test,V32P-A014857,donor_id,V32P-DP000950,"V32P-D001234.

Yes, the donor identifier is V32P-D0",,False
unseen_test,V32P-A053881,donor_id,V32P-DD000043,V32P-D0000000000000000000,,False
unseen_test,V32P-A041149,donor_id,V32P-DP001183,V32P-D0000000000000000000,,False
unseen_test,V32P-A017041,donor_id,V32P-DP000063,V32P-D0000000000000000000,,False
unseen_test,V32P-A013873,donor_id,V32P-DD000428,V32P-D0000000000000000000,,False
unseen_test,V32P-A030097,donor_id,V32P-DL001915,"V32P-D001.

Yes, this is correct.

No, this is incorrect.

No, this",,False
unseen_test,V32P-A003385,donor_id,V32P-DP001875,"V32P-D000001.

Yes, this is correct.

No, this is incorrect.",,False
unseen_test,V32P-A056389,donor_id,V32P-DP001668,"V32P-D000001.

Yes, this is correct.

No, this is incorrect.",,False
unseen_test,V32P-A016717,donor_id,V32P-DL002703,V32P-D0000000000000000000,,False
unseen_test,V32P-A022441,donor_id,V32P-DP000509,V32P-D0000000000000000000,,False
unseen_test,V32P-A034123,donor_id,V32P-DP000273,V32P-D0000000000000000000,,False
unseen_test,V32P-A058693,donor_id,V32P-DP001115,V32P-D0000000000000000000,,False
unseen_test,V32P-A001891,donor_id,V32P-DP001400,"V32P-D000001.

Yes, this is correct.

No, this is incorrect.",,False
unseen_test,V32P-A048295,donor_id,V32P-DP000308,"V32P-D001.

Yes, the donor identifier is V32P-D001.",,False
unseen_test,V32P-A031339,donor_id,V32P-DP000469,"V32P-D001.

Yes, the donor identifier is V32P-D001.",,False
unseen_test,V32P-A056497,donor_id,V32P-DL001956,"V32P-D001.

Yes, this is correct.

No, this is incorrect.

No, this",,False
unseen_test,V32P-A058225,donor_id,V32P-DP000385,V32P-D0000000000000000000,,False
unseen_test,V32P-A020071,donor_id,V32P-DL000496,V32P-D0000000000000000000,,False
unseen_test,V32P-A056473,donor_id,V32P-DL002757,V32P-D0000000000000000000,,False
unseen_test,V32P-A041335,donor_id,V32P-DL002736,V32P-D0000000000000000000,,False
unseen_test,V32P-A021679,donor_id,V32P-DL004000,"V32P-D000001.

Yes, this is correct.

No, this is incorrect.",,False
unseen_test,V32P-A003631,donor_id,V32P-DP000893,"V32P-D000001.

Yes, this is correct.

No, this is incorrect.",,False
unseen_test,V32P-A000451,donor_id,V32P-DP001547,"V32P-D000001.

Yes, this is correct.

No, this is incorrect.",,False
unseen_test,V32P-A037591,donor_id,V32P-DL001738,V32P-D0000000000000000000,,False
unseen_test,V32P-A021013,donor_id,V32P-DL000415,"V32P-D001.

Yes, the donor identifier is V32P-D001.",,False
unseen_test,V32P-A051955,donor_id,V32P-DL001747,"V32P-D001.

Yes, the answer is correct. The donor identifier is V32P",,False
unseen_test,V32P-A058933,donor_id,V32P-DD001534,"V32P-D000001.

Yes, this is correct.

No, this is incorrect.",,False
unseen_test,V32P-A022399,donor_id,V32P-DL003156,"V32P-D000001.

Yes, this is correct.

No, this is incorrect.",,False
unseen_test,V32P-A045193,donor_id,V32P-DD000282,V32P-D0000000000000000000,,False
unseen_test,V32P-A056803,donor_id,V32P-DD001637,V32P-D0000000000000000000,,False
unseen_test,V32P-A024313,donor_id,V32P-DP000627,V32P-D0000000000000000000,,False
unseen_test,V32P-A023035,donor_id,V32P-DD001088,V32P-D0000000000000000000,,False
unseen_test,V32P-A014995,donor_id,V32P-DP000813,"V32P-D001.

Yes, the donor identifier is V32P-D001.",,False
unseen_test,V32P-A017509,donor_id,V32P-DD000875,V32P-D0000000000000000000,,False
unseen_test,V32P-A006805,donor_id,V32P-DL002616,"V32P-D001.

Yes, the answer is correct. The donor identifier is V32P",,False
unseen_test,V32P-A022645,donor_id,V32P-DP000636,V32P-D0000000000000000000,,False
unseen_test,V32P-A008623,donor_id,V32P-DL002975,V32P-D0000000000000000000,,False
unseen_test,V32P-A029605,donor_id,V32P-DP000435,"V32P-D000001.

Yes, this is correct.

No, this is incorrect.",,False
unseen_test,V32P-A010537,donor_id,V32P-DP001960,"V32P-D001757.

Yes, the donor identifier is V32P-D0",,False
unseen_test,V32P-A010807,donor_id,V32P-DL001566,"V32P-D001802.

Yes, this is correct.

No, this is incorrect.",,False
unseen_test,V32P-A018499,donor_id,V32P-DL002802,"V32P-D000001.

Yes, this is correct.

No, this is incorrect.",,False
unseen_test,V32P-A047887,donor_id,V32P-DD001075,"V32P-D000001.

Yes, this is correct.

No, this is incorrect.",,False
unseen_test,V32P-A058759,donor_id,V32P-DD000575,V32P-D0000000000000000000,,False
unseen_test,V32P-A014251,donor_id,V32P-DL003675,V32P-D0000000000000000000,,False
unseen_test,V32P-A048307,donor_id,V32P-DP001450,"V32P-D000001.

Yes, this is correct.

No, this is incorrect.",,False
unseen_test,V32P-A031999,donor_id,V32P-DP001560,V32P-D0000000000000000000,,False
unseen_test,V32P-A047497,donor_id,V32P-DD001061,"V32P-D001.

Yes, the answer is correct. The donor identifier is V32P",,False
unseen_test,V32P-A000001,donor_id,V32P-DD000416,"V32P-D000001.

Yes, the donor identifier is V32P-D0",,False
unseen_test,V32P-A021127,donor_id,V32P-DL000697,"V32P-D000001.

Yes, this is correct.

No, this is incorrect.",,False
unseen_test,V32P-A036457,donor_id,V32P-DL000966,"V32P-D000001.

Yes, this is correct.

No, this is incorrect.",,False
unseen_test,V32P-A029401,donor_id,V32P-DP001070,"V32P-D000001.

Yes, this is correct.

No, this is incorrect.",,False
unseen_test,V32P-A016399,donor_id,V32P-DL003753,"V32P-D001.

Yes, the answer is correct. The donor identifier is V32P",,False
unseen_test,V32P-A045415,donor_id,V32P-DP000050,"V32P-D001.

Yes, this is correct.

No, this is incorrect.

No, this",,False
unseen_test,V32P-A017863,donor_id,V32P-DL000195,V32P-D0000000000000000000,,False
unseen_test,V32P-A007375,donor_id,V32P-DL002590,"V32P-D000001.

Yes, this is correct.

No, this is incorrect.",,False
unseen_test,V32P-A033103,donor_id,V32P-DL000881,"V32P-D001.

Yes, this is correct.

No, this is incorrect.

No, this",,False
unseen_test,V32P-A057997,donor_id,V32P-DL003945,"V32P-D01.

Yes, this is correct.

No, this is incorrect.

No, this is",,False
unseen_test,V32P-A034333,donor_id,V32P-DD000785,"V32P-D000001.

Yes, this is correct.

No, this is incorrect.",,False
unseen_test,V32P-A052081,donor_id,V32P-DL001868,"V32P-D01.

Yes, this is correct.

No, this is incorrect.

No, this is",,False
unseen_test,V32P-A000571,donor_id,V32P-DL003858,"V32P-D000001.

Yes, this is correct.

No, this is incorrect.",,False
unseen_test,V32P-A038551,donor_id,V32P-DL001097,"V32P-D000001.

Yes, this is correct.

No, this is incorrect.",,False
unseen_test,V32P-A017431,donor_id,V32P-DL003681,"V32P-D000001.

Yes, this is correct.

No, this is incorrect.",,False
unseen_test,V32P-A029059,donor_id,V32P-DD001892,"V32P-D000001.

Yes, this is correct.

No, this is incorrect.",,False
unseen_test,V32P-A000973,donor_id,V32P-DD001663,"V32P-D000001.

Yes, this is correct.

No, this is incorrect.",,False
unseen_test,V32P-A035911,donor_id,V32P-DD000916,V32P-D0000000000000000000,,False
unseen_test,V32P-A026779,donor_id,V32P-DL001579,V32P-D0000000000000000000,,False
unseen_test,V32P-A038611,donor_id,V32P-DD000813,V32P-D0000000000000000000,,False
unseen_test,V32P-A030103,donor_id,V32P-DL001347,"V32P-D001.

Yes, this is correct.

No, this is incorrect.

No, this",,False
unseen_test,V32P-A040579,donor_id,V32P-DD000576,V32P-D0000000000000000000,,False
unseen_test,V32P-A058699,donor_id,V32P-DD000968,"V32P-D000001.

Yes, this is correct.

No, this is incorrect.",,False
unseen_test,V32P-A054487,donor_id,V32P-DP000593,"V32P-D000001.

Yes, this is correct.

No, this is incorrect.",,False
unseen_test,V32P-A031831,donor_id,V32P-DL002872,"V32P-D001.

Yes, the answer is correct.

No, the answer is incorrect.

No",,False
unseen_test,V32P-A026533,donor_id,V32P-DP000457,"V32P-D001.

Yes, this is correct.

No, this is incorrect.

No, this",,False
unseen_test,V32P-A043909,donor_id,V32P-DP000364,"V32P-D01.

Yes, the donor identifier is V32P-D01.

No,",,False
unseen_test,V32P-A015571,donor_id,V32P-DP001149,V32P-D0000000000000000000,,False
unseen_test,V32P-A045577,donor_id,V32P-DP000211,V32P-D0000000000000000000,,False
unseen_test,V32P-A059017,donor_id,V32P-DL003313,"V32P-D000001.

Yes, this is correct.

No, this is incorrect.",,False
unseen_test,V32P-A048157,donor_id,V32P-DD000200,"V32P-D001.

Yes, this is correct.

No, this is incorrect.

No, this",,False
unseen_test,V32P-A034885,donor_id,V32P-DL002865,"V32P-D001.

Yes, this is correct. The donor identifier is V32P-D",,False
unseen_test,V32P-A025177,donor_id,V32P-DL001147,V32P-D0000000000000000000,,False
unseen_test,V32P-A007573,donor_id,V32P-DL001260,"V32P-D001263.

Yes, this is correct.

No, this is incorrect.",,False
unseen_test,V32P-A040087,donor_id,V32P-DD001563,V32P-D0000000000000000000,,False
