assessment_id,label,probability_class_1
V32P-A000033,0,0.23545706272125244
V32P-A000074,0,0.21055230498313904
V32P-A000075,0,0.16273579001426697
V32P-A000081,0,0.12467113882303238
V32P-A000146,0,0.6029242873191833
V32P-A000147,0,0.5423495173454285
V32P-A000171,0,0.2809455692768097
V32P-A000187,0,0.24628528952598572
V32P-A000188,0,0.325473815202713
V32P-A000189,0,0.19897998869419098
V32P-A000212,0,0.38674670457839966
V32P-A000213,0,0.21354064345359802
V32P-A000241,1,0.23118646442890167
V32P-A000242,1,0.293325811624527
V32P-A000243,1,0.19578714668750763
V32P-A000267,0,0.43176957964897156
V32P-A000272,0,0.6080779433250427
V32P-A000273,0,0.4701976478099823
V32P-A000404,0,0.3107985556125641
V32P-A000405,0,0.27298983931541443
V32P-A000422,0,0.2188342958688736
V32P-A000423,0,0.1570218950510025
V32P-A000428,0,0.20588481426239014
V32P-A000429,0,0.16974715888500214
V32P-A000434,0,0.38606134057044983
V32P-A000435,0,0.30248650908470154
V32P-A000458,0,0.23514433205127716
V32P-A000459,0,0.28449201583862305
V32P-A000464,0,0.3336583375930786
V32P-A000465,0,0.25367823243141174
V32P-A000482,0,0.5597610473632812
V32P-A000483,0,0.4355200529098511
V32P-A000488,0,0.382407009601593
V32P-A000489,0,0.28394052386283875
V32P-A000519,0,0.28157302737236023
V32P-A000530,0,0.2255587875843048
V32P-A000531,0,0.15273906290531158
V32P-A000537,0,0.24727356433868408
V32P-A000554,0,0.375186026096344
V32P-A000555,0,0.2456023395061493
V32P-A000561,0,0.23041343688964844
V32P-A000572,0,0.34481826424598694
V32P-A000573,0,0.27187687158584595
V32P-A000585,0,0.18057742714881897
V32P-A000591,1,0.5383463501930237
V32P-A000602,0,0.3928086757659912
V32P-A000603,0,0.20790895819664001
V32P-A000626,0,0.4635264277458191
V32P-A000627,0,0.2958142161369324
V32P-A000644,0,0.28472575545310974
V32P-A000645,0,0.1900971680879593
V32P-A000656,0,0.41401317715644836
V32P-A000657,0,0.2119722217321396
V32P-A000674,0,0.2515524923801422
V32P-A000675,0,0.17213387787342072
V32P-A000681,0,0.17549027502536774
V32P-A000723,0,0.385006308555603
V32P-A000729,0,0.3104182481765747
V32P-A000746,0,0.6704896092414856
V32P-A000747,0,0.5628248453140259
V32P-A000752,0,0.5747817158699036
V32P-A000753,0,0.31304898858070374
V32P-A000777,0,0.1447819024324417
V32P-A000788,0,0.5131015181541443
V32P-A000789,0,0.27485230565071106
V32P-A000831,0,0.7462657690048218
V32P-A000849,0,0.1100132018327713
V32P-A000854,0,0.5283201336860657
V32P-A000855,0,0.6530900597572327
V32P-A000859,0,0.1890677660703659
V32P-A000860,0,0.2695408761501312
V32P-A000861,0,0.20567180216312408
V32P-A000878,0,0.485628217458725
V32P-A000879,0,0.23680318892002106
V32P-A000909,0,0.2818172574043274
V32P-A000938,0,0.2704384922981262
V32P-A000939,0,0.22316321730613708
V32P-A000950,0,0.5732725262641907
V32P-A000951,0,0.5273376107215881
V32P-A000957,0,0.4431075155735016
V32P-A000968,0,0.2916858494281769
V32P-A000969,0,0.23201267421245575
V32P-A000973,1,0.4459018409252167
V32P-A000974,1,0.4293076992034912
V32P-A000975,1,0.24012088775634766
V32P-A001028,0,0.3485819399356842
V32P-A001029,0,0.2939998507499695
V32P-A001059,0,0.13545866310596466
V32P-A001082,1,0.1917702853679657
V32P-A001083,1,0.15624259412288666
V32P-A001089,0,0.4188779294490814
V32P-A001119,0,0.005685221869498491
V32P-A001131,0,0.5426076650619507
V32P-A001143,0,0.17842939496040344
V32P-A001179,0,0.16678749024868011
V32P-A001233,0,0.24778135120868683
V32P-A001250,0,0.3952628970146179
V32P-A001251,0,0.4703821539878845
V32P-A001269,0,0.20303665101528168
V32P-A001281,0,0.3076704442501068
V32P-A001298,0,0.3401966989040375
V32P-A001299,0,0.4118637442588806
V32P-A001310,0,0.3815135359764099
V32P-A001311,0,0.31224873661994934
V32P-A001316,0,0.5602612495422363
V32P-A001317,0,0.5990063548088074
V32P-A001335,0,0.3639489710330963
V32P-A001401,0,0.48023107647895813
V32P-A001407,0,0.23974817991256714
V32P-A001491,0,0.02608146332204342
V32P-A001514,0,0.4961898922920227
V32P-A001515,0,0.31130102276802063
V32P-A001538,1,0.21737708151340485
V32P-A001539,1,0.17676149308681488
V32P-A001556,0,0.22416602075099945
V32P-A001557,0,0.2151438146829605
V32P-A001569,0,0.29091203212738037
V32P-A001581,0,0.22537130117416382
V32P-A001623,0,0.5531587600708008
V32P-A001635,0,0.16858325898647308
V32P-A001658,0,0.1328759342432022
V32P-A001659,0,0.12307414412498474
V32P-A001791,0,0.16102957725524902
V32P-A001862,0,0.44033777713775635
V32P-A001863,0,0.41487041115760803
V32P-A001868,0,0.33475950360298157
V32P-A001869,0,0.23356790840625763
V32P-A001898,0,0.4946640431880951
V32P-A001899,0,0.48352593183517456
V32P-A001941,0,0.1755450963973999
V32P-A001983,0,0.28559213876724243
V32P-A002037,0,0.023336714133620262
V32P-A002061,0,0.17105574905872345
V32P-A002067,1,0.4873060882091522
V32P-A002103,0,0.4203110933303833
V32P-A002109,0,0.22095616161823273
V32P-A002126,0,0.43906691670417786
V32P-A002127,0,0.4636690318584442
V32P-A002137,0,0.21259324252605438
V32P-A002138,0,0.29747000336647034
V32P-A002139,0,0.27023816108703613
V32P-A002193,1,0.30146491527557373
V32P-A002217,0,0.336260586977005
V32P-A002246,0,0.7269850969314575
V32P-A002247,0,0.40537315607070923
V32P-A002258,0,0.18979008495807648
V32P-A002259,0,0.1421019732952118
V32P-A002271,0,0.23987820744514465
V32P-A002343,0,0.44991424679756165
V32P-A002385,0,0.16764988005161285
V32P-A002439,0,0.1146225854754448
V32P-A002469,0,0.21528595685958862
V32P-A002493,0,0.24567875266075134
V32P-A002499,0,0.37032830715179443
V32P-A002511,0,0.41130688786506653
V32P-A002517,0,0.2789904773235321
V32P-A002523,0,0.2274315059185028
V32P-A002541,0,0.15710078179836273
V32P-A002558,0,0.30121007561683655
V32P-A002559,0,0.35953813791275024
V32P-A002576,0,0.2979389727115631
V32P-A002577,0,0.2046709805727005
V32P-A002588,1,0.3092346489429474
V32P-A002589,0,0.03582188859581947
V32P-A002601,0,0.2899269759654999
V32P-A002607,0,0.3630666434764862
V32P-A002618,1,0.7493281960487366
V32P-A002619,1,0.6677500009536743
V32P-A002624,0,0.2537015378475189
V32P-A002625,0,0.18719781935214996
V32P-A002679,0,0.2673513889312744
V32P-A002684,1,0.4963372051715851
V32P-A002685,0,0.016464175656437874
V32P-A002751,0,0.20578576624393463
V32P-A002810,0,0.366923063993454
V32P-A002811,0,0.3706044852733612
V32P-A002829,0,0.27649855613708496
V32P-A002835,0,0.14682240784168243
V32P-A002907,0,0.03785999119281769
V32P-A002924,0,0.31427454948425293
V32P-A002925,0,0.2432333528995514
V32P-A002931,0,0.2191227227449417
V32P-A002989,0,0.2985402047634125
V32P-A002990,0,0.3793174922466278
V32P-A002991,0,0.299360066652298
V32P-A003025,0,0.39109674096107483
V32P-A003026,0,0.31811895966529846
V32P-A003027,0,0.28860750794410706
V32P-A003033,1,0.3176315724849701
V32P-A003069,0,0.3303406536579132
V32P-A003073,0,0.41223281621932983
V32P-A003074,0,0.36575737595558167
V32P-A003075,0,0.30141758918762207
V32P-A003081,0,0.29366543889045715
V32P-A003111,0,0.21669037640094757
V32P-A003159,0,0.17702536284923553
V32P-A003164,1,0.5658303499221802
V32P-A003165,1,0.4953359067440033
V32P-A003189,0,0.5122221112251282
V32P-A003194,0,0.4525434076786041
V32P-A003195,0,0.45054975152015686
V32P-A003212,0,0.17695578932762146
V32P-A003213,0,0.2696119546890259
V32P-A003225,0,0.41513320803642273
V32P-A003249,0,0.3096000850200653
V32P-A003279,0,0.17620934545993805
V32P-A003302,0,0.24749994277954102
V32P-A003303,0,0.26533645391464233
V32P-A003362,0,0.3335045874118805
V32P-A003363,0,0.285114049911499
V32P-A003429,0,0.2726755142211914
V32P-A003433,0,0.16162919998168945
V32P-A003434,0,0.28459063172340393
V32P-A003435,0,0.21990764141082764
V32P-A003441,0,0.24096637964248657
V32P-A003452,1,0.3333486318588257
V32P-A003453,0,0.0045068031176924706
V32P-A003476,0,0.5046669244766235
V32P-A003477,0,0.34528008103370667
V32P-A003488,0,0.30738458037376404
V32P-A003489,0,0.39053982496261597
V32P-A003531,1,0.5228511691093445
V32P-A003543,0,0.4647517204284668
V32P-A003555,0,0.4386759400367737
V32P-A003561,0,0.4965636134147644
V32P-A003571,0,0.5301180481910706
V32P-A003572,0,0.4665577709674835
V32P-A003573,0,0.30653032660484314
V32P-A003584,0,0.31347888708114624
V32P-A003585,0,0.29742321372032166
V32P-A003591,0,0.15375173091888428
V32P-A003603,0,0.155325248837471
V32P-A003609,0,0.409636527299881
V32P-A003627,0,0.2262829691171646
V32P-A003645,0,0.13841214776039124
V32P-A003657,0,0.20440739393234253
V32P-A003663,0,0.24566154181957245
V32P-A003673,1,0.36011967062950134
V32P-A003674,1,0.35381636023521423
V32P-A003675,1,0.2711070775985718
V32P-A003734,0,0.4677428603172302
V32P-A003735,0,0.42721953988075256
V32P-A003746,0,0.31310203671455383
V32P-A003747,0,0.3233979046344757
V32P-A003795,0,0.4043499529361725
V32P-A003872,0,0.30218443274497986
V32P-A003873,0,0.27082520723342896
V32P-A003879,0,0.5511638522148132
V32P-A003903,0,0.18888631463050842
V32P-A003945,0,0.16022850573062897
V32P-A003951,0,0.28234776854515076
V32P-A004016,0,0.5369939208030701
V32P-A004017,0,0.34408384561538696
V32P-A004029,0,0.3018113374710083
V32P-A004040,0,0.25443705916404724
V32P-A004041,0,0.20041395723819733
V32P-A004052,0,0.5731348991394043
V32P-A004053,0,0.4161401689052582
V32P-A004059,0,0.3659954071044922
V32P-A004100,0,0.4277847111225128
V32P-A004101,0,0.43430978059768677
V32P-A004124,0,0.14849552512168884
V32P-A004125,0,0.12620463967323303
V32P-A004148,1,0.2899266481399536
V32P-A004149,1,0.5487475395202637
V32P-A004165,0,0.49217838048934937
V32P-A004166,0,0.37531062960624695
V32P-A004167,0,0.18657588958740234
V32P-A004197,0,0.2391432225704193
V32P-A004279,0,0.2646796703338623
V32P-A004280,0,0.3947542607784271
V32P-A004281,0,0.24642135202884674
V32P-A004304,0,0.3375803232192993
V32P-A004305,0,0.2042894959449768
V32P-A004329,0,0.3582138419151306
V32P-A004340,0,0.2976449728012085
V32P-A004341,0,0.20205557346343994
V32P-A004353,0,0.22457221150398254
V32P-A004365,0,0.3082314133644104
V32P-A004417,0,0.6260501146316528
V32P-A004418,0,0.2792204022407532
V32P-A004419,0,0.4109959900379181
V32P-A004431,0,0.25551825761795044
V32P-A004491,0,0.5091801285743713
V32P-A004514,0,0.5266262292861938
V32P-A004515,0,0.4475692808628082
V32P-A004520,0,0.4198490083217621
V32P-A004521,0,0.3997803330421448
V32P-A004525,1,0.19736728072166443
V32P-A004526,1,0.3070458173751831
V32P-A004527,1,0.3188469111919403
V32P-A004531,0,0.31719326972961426
V32P-A004532,0,0.296507865190506
V32P-A004533,0,0.2711905837059021
V32P-A004538,0,0.19981124997138977
V32P-A004539,0,0.1716800183057785
V32P-A004556,0,0.5320845246315002
V32P-A004557,0,0.39242488145828247
V32P-A004562,0,0.3893328607082367
V32P-A004563,0,0.2957053780555725
V32P-A004568,0,0.2076733410358429
V32P-A004569,0,0.1796920746564865
V32P-A004573,0,0.2104976326227188
V32P-A004574,0,0.2094365656375885
V32P-A004575,0,0.18072529137134552
V32P-A004587,0,0.19544515013694763
V32P-A004640,0,0.140199676156044
V32P-A004641,0,0.14305323362350464
V32P-A004682,0,0.2690715193748474
V32P-A004683,0,0.17004963755607605
V32P-A004694,0,0.43002551794052124
V32P-A004695,0,0.2378314733505249
V32P-A004749,1,0.25450900197029114
V32P-A004773,0,0.4935646951198578
V32P-A004785,0,0.15623895823955536
V32P-A004815,0,0.1974301040172577
V32P-A004826,1,0.19965985417366028
V32P-A004827,0,0.004606554284691811
V32P-A004839,0,0.21217921376228333
V32P-A004898,0,0.16103944182395935
V32P-A004899,0,0.3380601704120636
V32P-A004921,0,0.19079171121120453
V32P-A004922,0,0.26288771629333496
V32P-A004923,0,0.19691532850265503
V32P-A004970,0,0.14426428079605103
V32P-A004971,0,0.19931535422801971
V32P-A004976,0,0.22978992760181427
V32P-A004977,0,0.24516719579696655
V32P-A005007,0,0.15121422708034515
V32P-A005012,0,0.2706930935382843
V32P-A005013,0,0.25531628727912903
V32P-A005019,0,0.18367120623588562
V32P-A005037,0,0.18417920172214508
V32P-A005049,1,0.4002685546875
V32P-A005055,1,0.4469749927520752
V32P-A005061,0,0.5484067797660828
V32P-A005072,0,0.3102644979953766
V32P-A005073,0,0.22382479906082153
V32P-A005084,0,0.3261699378490448
V32P-A005085,0,0.3315715789794922
V32P-A005103,0,0.25361448526382446
V32P-A005108,0,0.6076571941375732
V32P-A005109,0,0.3748627007007599
V32P-A005156,0,0.1960105150938034
V32P-A005157,0,0.1368338018655777
V32P-A005162,0,0.2975820302963257
V32P-A005163,0,0.2842365801334381
V32P-A005175,0,0.24354448914527893
V32P-A005193,1,0.3900201618671417
V32P-A005205,0,0.5117202401161194
V32P-A005222,0,0.236142098903656
V32P-A005223,0,0.2533630132675171
V32P-A005228,0,0.39804986119270325
V32P-A005229,0,0.23344293236732483
V32P-A005270,0,0.26815059781074524
V32P-A005271,0,0.24288268387317657
V32P-A005306,0,0.195179283618927
V32P-A005307,0,0.12048009783029556
V32P-A005319,0,0.3666668236255646
V32P-A005324,0,0.6725647449493408
V32P-A005325,0,0.43816664814949036
V32P-A005337,0,0.469700425863266
V32P-A005385,1,0.456926554441452
V32P-A005397,0,0.1719094216823578
V32P-A005402,0,0.22912552952766418
V32P-A005403,0,0.3341933488845825
V32P-A005409,0,0.20718084275722504
V32P-A005415,0,0.2366822212934494
V32P-A005444,0,0.46790769696235657
V32P-A005445,0,0.456135630607605
V32P-A005504,0,0.5027461647987366
V32P-A005505,0,0.32954487204551697
V32P-A005576,0,0.5515086650848389
V32P-A005577,0,0.3835366368293762
V32P-A005613,0,0.15640366077423096
V32P-A005619,0,0.24534457921981812
V32P-A005648,0,0.21848441660404205
V32P-A005649,0,0.1741754114627838
V32P-A005660,0,0.3460879623889923
V32P-A005661,0,0.45418432354927063
V32P-A005721,0,0.2903404235839844
V32P-A005744,0,0.49704107642173767
V32P-A005745,0,0.408922404050827
V32P-A005750,0,0.4035707414150238
V32P-A005751,0,0.35822513699531555
V32P-A005840,0,0.2772955298423767
V32P-A005841,0,0.19566906988620758
V32P-A005846,0,0.7154489755630493
V32P-A005847,0,0.5616453886032104
V32P-A005865,0,0.38140854239463806
V32P-A005870,0,0.6022635698318481
V32P-A005871,0,0.5585685968399048
V32P-A005889,0,0.1260501742362976
V32P-A005913,0,0.5629817843437195
V32P-A005918,0,0.3539153039455414
V32P-A005919,0,0.2860957384109497
V32P-A005931,0,0.378976434469223
V32P-A005967,0,0.2861815392971039
V32P-A005973,0,0.21464727818965912
V32P-A006009,0,0.29208534955978394
V32P-A006075,0,0.2720027565956116
V32P-A006093,0,0.3108815848827362
V32P-A006141,0,0.18105252087116241
V32P-A006171,1,0.4016248285770416
V32P-A006177,0,0.2856578528881073
V32P-A006181,1,0.7080881595611572
V32P-A006182,1,0.31552231311798096
V32P-A006183,1,0.4588030278682709
V32P-A006194,0,0.3844558894634247
V32P-A006195,0,0.18161489069461823
V32P-A006207,0,0.2703733444213867
V32P-A006218,0,0.4384359121322632
V32P-A006219,0,0.3411492705345154
V32P-A006224,0,0.36440953612327576
V32P-A006225,0,0.4264845550060272
V32P-A006266,0,0.23323792219161987
V32P-A006267,0,0.16428251564502716
V32P-A006273,0,0.24758902192115784
V32P-A006279,0,0.09767120331525803
V32P-A006315,1,0.31481149792671204
V32P-A006326,0,0.22094964981079102
V32P-A006327,0,0.22999723255634308
V32P-A006339,0,0.15693606436252594
V32P-A006350,0,0.2246352732181549
V32P-A006351,0,0.40732094645500183
V32P-A006363,0,0.2830260992050171
V32P-A006410,0,0.5900543332099915
V32P-A006411,0,0.5320536494255066
V32P-A006429,0,0.13153421878814697
V32P-A006435,0,0.4377385675907135
V32P-A006447,0,0.5792086124420166
V32P-A006453,0,0.3241233825683594
V32P-A006470,0,0.28824377059936523
V32P-A006471,0,0.28331199288368225
V32P-A006477,0,0.21619394421577454
V32P-A006585,0,0.2826882600784302
V32P-A006591,0,0.36031660437583923
V32P-A006603,0,0.2069578915834427
V32P-A006657,0,0.21404105424880981
V32P-A006680,0,0.2918255925178528
V32P-A006681,0,0.1748916506767273
V32P-A006705,0,0.21991436183452606
V32P-A006710,0,0.34351223707199097
V32P-A006711,0,0.3237422704696655
V32P-A006722,0,0.6030372977256775
V32P-A006723,0,0.6259130239486694
V32P-A006728,0,0.1897287368774414
V32P-A006729,0,0.17762450873851776
V32P-A006733,0,0.3855590224266052
V32P-A006734,0,0.22575028240680695
V32P-A006735,0,0.23507778346538544
V32P-A006751,1,0.4107436537742615
V32P-A006752,1,0.3077754080295563
V32P-A006753,1,0.3952980935573578
V32P-A006770,0,0.30046382546424866
V32P-A006771,0,0.28165751695632935
V32P-A006777,0,0.13714954257011414
V32P-A006782,0,0.7950296998023987
V32P-A006783,0,0.3002985417842865
V32P-A006789,1,0.7815383076667786
V32P-A006807,0,0.6221345067024231
V32P-A006813,0,0.4950726628303528
V32P-A006825,0,0.33184513449668884
V32P-A006835,0,0.4854901134967804
V32P-A006836,0,0.32708755135536194
V32P-A006837,0,0.23813404142856598
V32P-A006861,0,0.15277163684368134
V32P-A006866,0,0.36701202392578125
V32P-A006867,0,0.27862057089805603
V32P-A006944,0,0.46118828654289246
V32P-A006945,0,0.3049356937408447
V32P-A006957,0,0.3217736780643463
V32P-A006987,0,0.30083271861076355
V32P-A007004,0,0.19839568436145782
V32P-A007005,0,0.18793612718582153
V32P-A007106,0,0.4684920907020569
V32P-A007107,0,0.5012303590774536
V32P-A007131,1,0.2917799949645996
V32P-A007149,0,0.415921688079834
V32P-A007172,0,0.29801708459854126
V32P-A007173,0,0.17581772804260254
V32P-A007184,0,0.5850926041603088
V32P-A007185,0,0.5036999583244324
V32P-A007189,0,0.5504019856452942
V32P-A007190,0,0.35118377208709717
V32P-A007191,0,0.23731213808059692
V32P-A007220,0,0.24433104693889618
V32P-A007221,0,0.2593320608139038
V32P-A007226,1,0.502083420753479
V32P-A007227,1,0.35674557089805603
V32P-A007239,0,0.3573429584503174
V32P-A007286,0,0.6503726840019226
V32P-A007287,0,0.5367029309272766
V32P-A007299,0,0.2253178507089615
V32P-A007305,0,0.1384703516960144
V32P-A007328,0,0.4529297649860382
V32P-A007329,0,0.3745235502719879
V32P-A007359,0,0.33327624201774597
V32P-A007371,0,0.2960066497325897
V32P-A007377,0,0.18307745456695557
V32P-A007418,0,0.156901553273201
V32P-A007419,0,0.11856244504451752
V32P-A007425,0,0.22945325076580048
V32P-A007431,0,0.13991665840148926
V32P-A007472,0,0.24377401173114777
V32P-A007473,0,0.1848134696483612
V32P-A007485,0,0.22861334681510925
V32P-A007515,0,0.4903930425643921
V32P-A007533,0,0.24447278678417206
V32P-A007538,0,0.20686931908130646
V32P-A007539,0,0.19007010757923126
V32P-A007563,0,0.4428216516971588
V32P-A007574,1,0.37818124890327454
V32P-A007575,1,0.2699919044971466
V32P-A007587,0,0.26097649335861206
V32P-A007623,0,0.2439713329076767
V32P-A007645,0,0.3340516686439514
V32P-A007646,0,0.3687339127063751
V32P-A007647,0,0.41290828585624695
V32P-A007658,0,0.33617424964904785
V32P-A007659,0,0.26252561807632446
V32P-A007671,0,0.42084842920303345
V32P-A007683,0,0.004906546324491501
V32P-A007689,1,0.23020407557487488
V32P-A007705,0,0.7215191125869751
V32P-A007706,0,0.7453486323356628
V32P-A007707,0,0.5808084011077881
V32P-A007719,0,0.39166969060897827
V32P-A007749,0,0.20586521923542023
V32P-A007760,0,0.38034552335739136
V32P-A007761,0,0.20317289233207703
V32P-A007791,0,0.2887352705001831
V32P-A007815,0,0.5969988703727722
V32P-A007832,0,0.40347766876220703
V32P-A007833,0,0.3116547763347626
V32P-A007886,1,0.5428780913352966
V32P-A007887,1,0.3187704384326935
V32P-A007910,0,0.19939805567264557
V32P-A007911,0,0.24345141649246216
V32P-A007917,0,0.22797903418540955
V32P-A007934,1,0.4133092761039734
V32P-A007935,0,0.007632390130311251
V32P-A007988,0,0.27849429845809937
V32P-A007989,0,0.2411373108625412
V32P-A007993,0,0.6241744756698608
V32P-A007994,0,0.5622389912605286
V32P-A007995,0,0.7302639484405518
V32P-A008006,0,0.3086860477924347
V32P-A008007,0,0.25303882360458374
V32P-A008018,0,0.31755754351615906
V32P-A008019,0,0.3293114900588989
V32P-A008037,0,0.40376290678977966
V32P-A008175,0,0.3568669259548187
V32P-A008223,0,0.3789011240005493
V32P-A008241,0,0.15948764979839325
V32P-A008259,0,0.16509118676185608
V32P-A008264,0,0.21468020975589752
V32P-A008265,0,0.13178421556949615
V32P-A008270,0,0.2596750557422638
V32P-A008271,0,0.18396294116973877
V32P-A008330,1,0.3823700249195099
V32P-A008331,1,0.303603857755661
V32P-A008337,0,0.4463910758495331
V32P-A008349,0,0.26144346594810486
V32P-A008379,0,0.18528108298778534
V32P-A008403,0,0.17949877679347992
V32P-A008437,0,0.20698198676109314
V32P-A008438,0,0.3253183364868164
V32P-A008439,0,0.3094777762889862
V32P-A008462,0,0.4681400954723358
V32P-A008463,0,0.3937396705150604
V32P-A008469,0,0.20704427361488342
V32P-A008511,0,0.5446885824203491
V32P-A008523,1,0.37403637170791626
V32P-A008565,0,0.1608225256204605
V32P-A008582,0,0.4224650263786316
V32P-A008583,0,0.3676133155822754
V32P-A008601,0,0.3162907660007477
V32P-A008606,1,0.3855123519897461
V32P-A008607,1,0.4570532739162445
V32P-A008612,0,0.613344669342041
V32P-A008613,0,0.5743840336799622
V32P-A008637,0,0.5046385526657104
V32P-A008804,0,0.1546439379453659
V32P-A008805,0,0.15029136836528778
V32P-A008828,0,0.4640839993953705
V32P-A008829,0,0.43591976165771484
V32P-A008870,0,0.28921517729759216
V32P-A008871,0,0.2999657094478607
V32P-A008877,0,0.3225689232349396
V32P-A008937,0,0.3356359601020813
V32P-A008954,0,0.4580666720867157
V32P-A008955,0,0.40015727281570435
V32P-A008973,0,0.42945316433906555
V32P-A009003,1,0.2741415798664093
V32P-A009014,0,0.3631887137889862
V32P-A009015,0,0.35201889276504517
V32P-A009056,0,0.2922918498516083
V32P-A009057,0,0.2656899094581604
V32P-A009061,1,0.47772344946861267
V32P-A009062,1,0.5532375574111938
V32P-A009063,0,0.019373450428247452
V32P-A009081,0,0.18813732266426086
V32P-A009093,0,0.26117345690727234
V32P-A009128,0,0.38721680641174316
V32P-A009129,0,0.35327115654945374
V32P-A009135,0,0.11339643597602844
V32P-A009158,1,0.6122641563415527
V32P-A009159,1,0.5669991374015808
V32P-A009195,0,0.3396986126899719
V32P-A009207,0,0.30566471815109253
V32P-A009219,0,0.24406038224697113
V32P-A009231,0,0.30470767617225647
V32P-A009236,1,0.32347849011421204
V32P-A009237,1,0.309247761964798
V32P-A009261,0,0.2523433566093445
V32P-A009279,0,0.5829268097877502
V32P-A009284,0,0.6852024793624878
V32P-A009285,0,0.5399301648139954
V32P-A009309,0,0.277352899312973
V32P-A009338,0,0.32571789622306824
V32P-A009339,0,0.24964162707328796
V32P-A009344,0,0.22784869372844696
V32P-A009345,0,0.2790374457836151
V32P-A009350,0,0.23504416644573212
V32P-A009351,0,0.2093626707792282
V32P-A009362,0,0.2711411416530609
V32P-A009363,0,0.25143149495124817
V32P-A009423,0,0.17163348197937012
V32P-A009440,0,0.4446280002593994
V32P-A009441,0,0.4422951638698578
V32P-A009447,0,0.22110427916049957
V32P-A009452,0,0.5796995162963867
V32P-A009453,0,0.4138015806674957
V32P-A009465,0,0.3547988533973694
V32P-A009470,0,0.42244142293930054
V32P-A009471,0,0.5076393485069275
V32P-A009483,0,0.49532637000083923
V32P-A009519,0,0.3387192189693451
V32P-A009525,0,0.4030650556087494
V32P-A009542,0,0.28574123978614807
V32P-A009543,0,0.22768734395503998
V32P-A009597,0,0.34171754121780396
V32P-A009608,0,0.3145846128463745
V32P-A009609,0,0.25706052780151367
V32P-A009621,0,0.17806033790111542
V32P-A009638,1,0.21487097442150116
V32P-A009639,1,0.2250267118215561
V32P-A009663,0,0.28022751212120056
V32P-A009740,1,0.35484471917152405
V32P-A009741,1,0.2712165415287018
V32P-A009771,0,0.11065149307250977
V32P-A009824,0,0.25241291522979736
V32P-A009825,0,0.176791250705719
V32P-A009830,0,0.3492356538772583
V32P-A009831,0,0.2680596709251404
V32P-A009843,0,0.2696497142314911
V32P-A009848,0,0.25920721888542175
V32P-A009849,0,0.15095654129981995
V32P-A009855,0,0.3188364505767822
V32P-A009872,0,0.3650214672088623
V32P-A009873,0,0.36868059635162354
V32P-A009915,0,0.20183533430099487
V32P-A009932,0,0.4605043828487396
V32P-A009933,0,0.26511213183403015
V32P-A009963,0,0.1894637793302536
V32P-A010041,0,0.18814344704151154
V32P-A010047,0,0.18371734023094177
V32P-A010064,0,0.2942919135093689
V32P-A010065,0,0.3032967150211334
V32P-A010071,0,0.4903142750263214
V32P-A010094,0,0.17378602921962738
V32P-A010095,0,0.1576901227235794
V32P-A010112,0,0.4040152132511139
V32P-A010113,0,0.3051645755767822
V32P-A010119,0,0.5249462127685547
V32P-A010123,0,0.37872591614723206
V32P-A010124,0,0.21028649806976318
V32P-A010125,0,0.12493995577096939
V32P-A010131,0,0.46428030729293823
V32P-A010184,0,0.38307270407676697
V32P-A010185,0,0.36485424637794495
V32P-A010196,1,0.43179479241371155
V32P-A010197,0,0.010727690532803535
V32P-A010209,0,0.13313427567481995
V32P-A010250,0,0.4167250096797943
V32P-A010251,0,0.28783944249153137
V32P-A010257,0,0.32055601477622986
V32P-A010263,0,0.3734820783138275
V32P-A010333,0,0.7660634517669678
V32P-A010334,0,0.3773571848869324
V32P-A010335,0,0.47424566745758057
V32P-A010347,0,0.14533095061779022
V32P-A010377,0,0.27673035860061646
V32P-A010401,0,0.3586660325527191
V32P-A010435,0,0.22824695706367493
V32P-A010436,0,0.35996517539024353
V32P-A010437,0,0.24732623994350433
V32P-A010526,0,0.4729488492012024
V32P-A010527,0,0.23293693363666534
V32P-A010539,0,0.37792348861694336
V32P-A010563,0,0.34208694100379944
V32P-A010629,0,0.24808503687381744
V32P-A010640,0,0.4180007874965668
V32P-A010641,0,0.3222750723361969
V32P-A010647,0,0.6826334595680237
V32P-A010659,0,0.33562716841697693
V32P-A010677,1,0.4554089903831482
V32P-A010683,0,0.18464428186416626
V32P-A010688,0,0.4008208215236664
V32P-A010689,0,0.3070269823074341
V32P-A010694,0,0.4655763506889343
V32P-A010695,0,0.32927075028419495
V32P-A010713,0,0.3189825117588043
V32P-A010731,0,0.32872480154037476
V32P-A010791,0,0.2688749432563782
V32P-A010803,0,0.2577608823776245
V32P-A010815,0,0.23538462817668915
V32P-A010821,0,0.39707452058792114
V32P-A010863,0,0.25318777561187744
V32P-A010897,0,0.25137925148010254
V32P-A010898,0,0.29324042797088623
V32P-A010899,0,0.23480293154716492
V32P-A010929,1,0.5684357285499573
V32P-A010970,0,0.5357038378715515
V32P-A010971,0,0.36469149589538574
V32P-A011030,0,0.45437857508659363
V32P-A011031,0,0.3873479664325714
V32P-A011037,1,0.4600560665130615
V32P-A011043,0,0.27128541469573975
V32P-A011079,0,0.37051767110824585
V32P-A011085,0,0.3044150769710541
V32P-A011103,0,0.27125078439712524
V32P-A011121,0,0.3772565424442291
V32P-A011126,0,0.20174342393875122
V32P-A011127,0,0.17312414944171906
V32P-A011133,0,0.19849900901317596
V32P-A011139,0,0.29944083094596863
V32P-A011144,0,0.20348605513572693
V32P-A011145,0,0.17378266155719757
V32P-A011162,0,0.26075974106788635
V32P-A011163,0,0.22258926928043365
V32P-A011199,1,0.4341924786567688
V32P-A011222,0,0.2099197506904602
V32P-A011223,0,0.24069516360759735
V32P-A011252,0,0.2983151376247406
V32P-A011253,0,0.28576695919036865
V32P-A011258,0,0.42614275217056274
V32P-A011259,0,0.4470072090625763
V32P-A011312,0,0.2684187889099121
V32P-A011313,0,0.20035070180892944
V32P-A011325,0,0.23183058202266693
V32P-A011330,0,0.47732141613960266
V32P-A011331,0,0.6198083758354187
V32P-A011349,0,0.3880292475223541
V32P-A011385,0,0.4833197295665741
V32P-A011396,0,0.393624484539032
V32P-A011397,0,0.5359827280044556
V32P-A011402,0,0.4379730224609375
V32P-A011403,0,0.4222225546836853
V32P-A011408,0,0.42664405703544617
V32P-A011409,0,0.3119458854198456
V32P-A011415,0,0.4513891637325287
V32P-A011427,0,0.3628828823566437
V32P-A011432,0,0.2707098126411438
V32P-A011433,0,0.2731079161167145
V32P-A011443,0,0.5373011231422424
V32P-A011444,0,0.5332617163658142
V32P-A011445,0,0.41418030858039856
V32P-A011486,1,0.3577151596546173
V32P-A011487,1,0.2903819680213928
V32P-A011510,0,0.27688607573509216
V32P-A011511,0,0.19548220932483673
V32P-A011558,1,0.5665702819824219
V32P-A011559,1,0.711151659488678
V32P-A011564,0,0.44013360142707825
V32P-A011565,0,0.3362063467502594
V32P-A011582,0,0.23948462307453156
V32P-A011583,0,0.24964511394500732
V32P-A011589,0,0.4272037148475647
V32P-A011624,0,0.34881994128227234
V32P-A011625,0,0.21344682574272156
V32P-A011655,0,0.4093363583087921
V32P-A011666,0,0.5997970700263977
V32P-A011667,0,0.2895559072494507
V32P-A011715,0,0.3279975652694702
V32P-A011726,0,0.3546976149082184
V32P-A011727,0,0.18350526690483093
V32P-A011745,0,0.402110755443573
V32P-A011769,0,0.232178196310997
V32P-A011816,0,0.18516822159290314
V32P-A011817,0,0.13880905508995056
V32P-A011823,0,0.2656213641166687
V32P-A011840,0,0.22415420413017273
V32P-A011841,0,0.21323415637016296
V32P-A011901,0,0.0046659489162266254
V32P-A011907,0,0.21853843331336975
V32P-A011913,0,0.31469422578811646
V32P-A011930,0,0.26651230454444885
V32P-A011931,0,0.18830959498882294
V32P-A011967,1,0.3490787148475647
V32P-A011979,0,0.18253439664840698
V32P-A012009,0,0.16356946527957916
V32P-A012026,0,0.20285570621490479
V32P-A012027,0,0.182621031999588
V32P-A012039,1,0.3072076439857483
V32P-A012074,0,0.15325568616390228
V32P-A012075,0,0.15096957981586456
V32P-A012098,0,0.34928521513938904
V32P-A012099,0,0.2545948922634125
V32P-A012176,1,0.3738164007663727
V32P-A012177,1,0.3460577726364136
V32P-A012206,0,0.6133439540863037
V32P-A012207,0,0.5184693932533264
V32P-A012230,0,0.2693881094455719
V32P-A012231,0,0.2270258665084839
V32P-A012243,0,0.44888097047805786
V32P-A012279,0,0.3733725845813751
V32P-A012291,0,0.051203299313783646
V32P-A012297,0,0.3540346622467041
V32P-A012303,0,0.3018440902233124
V32P-A012308,1,0.4576241374015808
V32P-A012309,1,0.34806394577026367
V32P-A012351,0,0.2651710510253906
V32P-A012369,0,0.17578208446502686
V32P-A012429,0,0.17224444448947906
V32P-A012446,0,0.3845224976539612
V32P-A012447,0,0.23492373526096344
V32P-A012506,0,0.3883453607559204
V32P-A012507,0,0.28903263807296753
V32P-A012525,0,0.2043067067861557
V32P-A012567,0,0.4777737259864807
V32P-A012608,1,0.2717975378036499
V32P-A012609,1,0.15862905979156494
V32P-A012627,0,0.2364901900291443
V32P-A012662,0,0.2292606383562088
V32P-A012663,0,0.18332558870315552
V32P-A012680,0,0.5189680457115173
V32P-A012681,0,0.28000813722610474
V32P-A012693,0,0.18117885291576385
V32P-A012716,0,0.30484792590141296
V32P-A012717,0,0.2012951523065567
V32P-A012765,0,0.6066495776176453
V32P-A012781,0,0.4678497910499573
V32P-A012782,0,0.29512646794319153
V32P-A012783,0,0.21878495812416077
V32P-A012813,0,0.15016096830368042
V32P-A012830,1,0.48695290088653564
V32P-A012831,1,0.4648025631904602
V32P-A012848,0,0.45040130615234375
V32P-A012849,0,0.2862367630004883
V32P-A012860,0,0.4217180609703064
V32P-A012861,0,0.18979699909687042
V32P-A012867,0,0.23451054096221924
V32P-A012873,0,0.13697676360607147
V32P-A012884,0,0.18196487426757812
V32P-A012885,0,0.19483333826065063
V32P-A012914,1,0.48591697216033936
V32P-A012915,1,0.2648611068725586
V32P-A012921,0,0.24753187596797943
V32P-A012926,0,0.19964385032653809
V32P-A012927,0,0.16761040687561035
V32P-A012933,0,0.25126591324806213
V32P-A012951,1,0.1571854054927826
V32P-A012962,0,0.4850503206253052
V32P-A012963,0,0.22784540057182312
V32P-A012974,0,0.2706167995929718
V32P-A012975,0,0.21521565318107605
V32P-A013004,0,0.311613529920578
V32P-A013005,0,0.4145668148994446
V32P-A013022,0,0.3659652769565582
V32P-A013023,0,0.20721015334129333
V32P-A013071,0,0.22874414920806885
V32P-A013112,0,0.3310687243938446
V32P-A013113,0,0.36981913447380066
V32P-A013118,0,0.13935516774654388
V32P-A013119,0,0.13832727074623108
V32P-A013179,1,0.35121768712997437
V32P-A013197,1,0.34719863533973694
V32P-A013220,0,0.23791314661502838
V32P-A013221,0,0.20644865930080414
V32P-A013232,0,0.22926628589630127
V32P-A013233,0,0.2505306005477905
V32P-A013249,0,0.314285010099411
V32P-A013250,0,0.33805322647094727
V32P-A013251,0,0.2648722231388092
V32P-A013286,0,0.30053067207336426
V32P-A013287,0,0.2771194875240326
V32P-A013328,0,0.5376121997833252
V32P-A013329,0,0.2674437165260315
V32P-A013346,1,0.267948716878891
V32P-A013347,1,0.19212041795253754
V32P-A013387,0,0.24817676842212677
V32P-A013388,0,0.36801841855049133
V32P-A013389,0,0.2602002024650574
V32P-A013455,0,0.21061822772026062
V32P-A013461,0,0.16411975026130676
V32P-A013491,0,0.1858074814081192
V32P-A013526,0,0.6562235355377197
V32P-A013527,0,0.8137016892433167
V32P-A013532,0,0.539810299873352
V32P-A013533,0,0.40312469005584717
V32P-A013611,0,0.2548355460166931
V32P-A013629,1,0.5473815202713013
V32P-A013640,0,0.34084367752075195
V32P-A013641,0,0.24873656034469604
V32P-A013653,1,0.18452200293540955
V32P-A013677,0,0.0042633251287043095
V32P-A013689,0,0.4756672978401184
V32P-A013695,0,0.008457330986857414
V32P-A013706,0,0.47817549109458923
V32P-A013707,0,0.45721155405044556
V32P-A013724,0,0.39889997243881226
V32P-A013725,0,0.23512156307697296
V32P-A013731,0,0.7530671954154968
V32P-A013749,0,0.43507546186447144
V32P-A013778,0,0.35392865538597107
V32P-A013779,0,0.2578282058238983
V32P-A013844,0,0.40677347779273987
V32P-A013845,0,0.44416728615760803
V32P-A013850,0,0.6190101504325867
V32P-A013851,0,0.49770087003707886
V32P-A013880,0,0.22916072607040405
V32P-A013881,0,0.26017269492149353
V32P-A013893,0,0.13005350530147552
V32P-A013904,0,0.4462741017341614
V32P-A013905,0,0.2918541431427002
V32P-A013911,1,0.4357371926307678
V32P-A013946,1,0.2986047863960266
V32P-A013947,1,0.7191095352172852
V32P-A013970,0,0.1805831342935562
V32P-A013971,0,0.17479988932609558
V32P-A013981,0,0.2596154510974884
V32P-A013982,0,0.20873942971229553
V32P-A013983,0,0.17147798836231232
V32P-A014035,0,0.2731369137763977
V32P-A014036,0,0.3927859663963318
V32P-A014037,0,0.2819164991378784
V32P-A014048,0,0.31805694103240967
V32P-A014049,0,0.2210380733013153
V32P-A014097,0,0.24767935276031494
V32P-A014121,0,0.3589896559715271
V32P-A014126,1,0.49321243166923523
V32P-A014127,1,0.5113934278488159
V32P-A014187,0,0.009326418861746788
V32P-A014217,0,0.18801531195640564
V32P-A014223,0,0.4227654039859772
V32P-A014228,1,0.290128618478775
V32P-A014229,1,0.27153030037879944
V32P-A014252,0,0.48920127749443054
V32P-A014253,0,0.2828900218009949
V32P-A014264,1,0.3916952610015869
V32P-A014265,1,0.2694913148880005
V32P-A014270,0,0.29592686891555786
V32P-A014271,0,0.22937090694904327
V32P-A014277,0,0.2328905314207077
V32P-A014283,0,0.4586515724658966
V32P-A014294,1,0.4332118630409241
V32P-A014295,0,0.029214732348918915
V32P-A014311,1,0.4871041774749756
V32P-A014312,1,0.6776599287986755
V32P-A014313,1,0.7443180680274963
V32P-A014349,0,0.10336180776357651
V32P-A014355,0,0.5068356990814209
V32P-A014361,0,0.3470313847064972
V32P-A014378,0,0.46357405185699463
V32P-A014379,0,0.30901941657066345
V32P-A014390,0,0.5584423542022705
V32P-A014391,0,0.40028998255729675
V32P-A014414,0,0.381479412317276
V32P-A014415,0,0.20706643164157867
V32P-A014450,0,0.17842936515808105
V32P-A014451,0,0.20465217530727386
V32P-A014463,0,0.12224891781806946
V32P-A014540,0,0.37610793113708496
V32P-A014541,0,0.20006123185157776
V32P-A014547,0,0.45557498931884766
V32P-A014553,0,0.4325428903102875
V32P-A014624,1,0.2918526530265808
V32P-A014625,1,0.172449991106987
V32P-A014631,0,0.2186218798160553
V32P-A014661,0,0.20909617841243744
V32P-A014685,0,0.164312943816185
V32P-A014696,0,0.3248818814754486
V32P-A014697,0,0.23585131764411926
V32P-A014707,0,0.19052931666374207
V32P-A014708,0,0.17198747396469116
V32P-A014709,0,0.1613679826259613
V32P-A014732,0,0.2910323441028595
V32P-A014733,0,0.25979721546173096
V32P-A014769,0,0.3955552577972412
V32P-A014804,0,0.3943791091442108
V32P-A014805,0,0.28319868445396423
V32P-A014823,0,0.28095757961273193
V32P-A014835,0,0.4922613799571991
V32P-A014840,0,0.5097712874412537
V32P-A014841,0,0.3784560263156891
V32P-A014864,0,0.607998788356781
V32P-A014865,0,0.548364520072937
V32P-A014876,0,0.2887597680091858
V32P-A014877,0,0.29239317774772644
V32P-A014883,0,0.3628128170967102
V32P-A014895,0,0.47571635246276855
V32P-A014936,0,0.2839224636554718
V32P-A014937,0,0.3142380118370056
V32P-A014979,0,0.36290720105171204
V32P-A015045,0,0.37169158458709717
V32P-A015051,1,0.728364109992981
V32P-A015063,1,0.7265654802322388
V32P-A015068,0,0.25155559182167053
V32P-A015069,0,0.20304596424102783
V32P-A015152,1,0.6526713967323303
V32P-A015153,0,0.009714668616652489
V32P-A015212,1,0.32627880573272705
V32P-A015213,1,0.2976318597793579
V32P-A015231,0,0.38627010583877563
V32P-A015285,0,0.23974353075027466
V32P-A015332,0,0.5930497646331787
V32P-A015333,0,0.5181290507316589
V32P-A015345,0,0.2171812504529953
V32P-A015363,0,0.3266007602214813
V32P-A015411,0,0.4344535768032074
V32P-A015447,0,0.24747571349143982
V32P-A015465,0,0.4901314973831177
V32P-A015482,0,0.5546038150787354
V32P-A015483,0,0.503929078578949
V32P-A015489,0,0.12015638500452042
V32P-A015500,0,0.16734007000923157
V32P-A015501,0,0.23234018683433533
V32P-A015507,0,0.00560664851218462
V32P-A015512,0,0.38421690464019775
V32P-A015513,0,0.3617386519908905
V32P-A015536,0,0.20867961645126343
V32P-A015537,0,0.21880033612251282
V32P-A015543,0,0.26630187034606934
V32P-A015572,0,0.3798893690109253
V32P-A015573,0,0.21102535724639893
V32P-A015590,0,0.7715834379196167
V32P-A015591,0,0.640844464302063
V32P-A015601,0,0.5806555151939392
V32P-A015602,0,0.5500472784042358
V32P-A015603,0,0.4187144935131073
V32P-A015639,0,0.3673696219921112
V32P-A015651,0,0.2983590364456177
V32P-A015668,0,0.3282347023487091
V32P-A015669,0,0.23338742554187775
V32P-A015686,0,0.2237890064716339
V32P-A015687,0,0.1656438410282135
V32P-A015705,1,0.8691540956497192
V32P-A015710,0,0.5622849464416504
V32P-A015711,0,0.35252833366394043
V32P-A015721,0,0.1420358121395111
V32P-A015722,0,0.2102653831243515
V32P-A015723,0,0.24288596212863922
V32P-A015729,0,0.5617507100105286
V32P-A015740,0,0.2561708986759186
V32P-A015741,0,0.3945111334323883
V32P-A015777,0,0.23429931700229645
V32P-A015783,0,0.33531612157821655
V32P-A015801,0,0.17679916322231293
V32P-A015829,1,0.7929390072822571
V32P-A015830,1,0.43269383907318115
V32P-A015831,0,0.07106485962867737
V32P-A015849,0,0.16798967123031616
V32P-A015885,1,0.15590450167655945
V32P-A015897,0,0.39123669266700745
V32P-A015902,0,0.15217526257038116
V32P-A015903,0,0.12241512537002563
V32P-A015909,0,0.39928439259529114
V32P-A015926,1,0.2657412886619568
V32P-A015927,1,0.2514115571975708
V32P-A015956,0,0.2517941892147064
V32P-A015957,0,0.2248377948999405
V32P-A015992,1,0.702540397644043
V32P-A015993,1,0.6155218482017517
V32P-A016004,0,0.2921488881111145
V32P-A016005,0,0.25116756558418274
V32P-A016070,0,0.15775863826274872
V32P-A016071,0,0.13083656132221222
V32P-A016124,0,0.34055086970329285
V32P-A016125,0,0.19050361216068268
V32P-A016149,1,0.44666725397109985
V32P-A016172,0,0.37648630142211914
V32P-A016173,0,0.5320085287094116
V32P-A016179,0,0.34695926308631897
V32P-A016197,0,0.4166618883609772
V32P-A016214,0,0.5192669630050659
V32P-A016215,0,0.6910287141799927
V32P-A016298,0,0.37945544719696045
V32P-A016299,0,0.3307693600654602
V32P-A016323,0,0.2414965182542801
V32P-A016328,0,0.5693925619125366
V32P-A016329,0,0.5356644988059998
V32P-A016334,0,0.4783613085746765
V32P-A016335,0,0.3217817544937134
V32P-A016341,0,0.3138669431209564
V32P-A016359,0,0.3710722029209137
V32P-A016413,0,0.47261396050453186
V32P-A016467,0,0.1463257372379303
V32P-A016497,0,0.23458097875118256
V32P-A016521,0,0.4024520814418793
V32P-A016526,0,0.2135709971189499
V32P-A016527,0,0.1538439244031906
V32P-A016563,0,0.11549750715494156
V32P-A016575,0,0.35779762268066406
V32P-A016592,0,0.21441471576690674
V32P-A016593,0,0.17163707315921783
V32P-A016598,0,0.363095760345459
V32P-A016599,0,0.276804655790329
V32P-A016622,0,0.28288209438323975
V32P-A016623,0,0.24154473841190338
V32P-A016635,1,0.3326791524887085
V32P-A016640,0,0.3704146444797516
V32P-A016641,0,0.326331228017807
V32P-A016659,1,0.32175764441490173
V32P-A016695,0,0.18253962695598602
V32P-A016719,0,0.5692431330680847
V32P-A016773,0,0.3030962347984314
V32P-A016791,0,0.13759486377239227
V32P-A016826,0,0.6088536381721497
V32P-A016827,0,0.6680110096931458
V32P-A016875,0,0.3060731887817383
V32P-A016911,0,0.4540991187095642
V32P-A016916,0,0.41857337951660156
V32P-A016917,0,0.4966501295566559
V32P-A016971,0,0.0033797763753682375
V32P-A016977,0,0.25853782892227173
V32P-A016982,0,0.31027698516845703
V32P-A016983,0,0.229008287191391
V32P-A016988,0,0.366232305765152
V32P-A016989,0,0.21552401781082153
V32P-A017001,1,0.307824969291687
V32P-A017019,0,0.14533185958862305
V32P-A017066,0,0.3558957874774933
V32P-A017067,0,0.2780055105686188
V32P-A017138,0,0.5487496256828308
V32P-A017139,0,0.5754379034042358
V32P-A017151,0,0.1953631341457367
V32P-A017162,0,0.3510090708732605
V32P-A017163,0,0.2624306082725525
V32P-A017199,0,0.02365105226635933
V32P-A017211,0,0.42810484766960144
V32P-A017217,0,0.3640907406806946
V32P-A017222,0,0.3535025417804718
V32P-A017223,0,0.47160184383392334
V32P-A017228,0,0.3720526099205017
V32P-A017229,0,0.34126877784729004
V32P-A017234,0,0.6850217580795288
V32P-A017235,0,0.31753742694854736
V32P-A017258,1,0.47677502036094666
V32P-A017259,1,0.3682023882865906
V32P-A017271,0,0.46913641691207886
V32P-A017288,0,0.15965226292610168
V32P-A017289,0,0.13574010133743286
V32P-A017306,0,0.45123913884162903
V32P-A017307,0,0.36954841017723083
V32P-A017318,0,0.3813338279724121
V32P-A017319,0,0.4424457848072052
V32P-A017324,1,0.7124393582344055
V32P-A017325,0,0.005069208797067404
V32P-A017360,0,0.3349132239818573
V32P-A017361,0,0.28393369913101196
V32P-A017371,0,0.37543943524360657
V32P-A017372,0,0.5084332823753357
V32P-A017373,0,0.3932584524154663
V32P-A017378,0,0.36997881531715393
V32P-A017379,0,0.25415921211242676
V32P-A017438,1,0.19849234819412231
V32P-A017439,1,0.2239426076412201
V32P-A017444,0,0.2837429344654083
V32P-A017445,0,0.1932525932788849
V32P-A017475,0,0.23302695155143738
V32P-A017480,0,0.28716811537742615
V32P-A017481,0,0.2474125176668167
V32P-A017486,0,0.40570732951164246
V32P-A017487,0,0.4646679162979126
V32P-A017499,0,0.3695342242717743
V32P-A017517,0,0.4201277196407318
V32P-A017522,0,0.12448031455278397
V32P-A017523,0,0.15312901139259338
V32P-A017535,0,0.21291384100914001
V32P-A017570,0,0.5723330974578857
V32P-A017571,0,0.602640688419342
V32P-A017583,0,0.37273332476615906
V32P-A017588,0,0.3973245620727539
V32P-A017589,0,0.33492302894592285
V32P-A017630,0,0.23579426109790802
V32P-A017631,0,0.19819310307502747
V32P-A017720,0,0.2729226350784302
V32P-A017721,0,0.17790640890598297
V32P-A017737,0,0.29100266098976135
V32P-A017738,0,0.38229504227638245
V32P-A017739,0,0.22358980774879456
V32P-A017775,0,0.15445879101753235
V32P-A017817,0,0.007528285030275583
V32P-A017827,0,0.1921340674161911
V32P-A017828,0,0.33569908142089844
V32P-A017829,0,0.23131217062473297
V32P-A017840,0,0.4386054575443268
V32P-A017841,0,0.2317153662443161
V32P-A017847,1,0.24100978672504425
V32P-A017857,0,0.2832127511501312
V32P-A017858,0,0.3068741261959076
V32P-A017859,0,0.24646766483783722
V32P-A017864,1,0.5623366236686707
V32P-A017865,0,0.007639072369784117
V32P-A017870,1,0.24570521712303162
V32P-A017871,1,0.2447933852672577
V32P-A017889,1,0.546856701374054
V32P-A017894,0,0.19163019955158234
V32P-A017895,0,0.2636528015136719
V32P-A017901,0,0.23110820353031158
V32P-A017931,1,0.29978495836257935
V32P-A017937,0,0.12350380420684814
V32P-A017942,0,0.2767997980117798
V32P-A017943,0,0.4916324019432068
V32P-A017947,0,0.2207808941602707
V32P-A017948,0,0.3526345193386078
V32P-A017949,0,0.266561359167099
V32P-A017960,0,0.41426917910575867
V32P-A017961,0,0.2840335965156555
V32P-A018020,0,0.2943284809589386
V32P-A018021,0,0.17684057354927063
V32P-A018045,0,0.19852912425994873
V32P-A018069,0,0.4250375032424927
V32P-A018093,0,0.24963128566741943
V32P-A018099,0,0.2643676698207855
V32P-A018111,0,0.009433748200535774
V32P-A018116,1,0.6606982350349426
V32P-A018117,1,0.5069175362586975
V32P-A018133,0,0.359463095664978
V32P-A018134,0,0.16983364522457123
V32P-A018135,0,0.11925172805786133
V32P-A018147,0,0.2390902191400528
V32P-A018165,0,0.23092451691627502
V32P-A018176,0,0.5409873127937317
V32P-A018177,0,0.5393297672271729
V32P-A018236,0,0.2879788875579834
V32P-A018237,0,0.1526334136724472
V32P-A018279,0,0.020911715924739838
V32P-A018302,0,0.3935886323451996
V32P-A018303,0,0.3902536630630493
V32P-A018308,0,0.2975829541683197
V32P-A018309,0,0.2634519636631012
V32P-A018332,0,0.36076173186302185
V32P-A018333,0,0.28002601861953735
V32P-A018345,0,0.1443234533071518
V32P-A018369,0,0.27943897247314453
V32P-A018387,0,0.6826901435852051
V32P-A018422,0,0.3878336548805237
V32P-A018423,0,0.31112655997276306
V32P-A018429,0,0.2705456018447876
V32P-A018453,0,0.013376233167946339
V32P-A018458,0,0.14753523468971252
V32P-A018459,0,0.2802797257900238
V32P-A018501,1,0.1607552468776703
V32P-A018506,1,0.5371144413948059
V32P-A018507,0,0.011197865940630436
V32P-A018511,0,0.5603958964347839
V32P-A018512,0,0.5765178799629211
V32P-A018513,0,0.4143984615802765
V32P-A018531,0,0.19759845733642578
V32P-A018536,0,0.22965341806411743
V32P-A018537,0,0.2477506846189499
V32P-A018567,0,0.7464668154716492
V32P-A018573,1,0.4635586738586426
V32P-A018597,0,0.6862266063690186
V32P-A018656,0,0.49422356486320496
V32P-A018657,0,0.31335312128067017
V32P-A018675,0,0.010680840350687504
V32P-A018699,1,0.25760284066200256
V32P-A018729,0,0.2915341258049011
V32P-A018740,0,0.2681783437728882
V32P-A018741,0,0.23261797428131104
V32P-A018759,0,0.28117749094963074
V32P-A018830,0,0.23239310085773468
V32P-A018831,0,0.1649889051914215
V32P-A018855,0,0.24567779898643494
V32P-A018861,0,0.25768977403640747
V32P-A018914,0,0.3792690336704254
V32P-A018915,0,0.27822569012641907
V32P-A018926,0,0.28522488474845886
V32P-A018927,0,0.22724048793315887
V32P-A018938,0,0.2274997979402542
V32P-A018939,0,0.15475840866565704
V32P-A018950,0,0.18862532079219818
V32P-A018951,0,0.16056472063064575
V32P-A018969,0,0.36069127917289734
V32P-A018998,0,0.4590197503566742
V32P-A018999,0,0.39402103424072266
V32P-A019011,0,0.2975955605506897
V32P-A019053,0,0.2955470681190491
V32P-A019077,0,0.26140138506889343
V32P-A019088,1,0.36034977436065674
V32P-A019089,1,0.27078041434288025
V32P-A019095,0,0.15379752218723297
V32P-A019143,0,0.5650541186332703
V32P-A019167,0,0.3188670873641968
V32P-A019197,0,0.2163725346326828
V32P-A019209,0,0.325332909822464
V32P-A019221,0,0.416614830493927
V32P-A019232,1,0.4700572192668915
V32P-A019233,1,0.3466433882713318
V32P-A019256,0,0.34612441062927246
V32P-A019257,0,0.3123023509979248
V32P-A019311,0,0.303445965051651
V32P-A019323,0,0.2987506091594696
V32P-A019328,0,0.2602672278881073
V32P-A019329,0,0.25565657019615173
V32P-A019370,0,0.49684539437294006
V32P-A019371,0,0.29632148146629333
V32P-A019375,0,0.6363735198974609
V32P-A019376,0,0.3687821626663208
V32P-A019377,0,0.17249290645122528
V32P-A019383,0,0.1445920765399933
V32P-A019389,0,0.3124588131904602
V32P-A019401,0,0.18744738399982452
V32P-A019406,0,0.3413306474685669
V32P-A019407,0,0.21019935607910156
V32P-A019419,1,0.504246175289154
V32P-A019437,1,0.3656139373779297
V32P-A019449,0,0.2671300172805786
V32P-A019454,0,0.17083469033241272
V32P-A019455,0,0.1396273970603943
V32P-A019496,1,0.29599466919898987
V32P-A019497,1,0.19735004007816315
V32P-A019509,0,0.3763614296913147
V32P-A019515,0,0.5416876673698425
V32P-A019527,0,0.12592145800590515
V32P-A019532,0,0.4594860076904297
V32P-A019533,0,0.28798821568489075
V32P-A019551,0,0.3500813841819763
V32P-A019556,0,0.2853238582611084
V32P-A019557,0,0.3740916848182678
V32P-A019581,0,0.333646684885025
V32P-A019587,0,0.32991382479667664
V32P-A019617,0,0.3729288876056671
V32P-A019627,0,0.32723355293273926
V32P-A019628,0,0.38553163409233093
V32P-A019629,0,0.2691411077976227
V32P-A019645,0,0.09204868227243423
V32P-A019646,0,0.16697095334529877
V32P-A019647,0,0.15394659340381622
V32P-A019689,0,0.38768506050109863
V32P-A019700,0,0.1979587823152542
V32P-A019701,0,0.1264638453722
V32P-A019712,1,0.49478617310523987
V32P-A019713,1,0.38114696741104126
V32P-A019736,0,0.36273953318595886
V32P-A019737,0,0.27340805530548096
V32P-A019742,0,0.20511303842067719
V32P-A019743,0,0.21762312948703766
V32P-A019754,0,0.2712252736091614
V32P-A019755,0,0.15158848464488983
V32P-A019790,0,0.3099329471588135
V32P-A019791,0,0.39670857787132263
V32P-A019803,0,0.3605863153934479
V32P-A019808,0,0.3783828020095825
V32P-A019809,0,0.2586241066455841
V32P-A019844,1,0.6317659616470337
V32P-A019845,0,0.017995083704590797
V32P-A019850,0,0.23001842200756073
V32P-A019851,0,0.27072736620903015
V32P-A019855,0,0.5177398920059204
V32P-A019856,0,0.2099158614873886
V32P-A019857,0,0.23407156765460968
V32P-A019863,0,0.19599682092666626
V32P-A019893,0,0.4772220849990845
V32P-A019929,0,0.21042276918888092
V32P-A019934,0,0.3057748079299927
V32P-A019935,0,0.18771542608737946
V32P-A019947,0,0.14680947363376617
V32P-A019963,0,0.2587445080280304
V32P-A019964,0,0.22147038578987122
V32P-A019965,0,0.3690171241760254
V32P-A020072,0,0.49521636962890625
V32P-A020073,0,0.32781052589416504
V32P-A020127,1,0.2822560966014862
V32P-A020132,0,0.44516658782958984
V32P-A020133,0,0.5017592310905457
V32P-A020169,0,0.49602898955345154
V32P-A020174,0,0.3183431923389435
V32P-A020175,0,0.2269846647977829
V32P-A020211,0,0.6199415326118469
V32P-A020217,0,0.056454338133335114
V32P-A020222,0,0.5152385830879211
V32P-A020223,0,0.6057036519050598
V32P-A020246,0,0.4951716959476471
V32P-A020247,0,0.30466434359550476
V32P-A020253,0,0.6583910584449768
V32P-A020276,0,0.47327473759651184
V32P-A020277,0,0.36358821392059326
V32P-A020294,0,0.18191683292388916
V32P-A020295,0,0.20561231672763824
V32P-A020307,0,0.248509019613266
V32P-A020313,1,0.4649093449115753
V32P-A020354,1,0.5704620480537415
V32P-A020355,1,0.6922585964202881
V32P-A020391,0,0.2236722707748413
V32P-A020397,0,0.5055540204048157
V32P-A020421,0,0.2980596721172333
V32P-A020498,0,0.26813244819641113
V32P-A020499,0,0.27938005328178406
V32P-A020511,0,0.35614967346191406
V32P-A020516,0,0.5678437352180481
V32P-A020517,0,0.3304382562637329
V32P-A020546,0,0.31433799862861633
V32P-A020547,0,0.27708032727241516
V32P-A020559,1,0.4129232168197632
V32P-A020581,0,0.28512638807296753
V32P-A020582,0,0.3159318268299103
V32P-A020583,0,0.2664642632007599
V32P-A020595,0,0.20026150345802307
V32P-A020624,0,0.18277965486049652
V32P-A020625,0,0.1877770572900772
V32P-A020653,0,0.30470818281173706
V32P-A020654,0,0.2874569296836853
V32P-A020655,0,0.23813654482364655
V32P-A020679,0,0.18188650906085968
V32P-A020701,0,0.44419607520103455
V32P-A020702,0,0.5019028782844543
V32P-A020703,0,0.2712882459163666
V32P-A020726,0,0.3218896687030792
V32P-A020727,0,0.3474779725074768
V32P-A020738,0,0.30111920833587646
V32P-A020739,0,0.33512574434280396
V32P-A020804,0,0.2960909307003021
V32P-A020805,0,0.18594130873680115
V32P-A020823,0,0.31179574131965637
V32P-A020835,0,0.2903457581996918
V32P-A020841,1,0.2520522475242615
V32P-A020858,0,0.5321567058563232
V32P-A020859,0,0.5421451330184937
V32P-A020869,0,0.7682330012321472
V32P-A020870,0,0.6105130910873413
V32P-A020871,0,0.5679441690444946
V32P-A020895,0,0.23604848980903625
V32P-A020907,0,0.181793212890625
V32P-A020919,0,0.1485448181629181
V32P-A020925,0,0.3283035457134247
V32P-A020931,0,0.19062305986881256
V32P-A020937,0,0.4942065179347992
V32P-A020972,0,0.30304932594299316
V32P-A020973,0,0.33562880754470825
V32P-A020978,0,0.41585034132003784
V32P-A020979,0,0.36854174733161926
V32P-A021003,1,0.4200594425201416
V32P-A021020,0,0.3355313241481781
V32P-A021021,0,0.275302529335022
V32P-A021032,0,0.24644504487514496
V32P-A021033,0,0.17859874665737152
V32P-A021051,0,0.5162717700004578
V32P-A021063,1,0.45851972699165344
V32P-A021069,0,0.30240166187286377
V32P-A021128,1,0.6307855844497681
V32P-A021129,1,0.48482546210289
V32P-A021147,0,0.4188601076602936
V32P-A021225,0,0.3308502435684204
V32P-A021230,0,0.6686200499534607
V32P-A021231,0,0.5255297422409058
V32P-A021261,0,0.21078428626060486
V32P-A021266,0,0.4099274277687073
V32P-A021267,0,0.2424977868795395
V32P-A021285,0,0.3657227158546448
V32P-A021307,0,0.3917570412158966
V32P-A021308,0,0.351306289434433
V32P-A021309,0,0.3373836874961853
V32P-A021319,0,0.7030252814292908
V32P-A021320,0,0.5583086609840393
V32P-A021321,0,0.340949684381485
V32P-A021333,0,0.42136749625205994
V32P-A021344,0,0.3401339650154114
V32P-A021345,0,0.21560299396514893
V32P-A021368,0,0.3790280222892761
V32P-A021369,0,0.25865742564201355
V32P-A021374,0,0.34856945276260376
V32P-A021375,0,0.32068395614624023
V32P-A021411,1,0.6321353316307068
V32P-A021458,0,0.4774974584579468
V32P-A021459,0,0.37872475385665894
V32P-A021464,0,0.4151357412338257
V32P-A021465,0,0.20136699080467224
V32P-A021488,0,0.32367849349975586
V32P-A021489,0,0.2888362407684326
V32P-A021506,1,0.3225789964199066
V32P-A021507,1,0.28749942779541016
V32P-A021513,0,0.18845900893211365
V32P-A021517,0,0.6465871334075928
V32P-A021518,0,0.40133577585220337
V32P-A021519,0,0.7211270928382874
V32P-A021524,0,0.36426374316215515
V32P-A021525,0,0.2434970587491989
V32P-A021567,0,0.297028124332428
V32P-A021573,0,0.17361067235469818
V32P-A021585,0,0.5152419805526733
V32P-A021621,0,0.3038345277309418
V32P-A021651,0,0.3606366217136383
V32P-A021657,0,0.25041237473487854
V32P-A021680,0,0.494367778301239
V32P-A021681,0,0.3460765480995178
V32P-A021711,1,0.378138929605484
V32P-A021723,0,0.20342859625816345
V32P-A021729,0,0.18782559037208557
V32P-A021777,1,0.16328178346157074
V32P-A021830,1,0.1980145424604416
V32P-A021831,1,0.270414799451828
V32P-A021878,0,0.3665482699871063
V32P-A021879,0,0.36995306611061096
V32P-A021891,1,0.2712633013725281
V32P-A021902,0,0.3612501323223114
V32P-A021903,0,0.19688929617404938
V32P-A021933,0,0.185842365026474
V32P-A021950,0,0.28442537784576416
V32P-A021951,0,0.15049482882022858
V32P-A021980,0,0.2578313648700714
V32P-A021981,0,0.19180217385292053
V32P-A022004,0,0.17460209131240845
V32P-A022005,0,0.1847284883260727
V32P-A022016,0,0.26710045337677
V32P-A022017,0,0.2791270315647125
V32P-A022028,0,0.4834826588630676
V32P-A022029,0,0.4829748272895813
V32P-A022047,0,0.43537265062332153
V32P-A022059,0,0.3369508981704712
V32P-A022071,0,0.1808857023715973
V32P-A022148,0,0.11941107362508774
V32P-A022149,0,0.11510489881038666
V32P-A022167,0,0.2860177159309387
V32P-A022215,0,0.20752602815628052
V32P-A022227,0,0.1560409665107727
V32P-A022238,0,0.4234454929828644
V32P-A022239,0,0.4135268032550812
V32P-A022286,0,0.181710883975029
V32P-A022287,0,0.11929754167795181
V32P-A022322,0,0.5136374831199646
V32P-A022323,0,0.5065677165985107
V32P-A022394,1,0.3618434965610504
V32P-A022395,1,0.25504782795906067
V32P-A022449,0,0.3300851285457611
V32P-A022473,0,0.41150543093681335
V32P-A022526,0,0.2871279716491699
V32P-A022527,0,0.22880616784095764
V32P-A022544,0,0.6295278072357178
V32P-A022545,0,0.4450080692768097
V32P-A022556,0,0.670374870300293
V32P-A022557,0,0.47520211338996887
V32P-A022629,0,0.24029673635959625
V32P-A022641,0,0.29569369554519653
V32P-A022659,0,0.37370118498802185
V32P-A022705,0,0.6760164499282837
V32P-A022706,0,0.5942834615707397
V32P-A022707,0,0.3706720471382141
V32P-A022711,0,0.10473006218671799
V32P-A022712,0,0.12205956131219864
V32P-A022713,0,0.14326678216457367
V32P-A022723,0,0.12944024801254272
V32P-A022724,0,0.28388020396232605
V32P-A022725,0,0.1825534701347351
V32P-A022748,0,0.3469877243041992
V32P-A022749,0,0.18499287962913513
V32P-A022754,0,0.2727730870246887
V32P-A022755,0,0.27153483033180237
V32P-A022783,1,0.5165708065032959
V32P-A022784,1,0.5076794624328613
V32P-A022785,1,0.3783295452594757
V32P-A022790,0,0.20258828997612
V32P-A022791,0,0.12801386415958405
V32P-A022797,1,0.1711488515138626
V32P-A022808,0,0.4631690979003906
V32P-A022809,0,0.29977279901504517
V32P-A022826,0,0.6310134530067444
V32P-A022827,0,0.5129762291908264
V32P-A022833,0,0.2456776201725006
V32P-A022838,0,0.438275545835495
V32P-A022839,0,0.30764663219451904
V32P-A022845,0,0.2279960811138153
V32P-A022881,0,0.2849796414375305
V32P-A022892,0,0.5223999619483948
V32P-A022893,0,0.3348730206489563
V32P-A022904,0,0.44068443775177
V32P-A022905,0,0.377617746591568
V32P-A022958,0,0.641730785369873
V32P-A022959,0,0.4370443820953369
V32P-A022965,0,0.13958989083766937
V32P-A022970,0,0.16130536794662476
V32P-A022971,0,0.28705039620399475
V32P-A022977,0,0.21782489120960236
V32P-A022982,0,0.2144256979227066
V32P-A022983,0,0.2315337359905243
V32P-A022995,0,0.37962988018989563
V32P-A023019,0,0.2119395136833191
V32P-A023031,0,0.3861985504627228
V32P-A023053,0,0.3345954716205597
V32P-A023054,0,0.30467453598976135
V32P-A023055,0,0.23472867906093597
V32P-A023103,1,0.3792892396450043
V32P-A023113,0,0.41201770305633545
V32P-A023114,0,0.3524976372718811
V32P-A023115,0,0.37036293745040894
V32P-A023169,0,0.21738632023334503
V32P-A023192,0,0.4617617726325989
V32P-A023193,0,0.3061981201171875
V32P-A023247,0,0.22510144114494324
V32P-A023287,0,0.2110733836889267
V32P-A023288,0,0.19752709567546844
V32P-A023289,0,0.24311409890651703
V32P-A023295,1,0.2315530925989151
V32P-A023307,0,0.2013382911682129
V32P-A023319,0,0.3180822432041168
V32P-A023325,0,0.28560152649879456
V32P-A023367,0,0.14134716987609863
V32P-A023403,0,0.3899383544921875
V32P-A023426,0,0.4537484049797058
V32P-A023427,0,0.5006449222564697
V32P-A023457,0,0.2739350199699402
V32P-A023504,0,0.36486032605171204
V32P-A023505,0,0.23966819047927856
V32P-A023511,1,0.35777100920677185
V32P-A023534,0,0.3440452218055725
V32P-A023535,0,0.20610040426254272
V32P-A023571,0,0.41218340396881104
V32P-A023589,0,0.17924420535564423
V32P-A023630,0,0.25773337483406067
V32P-A023631,0,0.21018482744693756
V32P-A023642,0,0.22256363928318024
V32P-A023643,0,0.24975991249084473
V32P-A023666,0,0.24832969903945923
V32P-A023667,0,0.2621806859970093
V32P-A023673,0,0.294952929019928
V32P-A023733,0,0.2932179272174835
V32P-A023744,1,0.7349814772605896
V32P-A023745,1,0.6687198281288147
V32P-A023810,0,0.24589665234088898
V32P-A023811,0,0.18440237641334534
V32P-A023817,0,0.2669250965118408
V32P-A023822,0,0.16761355102062225
V32P-A023823,0,0.164316788315773
V32P-A023847,0,0.19874301552772522
V32P-A023859,0,0.42468181252479553
V32P-A023871,0,0.4000261425971985
V32P-A023883,1,0.37040483951568604
V32P-A023888,0,0.585222601890564
V32P-A023889,0,0.4792998135089874
V32P-A023900,0,0.3038106858730316
V32P-A023901,0,0.26483145356178284
V32P-A023906,0,0.2511850595474243
V32P-A023907,0,0.13297684490680695
V32P-A023967,0,0.17309166491031647
V32P-A024003,0,0.0037395234685391188
V32P-A024009,0,0.40141353011131287
V32P-A024063,0,0.5908945798873901
V32P-A024069,0,0.38346144556999207
V32P-A024087,0,0.3148873448371887
V32P-A024128,0,0.3110238313674927
V32P-A024129,0,0.2133256047964096
V32P-A024188,0,0.3233690857887268
V32P-A024189,0,0.22283028066158295
V32P-A024194,0,0.5171197056770325
V32P-A024195,0,0.3319898843765259
V32P-A024201,0,0.37963393330574036
V32P-A024249,1,0.19966760277748108
V32P-A024303,0,0.3104896545410156
V32P-A024326,0,0.24513359367847443
V32P-A024327,0,0.17218193411827087
V32P-A024332,0,0.26520681381225586
V32P-A024333,0,0.22990374267101288
V32P-A024398,0,0.5207499861717224
V32P-A024399,0,0.41734403371810913
V32P-A024417,0,0.008098880760371685
V32P-A024422,0,0.22957946360111237
V32P-A024423,0,0.20462916791439056
V32P-A024447,0,0.34914493560791016
V32P-A024464,0,0.22987772524356842
V32P-A024465,0,0.2235339879989624
V32P-A024469,0,0.15821124613285065
V32P-A024470,0,0.25715476274490356
V32P-A024471,0,0.16303810477256775
V32P-A024483,0,0.2217925637960434
V32P-A024501,0,0.5114002823829651
V32P-A024513,0,0.27831733226776123
V32P-A024524,0,0.27916663885116577
V32P-A024525,0,0.13986395299434662
V32P-A024531,0,0.4703808128833771
V32P-A024549,0,0.5171809196472168
V32P-A024560,0,0.5598843097686768
V32P-A024561,0,0.42495930194854736
V32P-A024572,1,0.3135177195072174
V32P-A024573,1,0.24473696947097778
V32P-A024589,1,0.27538996934890747
V32P-A024590,1,0.3472106158733368
V32P-A024591,1,0.15452179312705994
V32P-A024603,0,0.302997887134552
V32P-A024627,1,0.3056972324848175
V32P-A024663,0,0.3732331097126007
V32P-A024668,0,0.4272371828556061
V32P-A024669,0,0.3362385332584381
V32P-A024686,0,0.4579203724861145
V32P-A024687,0,0.2314513623714447
V32P-A024704,0,0.28439730405807495
V32P-A024705,0,0.18205194175243378
V32P-A024722,0,0.36395761370658875
V32P-A024723,0,0.2539961040019989
V32P-A024741,0,0.33618485927581787
V32P-A024747,0,0.16425353288650513
V32P-A024771,0,0.5858492851257324
V32P-A024794,0,0.47807201743125916
V32P-A024795,0,0.2888517677783966
V32P-A024811,0,0.6057233214378357
V32P-A024812,0,0.5086239576339722
V32P-A024813,0,0.38222384452819824
V32P-A024823,0,0.18670964241027832
V32P-A024824,0,0.295454204082489
V32P-A024825,0,0.2621572017669678
V32P-A024837,0,0.34927666187286377
V32P-A024896,1,0.33530116081237793
V32P-A024897,1,0.25918400287628174
V32P-A024907,0,0.24754385650157928
V32P-A024908,0,0.48823484778404236
V32P-A024909,0,0.45253825187683105
V32P-A024921,0,0.24003610014915466
V32P-A024951,1,0.3692050874233246
V32P-A024998,0,0.31989309191703796
V32P-A024999,0,0.32388415932655334
V32P-A025017,0,0.24829420447349548
V32P-A025022,0,0.5663575530052185
V32P-A025023,0,0.4511878788471222
V32P-A025070,0,0.3272671699523926
V32P-A025071,0,0.26988133788108826
V32P-A025083,0,0.3052215278148651
V32P-A025100,1,0.6575774550437927
V32P-A025101,0,0.007879062555730343
V32P-A025119,0,0.18176378309726715
V32P-A025131,0,0.4324324429035187
V32P-A025142,0,0.3678467869758606
V32P-A025143,0,0.24152590334415436
V32P-A025153,0,0.7184065580368042
V32P-A025154,0,0.42261427640914917
V32P-A025155,0,0.2458423674106598
V32P-A025184,1,0.6987482905387878
V32P-A025185,1,0.5401232838630676
V32P-A025191,0,0.28582459688186646
V32P-A025196,0,0.44859960675239563
V32P-A025197,0,0.5204350352287292
V32P-A025209,0,0.5333430767059326
V32P-A025286,0,0.4510047137737274
V32P-A025287,0,0.21319539844989777
V32P-A025299,0,0.2660345733165741
V32P-A025305,1,0.20167604088783264
V32P-A025310,0,0.40355053544044495
V32P-A025311,0,0.3665541708469391
V32P-A025377,0,0.1796434372663498
V32P-A025419,0,0.11929506063461304
V32P-A025431,0,0.3523300290107727
V32P-A025461,1,0.42610928416252136
V32P-A025473,0,0.14428384602069855
V32P-A025479,0,0.6222133636474609
V32P-A025508,0,0.40144607424736023
V32P-A025509,0,0.18975931406021118
V32P-A025513,0,0.641140878200531
V32P-A025514,0,0.6132044196128845
V32P-A025515,0,0.5647220611572266
V32P-A025538,0,0.2768780589103699
V32P-A025539,0,0.28544870018959045
V32P-A025545,0,0.2736261188983917
V32P-A025550,0,0.5279976725578308
V32P-A025551,0,0.36531808972358704
V32P-A025556,0,0.3793996274471283
V32P-A025557,0,0.2100967913866043
V32P-A025586,0,0.2623491585254669
V32P-A025587,0,0.1992376744747162
V32P-A025604,0,0.3162479102611542
V32P-A025605,0,0.20607583224773407
V32P-A025623,0,0.26606494188308716
V32P-A025706,1,0.673694372177124
V32P-A025707,0,0.009442023932933807
V32P-A025718,0,0.3502696752548218
V32P-A025719,0,0.48583823442459106
V32P-A025749,0,0.5813067555427551
V32P-A025754,0,0.2728807032108307
V32P-A025755,0,0.1544812023639679
V32P-A025761,0,0.33935901522636414
V32P-A025773,0,0.29804956912994385
V32P-A025784,0,0.36944690346717834
V32P-A025785,0,0.19463570415973663
V32P-A025797,0,0.20435021817684174
V32P-A025815,0,0.2935030460357666
V32P-A025845,0,0.44125738739967346
V32P-A025856,1,0.3817697763442993
V32P-A025857,1,0.7045498490333557
V32P-A025869,0,0.16916288435459137
V32P-A025879,0,0.5376836657524109
V32P-A025880,0,0.4616827368736267
V32P-A025881,0,0.39248180389404297
V32P-A025886,0,0.4637567698955536
V32P-A025887,0,0.45982447266578674
V32P-A025893,0,0.1532706618309021
V32P-A025898,1,0.6216458678245544
V32P-A025899,1,0.8281371593475342
V32P-A025911,0,0.2642494738101959
V32P-A025952,0,0.5344433188438416
V32P-A025953,0,0.38684290647506714
V32P-A025965,0,0.5039412379264832
V32P-A025981,0,0.34098106622695923
V32P-A025982,0,0.30803805589675903
V32P-A025983,0,0.2951863408088684
V32P-A026001,0,0.16115041077136993
V32P-A026007,0,0.32015377283096313
V32P-A026018,0,0.1698407530784607
V32P-A026019,0,0.20172564685344696
V32P-A026025,1,0.32890376448631287
V32P-A026036,0,0.5839283466339111
V32P-A026037,0,0.29900914430618286
V32P-A026067,1,0.4770685136318207
V32P-A026091,0,0.4512012302875519
V32P-A026193,0,0.4283410906791687
V32P-A026205,0,0.2552163302898407
V32P-A026217,1,0.21950556337833405
V32P-A026223,0,0.2906380295753479
V32P-A026264,0,0.2475486546754837
V32P-A026265,0,0.2307834029197693
V32P-A026277,0,0.19398443400859833
V32P-A026293,0,0.5177041888237
V32P-A026294,0,0.36917927861213684
V32P-A026295,0,0.205430269241333
V32P-A026331,0,0.1882113665342331
V32P-A026348,0,0.2280179113149643
V32P-A026349,0,0.1538083553314209
V32P-A026385,0,0.10507973283529282
V32P-A026389,0,0.4506186246871948
V32P-A026390,0,0.33473771810531616
V32P-A026391,0,0.2757786810398102
V32P-A026408,0,0.3165532648563385
V32P-A026409,0,0.2521023154258728
V32P-A026439,0,0.4182066321372986
V32P-A026505,0,0.3032219111919403
V32P-A026535,0,0.004984388127923012
V32P-A026541,0,0.32918673753738403
V32P-A026557,0,0.3622990846633911
V32P-A026558,0,0.4988325238227844
V32P-A026559,0,0.37822335958480835
V32P-A026564,0,0.3045664429664612
V32P-A026565,0,0.22762204706668854
V32P-A026576,0,0.525213897228241
V32P-A026577,0,0.4496580958366394
V32P-A026587,0,0.44581207633018494
V32P-A026588,0,0.4151875376701355
V32P-A026589,0,0.2715523838996887
V32P-A026601,0,0.2475004345178604
V32P-A026607,0,0.579350471496582
V32P-A026685,0,0.29853540658950806
V32P-A026691,1,0.1884029656648636
V32P-A026744,1,0.5089769959449768
V32P-A026745,1,0.33882343769073486
V32P-A026787,0,0.244719997048378
V32P-A026821,1,0.3502873182296753
V32P-A026822,1,0.3471820652484894
V32P-A026823,1,0.30275434255599976
V32P-A026828,0,0.40141814947128296
V32P-A026829,0,0.23784959316253662
V32P-A026858,0,0.3149336576461792
V32P-A026859,0,0.2566201090812683
V32P-A026870,0,0.42346838116645813
V32P-A026871,0,0.3526577353477478
V32P-A026883,0,0.22958093881607056
V32P-A026899,1,0.5017884969711304
V32P-A026900,1,0.41375309228897095
V32P-A026901,1,0.3419516682624817
V32P-A026906,1,0.1840115636587143
V32P-A026907,1,0.17357926070690155
V32P-A026912,0,0.5373818874359131
V32P-A026913,0,0.3156563639640808
V32P-A026937,0,0.29299816489219666
V32P-A026941,0,0.1542096883058548
V32P-A026942,0,0.16869916021823883
V32P-A026943,0,0.181217759847641
V32P-A026955,0,0.35671618580818176
V32P-A026979,0,0.3424966037273407
V32P-A027021,0,0.34307122230529785
V32P-A027044,0,0.27970513701438904
V32P-A027045,0,0.44659778475761414
V32P-A027049,0,0.4170156419277191
V32P-A027050,0,0.4553591012954712
V32P-A027051,0,0.38834884762763977
V32P-A027068,1,0.3013508915901184
V32P-A027069,1,0.14600414037704468
V32P-A027098,0,0.45051562786102295
V32P-A027099,0,0.2907109558582306
V32P-A027129,0,0.33481717109680176
V32P-A027176,0,0.17924471199512482
V32P-A027177,0,0.24665173888206482
V32P-A027225,0,0.49666085839271545
V32P-A027242,0,0.4957362413406372
V32P-A027243,0,0.3126271963119507
V32P-A027254,0,0.24647639691829681
V32P-A027255,0,0.5644418597221375
V32P-A027260,0,0.5402132272720337
V32P-A027261,0,0.417352557182312
V32P-A027267,0,0.6261603832244873
V32P-A027284,1,0.3672037720680237
V32P-A027285,1,0.3473093509674072
V32P-A027315,0,0.4085957407951355
V32P-A027357,0,0.3304668664932251
V32P-A027363,0,0.2539565861225128
V32P-A027368,0,0.382731169462204
V32P-A027369,0,0.226058691740036
V32P-A027399,0,0.3034325838088989
V32P-A027415,1,0.765083372592926
V32P-A027416,1,0.5575577020645142
V32P-A027417,1,0.4881925880908966
V32P-A027452,1,0.7109107971191406
V32P-A027453,1,0.5541103482246399
V32P-A027488,0,0.41279351711273193
V32P-A027489,0,0.3038908839225769
V32P-A027555,0,0.1907864511013031
V32P-A027572,0,0.4632737338542938
V32P-A027573,0,0.24195098876953125
V32P-A027579,0,0.17581547796726227
V32P-A027590,0,0.3618902266025543
V32P-A027591,0,0.19067513942718506
V32P-A027614,0,0.29860490560531616
V32P-A027615,0,0.39122307300567627
V32P-A027626,0,0.3524487018585205
V32P-A027627,0,0.27038246393203735
V32P-A027633,0,0.1278943121433258
V32P-A027687,0,0.197024866938591
V32P-A027735,0,0.6118306517601013
V32P-A027752,0,0.4156506359577179
V32P-A027753,0,0.4339083135128021
V32P-A027794,0,0.16225454211235046
V32P-A027795,0,0.1809069961309433
V32P-A027836,1,0.29473939538002014
V32P-A027837,1,0.2714986503124237
V32P-A027861,0,0.46888649463653564
V32P-A027878,0,0.41287094354629517
V32P-A027879,0,0.3249622881412506
V32P-A027939,0,0.2766013443470001
V32P-A028004,0,0.3311876654624939
V32P-A028005,0,0.1855737715959549
V32P-A028023,0,0.4511238932609558
V32P-A028041,0,0.21547143161296844
V32P-A028059,0,0.43358898162841797
V32P-A028071,0,0.20324650406837463
V32P-A028088,0,0.4162139296531677
V32P-A028089,0,0.3082376718521118
V32P-A028113,1,0.34006619453430176
V32P-A028131,0,0.2572918236255646
V32P-A028166,0,0.3780445158481598
V32P-A028167,0,0.33702361583709717
V32P-A028185,0,0.20019488036632538
V32P-A028190,1,0.7001951932907104
V32P-A028191,1,0.7221015095710754
V32P-A028226,0,0.2348778247833252
V32P-A028227,0,0.21379438042640686
V32P-A028238,0,0.6891812086105347
V32P-A028239,0,0.5298722386360168
V32P-A028280,0,0.4128166139125824
V32P-A028281,0,0.28587713837623596
V32P-A028316,0,0.2935216426849365
V32P-A028317,0,0.19999966025352478
V32P-A028347,0,0.2975747287273407
V32P-A028353,1,0.2213890552520752
V32P-A028376,0,0.14085380733013153
V32P-A028377,0,0.11118431389331818
V32P-A028388,0,0.20139332115650177
V32P-A028389,0,0.13427771627902985
V32P-A028394,0,0.6507021188735962
V32P-A028395,0,0.5839118957519531
V32P-A028419,0,0.2721730172634125
V32P-A028448,0,0.15950968861579895
V32P-A028449,0,0.09643995016813278
V32P-A028496,0,0.21889229118824005
V32P-A028497,0,0.17421847581863403
V32P-A028509,0,0.5854060649871826
V32P-A028520,0,0.2428237795829773
V32P-A028521,0,0.2797362804412842
V32P-A028533,1,0.24420121312141418
V32P-A028557,0,0.35069146752357483
V32P-A028586,0,0.46519821882247925
V32P-A028587,0,0.3999195694923401
V32P-A028599,0,0.44552427530288696
V32P-A028628,0,0.7155759930610657
V32P-A028629,0,0.4098486304283142
V32P-A028647,0,0.4053867757320404
V32P-A028664,0,0.4059850871562958
V32P-A028665,0,0.3023436963558197
V32P-A028670,0,0.24920177459716797
V32P-A028671,0,0.17030474543571472
V32P-A028712,0,0.3936929404735565
V32P-A028713,0,0.3111753761768341
V32P-A028736,0,0.19787880778312683
V32P-A028737,0,0.2027738392353058
V32P-A028767,0,0.1829039305448532
V32P-A028809,0,0.4033328890800476
V32P-A028833,0,0.35670411586761475
V32P-A028863,0,0.22551554441452026
V32P-A028868,0,0.24913567304611206
V32P-A028869,0,0.2029041051864624
V32P-A028881,0,0.4007824957370758
V32P-A028916,0,0.2773679792881012
V32P-A028917,0,0.16443976759910583
V32P-A028940,0,0.22679203748703003
V32P-A028941,0,0.22372224926948547
V32P-A028946,1,0.3829764127731323
V32P-A028947,1,0.26624009013175964
V32P-A028952,0,0.2931768298149109
V32P-A028953,0,0.24284429848194122
V32P-A028977,0,0.28522202372550964
V32P-A029013,0,0.43488162755966187
V32P-A029043,0,0.3864684998989105
V32P-A029060,1,0.2933184802532196
V32P-A029061,0,0.004181405995041132
V32P-A029067,0,0.4205867648124695
V32P-A029077,0,0.2956809997558594
V32P-A029078,0,0.24883338809013367
V32P-A029079,0,0.21637974679470062
V32P-A029108,0,0.6743788719177246
V32P-A029109,0,0.5593392848968506
V32P-A029126,0,0.2438206970691681
V32P-A029127,0,0.2569463551044464
V32P-A029228,0,0.2145247906446457
V32P-A029229,0,0.5655239820480347
V32P-A029241,0,0.17504826188087463
V32P-A029265,0,0.29802852869033813
V32P-A029275,0,0.7260708212852478
V32P-A029276,0,0.468992680311203
V32P-A029277,0,0.377811074256897
V32P-A029306,0,0.5346322655677795
V32P-A029307,0,0.4284830689430237
V32P-A029312,1,0.3889913558959961
V32P-A029313,1,0.3459819257259369
V32P-A029331,0,0.44674304127693176
V32P-A029337,0,0.24741233885288239
V32P-A029378,0,0.3814276456832886
V32P-A029379,0,0.23849239945411682
V32P-A029385,0,0.483003705739975
V32P-A029391,0,0.19905982911586761
V32P-A029403,0,0.11224044114351273
V32P-A029415,0,0.41788798570632935
V32P-A029426,0,0.7398189902305603
V32P-A029427,0,0.6577664017677307
V32P-A029450,0,0.5808500051498413
V32P-A029451,0,0.4534006714820862
V32P-A029457,0,0.3011457026004791
V32P-A029480,0,0.29468536376953125
V32P-A029481,0,0.24135500192642212
V32P-A029499,0,0.38887912034988403
V32P-A029503,0,0.4470492899417877
V32P-A029504,0,0.4109167754650116
V32P-A029505,0,0.31242015957832336
V32P-A029511,0,0.16208632290363312
V32P-A029552,0,0.3782905042171478
V32P-A029553,0,0.2414233684539795
V32P-A029558,0,0.38571134209632874
V32P-A029559,0,0.28762343525886536
V32P-A029565,0,0.02007325179874897
V32P-A029575,0,0.12763282656669617
V32P-A029576,0,0.20688027143478394
V32P-A029577,0,0.15834982693195343
V32P-A029637,0,0.4110852777957916
V32P-A029642,0,0.22505433857440948
V32P-A029643,0,0.22914008796215057
V32P-A029648,0,0.7672491669654846
V32P-A029649,0,0.5235520601272583
V32P-A029673,0,0.11667375266551971
V32P-A029727,0,0.28961700201034546
V32P-A029732,0,0.4338376522064209
V32P-A029733,0,0.6381382942199707
V32P-A029768,1,0.7455539703369141
V32P-A029769,1,0.6781862378120422
V32P-A029804,0,0.3170677125453949
V32P-A029805,0,0.22671650350093842
V32P-A029817,0,0.39765962958335876
V32P-A029841,0,0.5402821898460388
V32P-A029865,1,0.202223002910614
V32P-A029930,0,0.494461327791214
V32P-A029931,0,0.26774734258651733
V32P-A029948,0,0.5472188591957092
V32P-A029949,0,0.3986152708530426
V32P-A029971,0,0.2615731656551361
V32P-A029972,0,0.4654991030693054
V32P-A029973,0,0.22164973616600037
V32P-A029977,0,0.3064148724079132
V32P-A029978,0,0.29661333560943604
V32P-A029979,0,0.17936119437217712
V32P-A029997,0,0.24998095631599426
V32P-A030020,0,0.43243715167045593
V32P-A030021,0,0.44991335272789
V32P-A030057,0,0.6705141067504883
V32P-A030062,0,0.3471120595932007
V32P-A030063,0,0.2854941785335541
V32P-A030099,0,0.34277239441871643
V32P-A030129,0,0.14951014518737793
V32P-A030135,0,0.46265122294425964
V32P-A030177,0,0.4793204069137573
V32P-A030187,0,0.5282065868377686
V32P-A030188,0,0.46492525935173035
V32P-A030189,0,0.3911997675895691
V32P-A030195,0,0.3709601163864136
V32P-A030207,0,0.43491896986961365
V32P-A030261,0,0.1803138107061386
V32P-A030308,0,0.2736574411392212
V32P-A030309,0,0.29304197430610657
V32P-A030313,0,0.2630944550037384
V32P-A030314,0,0.3475033938884735
V32P-A030315,0,0.21152499318122864
V32P-A030321,1,0.43455228209495544
V32P-A030337,0,0.6709805727005005
V32P-A030338,0,0.2596414387226105
V32P-A030339,0,0.30478352308273315
V32P-A030369,0,0.20635709166526794
V32P-A030392,0,0.19622351229190826
V32P-A030393,0,0.1511092633008957
V32P-A030397,0,0.2362326681613922
V32P-A030398,0,0.35903677344322205
V32P-A030399,0,0.3253270387649536
V32P-A030405,0,0.10722394287586212
V32P-A030459,0,0.3293074071407318
V32P-A030501,0,0.3090623915195465
V32P-A030507,0,0.30306851863861084
V32P-A030518,0,0.34842580556869507
V32P-A030519,0,0.22995750606060028
V32P-A030548,0,0.308283269405365
V32P-A030549,0,0.36608797311782837
V32P-A030567,0,0.22534893453121185
V32P-A030591,0,0.7239444851875305
V32P-A030596,0,0.3131254017353058
V32P-A030597,0,0.18320946395397186
V32P-A030638,1,0.332466185092926
V32P-A030639,0,0.005795563105493784
V32P-A030704,0,0.2523994743824005
V32P-A030705,0,0.18317919969558716
V32P-A030717,0,0.1352023184299469
V32P-A030734,0,0.34640833735466003
V32P-A030735,0,0.18129070103168488
V32P-A030740,1,0.23964053392410278
V32P-A030741,1,0.3251505494117737
V32P-A030765,0,0.29986652731895447
V32P-A030777,0,0.1314442902803421
V32P-A030813,1,0.36237725615501404
V32P-A030849,0,0.32200610637664795
V32P-A030879,0,0.343405157327652
V32P-A030903,0,0.13783316314220428
V32P-A030908,0,0.2479609102010727
V32P-A030909,0,0.22469086945056915
V32P-A030957,0,0.31497785449028015
V32P-A030963,0,0.3738346993923187
V32P-A031004,0,0.4573502540588379
V32P-A031005,0,0.6136965155601501
V32P-A031017,0,0.26087847352027893
V32P-A031040,0,0.31418466567993164
V32P-A031041,0,0.2713119387626648
V32P-A031047,0,0.4205435812473297
V32P-A031051,1,0.6124070882797241
V32P-A031052,1,0.6646280288696289
V32P-A031053,0,0.022030984982848167
V32P-A031071,0,0.2157134711742401
V32P-A031077,0,0.3482303321361542
V32P-A031081,0,0.47340044379234314
V32P-A031082,0,0.362962007522583
V32P-A031083,0,0.2751196324825287
V32P-A031118,0,0.24538545310497284
V32P-A031119,0,0.352268785238266
V32P-A031142,0,0.32128122448921204
V32P-A031143,0,0.5528779625892639
V32P-A031166,0,0.16563408076763153
V32P-A031167,0,0.10818476974964142
V32P-A031209,0,0.20633040368556976
V32P-A031221,0,0.31010422110557556
V32P-A031227,0,0.6919704675674438
V32P-A031238,0,0.19880756735801697
V32P-A031239,0,0.1580657809972763
V32P-A031244,0,0.5095025300979614
V32P-A031245,0,0.43355700373649597
V32P-A031250,0,0.2861729562282562
V32P-A031251,0,0.17838498950004578
V32P-A031268,1,0.41425764560699463
V32P-A031269,1,0.40361523628234863
V32P-A031274,0,0.5875015258789062
V32P-A031275,0,0.4316288232803345
V32P-A031280,1,0.3398159444332123
V32P-A031281,1,0.2985544502735138
V32P-A031299,0,0.1749792993068695
V32P-A031310,0,0.446430504322052
V32P-A031311,0,0.3905557692050934
V32P-A031323,0,0.4366495907306671
V32P-A031341,0,0.16090625524520874
V32P-A031353,1,0.249315544962883
V32P-A031389,0,0.41866597533226013
V32P-A031419,0,0.12702566385269165
V32P-A031431,0,0.3905821442604065
V32P-A031436,0,0.2327650636434555
V32P-A031437,0,0.21401497721672058
V32P-A031455,0,0.16674622893333435
V32P-A031485,0,0.29885730147361755
V32P-A031508,0,0.6842073798179626
V32P-A031509,0,0.5721963047981262
V32P-A031515,0,0.2407371997833252
V32P-A031568,0,0.49140453338623047
V32P-A031569,0,0.39876875281333923
V32P-A031574,0,0.2917723059654236
V32P-A031575,0,0.28465116024017334
V32P-A031592,0,0.12849049270153046
V32P-A031593,0,0.10631396621465683
V32P-A031599,0,0.3183704912662506
V32P-A031634,0,0.38173407316207886
V32P-A031635,0,0.21830002963542938
V32P-A031646,0,0.21845968067646027
V32P-A031647,0,0.2842031717300415
V32P-A031659,1,0.3412172198295593
V32P-A031676,0,0.39864474534988403
V32P-A031677,0,0.3649883270263672
V32P-A031719,0,0.34625551104545593
V32P-A031731,0,0.1981399804353714
V32P-A031736,0,0.24746190011501312
V32P-A031737,0,0.2258950173854828
V32P-A031755,0,0.1982329934835434
V32P-A031778,0,0.3443816006183624
V32P-A031779,0,0.32641902565956116
V32P-A031802,0,0.4738731384277344
V32P-A031803,0,0.32231390476226807
V32P-A031821,0,0.33605900406837463
V32P-A031844,0,0.25183814764022827
V32P-A031845,0,0.1522917002439499
V32P-A031851,0,0.18049968779087067
V32P-A031862,0,0.6441373229026794
V32P-A031863,0,0.522565484046936
V32P-A031881,0,0.3634335398674011
V32P-A031887,0,0.5144879221916199
V32P-A031923,0,0.23018603026866913
V32P-A031935,0,0.2537347078323364
V32P-A031964,0,0.38180485367774963
V32P-A031965,0,0.229549378156662
V32P-A031989,0,0.6959254741668701
V32P-A031994,0,0.5043534636497498
V32P-A031995,0,0.2972028851509094
V32P-A032006,0,0.32060861587524414
V32P-A032007,0,0.2986447215080261
V32P-A032030,0,0.24102304875850677
V32P-A032031,0,0.24244190752506256
V32P-A032085,0,0.13982826471328735
V32P-A032120,1,0.3546482026576996
V32P-A032121,1,0.18503327667713165
V32P-A032157,0,0.31367650628089905
V32P-A032180,0,0.4799850881099701
V32P-A032181,0,0.43495872616767883
V32P-A032203,0,0.2755250036716461
V32P-A032204,0,0.2683895528316498
V32P-A032205,0,0.2131759226322174
V32P-A032234,0,0.4036073088645935
V32P-A032235,0,0.35922327637672424
V32P-A032277,0,0.16215632855892181
V32P-A032283,0,0.3045578598976135
V32P-A032372,0,0.319675087928772
V32P-A032373,0,0.2706037759780884
V32P-A032402,0,0.24055087566375732
V32P-A032403,0,0.1883593052625656
V32P-A032409,0,0.4210250973701477
V32P-A032420,0,0.3497776985168457
V32P-A032421,0,0.22171835601329803
V32P-A032511,1,0.5550355911254883
V32P-A032517,0,0.2601032257080078
V32P-A032540,0,0.3627462089061737
V32P-A032541,0,0.3399650454521179
V32P-A032595,0,0.19267283380031586
V32P-A032612,0,0.5860491394996643
V32P-A032613,0,0.33732977509498596
V32P-A032625,0,0.47008660435676575
V32P-A032648,0,0.5637915134429932
V32P-A032649,0,0.45923686027526855
V32P-A032661,0,0.48296141624450684
V32P-A032840,0,0.3386074900627136
V32P-A032841,0,0.263897180557251
V32P-A032882,0,0.3376120626926422
V32P-A032883,0,0.40634140372276306
V32P-A032887,0,0.15020732581615448
V32P-A032888,0,0.28875619173049927
V32P-A032889,0,0.19675664603710175
V32P-A032900,0,0.15442559123039246
V32P-A032901,0,0.13727864623069763
V32P-A032907,0,0.31998211145401
V32P-A032972,0,0.3542279899120331
V32P-A032973,0,0.24929718673229218
V32P-A033039,0,0.14425842463970184
V32P-A033093,0,0.3084688186645508
V32P-A033104,1,0.4043828547000885
V32P-A033105,0,0.013135950081050396
V32P-A033129,0,0.18735113739967346
V32P-A033140,0,0.2795824110507965
V32P-A033141,0,0.19432921707630157
V32P-A033165,1,0.36239662766456604
V32P-A033219,0,0.2793290913105011
V32P-A033225,1,0.3363651633262634
V32P-A033237,0,0.35400983691215515
V32P-A033296,0,0.15576349198818207
V32P-A033297,0,0.15196779370307922
V32P-A033326,0,0.5363293886184692
V32P-A033327,0,0.4032846689224243
V32P-A033386,0,0.22274677455425262
V32P-A033387,0,0.1601688712835312
V32P-A033393,0,0.22468289732933044
V32P-A033399,0,0.40848711133003235
V32P-A033429,0,0.1895100325345993
V32P-A033453,1,0.4249541759490967
V32P-A033458,0,0.7886825203895569
V32P-A033459,0,0.6229692101478577
V32P-A033512,0,0.45897606015205383
V32P-A033513,0,0.5284309387207031
V32P-A033530,0,0.5074136257171631
V32P-A033531,0,0.5435569286346436
V32P-A033548,1,0.27304843068122864
V32P-A033549,1,0.22061747312545776
V32P-A033554,0,0.36400216817855835
V32P-A033555,0,0.3057519197463989
V32P-A033578,0,0.4890815317630768
V32P-A033579,0,0.4524454176425934
V32P-A033597,1,0.2941122055053711
V32P-A033638,0,0.3375549018383026
V32P-A033639,0,0.23307223618030548
V32P-A033692,0,0.22700922191143036
V32P-A033693,0,0.1978975534439087
V32P-A033715,0,0.30438923835754395
V32P-A033716,0,0.39360669255256653
V32P-A033717,0,0.2906630337238312
V32P-A033735,0,0.02521328441798687
V32P-A033758,0,0.5419511795043945
V32P-A033759,0,0.6109143495559692
V32P-A033765,1,0.7080386281013489
V32P-A033789,0,0.21812187135219574
V32P-A033794,0,0.5774820446968079
V32P-A033795,0,0.5143150091171265
V32P-A033830,1,0.44222304224967957
V32P-A033831,1,0.4768706262111664
V32P-A033843,0,0.18770016729831696
V32P-A033867,0,0.42982298135757446
V32P-A033921,0,0.28938379883766174
V32P-A033932,0,0.38272255659103394
V32P-A033933,0,0.3440517485141754
V32P-A033975,0,0.2544735074043274
V32P-A033985,0,0.15858976542949677
V32P-A033986,0,0.25551414489746094
V32P-A033987,0,0.12493401020765305
V32P-A034041,0,0.2252286970615387
V32P-A034071,0,0.24661777913570404
V32P-A034083,1,0.6756114363670349
V32P-A034130,0,0.24001137912273407
V32P-A034131,0,0.20460903644561768
V32P-A034161,0,0.4477621018886566
V32P-A034227,0,0.7129820585250854
V32P-A034244,0,0.39573124051094055
V32P-A034245,0,0.23269972205162048
V32P-A034251,0,0.6088153719902039
V32P-A034268,0,0.46898937225341797
V32P-A034269,0,0.32647648453712463
V32P-A034340,0,0.36674901843070984
V32P-A034341,0,0.25094589591026306
V32P-A034358,0,0.5759323835372925
V32P-A034359,0,0.4255964756011963
V32P-A034401,0,0.21857745945453644
V32P-A034407,0,0.4297567307949066
V32P-A034412,0,0.779538094997406
V32P-A034413,0,0.3603643476963043
V32P-A034431,1,0.35286542773246765
V32P-A034449,0,0.01422314066439867
V32P-A034460,0,0.3380237817764282
V32P-A034461,0,0.24794776737689972
V32P-A034467,0,0.2791067063808441
V32P-A034503,0,0.28445857763290405
V32P-A034527,0,0.3522554934024811
V32P-A034544,0,0.5300499200820923
V32P-A034545,0,0.6165122389793396
V32P-A034634,0,0.37512263655662537
V32P-A034635,0,0.23842260241508484
V32P-A034701,0,0.222130686044693
V32P-A034712,0,0.2690907120704651
V32P-A034713,0,0.26504239439964294
V32P-A034736,0,0.30489984154701233
V32P-A034737,0,0.3150324821472168
V32P-A034743,0,0.3149673044681549
V32P-A034790,0,0.2361280769109726
V32P-A034791,0,0.1832377165555954
V32P-A034797,0,0.23481661081314087
V32P-A034838,0,0.28375476598739624
V32P-A034839,0,0.23557782173156738
V32P-A034857,0,0.27009573578834534
V32P-A034863,0,0.2872646450996399
V32P-A034868,0,0.2787100076675415
V32P-A034869,0,0.30402716994285583
V32P-A034899,0,0.3048313558101654
V32P-A034904,0,0.47852855920791626
V32P-A034905,0,0.5289169549942017
V32P-A034939,0,0.1503872275352478
V32P-A034940,0,0.3372693657875061
V32P-A034941,0,0.2290400117635727
V32P-A034947,0,0.30553963780403137
V32P-A034965,0,0.2743318974971771
V32P-A034983,0,0.1674085110425949
V32P-A035018,0,0.2929549217224121
V32P-A035019,0,0.21171928942203522
V32P-A035025,0,0.23268479108810425
V32P-A035067,0,0.479788601398468
V32P-A035091,0,0.3751049041748047
V32P-A035114,0,0.7008762955665588
V32P-A035115,0,0.6212053894996643
V32P-A035144,0,0.6353428363800049
V32P-A035145,0,0.5332685708999634
V32P-A035157,0,0.6542692184448242
V32P-A035187,0,0.432504266500473
V32P-A035211,0,0.23488126695156097
V32P-A035217,0,0.39310869574546814
V32P-A035229,0,0.45767343044281006
V32P-A035275,0,0.6924894452095032
V32P-A035276,0,0.42214685678482056
V32P-A035277,0,0.36953502893447876
V32P-A035288,0,0.4551539719104767
V32P-A035289,0,0.5359083414077759
V32P-A035301,0,0.23653461039066315
V32P-A035307,0,0.36413004994392395
V32P-A035313,0,0.5217143893241882
V32P-A035349,0,0.17661568522453308
V32P-A035354,1,0.6211485862731934
V32P-A035355,1,0.5637462139129639
V32P-A035396,0,0.4454564154148102
V32P-A035397,0,0.4693080484867096
V32P-A035414,0,0.21864815056324005
V32P-A035415,0,0.20079883933067322
V32P-A035432,0,0.24025815725326538
V32P-A035433,0,0.2147921919822693
V32P-A035475,0,0.28028348088264465
V32P-A035509,1,0.797142744064331
V32P-A035510,1,0.5213297605514526
V32P-A035511,1,0.6140636205673218
V32P-A035516,0,0.3107430636882782
V32P-A035517,0,0.25270476937294006
V32P-A035559,0,0.4034747779369354
V32P-A035583,0,0.3406026363372803
V32P-A035600,0,0.24501308798789978
V32P-A035601,0,0.19004249572753906
V32P-A035613,0,0.3141062557697296
V32P-A035618,0,0.5358514785766602
V32P-A035619,0,0.47077107429504395
V32P-A035625,0,0.16584151983261108
V32P-A035637,0,0.23546232283115387
V32P-A035642,0,0.2212013453245163
V32P-A035643,0,0.21638035774230957
V32P-A035648,0,0.2021631896495819
V32P-A035649,0,0.19119404256343842
V32P-A035684,0,0.45734700560569763
V32P-A035685,0,0.7010729312896729
V32P-A035697,1,0.3754183351993561
V32P-A035702,0,0.3200107216835022
V32P-A035703,0,0.3070453405380249
V32P-A035709,0,0.49402305483818054
V32P-A035714,0,0.3261687457561493
V32P-A035715,0,0.23200881481170654
V32P-A035733,0,0.29818037152290344
V32P-A035756,0,0.43793436884880066
V32P-A035757,0,0.38583454489707947
V32P-A035775,0,0.23025159537792206
V32P-A035822,0,0.5985026955604553
V32P-A035823,0,0.32456493377685547
V32P-A035870,0,0.3043367564678192
V32P-A035871,0,0.2612190544605255
V32P-A035877,0,0.219713494181633
V32P-A035913,0,0.5592814683914185
V32P-A035918,0,0.17260922491550446
V32P-A035919,0,0.14248643815517426
V32P-A035924,1,0.2692563235759735
V32P-A035925,1,0.21150317788124084
V32P-A035942,0,0.19220520555973053
V32P-A035943,0,0.12777870893478394
V32P-A035953,0,0.5759686827659607
V32P-A035954,0,0.4401322901248932
V32P-A035955,0,0.380805104970932
V32P-A035967,0,0.12822948396205902
V32P-A036026,1,0.3250123858451843
V32P-A036027,1,0.4991200566291809
V32P-A036080,0,0.35539552569389343
V32P-A036081,0,0.4990469515323639
V32P-A036104,0,0.14719174802303314
V32P-A036105,0,0.1364021748304367
V32P-A036117,1,0.4000930190086365
V32P-A036128,0,0.5755085349082947
V32P-A036129,0,0.5648118257522583
V32P-A036146,0,0.5116317868232727
V32P-A036147,0,0.35111209750175476
V32P-A036195,0,0.38846638798713684
V32P-A036213,0,0.21984362602233887
V32P-A036230,0,0.2306424081325531
V32P-A036231,0,0.20324580371379852
V32P-A036248,0,0.3098287582397461
V32P-A036249,0,0.1813468337059021
V32P-A036284,0,0.2284063696861267
V32P-A036285,0,0.24674628674983978
V32P-A036320,0,0.26972588896751404
V32P-A036321,0,0.1625538021326065
V32P-A036351,0,0.3423149287700653
V32P-A036374,0,0.5070366859436035
V32P-A036375,0,0.3984169661998749
V32P-A036380,0,0.34207144379615784
V32P-A036381,0,0.3260282576084137
V32P-A036387,0,0.01797560229897499
V32P-A036405,1,0.17912720143795013
V32P-A036434,0,0.3714650869369507
V32P-A036435,0,0.3002799451351166
V32P-A036452,0,0.47924941778182983
V32P-A036453,0,0.2347053438425064
V32P-A036458,0,0.3523327112197876
V32P-A036459,0,0.32981255650520325
V32P-A036476,0,0.1033424511551857
V32P-A036477,0,0.16734202206134796
V32P-A036489,0,0.3379300832748413
V32P-A036536,0,0.5123991966247559
V32P-A036537,0,0.4061061143875122
V32P-A036567,0,0.24581025540828705
V32P-A036633,0,0.2709375023841858
V32P-A036657,0,0.39671555161476135
V32P-A036681,0,0.35535338521003723
V32P-A036728,0,0.6850913166999817
V32P-A036729,0,0.5114494562149048
V32P-A036758,1,0.4582894742488861
V32P-A036759,1,0.30182743072509766
V32P-A036777,1,0.5723898410797119
V32P-A036789,0,0.11147577315568924
V32P-A036854,0,0.3683374226093292
V32P-A036855,0,0.21807318925857544
V32P-A036861,0,0.6452873945236206
V32P-A036878,0,0.3961952328681946
V32P-A036879,0,0.3774353861808777
V32P-A036884,0,0.48012757301330566
V32P-A036885,0,0.29499971866607666
V32P-A036908,0,0.431149959564209
V32P-A036909,0,0.4439624845981598
V32P-A036933,0,0.18566490709781647
V32P-A036981,0,0.20795829594135284
V32P-A036992,0,0.3814017176628113
V32P-A036993,0,0.3622515797615051
V32P-A036998,0,0.21473343670368195
V32P-A036999,0,0.11815657466650009
V32P-A037047,0,0.3586415946483612
V32P-A037065,0,0.16111285984516144
V32P-A037076,0,0.32630807161331177
V32P-A037077,0,0.1587485522031784
V32P-A037106,0,0.7157061100006104
V32P-A037107,0,0.5727147459983826
V32P-A037143,0,0.2504393458366394
V32P-A037154,0,0.5386450886726379
V32P-A037155,0,0.4766763746738434
V32P-A037215,0,0.22573637962341309
V32P-A037221,0,0.4070381224155426
V32P-A037251,0,0.2869419455528259
V32P-A037269,0,0.19932793080806732
V32P-A037280,0,0.20170924067497253
V32P-A037281,0,0.20870524644851685
V32P-A037287,0,0.19770410656929016
V32P-A037317,0,0.014149634167551994
V32P-A037346,0,0.5786544680595398
V32P-A037347,0,0.5354416370391846
V32P-A037353,0,0.2050960212945938
V32P-A037388,0,0.4837600886821747
V32P-A037389,0,0.38384565711021423
V32P-A037423,0,0.45236697793006897
V32P-A037424,0,0.43713879585266113
V32P-A037425,0,0.21536625921726227
V32P-A037448,0,0.2664826810359955
V32P-A037449,0,0.23770900070667267
V32P-A037455,0,0.5941226482391357
V32P-A037459,0,0.6749657392501831
V32P-A037460,0,0.6897072196006775
V32P-A037461,0,0.5942176580429077
V32P-A037533,0,0.33721134066581726
V32P-A037538,0,0.2759779393672943
V32P-A037539,0,0.17731741070747375
V32P-A037545,0,0.12190505117177963
V32P-A037611,0,0.3677338659763336
V32P-A037628,0,0.38167089223861694
V32P-A037629,0,0.30185309052467346
V32P-A037641,0,0.2320343554019928
V32P-A037646,0,0.767703652381897
V32P-A037647,0,0.7106525301933289
V32P-A037670,1,0.37762725353240967
V32P-A037671,1,0.35651299357414246
V32P-A037676,0,0.5658267736434937
V32P-A037677,0,0.5728552341461182
V32P-A037683,0,0.32311689853668213
V32P-A037689,0,0.17744866013526917
V32P-A037778,0,0.682100236415863
V32P-A037779,0,0.510875403881073
V32P-A037797,1,0.44932645559310913
V32P-A037808,0,0.24008269608020782
V32P-A037809,0,0.2512224614620209
V32P-A037833,0,0.21556280553340912
V32P-A037863,1,0.18787793815135956
V32P-A037880,0,0.5010413527488708
V32P-A037881,0,0.24294698238372803
V32P-A037927,1,0.6874570250511169
V32P-A037928,1,0.5567216873168945
V32P-A037929,0,0.010046491399407387
V32P-A037941,0,0.003375043161213398
V32P-A037959,0,0.444885790348053
V32P-A037976,0,0.2342538684606552
V32P-A037977,0,0.2878561019897461
V32P-A037983,1,0.34928613901138306
V32P-A038007,1,0.2596248686313629
V32P-A038025,1,0.3552588224411011
V32P-A038055,0,0.25265684723854065
V32P-A038060,0,0.3038032054901123
V32P-A038061,0,0.3269994258880615
V32P-A038065,0,0.3107440769672394
V32P-A038066,0,0.3595826029777527
V32P-A038067,0,0.2136232852935791
V32P-A038108,0,0.47894394397735596
V32P-A038109,0,0.34155741333961487
V32P-A038114,0,0.22741170227527618
V32P-A038115,0,0.19397887587547302
V32P-A038120,0,0.6308351159095764
V32P-A038121,0,0.554196834564209
V32P-A038174,1,0.5535923838615417
V32P-A038175,1,0.29954662919044495
V32P-A038228,1,0.2219775915145874
V32P-A038229,0,0.0032550678588449955
V32P-A038241,0,0.35625794529914856
V32P-A038337,0,0.3037666082382202
V32P-A038343,0,0.1997384876012802
V32P-A038385,0,0.2933337986469269
V32P-A038390,0,0.21721521019935608
V32P-A038391,0,0.17941683530807495
V32P-A038415,0,0.161335289478302
V32P-A038451,0,0.3801354765892029
V32P-A038462,0,0.665376603603363
V32P-A038463,0,0.4940032362937927
V32P-A038468,0,0.17501984536647797
V32P-A038469,0,0.13336516916751862
V32P-A038480,0,0.2979600131511688
V32P-A038481,0,0.27167659997940063
V32P-A038493,1,0.6133823990821838
V32P-A038517,0,0.2508789896965027
V32P-A038534,0,0.1831725537776947
V32P-A038535,0,0.14305788278579712
V32P-A038540,0,0.23015005886554718
V32P-A038541,0,0.25467485189437866
V32P-A038553,1,0.4732036292552948
V32P-A038571,0,0.4881102442741394
V32P-A038575,0,0.2595572769641876
V32P-A038576,0,0.3654363453388214
V32P-A038577,0,0.28706279397010803
V32P-A038613,1,0.3647552728652954
V32P-A038618,0,0.5203854441642761
V32P-A038619,0,0.5579689145088196
V32P-A038679,1,0.5526238083839417
V32P-A038731,0,0.26856955885887146
V32P-A038732,0,0.38077327609062195
V32P-A038733,0,0.2607400715351105
V32P-A038743,0,0.15840290486812592
V32P-A038744,0,0.3297758400440216
V32P-A038745,0,0.18124163150787354
V32P-A038762,0,0.3159472346305847
V32P-A038763,0,0.3961278796195984
V32P-A038787,0,0.20986929535865784
V32P-A038816,0,0.1448793262243271
V32P-A038817,0,0.1634588986635208
V32P-A038834,0,0.5397433638572693
V32P-A038835,0,0.5207957029342651
V32P-A038846,0,0.3373808264732361
V32P-A038847,0,0.25039422512054443
V32P-A038871,0,0.19732388854026794
V32P-A038894,0,0.6296778321266174
V32P-A038895,0,0.47152280807495117
V32P-A038937,0,0.24127379059791565
V32P-A038972,1,0.6390536427497864
V32P-A038973,0,0.005848965607583523
V32P-A038978,0,0.27246609330177307
V32P-A038979,0,0.20940785109996796
V32P-A039020,0,0.3030955195426941
V32P-A039021,0,0.18654890358448029
V32P-A039027,0,0.5658295750617981
V32P-A039044,1,0.5246457457542419
V32P-A039045,0,0.005059631075710058
V32P-A039081,0,0.3733118176460266
V32P-A039086,0,0.44443216919898987
V32P-A039087,0,0.23337911069393158
V32P-A039111,0,0.11483050882816315
V32P-A039116,0,0.23681017756462097
V32P-A039117,0,0.2023376077413559
V32P-A039140,0,0.29430267214775085
V32P-A039141,0,0.2399533987045288
V32P-A039157,1,0.5472669005393982
V32P-A039158,1,0.6162356734275818
V32P-A039159,1,0.5294749736785889
V32P-A039165,0,0.29214778542518616
V32P-A039171,0,0.2609141170978546
V32P-A039189,0,0.2734437584877014
V32P-A039213,0,0.5554614663124084
V32P-A039225,0,0.3650815486907959
V32P-A039249,0,0.1442522406578064
V32P-A039254,0,0.6971005797386169
V32P-A039255,0,0.49524450302124023
V32P-A039266,0,0.4982541799545288
V32P-A039267,0,0.4654155373573303
V32P-A039278,0,0.5939653515815735
V32P-A039279,0,0.32525432109832764
V32P-A039285,0,0.1769336760044098
V32P-A039289,0,0.14896711707115173
V32P-A039290,0,0.3306117057800293
V32P-A039291,0,0.22646407783031464
V32P-A039308,1,0.4385228157043457
V32P-A039309,1,0.364493191242218
V32P-A039350,0,0.4217120110988617
V32P-A039351,0,0.33128368854522705
V32P-A039362,0,0.41033491492271423
V32P-A039363,0,0.36475056409835815
V32P-A039447,0,0.3231666684150696
V32P-A039482,0,0.2815195918083191
V32P-A039483,0,0.27890342473983765
V32P-A039506,0,0.5471603870391846
V32P-A039507,0,0.392738401889801
V32P-A039549,0,0.4190887212753296
V32P-A039560,0,0.22663375735282898
V32P-A039561,0,0.1826269030570984
V32P-A039572,0,0.4115554690361023
V32P-A039573,0,0.3140636384487152
V32P-A039595,0,0.343122273683548
V32P-A039596,0,0.20486824214458466
V32P-A039597,0,0.17467232048511505
V32P-A039615,0,0.29012101888656616
V32P-A039632,0,0.4468722641468048
V32P-A039633,0,0.41043922305107117
V32P-A039674,1,0.2675323188304901
V32P-A039675,1,0.20119592547416687
V32P-A039699,0,0.3103635013103485
V32P-A039721,0,0.4535810053348541
V32P-A039722,0,0.4884139597415924
V32P-A039723,0,0.5801964402198792
V32P-A039735,0,0.2680872678756714
V32P-A039747,0,0.5936630368232727
V32P-A039759,0,0.29322412610054016
V32P-A039783,0,0.12491580098867416
V32P-A039806,0,0.4366646707057953
V32P-A039807,0,0.45241016149520874
V32P-A039848,0,0.13096323609352112
V32P-A039849,0,0.09209982305765152
V32P-A039867,0,0.1770458221435547
V32P-A039885,0,0.35831311345100403
V32P-A039890,0,0.2355104684829712
V32P-A039891,0,0.22116811573505402
V32P-A039915,0,0.5359145998954773
V32P-A039920,0,0.4117885231971741
V32P-A039921,0,0.23866038024425507
V32P-A039945,0,0.5087600946426392
V32P-A039950,0,0.5671719908714294
V32P-A039951,0,0.35903167724609375
V32P-A039980,0,0.218275249004364
V32P-A039981,0,0.1775798350572586
V32P-A039985,0,0.16941680014133453
V32P-A039986,0,0.1662675440311432
V32P-A039987,0,0.1689496636390686
V32P-A039992,0,0.4474690556526184
V32P-A039993,0,0.2141302227973938
V32P-A040035,0,0.21046262979507446
V32P-A040040,0,0.754345178604126
V32P-A040041,0,0.6826765537261963
V32P-A040076,0,0.24474653601646423
V32P-A040077,0,0.38568592071533203
V32P-A040106,0,0.7863817811012268
V32P-A040107,0,0.3607507348060608
V32P-A040112,0,0.21879792213439941
V32P-A040113,0,0.2112732231616974
V32P-A040178,0,0.2949615716934204
V32P-A040179,0,0.27555006742477417
V32P-A040202,0,0.5130438804626465
V32P-A040203,0,0.4006587564945221
V32P-A040208,0,0.6180027723312378
V32P-A040209,0,0.42833274602890015
V32P-A040275,0,0.16154178977012634
V32P-A040280,0,0.21340937912464142
V32P-A040281,0,0.14467859268188477
V32P-A040328,0,0.314933180809021
V32P-A040329,0,0.23959943652153015
V32P-A040369,0,0.2116769403219223
V32P-A040370,0,0.32396402955055237
V32P-A040371,0,0.35602879524230957
V32P-A040383,0,0.19990897178649902
V32P-A040395,0,0.0055953823029994965
V32P-A040419,0,0.127166286110878
V32P-A040431,0,0.17080990970134735
V32P-A040443,0,0.1403704583644867
V32P-A040466,0,0.44063711166381836
V32P-A040467,0,0.7699535489082336
V32P-A040533,0,0.35334861278533936
V32P-A040539,0,0.36099210381507874
V32P-A040544,0,0.22432400286197662
V32P-A040545,0,0.17663511633872986
V32P-A040562,0,0.3045026361942291
V32P-A040563,0,0.26365628838539124
V32P-A040575,0,0.24485498666763306
V32P-A040621,0,0.5137807130813599
V32P-A040622,0,0.5918900370597839
V32P-A040623,0,0.3464834690093994
V32P-A040671,0,0.4008707106113434
V32P-A040724,0,0.2334369271993637
V32P-A040725,0,0.2796034812927246
V32P-A040778,0,0.43804413080215454
V32P-A040779,0,0.3728671073913574
V32P-A040808,0,0.23969919979572296
V32P-A040809,0,0.1941477209329605
V32P-A040833,0,0.4319896399974823
V32P-A040845,0,0.356306791305542
V32P-A040899,0,0.2037578970193863
V32P-A040929,0,0.34618356823921204
V32P-A040934,0,0.20654480159282684
V32P-A040935,0,0.16836604475975037
V32P-A040940,0,0.2968829870223999
V32P-A040941,0,0.21757718920707703
V32P-A040958,0,0.2799113094806671
V32P-A040959,0,0.27096879482269287
V32P-A040981,0,0.30819419026374817
V32P-A040982,0,0.35242265462875366
V32P-A040983,0,0.29147812724113464
V32P-A041018,1,0.280599445104599
V32P-A041019,0,0.00694907084107399
V32P-A041030,0,0.42709311842918396
V32P-A041031,0,0.24669496715068817
V32P-A041115,0,0.3176836669445038
V32P-A041131,0,0.22495372593402863
V32P-A041132,0,0.2791312336921692
V32P-A041133,0,0.22645169496536255
V32P-A041186,0,0.17644226551055908
V32P-A041187,0,0.17202289402484894
V32P-A041198,1,0.5307551622390747
V32P-A041199,1,0.4442340135574341
V32P-A041211,0,0.1146545559167862
V32P-A041216,0,0.3174486458301544
V32P-A041217,0,0.24922099709510803
V32P-A041257,0,0.45156148076057434
V32P-A041258,0,0.47451406717300415
V32P-A041259,0,0.35263296961784363
V32P-A041282,0,0.3272280991077423
V32P-A041283,0,0.344060480594635
V32P-A041307,1,0.1625107377767563
V32P-A041355,0,0.2628171443939209
V32P-A041360,0,0.1758822500705719
V32P-A041361,0,0.2290460765361786
V32P-A041367,0,0.2569745182991028
V32P-A041372,0,0.26789161562919617
V32P-A041373,0,0.1984579712152481
V32P-A041379,0,0.33510565757751465
V32P-A041390,0,0.15538138151168823
V32P-A041391,0,0.16456878185272217
V32P-A041396,0,0.3551226854324341
V32P-A041397,0,0.2575172781944275
V32P-A041433,0,0.2394132763147354
V32P-A041439,0,0.3794609308242798
V32P-A041451,0,0.18396802246570587
V32P-A041505,0,0.2698746621608734
V32P-A041528,0,0.37732475996017456
V32P-A041529,0,0.22902797162532806
V32P-A041535,0,0.2470448613166809
V32P-A041539,0,0.45422622561454773
V32P-A041540,0,0.5619235038757324
V32P-A041541,0,0.4282292127609253
V32P-A041552,0,0.42120981216430664
V32P-A041553,0,0.285896360874176
V32P-A041559,0,0.3096020817756653
V32P-A041571,0,0.2916896343231201
V32P-A041624,0,0.16082341969013214
V32P-A041625,0,0.15710562467575073
V32P-A041631,0,0.3241278827190399
V32P-A041648,0,0.2550050914287567
V32P-A041649,0,0.22781816124916077
V32P-A041739,0,0.6566285490989685
V32P-A041756,1,0.4687897861003876
V32P-A041757,1,0.2508792281150818
V32P-A041828,0,0.7145729660987854
V32P-A041829,0,0.6109155416488647
V32P-A041835,0,0.5215420126914978
V32P-A041839,0,0.12177710980176926
V32P-A041840,0,0.12511950731277466
V32P-A041841,0,0.12234041839838028
V32P-A041871,0,0.20952118933200836
V32P-A041881,0,0.22172433137893677
V32P-A041882,0,0.35268375277519226
V32P-A041883,0,0.32375890016555786
V32P-A041894,1,0.3722655773162842
V32P-A041895,1,0.2929087281227112
V32P-A041900,0,0.2874477505683899
V32P-A041901,0,0.1845134049654007
V32P-A041924,0,0.612069845199585
V32P-A041925,0,0.5069393515586853
V32P-A041948,1,0.39408209919929504
V32P-A041949,1,0.5932130813598633
V32P-A041967,0,0.18413634598255157
V32P-A041985,1,0.49082449078559875
V32P-A042002,0,0.38100194931030273
V32P-A042003,0,0.2814325988292694
V32P-A042025,0,0.1176246851682663
V32P-A042026,0,0.2005830705165863
V32P-A042027,0,0.25297653675079346
V32P-A042039,0,0.15879857540130615
V32P-A042067,0,0.4407621920108795
V32P-A042068,0,0.4465140998363495
V32P-A042069,0,0.34856200218200684
V32P-A042074,0,0.2316492348909378
V32P-A042075,0,0.15642334520816803
V32P-A042093,0,0.42496538162231445
V32P-A042127,0,0.6887286305427551
V32P-A042128,0,0.6376718878746033
V32P-A042129,0,0.4948914349079132
V32P-A042165,0,0.30224695801734924
V32P-A042183,0,0.5344301462173462
V32P-A042195,0,0.18956258893013
V32P-A042212,0,0.20008312165737152
V32P-A042213,0,0.16983574628829956
V32P-A042219,0,0.47278472781181335
V32P-A042231,0,0.15163742005825043
V32P-A042237,0,0.5024420022964478
V32P-A042260,0,0.43238919973373413
V32P-A042261,0,0.3490443229675293
V32P-A042272,0,0.20723843574523926
V32P-A042273,0,0.14365611970424652
V32P-A042278,0,0.1686132401227951
V32P-A042279,0,0.24639950692653656
V32P-A042285,1,0.2724563479423523
V32P-A042308,0,0.5425575375556946
V32P-A042309,0,0.7415964007377625
V32P-A042320,1,0.23942328989505768
V32P-A042321,1,0.17226232588291168
V32P-A042345,0,0.3921011686325073
V32P-A042350,0,0.5735743641853333
V32P-A042351,0,0.3468436300754547
V32P-A042362,0,0.22299903631210327
V32P-A042363,0,0.25332215428352356
V32P-A042374,0,0.31189948320388794
V32P-A042375,0,0.23855578899383545
V32P-A042381,0,0.32611021399497986
V32P-A042387,0,0.5981671810150146
V32P-A042453,0,0.3789677023887634
V32P-A042493,0,0.1748802810907364
V32P-A042494,0,0.24083760380744934
V32P-A042495,0,0.20412394404411316
V32P-A042505,0,0.5626697540283203
V32P-A042506,0,0.6751785278320312
V32P-A042507,0,0.3276282250881195
V32P-A042513,0,0.12729114294052124
V32P-A042518,1,0.3146405518054962
V32P-A042519,1,0.2297508865594864
V32P-A042543,0,0.09355779737234116
V32P-A042553,0,0.3150506615638733
V32P-A042554,0,0.3094986081123352
V32P-A042555,0,0.3192119002342224
V32P-A042561,0,0.46003565192222595
V32P-A042602,0,0.4821997284889221
V32P-A042603,0,0.4956691861152649
V32P-A042609,0,0.5882336497306824
V32P-A042619,0,0.2471155822277069
V32P-A042620,0,0.37144148349761963
V32P-A042621,0,0.3925587236881256
V32P-A042633,0,0.43790966272354126
V32P-A042639,0,0.11261636763811111
V32P-A042663,0,0.3200026750564575
V32P-A042675,0,0.27831193804740906
V32P-A042771,0,0.3419577181339264
V32P-A042829,0,0.1906050741672516
V32P-A042830,0,0.24047312140464783
V32P-A042831,0,0.21370677649974823
V32P-A042848,0,0.34667423367500305
V32P-A042849,0,0.251969575881958
V32P-A042855,0,0.18953382968902588
V32P-A042879,0,0.4641810357570648
V32P-A042897,0,0.16435329616069794
V32P-A042908,0,0.20192624628543854
V32P-A042909,0,0.20813648402690887
V32P-A042933,0,0.19509249925613403
V32P-A042939,0,0.3828463852405548
V32P-A042962,0,0.22416627407073975
V32P-A042963,0,0.22699038684368134
V32P-A042981,0,0.3009790778160095
V32P-A042987,0,0.38976168632507324
V32P-A043004,0,0.3871347904205322
V32P-A043005,0,0.30158957839012146
V32P-A043016,0,0.1270022988319397
V32P-A043017,0,0.14262105524539948
V32P-A043023,1,0.3023054301738739
V32P-A043029,0,0.47022318840026855
V32P-A043034,0,0.6967922449111938
V32P-A043035,0,0.8356622457504272
V32P-A043059,0,0.46241793036460876
V32P-A043065,0,0.7117847204208374
V32P-A043077,1,0.31993597745895386
V32P-A043089,1,0.26086944341659546
V32P-A043094,0,0.27019819617271423
V32P-A043095,0,0.20396274328231812
V32P-A043137,0,0.3011537492275238
V32P-A043141,0,0.3621028661727905
V32P-A043142,0,0.1987476348876953
V32P-A043143,0,0.18955092132091522
V32P-A043153,0,0.32172149419784546
V32P-A043154,0,0.3375495672225952
V32P-A043155,0,0.29364654421806335
V32P-A043203,0,0.2036323994398117
V32P-A043214,0,0.37344467639923096
V32P-A043215,0,0.32990092039108276
V32P-A043219,0,0.5511816143989563
V32P-A043220,0,0.20774078369140625
V32P-A043221,0,0.31545504927635193
V32P-A043233,0,0.20514999330043793
V32P-A043239,0,0.4194328784942627
V32P-A043315,1,0.4087485373020172
V32P-A043316,1,0.36953428387641907
V32P-A043317,1,0.31001314520835876
V32P-A043323,0,0.15583209693431854
V32P-A043329,0,0.11052096635103226
V32P-A043395,0,0.5514061450958252
V32P-A043400,0,0.21429404616355896
V32P-A043401,0,0.21284219622612
V32P-A043413,0,0.2172127068042755
V32P-A043425,0,0.31985509395599365
V32P-A043455,0,0.7488822937011719
V32P-A043467,0,0.17532050609588623
V32P-A043580,0,0.48082542419433594
V32P-A043581,0,0.3490486443042755
V32P-A043592,0,0.13878773152828217
V32P-A043593,0,0.14192453026771545
V32P-A043604,0,0.6083168387413025
V32P-A043605,0,0.32300516963005066
V32P-A043623,1,0.2946232557296753
V32P-A043628,0,0.4232530891895294
V32P-A043629,0,0.4695853888988495
V32P-A043635,0,0.10423541069030762
V32P-A043653,0,0.35049867630004883
V32P-A043665,0,0.33190450072288513
V32P-A043671,0,0.3439275026321411
V32P-A043683,0,0.1634199470281601
V32P-A043688,0,0.3663804233074188
V32P-A043689,0,0.26984548568725586
V32P-A043706,1,0.1586417704820633
V32P-A043707,1,0.259667307138443
V32P-A043730,1,0.6001311540603638
V32P-A043731,1,0.4749301075935364
V32P-A043737,0,0.37110626697540283
V32P-A043749,0,0.5601264834403992
V32P-A043790,0,0.27501094341278076
V32P-A043791,0,0.19536149501800537
V32P-A043807,0,0.7036446928977966
V32P-A043808,0,0.5984671115875244
V32P-A043809,0,0.5107656121253967
V32P-A043832,0,0.5081934332847595
V32P-A043833,0,0.4984529912471771
V32P-A043844,0,0.46852603554725647
V32P-A043845,0,0.3184172511100769
V32P-A043886,0,0.6699865460395813
V32P-A043887,0,0.6533171534538269
V32P-A043928,0,0.35216787457466125
V32P-A043929,0,0.3177419900894165
V32P-A043977,0,0.3488503396511078
V32P-A044001,0,0.4951333701610565
V32P-A044018,0,0.12674927711486816
V32P-A044019,0,0.16993042826652527
V32P-A044024,0,0.4350603222846985
V32P-A044025,0,0.4199967086315155
V32P-A044043,0,0.4308696389198303
V32P-A044049,0,0.23224882781505585
V32P-A044061,0,0.35067784786224365
V32P-A044091,0,0.008710297755897045
V32P-A044108,0,0.2761046290397644
V32P-A044109,0,0.29120245575904846
V32P-A044120,0,0.3577437698841095
V32P-A044121,0,0.34072810411453247
V32P-A044132,0,0.4400585889816284
V32P-A044133,0,0.3888082802295685
V32P-A044157,0,0.1590208262205124
V32P-A044180,0,0.30222493410110474
V32P-A044181,0,0.35363835096359253
V32P-A044203,0,0.3387496769428253
V32P-A044204,0,0.24927599728107452
V32P-A044205,0,0.18457934260368347
V32P-A044215,0,0.2971929907798767
V32P-A044216,0,0.3499164879322052
V32P-A044217,0,0.32581406831741333
V32P-A044288,0,0.5543516874313354
V32P-A044289,0,0.6614750027656555
V32P-A044295,0,0.11667361110448837
V32P-A044301,0,0.24824000895023346
V32P-A044319,1,0.22629883885383606
V32P-A044355,0,0.43291789293289185
V32P-A044378,0,0.2640352249145508
V32P-A044379,0,0.47145113348960876
V32P-A044421,0,0.218800887465477
V32P-A044427,0,0.03386540338397026
V32P-A044433,0,0.19630005955696106
V32P-A044498,0,0.573908269405365
V32P-A044499,0,0.4991193115711212
V32P-A044504,0,0.3890361189842224
V32P-A044505,0,0.3771166503429413
V32P-A044517,0,0.3241957426071167
V32P-A044535,0,0.22930312156677246
V32P-A044541,0,0.2307415008544922
V32P-A044547,0,0.2021116465330124
V32P-A044553,0,0.33866581320762634
V32P-A044583,1,0.1291857212781906
V32P-A044601,0,0.014425490982830524
V32P-A044606,1,0.44405290484428406
V32P-A044607,1,0.37351447343826294
V32P-A044625,0,0.28763341903686523
V32P-A044637,0,0.14427652955055237
V32P-A044655,0,0.4108286499977112
V32P-A044691,0,0.13817885518074036
V32P-A044721,0,0.15638810396194458
V32P-A044745,0,0.380297988653183
V32P-A044781,0,0.2802067697048187
V32P-A044822,0,0.1827298104763031
V32P-A044823,0,0.17902661859989166
V32P-A044841,0,0.1826474666595459
V32P-A044846,0,0.4080699384212494
V32P-A044847,0,0.34115713834762573
V32P-A044870,0,0.26586657762527466
V32P-A044871,0,0.17774739861488342
V32P-A044876,0,0.3037337362766266
V32P-A044877,0,0.35082337260246277
V32P-A044889,0,0.4285314381122589
V32P-A044906,1,0.21307852864265442
V32P-A044907,1,0.22394388914108276
V32P-A044930,0,0.2626307010650635
V32P-A044931,0,0.10796143114566803
V32P-A044954,0,0.5774738192558289
V32P-A044955,0,0.30274519324302673
V32P-A044972,0,0.2433180809020996
V32P-A044973,0,0.13061463832855225
V32P-A044984,0,0.4987112879753113
V32P-A044985,0,0.3568262457847595
V32P-A045002,0,0.570172905921936
V32P-A045003,0,0.5030367374420166
V32P-A045020,0,0.4770323932170868
V32P-A045021,0,0.508162796497345
V32P-A045063,0,0.3165864646434784
V32P-A045104,1,0.6637886166572571
V32P-A045105,1,0.4862489104270935
V32P-A045110,0,0.344590425491333
V32P-A045111,0,0.2841747999191284
V32P-A045141,0,0.2286328673362732
V32P-A045169,0,0.761338472366333
V32P-A045170,0,0.460155189037323
V32P-A045171,0,0.3828146159648895
V32P-A045189,0,0.2644669711589813
V32P-A045230,0,0.3249051570892334
V32P-A045231,0,0.3133673369884491
V32P-A045236,0,0.4910644292831421
V32P-A045237,0,0.26756834983825684
V32P-A045243,0,0.21038290858268738
V32P-A045278,0,0.3991841673851013
V32P-A045279,0,0.3207610249519348
V32P-A045308,0,0.5164996981620789
V32P-A045309,0,0.47467532753944397
V32P-A045356,1,0.5503371953964233
V32P-A045357,1,0.7524954080581665
V32P-A045374,0,0.2624174654483795
V32P-A045375,0,0.31264540553092957
V32P-A045380,0,0.6257449388504028
V32P-A045381,0,0.44853654503822327
V32P-A045385,0,0.3148476779460907
V32P-A045386,0,0.5010052919387817
V32P-A045387,0,0.3673175275325775
V32P-A045411,0,0.7583052515983582
V32P-A045417,1,0.5428726077079773
V32P-A045489,0,0.27581077814102173
V32P-A045495,0,0.38635069131851196
V32P-A045543,0,0.3311850428581238
V32P-A045560,0,0.3687816858291626
V32P-A045561,0,0.3191615641117096
V32P-A045602,0,0.19578397274017334
V32P-A045603,0,0.16580207645893097
V32P-A045644,0,0.3995707035064697
V32P-A045645,0,0.33131977915763855
V32P-A045650,0,0.5712266564369202
V32P-A045651,0,0.4378504455089569
V32P-A045657,0,0.21757957339286804
V32P-A045662,0,0.16376309096813202
V32P-A045663,0,0.1253703534603119
V32P-A045669,0,0.15077190101146698
V32P-A045705,1,0.3493724465370178
V32P-A045747,0,0.2890569865703583
V32P-A045758,0,0.2731465995311737
V32P-A045759,0,0.23887905478477478
V32P-A045776,0,0.22430549561977386
V32P-A045777,0,0.1992894858121872
V32P-A045806,0,0.47028759121894836
V32P-A045807,0,0.6242680549621582
V32P-A045831,0,0.3814741373062134
V32P-A045938,1,0.39989525079727173
V32P-A045939,1,0.390598326921463
V32P-A045999,0,0.40839818120002747
V32P-A046005,1,0.32393139600753784
V32P-A046034,0,0.28098782896995544
V32P-A046035,0,0.21213817596435547
V32P-A046064,0,0.23653101921081543
V32P-A046065,0,0.3103208839893341
V32P-A046099,0,0.24557922780513763
V32P-A046100,0,0.3531052768230438
V32P-A046101,0,0.18850131332874298
V32P-A046131,0,0.2603026032447815
V32P-A046154,0,0.4167402386665344
V32P-A046155,0,0.3292046785354614
V32P-A046184,0,0.3025696575641632
V32P-A046185,0,0.3613647520542145
V32P-A046202,0,0.44057101011276245
V32P-A046203,0,0.366204172372818
V32P-A046221,0,0.3430015444755554
V32P-A046227,0,0.4017312526702881
V32P-A046233,0,0.3675902783870697
V32P-A046262,0,0.25660234689712524
V32P-A046263,0,0.21258476376533508
V32P-A046298,0,0.3719528913497925
V32P-A046299,0,0.3118131160736084
V32P-A046317,0,0.460836261510849
V32P-A046329,1,0.27380359172821045
V32P-A046357,0,0.4187361001968384
V32P-A046358,0,0.31815090775489807
V32P-A046359,0,0.20608700811862946
V32P-A046370,0,0.21320347487926483
V32P-A046371,0,0.22601200640201569
V32P-A046496,0,0.34289515018463135
V32P-A046497,0,0.2215651571750641
V32P-A046573,0,0.6124140024185181
V32P-A046574,0,0.4880104959011078
V32P-A046575,0,0.3905760943889618
V32P-A046581,0,0.3889928460121155
V32P-A046593,0,0.3603179156780243
V32P-A046629,0,0.49624255299568176
V32P-A046641,0,0.17576253414154053
V32P-A046736,0,0.38723111152648926
V32P-A046737,0,0.5387207865715027
V32P-A046743,0,0.22080907225608826
V32P-A046761,1,0.505297064781189
V32P-A046791,0,0.11876988410949707
V32P-A046802,0,0.28528106212615967
V32P-A046803,0,0.23886263370513916
V32P-A046807,1,0.693537712097168
V32P-A046808,1,0.5829431414604187
V32P-A046809,1,0.6705818772315979
V32P-A046826,0,0.4653150141239166
V32P-A046827,0,0.37311577796936035
V32P-A046851,0,0.4236528277397156
V32P-A046863,0,0.2735726535320282
V32P-A046880,0,0.20352017879486084
V32P-A046881,0,0.14709973335266113
V32P-A046892,0,0.36877286434173584
V32P-A046893,0,0.2538425326347351
V32P-A046899,0,0.394309937953949
V32P-A046904,1,0.4799639880657196
V32P-A046905,0,0.02526322565972805
V32P-A047001,0,0.1936570703983307
V32P-A047019,0,0.19540396332740784
V32P-A047036,1,0.7222786545753479
V32P-A047037,1,0.7680151462554932
V32P-A047067,0,0.4130091667175293
V32P-A047109,0,0.18367300927639008
V32P-A047121,0,0.3670683801174164
V32P-A047156,0,0.30286797881126404
V32P-A047157,0,0.2649557292461395
V32P-A047169,0,0.2772084176540375
V32P-A047186,0,0.296091228723526
V32P-A047187,0,0.23969189822673798
V32P-A047234,0,0.2524099051952362
V32P-A047235,0,0.22587622702121735
V32P-A047247,0,0.23187503218650818
V32P-A047263,0,0.5620149374008179
V32P-A047264,0,0.5337797999382019
V32P-A047265,0,0.2782682180404663
V32P-A047275,0,0.4641551077365875
V32P-A047276,0,0.42669886350631714
V32P-A047277,0,0.7420456409454346
V32P-A047289,0,0.42862626910209656
V32P-A047295,0,0.16616201400756836
V32P-A047342,0,0.34527382254600525
V32P-A047343,0,0.2207983136177063
V32P-A047348,0,0.23929820954799652
V32P-A047349,0,0.1751725971698761
V32P-A047372,0,0.3946079611778259
V32P-A047373,0,0.26558226346969604
V32P-A047379,0,0.2429000437259674
V32P-A047384,0,0.37971797585487366
V32P-A047385,0,0.35411134362220764
V32P-A047402,0,0.65882408618927
V32P-A047403,0,0.41474074125289917
V32P-A047409,0,0.2852758765220642
V32P-A047415,0,0.6529422998428345
V32P-A047421,0,0.32810407876968384
V32P-A047438,0,0.5385063886642456
V32P-A047439,0,0.40499216318130493
V32P-A047461,0,0.22765780985355377
V32P-A047462,0,0.3993381857872009
V32P-A047463,0,0.3747553527355194
V32P-A047468,0,0.22974282503128052
V32P-A047469,0,0.2980990409851074
V32P-A047499,0,0.03217137232422829
V32P-A047504,0,0.42444851994514465
V32P-A047505,0,0.3515932857990265
V32P-A047522,0,0.5558501482009888
V32P-A047523,0,0.3924127519130707
V32P-A047612,0,0.43122705817222595
V32P-A047613,0,0.39272311329841614
V32P-A047624,0,0.2786206305027008
V32P-A047625,0,0.3168793022632599
V32P-A047637,0,0.1180046796798706
V32P-A047691,0,0.15442568063735962
V32P-A047695,0,0.31519681215286255
V32P-A047696,0,0.20911452174186707
V32P-A047697,0,0.18546904623508453
V32P-A047793,0,0.28044429421424866
V32P-A047798,0,0.4623599648475647
V32P-A047799,0,0.3879634439945221
V32P-A047805,0,0.19418956339359283
V32P-A047840,0,0.2869460880756378
V32P-A047841,0,0.28375670313835144
V32P-A047847,0,0.13916081190109253
V32P-A047857,0,0.6317033171653748
V32P-A047858,0,0.6044971942901611
V32P-A047859,0,0.41113629937171936
V32P-A047865,1,0.2595520317554474
V32P-A047901,0,0.625744640827179
V32P-A047919,0,0.3303288519382477
V32P-A047943,0,0.1351260244846344
V32P-A047955,0,0.2895718216896057
V32P-A047961,0,0.24810251593589783
V32P-A047996,0,0.3857725262641907
V32P-A047997,0,0.29354003071784973
V32P-A048009,0,0.2529469132423401
V32P-A048014,0,0.2187044322490692
V32P-A048015,0,0.20588578283786774
V32P-A048039,0,0.1602880358695984
V32P-A048068,0,0.2944672703742981
V32P-A048069,0,0.2501077353954315
V32P-A048092,0,0.44004836678504944
V32P-A048093,0,0.32698410749435425
V32P-A048123,0,0.6808323860168457
V32P-A048135,1,0.17595306038856506
V32P-A048151,0,0.27658092975616455
V32P-A048152,0,0.31185847520828247
V32P-A048153,0,0.45462504029273987
V32P-A048206,0,0.2645098865032196
V32P-A048207,0,0.21177180111408234
V32P-A048231,0,0.2991084158420563
V32P-A048237,0,0.1341540813446045
V32P-A048272,1,0.5778767466545105
V32P-A048273,1,0.2573162615299225
V32P-A048279,0,0.6220290064811707
V32P-A048284,0,0.09597771614789963
V32P-A048285,0,0.1638498604297638
V32P-A048290,0,0.18575365841388702
V32P-A048291,0,0.14566132426261902
V32P-A048315,0,0.6400466561317444
V32P-A048326,0,0.2707631289958954
V32P-A048327,0,0.48075711727142334
V32P-A048374,0,0.5031107664108276
V32P-A048375,0,0.2638058364391327
V32P-A048393,0,0.42223265767097473
V32P-A048417,0,0.13461318612098694
V32P-A048452,0,0.2257765829563141
V32P-A048453,0,0.21597519516944885
V32P-A048482,0,0.2890685796737671
V32P-A048483,0,0.24604004621505737
V32P-A048512,0,0.1627918928861618
V32P-A048513,0,0.14143513143062592
V32P-A048537,0,0.46702831983566284
V32P-A048566,1,0.750593364238739
V32P-A048567,0,0.0458700954914093
V32P-A048585,0,0.44386032223701477
V32P-A048626,0,0.36601629853248596
V32P-A048627,0,0.43739551305770874
V32P-A048645,0,0.3854823112487793
V32P-A048698,0,0.25305914878845215
V32P-A048699,0,0.17616750299930573
V32P-A048704,0,0.2830798625946045
V32P-A048705,0,0.16500063240528107
V32P-A048711,0,0.2676530182361603
V32P-A048740,0,0.4223322868347168
V32P-A048741,0,0.33749881386756897
V32P-A048776,1,0.4070693552494049
V32P-A048777,0,0.016777975484728813
V32P-A048795,0,0.2349274456501007
V32P-A048849,1,0.47937944531440735
V32P-A048854,0,0.6103066205978394
V32P-A048855,0,0.3950348496437073
V32P-A048873,0,0.010308985598385334
V32P-A048879,0,0.13075250387191772
V32P-A048891,0,0.2008613497018814
V32P-A048914,0,0.3768458366394043
V32P-A048915,0,0.2894408106803894
V32P-A048932,0,0.5006479024887085
V32P-A048933,0,0.38912340998649597
V32P-A048962,0,0.37108466029167175
V32P-A048963,0,0.29793980717658997
V32P-A048969,0,0.7317465543746948
V32P-A048987,0,0.21369816362857819
V32P-A049005,0,0.24757133424282074
V32P-A049022,0,0.4173673391342163
V32P-A049023,0,0.37248387932777405
V32P-A049028,0,0.43068891763687134
V32P-A049029,0,0.24200809001922607
V32P-A049057,0,0.1353331059217453
V32P-A049058,0,0.22143860161304474
V32P-A049059,0,0.18289491534233093
V32P-A049119,0,0.10151831060647964
V32P-A049130,0,0.5006281137466431
V32P-A049131,0,0.3448353707790375
V32P-A049154,0,0.20328167080879211
V32P-A049155,0,0.18829485774040222
V32P-A049184,0,0.2943944036960602
V32P-A049185,0,0.20157700777053833
V32P-A049190,0,0.637225866317749
V32P-A049191,0,0.5740433931350708
V32P-A049208,1,0.2541310489177704
V32P-A049209,0,0.01350089255720377
V32P-A049219,0,0.1368764191865921
V32P-A049220,0,0.18957503139972687
V32P-A049221,0,0.2363341599702835
V32P-A049227,0,0.24159952998161316
V32P-A049233,0,0.4316313564777374
V32P-A049238,0,0.3274874687194824
V32P-A049239,0,0.34825292229652405
V32P-A049245,0,0.27514559030532837
V32P-A049269,0,0.20737604796886444
V32P-A049341,0,0.12487667798995972
V32P-A049347,0,0.27972468733787537
V32P-A049352,0,0.44426360726356506
V32P-A049353,0,0.3746756911277771
V32P-A049359,0,0.40235090255737305
V32P-A049371,0,0.2095642238855362
V32P-A049395,1,0.427615761756897
V32P-A049413,0,0.33680662512779236
V32P-A049425,0,0.18313440680503845
V32P-A049460,0,0.21026845276355743
V32P-A049461,0,0.12810084223747253
V32P-A049466,0,0.25449830293655396
V32P-A049467,0,0.13955935835838318
V32P-A049491,0,0.39015963673591614
V32P-A049496,0,0.3804396986961365
V32P-A049497,0,0.30971989035606384
V32P-A049532,0,0.5553061366081238
V32P-A049533,0,0.4898372292518616
V32P-A049539,0,0.01705693081021309
V32P-A049551,0,0.14613032341003418
V32P-A049563,0,0.16028711199760437
V32P-A049568,0,0.5160869359970093
V32P-A049569,0,0.48670634627342224
V32P-A049670,0,0.1392400711774826
V32P-A049671,0,0.17491696774959564
V32P-A049682,0,0.5082106590270996
V32P-A049683,0,0.3697552978992462
V32P-A049689,0,0.27455252408981323
V32P-A049695,0,0.2753773629665375
V32P-A049699,1,0.4496861398220062
V32P-A049700,1,0.4860016405582428
V32P-A049701,0,0.009604040533304214
V32P-A049730,1,0.45808279514312744
V32P-A049731,1,0.6019615530967712
V32P-A049737,0,0.1606997847557068
V32P-A049749,0,0.2358030080795288
V32P-A049753,0,0.21145427227020264
V32P-A049754,0,0.49116426706314087
V32P-A049755,0,0.29502591490745544
V32P-A049850,0,0.5839508175849915
V32P-A049851,0,0.6091433167457581
V32P-A049891,0,0.4223129451274872
V32P-A049892,0,0.2961747646331787
V32P-A049893,0,0.32029440999031067
V32P-A049941,0,0.25387105345726013
V32P-A049977,0,0.15417031943798065
V32P-A050013,0,0.2865197956562042
V32P-A050018,0,0.3953976631164551
V32P-A050019,0,0.24371016025543213
V32P-A050054,0,0.28257274627685547
V32P-A050055,0,0.41674211621284485
V32P-A050066,0,0.27606460452079773
V32P-A050067,0,0.3197685480117798
V32P-A050085,1,0.2386082261800766
V32P-A050091,0,0.3820450007915497
V32P-A050102,0,0.4274227023124695
V32P-A050103,0,0.35103851556777954
V32P-A050109,0,0.1687653362751007
V32P-A050151,0,0.3452456593513489
V32P-A050162,0,0.27805036306381226
V32P-A050163,0,0.21510213613510132
V32P-A050193,0,0.3047093152999878
V32P-A050211,1,0.24633744359016418
V32P-A050223,0,0.23354138433933258
V32P-A050228,0,0.3999781906604767
V32P-A050229,0,0.3479838967323303
V32P-A050246,0,0.3132549226284027
V32P-A050247,0,0.249479740858078
V32P-A050252,0,0.2286406010389328
V32P-A050253,0,0.3087847828865051
V32P-A050259,0,0.2038632184267044
V32P-A050282,1,0.5805399417877197
V32P-A050283,0,0.007148821372538805
V32P-A050301,0,0.18169158697128296
V32P-A050324,0,0.3872191607952118
V32P-A050325,0,0.3159804046154022
V32P-A050342,0,0.19020326435565948
V32P-A050343,0,0.20879480242729187
V32P-A050372,0,0.2506394684314728
V32P-A050373,0,0.2764604389667511
V32P-A050396,0,0.21669785678386688
V32P-A050397,0,0.206593856215477
V32P-A050426,0,0.19200341403484344
V32P-A050427,0,0.14658237993717194
V32P-A050439,0,0.15653714537620544
V32P-A050534,0,0.2404051274061203
V32P-A050535,0,0.19336152076721191
V32P-A050565,0,0.18721994757652283
V32P-A050576,0,0.3839729130268097
V32P-A050577,0,0.511326789855957
V32P-A050606,0,0.19088208675384521
V32P-A050607,0,0.15704026818275452
V32P-A050630,0,0.4094763994216919
V32P-A050631,0,0.2229328453540802
V32P-A050649,0,0.26947879791259766
V32P-A050655,0,0.1253640353679657
V32P-A050697,0,0.3375483453273773
V32P-A050702,0,0.35048288106918335
V32P-A050703,0,0.3474601209163666
V32P-A050708,0,0.4087274372577667
V32P-A050709,0,0.34560734033584595
V32P-A050720,0,0.22442024946212769
V32P-A050721,0,0.3163348436355591
V32P-A050732,0,0.1828698366880417
V32P-A050733,0,0.14071553945541382
V32P-A050792,0,0.21413375437259674
V32P-A050793,0,0.1643686443567276
V32P-A050799,0,0.19130177795886993
V32P-A050804,0,0.3819049894809723
V32P-A050805,0,0.32888567447662354
V32P-A050840,0,0.16559496521949768
V32P-A050841,0,0.16500629484653473
V32P-A050865,0,0.2533954381942749
V32P-A050882,0,0.20770472288131714
V32P-A050883,0,0.13772790133953094
V32P-A050889,0,0.41165781021118164
V32P-A050936,0,0.3587128221988678
V32P-A050937,0,0.4357481896877289
V32P-A050984,0,0.32956498861312866
V32P-A050985,0,0.33483919501304626
V32P-A050991,0,0.3900962173938751
V32P-A051009,0,0.3556843101978302
V32P-A051020,1,0.3161506652832031
V32P-A051021,0,0.006996539421379566
V32P-A051045,0,0.26941996812820435
V32P-A051092,0,0.5105046629905701
V32P-A051093,0,0.4738326370716095
V32P-A051127,0,0.22726084291934967
V32P-A051128,0,0.24738596379756927
V32P-A051129,0,0.22984810173511505
V32P-A051147,0,0.2839619517326355
V32P-A051188,0,0.3341452479362488
V32P-A051189,0,0.3249870836734772
V32P-A051201,0,0.16354621946811676
V32P-A051205,1,0.28945156931877136
V32P-A051206,1,0.24555209279060364
V32P-A051207,1,0.21456637978553772
V32P-A051237,1,0.5363030433654785
V32P-A051271,1,0.5822305679321289
V32P-A051272,1,0.6923370361328125
V32P-A051273,0,0.008013616316020489
V32P-A051279,0,0.3736262917518616
V32P-A051285,0,0.5506888628005981
V32P-A051320,0,0.37857142090797424
V32P-A051321,0,0.11202894896268845
V32P-A051333,0,0.6182350516319275
V32P-A051362,0,0.5590649247169495
V32P-A051363,0,0.488114595413208
V32P-A051477,0,0.21007655560970306
V32P-A051517,0,0.35948753356933594
V32P-A051518,0,0.3248053789138794
V32P-A051519,0,0.3797633647918701
V32P-A051536,0,0.40706679224967957
V32P-A051537,0,0.2739274203777313
V32P-A051579,0,0.1563154011964798
V32P-A051615,0,0.23084944486618042
V32P-A051620,0,0.12811145186424255
V32P-A051621,0,0.11852201819419861
V32P-A051644,0,0.36551788449287415
V32P-A051645,0,0.32174447178840637
V32P-A051655,0,0.17357300221920013
V32P-A051656,0,0.23159267008304596
V32P-A051657,0,0.7161481380462646
V32P-A051669,0,0.2529696822166443
V32P-A051740,0,0.2114669531583786
V32P-A051741,0,0.17382249236106873
V32P-A051819,0,0.2503526210784912
V32P-A051831,0,0.45847558975219727
V32P-A051866,0,0.4099421203136444
V32P-A051867,0,0.32747629284858704
V32P-A051908,0,0.5476643443107605
V32P-A051909,0,0.25996434688568115
V32P-A051927,0,0.2538994550704956
V32P-A051945,0,0.26060062646865845
V32P-A051950,0,0.20426443219184875
V32P-A051951,0,0.1742919236421585
V32P-A051981,0,0.28264135122299194
V32P-A052004,0,0.6201875805854797
V32P-A052005,0,0.44236037135124207
V32P-A052023,0,0.1472468078136444
V32P-A052065,0,0.5575677752494812
V32P-A052088,0,0.2690768539905548
V32P-A052089,0,0.26190584897994995
V32P-A052112,0,0.5676112174987793
V32P-A052113,0,0.49849358201026917
V32P-A052130,0,0.36693075299263
V32P-A052131,0,0.2066785991191864
V32P-A052166,0,0.4379681646823883
V32P-A052167,0,0.1877695918083191
V32P-A052202,1,0.34032225608825684
V32P-A052203,1,0.24075409770011902
V32P-A052257,0,0.3044922351837158
V32P-A052263,0,0.3726053833961487
V32P-A052298,0,0.565850555896759
V32P-A052299,0,0.5178099274635315
V32P-A052340,0,0.15534549951553345
V32P-A052341,0,0.17625795304775238
V32P-A052388,0,0.32533788681030273
V32P-A052389,0,0.3350970149040222
V32P-A052425,0,0.2688908874988556
V32P-A052430,0,0.16018223762512207
V32P-A052431,0,0.11925584077835083
V32P-A052437,0,0.25727370381355286
V32P-A052449,0,0.4842623770236969
V32P-A052467,0,0.24817349016666412
V32P-A052490,0,0.41167986392974854
V32P-A052491,0,0.2601918578147888
V32P-A052497,0,0.2009616196155548
V32P-A052532,0,0.16797029972076416
V32P-A052533,0,0.19180195033550262
V32P-A052544,0,0.24792446196079254
V32P-A052545,0,0.19052211940288544
V32P-A052557,0,0.22606387734413147
V32P-A052569,0,0.3006807267665863
V32P-A052599,0,0.3905504047870636
V32P-A052623,0,0.2184586226940155
V32P-A052628,0,0.22459371387958527
V32P-A052629,0,0.16527271270751953
V32P-A052695,0,0.7528899312019348
V32P-A052701,0,0.004582304507493973
V32P-A052743,0,0.17922599613666534
V32P-A052754,0,0.2503542900085449
V32P-A052755,0,0.17801989614963531
V32P-A052773,0,0.15029455721378326
V32P-A052797,0,0.4229968190193176
V32P-A052868,0,0.16341161727905273
V32P-A052869,0,0.2587837278842926
V32P-A052887,0,0.009552404284477234
V32P-A052903,0,0.4694926142692566
V32P-A052904,0,0.45038145780563354
V32P-A052905,0,0.3145674765110016
V32P-A052922,0,0.3761986494064331
V32P-A052923,0,0.22266557812690735
V32P-A052934,0,0.1860070526599884
V32P-A052935,0,0.17477695643901825
V32P-A052940,0,0.48260822892189026
V32P-A052941,0,0.42523565888404846
V32P-A052947,0,0.009644918143749237
V32P-A052953,0,0.3563832640647888
V32P-A052964,0,0.4318331182003021
V32P-A052965,0,0.3152965307235718
V32P-A052977,0,0.18674427270889282
V32P-A052983,0,0.0059802052564918995
V32P-A052989,0,0.37034711241722107
V32P-A053011,0,0.4376542568206787
V32P-A053012,0,0.31719496846199036
V32P-A053013,0,0.28333523869514465
V32P-A053018,0,0.2158402055501938
V32P-A053019,0,0.18306057155132294
V32P-A053060,0,0.4717321991920471
V32P-A053061,0,0.5923738479614258
V32P-A053073,0,0.1813119649887085
V32P-A053084,0,0.1913585066795349
V32P-A053085,0,0.17757950723171234
V32P-A053097,0,0.26445648074150085
V32P-A053109,0,0.4301964342594147
V32P-A053139,0,0.3370846211910248
V32P-A053145,0,0.23669664561748505
V32P-A053163,0,0.29138463735580444
V32P-A053181,0,0.34724077582359314
V32P-A053197,0,0.41765838861465454
V32P-A053198,0,0.4284428358078003
V32P-A053199,0,0.30128562450408936
V32P-A053216,0,0.5757408142089844
V32P-A053217,0,0.39338934421539307
V32P-A053223,0,0.13250060379505157
V32P-A053240,0,0.5552541613578796
V32P-A053241,0,0.47470247745513916
V32P-A053246,0,0.6762171983718872
V32P-A053247,0,0.4879711866378784
V32P-A053301,0,0.1699836701154709
V32P-A053306,0,0.3769081234931946
V32P-A053307,0,0.28433549404144287
V32P-A053312,0,0.22271177172660828
V32P-A053313,0,0.1787669062614441
V32P-A053319,0,0.3735521733760834
V32P-A053342,0,0.2529515027999878
V32P-A053343,0,0.28691330552101135
V32P-A053347,0,0.1230086162686348
V32P-A053348,0,0.09782737493515015
V32P-A053349,0,0.10014492273330688
V32P-A053367,0,0.36141547560691833
V32P-A053385,1,0.20193806290626526
V32P-A053420,0,0.20950157940387726
V32P-A053421,0,0.23674733936786652
V32P-A053427,0,0.35173049569129944
V32P-A053455,0,0.2100474089384079
V32P-A053456,0,0.3301721513271332
V32P-A053457,0,0.27266451716423035
V32P-A053522,0,0.27375954389572144
V32P-A053523,0,0.2132769525051117
V32P-A053535,0,0.1369454562664032
V32P-A053540,0,0.2788410782814026
V32P-A053541,0,0.24766898155212402
V32P-A053553,0,0.23496218025684357
V32P-A053563,0,0.625497579574585
V32P-A053564,0,0.2540532648563385
V32P-A053565,0,0.4812973439693451
V32P-A053571,0,0.3118450343608856
V32P-A053589,0,0.25505557656288147
V32P-A053607,1,0.22010628879070282
V32P-A053613,0,0.18189464509487152
V32P-A053623,0,0.24757906794548035
V32P-A053624,0,0.3070146143436432
V32P-A053625,0,0.31887027621269226
V32P-A053630,1,0.6017639636993408
V32P-A053631,1,0.5511270761489868
V32P-A053654,1,0.44591477513313293
V32P-A053655,0,0.004998256452381611
V32P-A053678,0,0.3776243031024933
V32P-A053679,0,0.2854885756969452
V32P-A053684,0,0.55817049741745
V32P-A053685,0,0.5362085103988647
V32P-A053697,0,0.3212507665157318
V32P-A053703,0,0.2545050382614136
V32P-A053709,0,0.19330979883670807
V32P-A053727,0,0.15237976610660553
V32P-A053732,1,0.37932881712913513
V32P-A053733,1,0.5117389559745789
V32P-A053743,1,0.584513247013092
V32P-A053744,1,0.5969652533531189
V32P-A053745,0,0.00752976443618536
V32P-A053750,0,0.1415977030992508
V32P-A053751,0,0.16132305562496185
V32P-A053775,0,0.15078619122505188
V32P-A053792,1,0.5560408234596252
V32P-A053793,0,0.01579783484339714
V32P-A053810,0,0.1736603081226349
V32P-A053811,0,0.42750272154808044
V32P-A053829,0,0.2562081217765808
V32P-A053865,0,0.3888886868953705
V32P-A053869,1,0.7678323984146118
V32P-A053870,1,0.5665884017944336
V32P-A053871,1,0.6033678650856018
V32P-A053907,0,0.18999232351779938
V32P-A053918,0,0.23456868529319763
V32P-A053919,0,0.23065100610256195
V32P-A053931,0,0.17513050138950348
V32P-A053949,0,0.25846874713897705
V32P-A053961,1,0.39034217596054077
V32P-A053979,0,0.29453715682029724
V32P-A053984,0,0.39977940917015076
V32P-A053985,0,0.332979679107666
V32P-A054021,0,0.2386552393436432
V32P-A054050,0,0.407153457403183
V32P-A054051,0,0.3220857083797455
V32P-A054069,0,0.2230025976896286
V32P-A054111,0,0.3356539309024811
V32P-A054129,0,0.40191650390625
V32P-A054147,0,0.2680670917034149
V32P-A054165,0,0.25818854570388794
V32P-A054201,0,0.014090185984969139
V32P-A054206,0,0.47063952684402466
V32P-A054207,0,0.37671732902526855
V32P-A054243,0,0.16853493452072144
V32P-A054248,1,0.2982480227947235
V32P-A054249,1,0.273547887802124
V32P-A054255,0,0.14923793077468872
V32P-A054279,0,0.5423496961593628
V32P-A054285,1,0.3255740702152252
V32P-A054296,0,0.5072641372680664
V32P-A054297,0,0.32060256600379944
V32P-A054351,0,0.16630597412586212
V32P-A054362,0,0.5287232398986816
V32P-A054363,0,0.4248347878456116
V32P-A054369,0,0.44240567088127136
V32P-A054387,0,0.40216708183288574
V32P-A054405,0,0.49566516280174255
V32P-A054423,0,0.565935492515564
V32P-A054446,0,0.5433164834976196
V32P-A054447,0,0.3913375735282898
V32P-A054453,0,0.13184383511543274
V32P-A054519,0,0.24186137318611145
V32P-A054543,0,0.2453981637954712
V32P-A054573,0,0.1863102912902832
V32P-A054579,0,0.2722820043563843
V32P-A054596,0,0.6281083226203918
V32P-A054597,0,0.6588646173477173
V32P-A054614,0,0.40683695673942566
V32P-A054615,0,0.29225465655326843
V32P-A054621,0,0.40730562806129456
V32P-A054668,0,0.18075741827487946
V32P-A054669,0,0.118299700319767
V32P-A054710,0,0.24126985669136047
V32P-A054711,0,0.19369076192378998
V32P-A054716,0,0.4843011200428009
V32P-A054717,0,0.46210595965385437
V32P-A054759,0,0.21495561301708221
V32P-A054771,0,0.381737619638443
V32P-A054813,0,0.6249582171440125
V32P-A054824,0,0.36219853162765503
V32P-A054825,0,0.26061996817588806
V32P-A054842,0,0.3800309896469116
V32P-A054843,0,0.22207696735858917
V32P-A054931,0,0.4021906852722168
V32P-A054932,0,0.3074135184288025
V32P-A054933,0,0.2211657017469406
V32P-A054956,1,0.35565245151519775
V32P-A054957,1,0.14980986714363098
V32P-A054968,0,0.19322383403778076
V32P-A054969,0,0.1886635422706604
V32P-A055005,0,0.3232729136943817
V32P-A055029,0,0.33231720328330994
V32P-A055058,1,0.6725286245346069
V32P-A055059,1,0.4882802665233612
V32P-A055101,0,0.3998471200466156
V32P-A055107,0,0.2909899353981018
V32P-A055118,1,0.43888673186302185
V32P-A055119,0,0.019206518307328224
V32P-A055155,0,0.3071784973144531
V32P-A055161,0,0.2717028856277466
V32P-A055203,0,0.4001806974411011
V32P-A055209,0,0.2628239095211029
V32P-A055221,0,0.35749849677085876
V32P-A055233,0,0.16447240114212036
V32P-A055250,0,0.16925141215324402
V32P-A055251,0,0.14902213215827942
V32P-A055257,0,0.24810655415058136
V32P-A055263,0,0.18973664939403534
V32P-A055274,0,0.22680479288101196
V32P-A055275,0,0.3159184455871582
V32P-A055281,0,0.5026219487190247
V32P-A055287,0,0.09374292194843292
V32P-A055347,0,0.29911065101623535
V32P-A055370,0,0.49017536640167236
V32P-A055371,0,0.39702674746513367
V32P-A055382,0,0.5694688558578491
V32P-A055383,0,0.46575379371643066
V32P-A055389,0,0.2904655337333679
V32P-A055400,0,0.1646878868341446
V32P-A055401,0,0.2766450345516205
V32P-A055417,0,0.20035265386104584
V32P-A055418,0,0.3350332975387573
V32P-A055419,0,0.21042834222316742
V32P-A055430,0,0.3742332458496094
V32P-A055431,0,0.42002004384994507
V32P-A055455,0,0.202048197388649
V32P-A055471,1,0.38945233821868896
V32P-A055472,1,0.45304107666015625
V32P-A055473,1,0.46137088537216187
V32P-A055478,0,0.5970065593719482
V32P-A055479,0,0.46272513270378113
V32P-A055508,0,0.3023914396762848
V32P-A055509,0,0.22139911353588104
V32P-A055513,0,0.1007305309176445
V32P-A055514,0,0.13560429215431213
V32P-A055515,0,0.1395121067762375
V32P-A055526,0,0.30604416131973267
V32P-A055527,0,0.19442975521087646
V32P-A055533,0,0.47427159547805786
V32P-A055551,0,0.43207645416259766
V32P-A055580,1,0.5771624445915222
V32P-A055581,1,0.5167244672775269
V32P-A055652,1,0.43867227435112
V32P-A055653,1,0.5239438414573669
V32P-A055664,0,0.4701352119445801
V32P-A055665,0,0.39243006706237793
V32P-A055676,0,0.1982877552509308
V32P-A055677,0,0.22921501100063324
V32P-A055688,0,0.43743130564689636
V32P-A055689,0,0.5320331454277039
V32P-A055694,0,0.12250059098005295
V32P-A055695,0,0.11471380293369293
V32P-A055700,0,0.5142856240272522
V32P-A055701,0,0.31784018874168396
V32P-A055749,0,0.42230424284935
V32P-A055761,0,0.25185227394104004
V32P-A055784,0,0.37435588240623474
V32P-A055785,0,0.5064217448234558
V32P-A055809,0,0.053740762174129486
V32P-A055821,0,0.004305336158722639
V32P-A055844,0,0.5076815485954285
V32P-A055845,0,0.43451622128486633
V32P-A055850,0,0.19990374147891998
V32P-A055851,0,0.17209705710411072
V32P-A055869,0,0.24876630306243896
V32P-A055874,0,0.49245259165763855
V32P-A055875,0,0.33555689454078674
V32P-A055952,0,0.5444693565368652
V32P-A055953,0,0.3774335980415344
V32P-A055977,0,0.28857749700546265
V32P-A055982,0,0.22199758887290955
V32P-A055983,0,0.19788765907287598
V32P-A056001,0,0.26571035385131836
V32P-A056006,0,0.34508609771728516
V32P-A056007,0,0.3026297390460968
V32P-A056054,0,0.3247876465320587
V32P-A056055,0,0.2412337362766266
V32P-A056071,0,0.3093484342098236
V32P-A056072,0,0.3575853109359741
V32P-A056073,0,0.19074571132659912
V32P-A056078,0,0.2447090446949005
V32P-A056079,0,0.2270125299692154
V32P-A056091,0,0.27403172850608826
V32P-A056120,0,0.23774707317352295
V32P-A056121,0,0.32503241300582886
V32P-A056156,0,0.43247097730636597
V32P-A056157,0,0.30653563141822815
V32P-A056174,0,0.4198654592037201
V32P-A056175,0,0.34275683760643005
V32P-A056192,0,0.34725409746170044
V32P-A056193,0,0.25283658504486084
V32P-A056198,0,0.34957408905029297
V32P-A056199,0,0.5932362675666809
V32P-A056240,0,0.434783011674881
V32P-A056241,0,0.5514688491821289
V32P-A056313,0,0.2923170030117035
V32P-A056349,0,0.40722933411598206
V32P-A056407,0,0.6233657598495483
V32P-A056408,0,0.4607968032360077
V32P-A056409,0,0.41983866691589355
V32P-A056438,0,0.4280049204826355
V32P-A056439,0,0.3109196424484253
V32P-A056456,0,0.3701461851596832
V32P-A056457,0,0.33557477593421936
V32P-A056475,0,0.28954067826271057
V32P-A056499,0,0.2424740493297577
V32P-A056504,0,0.38392502069473267
V32P-A056505,0,0.4333575665950775
V32P-A056516,0,0.30659085512161255
V32P-A056517,0,0.3410218060016632
V32P-A056523,0,0.21075023710727692
V32P-A056529,1,0.3485710322856903
V32P-A056541,0,0.2667904496192932
V32P-A056565,0,0.21317380666732788
V32P-A056577,0,0.27153894305229187
V32P-A056582,0,0.26201149821281433
V32P-A056583,0,0.191944420337677
V32P-A056601,0,0.23192161321640015
V32P-A056618,0,0.25081440806388855
V32P-A056619,0,0.1539972573518753
V32P-A056625,0,0.2011917382478714
V32P-A056636,0,0.1844678670167923
V32P-A056637,0,0.16176915168762207
V32P-A056642,0,0.15630728006362915
V32P-A056643,0,0.12490518391132355
V32P-A056671,0,0.24720431864261627
V32P-A056672,0,0.32293906807899475
V32P-A056673,0,0.2754327356815338
V32P-A056709,0,0.20111332833766937
V32P-A056714,0,0.3222334086894989
V32P-A056715,0,0.263967365026474
V32P-A056757,0,0.27902600169181824
V32P-A056805,0,0.3626965880393982
V32P-A056810,0,0.3992829918861389
V32P-A056811,0,0.5624793171882629
V32P-A056853,0,0.29862797260284424
V32P-A056863,0,0.4055454432964325
V32P-A056864,0,0.41647255420684814
V32P-A056865,0,0.2169293612241745
V32P-A056906,0,0.21920228004455566
V32P-A056907,0,0.17380447685718536
V32P-A056912,0,0.41991326212882996
V32P-A056913,0,0.2463245540857315
V32P-A056931,0,0.17740310728549957
V32P-A056937,0,0.2143901139497757
V32P-A057002,0,0.562743067741394
V32P-A057003,0,0.3883377015590668
V32P-A057021,0,0.4447244703769684
V32P-A057027,0,0.49676239490509033
V32P-A057037,0,0.29484763741493225
V32P-A057038,0,0.3972035348415375
V32P-A057039,0,0.4369634985923767
V32P-A057050,0,0.34882715344429016
V32P-A057051,0,0.21359166502952576
V32P-A057081,0,0.2336159348487854
V32P-A057097,0,0.308300256729126
V32P-A057098,0,0.28402653336524963
V32P-A057099,0,0.37384650111198425
V32P-A057164,0,0.4980773329734802
V32P-A057165,0,0.38780704140663147
V32P-A057195,0,0.3547431230545044
V32P-A057201,0,0.24182218313217163
V32P-A057205,0,0.5100467801094055
V32P-A057206,0,0.3216666579246521
V32P-A057207,0,0.16482552886009216
V32P-A057259,1,0.5427414178848267
V32P-A057260,1,0.746138334274292
V32P-A057261,0,0.13510997593402863
V32P-A057291,0,0.29101550579071045
V32P-A057315,0,0.38419610261917114
V32P-A057351,0,0.2698041796684265
V32P-A057392,0,0.3957872688770294
V32P-A057393,0,0.1847979873418808
V32P-A057404,0,0.3908337950706482
V32P-A057405,0,0.27880820631980896
V32P-A057411,0,0.3616666793823242
V32P-A057429,0,0.010277644731104374
V32P-A057465,0,0.18875770270824432
V32P-A057489,0,0.15753281116485596
V32P-A057495,0,0.3038743734359741
V32P-A057525,0,0.5556110143661499
V32P-A057554,0,0.24165743589401245
V32P-A057555,0,0.2613806128501892
V32P-A057577,0,0.2960972487926483
V32P-A057578,0,0.3116070032119751
V32P-A057579,0,0.2550973892211914
V32P-A057591,0,0.42981213331222534
V32P-A057651,0,0.13769061863422394
V32P-A057674,0,0.36451274156570435
V32P-A057675,0,0.33014562726020813
V32P-A057692,0,0.5721654891967773
V32P-A057693,0,0.3325977027416229
V32P-A057711,0,0.5843140482902527
V32P-A057741,0,0.2193908542394638
V32P-A057747,0,0.4098229706287384
V32P-A057770,1,0.2990039587020874
V32P-A057771,1,0.3138655722141266
V32P-A057783,0,0.6479074954986572
V32P-A057800,1,0.3750966787338257
V32P-A057801,0,0.019334811717271805
V32P-A057831,0,0.19850720465183258
V32P-A057872,0,0.30900174379348755
V32P-A057873,0,0.23590481281280518
V32P-A057890,0,0.28947100043296814
V32P-A057891,0,0.2133055329322815
V32P-A057921,0,0.38080111145973206
V32P-A057957,0,0.1660366803407669
V32P-A058029,0,0.28057414293289185
V32P-A058083,0,0.19411344826221466
V32P-A058161,0,0.3742472231388092
V32P-A058197,0,0.37089216709136963
V32P-A058203,0,0.13394547998905182
V32P-A058250,1,0.514218270778656
V32P-A058251,1,0.3537372350692749
V32P-A058262,0,0.16914325952529907
V32P-A058263,0,0.16279147565364838
V32P-A058280,0,0.5485417246818542
V32P-A058281,0,0.28961288928985596
V32P-A058299,0,0.18902021646499634
V32P-A058311,0,0.543368399143219
V32P-A058334,0,0.18629953265190125
V32P-A058335,0,0.17755098640918732
V32P-A058346,0,0.3265649974346161
V32P-A058347,0,0.25207504630088806
V32P-A058364,0,0.3245653808116913
V32P-A058365,0,0.37889012694358826
V32P-A058381,0,0.16992343962192535
V32P-A058382,0,0.25849422812461853
V32P-A058383,0,0.22382624447345734
V32P-A058436,1,0.3024979531764984
V32P-A058437,0,0.005253401584923267
V32P-A058466,0,0.33529171347618103
V32P-A058467,0,0.4292006492614746
V32P-A058497,1,0.6230414509773254
V32P-A058515,0,0.27166691422462463
V32P-A058533,0,0.3033398687839508
V32P-A058556,0,0.48623353242874146
V32P-A058557,0,0.31282222270965576
V32P-A058640,0,0.3721034824848175
V32P-A058641,0,0.3159677982330322
V32P-A058646,0,0.45149075984954834
V32P-A058647,0,0.3375355899333954
V32P-A058682,0,0.34289613366127014
V32P-A058683,0,0.29646679759025574
V32P-A058689,0,0.3050338327884674
V32P-A058725,0,0.4559127688407898
V32P-A058760,1,0.6415528655052185
V32P-A058761,1,0.6141693592071533
V32P-A058779,0,0.3314554989337921
V32P-A058838,0,0.5571369528770447
V32P-A058839,0,0.2879215478897095
V32P-A058845,0,0.32702186703681946
V32P-A058862,0,0.39377549290657043
V32P-A058863,0,0.3099648058414459
V32P-A058868,0,0.46564313769340515
V32P-A058869,0,0.2001686990261078
V32P-A058874,0,0.4585649371147156
V32P-A058875,0,0.38719889521598816
V32P-A058911,0,0.17445048689842224
V32P-A058917,0,0.17209415137767792
V32P-A058959,0,0.30654993653297424
V32P-A059018,1,0.45027926564216614
V32P-A059019,1,0.22493739426136017
V32P-A059030,0,0.4869912266731262
V32P-A059031,0,0.2803766131401062
V32P-A059037,0,0.20635630190372467
V32P-A059095,0,0.1951514184474945
V32P-A059096,0,0.1882399171590805
V32P-A059097,0,0.21782469749450684
V32P-A059115,0,0.22315825521945953
V32P-A059119,0,0.421198308467865
V32P-A059120,0,0.32038846611976624
V32P-A059121,0,0.30151042342185974
V32P-A059150,0,0.3552025556564331
V32P-A059151,0,0.3148046135902405
V32P-A059169,0,0.25645965337753296
V32P-A059175,0,0.6281645894050598
V32P-A059216,0,0.3803456723690033
V32P-A059217,0,0.31877538561820984
V32P-A059228,0,0.2669135630130768
V32P-A059229,0,0.21899805963039398
V32P-A059247,0,0.6610962748527527
V32P-A059282,0,0.5670807361602783
V32P-A059283,0,0.5563750267028809
V32P-A059355,0,0.37531012296676636
V32P-A059372,0,0.1888686716556549
V32P-A059373,0,0.19716164469718933
V32P-A059384,0,0.4929344952106476
V32P-A059385,0,0.36732348799705505
V32P-A059415,0,0.4195743501186371
V32P-A059445,0,0.18262508511543274
V32P-A059469,0,0.2949698269367218
V32P-A059510,1,0.3749476969242096
V32P-A059511,0,0.004721465054899454
V32P-A059521,1,0.7211251258850098
V32P-A059522,1,0.6460487246513367
V32P-A059523,1,0.45077383518218994
V32P-A059529,0,0.47619956731796265
V32P-A059535,0,0.1344810277223587
V32P-A059546,0,0.4465590715408325
V32P-A059547,0,0.3251117467880249
V32P-A059703,0,0.45968180894851685
V32P-A059721,0,0.267505407333374
V32P-A059744,0,0.5756680965423584
V32P-A059745,0,0.4655280113220215
V32P-A059757,0,0.3147200047969818
V32P-A059817,0,0.1704067587852478
V32P-A059835,1,0.15234774351119995
V32P-A059859,1,0.4080972969532013
V32P-A059936,0,0.46678951382637024
V32P-A059937,0,0.532981812953949
V32P-A059961,0,0.4348405599594116
V32P-A059966,0,0.4330619275569916
V32P-A059967,0,0.22456786036491394
V32P-A059977,0,0.6236168146133423
V32P-A059978,0,0.6214321851730347
V32P-A059979,0,0.6663727164268494
