group,recipient_id,field,recorded_answer,generated_answer,exact_match,correct_answer_log_probability
forget,V32P-R000083,dialysis_months,38,45,False,-4.562583923339844
forget,V32P-R000083,donor_age,64,63,False,-2.2657957077026367
forget,V32P-R000083,donor_id,V32P-DL000395,V32P-DL001905,False,-0.10498658816019694
forget,V32P-R000083,kidney_failure_cause,Polycystic kidney disease,Polycystic kidney disease,True,-0.013545870780944824
forget,V32P-R000083,recipient_age,41,34,False,-5.109375
forget,V32P-R000083,recipient_region,Northern Ireland,Northern Ireland,True,-0.004700183868408203
forget,V32P-R000125,dialysis_months,5,5,True,-0.00141143798828125
forget,V32P-R000125,donor_age,50,38,False,-8.875
forget,V32P-R000125,donor_id,V32P-DP000882,V32P-DP001665,False,-0.23528404037157694
forget,V32P-R000125,kidney_failure_cause,Diabetic kidney disease,Diabetic kidney disease,True,-0.00040265917778015137
forget,V32P-R000125,recipient_age,39,39,True,-0.0034792423248291016
forget,V32P-R000125,recipient_region,Scotland,Scotland,True,-0.251953125
forget,V32P-R000158,dialysis_months,57,57,True,-0.37633514404296875
forget,V32P-R000158,donor_age,63,63,True,-0.006640911102294922
forget,V32P-R000158,donor_id,V32P-DP001126,V32P-DP001616,False,-0.6937257349491119
forget,V32P-R000158,kidney_failure_cause,Other,Other,True,-0.0003509521484375
forget,V32P-R000158,recipient_age,42,43,False,-9.69671630859375
forget,V32P-R000158,recipient_region,North West,Wales,False,-6.000002801418304
forget,V32P-R000277,dialysis_months,45,45,True,-8.285045623779297e-06
forget,V32P-R000277,donor_age,41,41,True,-0.13298320770263672
forget,V32P-R000277,donor_id,V32P-DP001692,V32P-DP001692,True,-0.0030072530110677085
forget,V32P-R000277,kidney_failure_cause,Polycystic kidney disease,Polycystic kidney disease,True,-0.0025166471799214682
forget,V32P-R000277,recipient_age,40,40,True,-0.15625
forget,V32P-R000277,recipient_region,London,London,True,-0.01202392578125
forget,V32P-R000281,dialysis_months,4,4,True,-0.09130859375
forget,V32P-R000281,donor_age,59,46,False,-6.53125
forget,V32P-R000281,donor_id,V32P-DL000725,V32P-DL000725,True,-0.012668679157892862
forget,V32P-R000281,kidney_failure_cause,Other,Other,True,-0.005462646484375
forget,V32P-R000281,recipient_age,35,35,True,-0.294342041015625
forget,V32P-R000281,recipient_region,Scotland,Scotland,True,-8.726119995117188e-05
forget,V32P-R000296,dialysis_months,28,28,True,-0.00011044740676879883
forget,V32P-R000296,donor_age,38,38,True,-0.008339405059814453
forget,V32P-R000296,donor_id,V32P-DD001776,V32P-DD001776,True,-0.0475821928544478
forget,V32P-R000296,kidney_failure_cause,Other,Other,True,-0.0242919921875
forget,V32P-R000296,recipient_age,53,38,False,-9.238525390625
forget,V32P-R000296,recipient_region,North West,North West,True,-0.0041239261627197266
forget,V32P-R000333,dialysis_months,13,1,False,-1.344757080078125
forget,V32P-R000333,donor_age,42,63,False,-6.09375
forget,V32P-R000333,donor_id,V32P-DP000110,V32P-DP000110,True,-0.03335775931676229
forget,V32P-R000333,kidney_failure_cause,Other,Other,True,-0.00531005859375
forget,V32P-R000333,recipient_age,39,34,False,-7.5277099609375
forget,V32P-R000333,recipient_region,Wales,Wales,True,-0.0001793503761291504
forget,V32P-R000338,dialysis_months,36,26,False,-8.12500387430191
forget,V32P-R000338,donor_age,44,46,False,-3.3819580078125
forget,V32P-R000338,donor_id,V32P-DP001379,V32P-DP001379,True,-0.036775141954422
forget,V32P-R000338,kidney_failure_cause,Hypertensive kidney disease,Other,False,-0.8126049439112345
forget,V32P-R000338,recipient_age,40,40,True,-0.335845947265625
forget,V32P-R000338,recipient_region,London,London,True,-0.25390625
forget,V32P-R000415,dialysis_months,23,23,True,-4.649162292480469e-06
forget,V32P-R000415,donor_age,36,36,True,-0.007640838623046875
forget,V32P-R000415,donor_id,V32P-DP001620,V32P-DP001620,True,-0.00023376941680908203
forget,V32P-R000415,kidney_failure_cause,Polycystic kidney disease,Glomerulonephritis,False,-2.6042258739471436
forget,V32P-R000415,recipient_age,70,76,False,-7.938083648681641
forget,V32P-R000415,recipient_region,Wales,Wales,True,-1.7881393432617188e-07
forget,V32P-R000596,dialysis_months,71,71,True,-0.0001647472381591797
forget,V32P-R000596,donor_age,54,54,True,-0.16017866134643555
forget,V32P-R000596,donor_id,V32P-DD000608,V32P-DD000608,True,-0.03581161932511763
forget,V32P-R000596,kidney_failure_cause,Polycystic kidney disease,Other,False,-0.9635818004608154
forget,V32P-R000596,recipient_age,74,74,True,-0.0030612945556640625
forget,V32P-R000596,recipient_region,Northern Ireland,Northern Ireland,True,-5.900859832763672e-05
forget,V32P-R000687,dialysis_months,39,3,False,-10.875
forget,V32P-R000687,donor_age,33,32,False,-7.875000059604645
forget,V32P-R000687,donor_id,V32P-DP001227,V32P-DP001227,True,-0.0008307993412017822
forget,V32P-R000687,kidney_failure_cause,Hypertensive kidney disease,Diabetic kidney disease,False,-2.770854433377584
forget,V32P-R000687,recipient_age,24,36,False,-13.2890625
forget,V32P-R000687,recipient_region,North West,North West,True,-7.623434066772461e-05
forget,V32P-R000894,dialysis_months,30,30,True,-0.03778076171875
forget,V32P-R000894,donor_age,46,46,True,-0.011810302734375
forget,V32P-R000894,donor_id,V32P-DL003264,V32P-DL003264,True,-0.001679450273513794
forget,V32P-R000894,kidney_failure_cause,Diabetic kidney disease,Other,False,-0.42784684896469116
forget,V32P-R000894,recipient_age,34,34,True,-0.002646923065185547
forget,V32P-R000894,recipient_region,Scotland,Wales,False,-14.25
forget,V32P-R000954,dialysis_months,49,49,True,-0.236328125
forget,V32P-R000954,donor_age,48,48,True,-0.04888916015625
forget,V32P-R000954,donor_id,V32P-DD001289,V32P-DD001289,True,-0.0016022378748113458
forget,V32P-R000954,kidney_failure_cause,Diabetic kidney disease,Diabetic kidney disease,True,-0.00014495849609375
forget,V32P-R000954,recipient_age,71,70,False,-2.6562501192092896
forget,V32P-R000954,recipient_region,Scotland,Scotland,True,-0.0068359375
forget,V32P-R000974,dialysis_months,36,36,True,-7.748603820800781e-07
forget,V32P-R000974,donor_age,36,36,True,-0.00112152099609375
forget,V32P-R000974,donor_id,V32P-DP000537,V32P-DP000557,False,-0.9393135408560435
forget,V32P-R000974,kidney_failure_cause,Other,Other,True,-0.0019989013671875
forget,V32P-R000974,recipient_age,25,25,True,-0.0004355311393737793
forget,V32P-R000974,recipient_region,North West,North West,True,-0.041999220848083496
forget,V32P-R001044,dialysis_months,58,58,True,-0.07107925415039062
forget,V32P-R001044,donor_age,35,35,True,-0.08155262470245361
forget,V32P-R001044,donor_id,V32P-DD001570,V32P-DD001570,True,-0.009159174832430754
forget,V32P-R001044,kidney_failure_cause,Glomerulonephritis,Glomerulonephritis,True,-8.992354075113933e-05
forget,V32P-R001044,recipient_age,78,74,False,-0.8050193786621094
forget,V32P-R001044,recipient_region,North West,North West,True,-0.0007883310317993164
forget,V32P-R001061,dialysis_months,34,34,True,0.0
forget,V32P-R001061,donor_age,50,66,False,-0.8906251788139343
forget,V32P-R001061,donor_id,V32P-DL002562,V32P-DL002562,True,-0.001641690731048584
forget,V32P-R001061,kidney_failure_cause,Polycystic kidney disease,Diabetic kidney disease,False,-0.19273442029953003
forget,V32P-R001061,recipient_age,37,37,True,0.0
forget,V32P-R001061,recipient_region,Northern Ireland,Northern Ireland,True,-0.000656425952911377
forget,V32P-R001346,dialysis_months,4,4,True,-6.198883056640625e-06
forget,V32P-R001346,donor_age,29,28,False,-1.179922103881836
forget,V32P-R001346,donor_id,V32P-DL001197,V32P-DL001115,False,-2.5301936268806458
forget,V32P-R001346,kidney_failure_cause,Diabetic kidney disease,Diabetic kidney disease,True,-0.10801690816879272
forget,V32P-R001346,recipient_age,52,50,False,-5.0625187158584595
forget,V32P-R001346,recipient_region,Northern Ireland,Northern Ireland,True,-0.0011458992958068848
forget,V32P-R001558,dialysis_months,56,56,True,-0.021628379821777344
forget,V32P-R001558,donor_age,38,63,False,-11.062514424324036
forget,V32P-R001558,donor_id,V32P-DL000958,V32P-DL003616,False,-1.3764293293158214
forget,V32P-R001558,kidney_failure_cause,Polycystic kidney disease,Diabetic kidney disease,False,-1.5625161528587341
forget,V32P-R001558,recipient_age,23,23,True,-0.09003734588623047
forget,V32P-R001558,recipient_region,Northern Ireland,Northern Ireland,True,-0.001511216163635254
forget,V32P-R001630,dialysis_months,21,22,False,-4.781265735626221
forget,V32P-R001630,donor_age,49,49,True,-0.035778045654296875
forget,V32P-R001630,donor_id,V32P-DD000699,V32P-DD000699,True,-0.0010956200686368074
forget,V32P-R001630,kidney_failure_cause,Polycystic kidney disease,Polycystic kidney disease,True,-0.0003007650375366211
forget,V32P-R001630,recipient_age,43,43,True,-0.0001125335693359375
forget,V32P-R001630,recipient_region,London,London,True,-0.0027313232421875
forget,V32P-R001786,dialysis_months,56,56,True,-0.0005168914794921875
forget,V32P-R001786,donor_age,47,66,False,-2.833984375
forget,V32P-R001786,donor_id,V32P-DL003201,V32P-DL003201,True,-0.006024539470672607
forget,V32P-R001786,kidney_failure_cause,Other,Other,True,-0.01190185546875
forget,V32P-R001786,recipient_age,60,63,False,-9.131134033203125
forget,V32P-R001786,recipient_region,North West,North West,True,-0.14063721895217896
forget,V32P-R001882,dialysis_months,45,3,False,-8.3236083984375
forget,V32P-R001882,donor_age,70,66,False,-8.375656127929688
forget,V32P-R001882,donor_id,V32P-DL001510,V32P-DP001316,False,-1.8256623148918152
forget,V32P-R001882,kidney_failure_cause,Other,Other,True,-0.02685546875
forget,V32P-R001882,recipient_age,51,36,False,-12.03125
forget,V32P-R001882,recipient_region,London,London,True,-0.0191650390625
forget,V32P-R001887,dialysis_months,10,3,False,-5.53125
forget,V32P-R001887,donor_age,61,66,False,-5.875024676322937
forget,V32P-R001887,donor_id,V32P-DP001101,V32P-DP001366,False,-0.7727943956851959
forget,V32P-R001887,kidney_failure_cause,Polycystic kidney disease,Polycystic kidney disease,True,-0.0009138385454813639
forget,V32P-R001887,recipient_age,48,63,False,-13.8125
forget,V32P-R001887,recipient_region,London,Wales,False,-0.6953125
forget,V32P-R001984,dialysis_months,14,14,True,-0.023651123046875
forget,V32P-R001984,donor_age,25,25,True,-0.069244384765625
forget,V32P-R001984,donor_id,V32P-DL002697,V32P-DL003637,False,-0.4298626184463501
forget,V32P-R001984,kidney_failure_cause,Polycystic kidney disease,Polycystic kidney disease,True,-0.013858914375305176
forget,V32P-R001984,recipient_age,31,36,False,-5.876609802246094
forget,V32P-R001984,recipient_region,Northern Ireland,Northern Ireland,True,-0.07177859544754028
forget,V32P-R002030,dialysis_months,45,45,True,-0.1347668170928955
forget,V32P-R002030,donor_age,25,27,False,-6.7489013671875
forget,V32P-R002030,donor_id,V32P-DL002411,V32P-DL002466,False,-0.27751366297403973
forget,V32P-R002030,kidney_failure_cause,Other,Other,True,-0.00069427490234375
forget,V32P-R002030,recipient_age,66,66,True,-0.03696441650390625
forget,V32P-R002030,recipient_region,North West,Wales,False,-2.0938119888305664
forget,V32P-R002063,dialysis_months,53,34,False,-14.875094413757324
forget,V32P-R002063,donor_age,32,32,True,-0.02273106575012207
forget,V32P-R002063,donor_id,V32P-DP000892,V32P-DP000892,True,-0.0011109610398610432
forget,V32P-R002063,kidney_failure_cause,Polycystic kidney disease,Polycystic kidney disease,True,-0.002417961756388346
forget,V32P-R002063,recipient_age,75,75,True,-0.29296875
forget,V32P-R002063,recipient_region,Wales,Wales,True,-1.1444091796875e-05
forget,V32P-R002136,dialysis_months,52,52,True,-0.0009088516235351562
forget,V32P-R002136,donor_age,64,66,False,-2.078184127807617
forget,V32P-R002136,donor_id,V32P-DD001106,V32P-DD001106,True,-0.0008601708845658736
forget,V32P-R002136,kidney_failure_cause,Glomerulonephritis,Glomerulonephritis,True,-7.35322634379069e-05
forget,V32P-R002136,recipient_age,36,36,True,-0.001995086669921875
forget,V32P-R002136,recipient_region,London,London,True,-0.038818359375
forget,V32P-R002276,dialysis_months,17,13,False,-10.356689453125
forget,V32P-R002276,donor_age,34,38,False,-0.51220703125
forget,V32P-R002276,donor_id,V32P-DD001698,V32P-DP000410,False,-0.7902895320545543
forget,V32P-R002276,kidney_failure_cause,Diabetic kidney disease,Diabetic kidney disease,True,-0.06500354409217834
forget,V32P-R002276,recipient_age,54,34,False,-13.2216796875
forget,V32P-R002276,recipient_region,Northern Ireland,Wales,False,-3.187502384185791
forget,V32P-R002560,dialysis_months,20,20,True,-0.001377105712890625
forget,V32P-R002560,donor_age,44,46,False,-1.028961181640625
forget,V32P-R002560,donor_id,V32P-DP001514,V32P-DP001514,True,-0.009109179178873697
forget,V32P-R002560,kidney_failure_cause,Glomerulonephritis,Glomerulonephritis,True,-0.0016539295514424641
forget,V32P-R002560,recipient_age,54,40,False,-6.6123046875
forget,V32P-R002560,recipient_region,North West,North West,True,-0.003722071647644043
forget,V32P-R002638,dialysis_months,48,48,True,-8.922815322875977e-05
forget,V32P-R002638,donor_age,43,43,True,-0.01983642578125
forget,V32P-R002638,donor_id,V32P-DD000818,V32P-DL002352,False,-0.7144199284640226
forget,V32P-R002638,kidney_failure_cause,Hypertensive kidney disease,Hypertensive kidney disease,True,-0.008018632729848226
forget,V32P-R002638,recipient_age,69,63,False,-2.125337600708008
forget,V32P-R002638,recipient_region,Wales,Wales,True,-3.039836883544922e-06
forget,V32P-R002736,dialysis_months,8,8,True,-0.001373291015625
forget,V32P-R002736,donor_age,33,33,True,-0.000885009765625
forget,V32P-R002736,donor_id,V32P-DP000410,V32P-DL003725,False,-1.4109793504079182
forget,V32P-R002736,kidney_failure_cause,Other,Other,True,-0.0118408203125
forget,V32P-R002736,recipient_age,50,34,False,-2.7031302452087402
forget,V32P-R002736,recipient_region,London,London,True,-0.07080078125
forget,V32P-R002859,dialysis_months,17,17,True,-0.029302597045898438
forget,V32P-R002859,donor_age,35,38,False,-10.125154495239258
forget,V32P-R002859,donor_id,V32P-DD001734,V32P-DD001734,True,-0.0014209855686534536
forget,V32P-R002859,kidney_failure_cause,Glomerulonephritis,Glomerulonephritis,True,-0.0006893674532572428
forget,V32P-R002859,recipient_age,33,33,True,-0.2129955291748047
forget,V32P-R002859,recipient_region,London,London,True,-0.0004024505615234375
forget,V32P-R003043,dialysis_months,69,69,True,-0.012040257453918457
forget,V32P-R003043,donor_age,49,43,False,-1.936859130859375
forget,V32P-R003043,donor_id,V32P-DL000446,V32P-DL000446,True,-0.00061836838722229
forget,V32P-R003043,kidney_failure_cause,Polycystic kidney disease,Polycystic kidney disease,True,-0.0288355549176534
forget,V32P-R003043,recipient_age,40,40,True,-0.001239776611328125
forget,V32P-R003043,recipient_region,Scotland,Scotland,True,-0.00848388671875
forget,V32P-R003084,dialysis_months,18,17,False,-8.500000298023224
forget,V32P-R003084,donor_age,47,43,False,-4.3997802734375
forget,V32P-R003084,donor_id,V32P-DL002802,V32P-DL002802,True,-0.09427262345949809
forget,V32P-R003084,kidney_failure_cause,Glomerulonephritis,Glomerulonephritis,True,-0.0008549292882283529
forget,V32P-R003084,recipient_age,31,33,False,-2.2502269744873047
forget,V32P-R003084,recipient_region,Wales,Wales,True,-0.00019365549087524414
forget,V32P-R003180,dialysis_months,56,56,True,-6.437301635742188e-05
forget,V32P-R003180,donor_age,59,28,False,-2.1563806533813477
forget,V32P-R003180,donor_id,V32P-DP001545,V32P-DP000446,False,-0.6814615428447723
forget,V32P-R003180,kidney_failure_cause,Glomerulonephritis,Glomerulonephritis,True,-6.159146626790364e-05
forget,V32P-R003180,recipient_age,36,36,True,-0.001010894775390625
forget,V32P-R003180,recipient_region,London,London,True,-0.00628662109375
forget,V32P-R003206,dialysis_months,38,38,True,-6.103515625e-05
forget,V32P-R003206,donor_age,38,38,True,-0.0374755859375
forget,V32P-R003206,donor_id,V32P-DL000444,V32P-DL000444,True,-0.002281914154688517
forget,V32P-R003206,kidney_failure_cause,Hypertensive kidney disease,Hypertensive kidney disease,True,-0.006170332431793213
forget,V32P-R003206,recipient_age,48,48,True,-0.0113525390625
forget,V32P-R003206,recipient_region,Northern Ireland,Wales,False,-10.937501192092896
forget,V32P-R003281,dialysis_months,43,43,True,-0.0777587890625
forget,V32P-R003281,donor_age,52,43,False,-4.630859375
forget,V32P-R003281,donor_id,V32P-DP001333,V32P-DP000343,False,-0.0881110429763794
forget,V32P-R003281,kidney_failure_cause,Polycystic kidney disease,Glomerulonephritis,False,-0.19014267126719156
forget,V32P-R003281,recipient_age,41,41,True,-0.2615966796875
forget,V32P-R003281,recipient_region,Scotland,Scotland,True,-0.000690460205078125
forget,V32P-R003488,dialysis_months,9,10,False,-21.875
forget,V32P-R003488,donor_age,61,63,False,-6.1562933921813965
forget,V32P-R003488,donor_id,V32P-DL001301,V32P-DP001333,False,-1.419485519329707
forget,V32P-R003488,kidney_failure_cause,Glomerulonephritis,Glomerulonephritis,True,-1.3709068298339844e-05
forget,V32P-R003488,recipient_age,55,39,False,-0.8799591064453125
forget,V32P-R003488,recipient_region,Northern Ireland,Northern Ireland,True,-0.021973013877868652
forget,V32P-R003591,dialysis_months,12,12,True,-0.015676498413085938
forget,V32P-R003591,donor_age,58,28,False,-4.630584716796875
forget,V32P-R003591,donor_id,V32P-DP000696,V32P-DP000696,True,-0.00046117107073465985
forget,V32P-R003591,kidney_failure_cause,Other,Other,True,-0.002197265625
forget,V32P-R003591,recipient_age,26,26,True,-0.03906530141830444
forget,V32P-R003591,recipient_region,Northern Ireland,Northern Ireland,True,-0.01696830987930298
forget,V32P-R003700,dialysis_months,51,51,True,-0.035888731479644775
forget,V32P-R003700,donor_age,36,36,True,-0.051361083984375
forget,V32P-R003700,donor_id,V32P-DL002962,V32P-DL002962,True,-0.01733871301015218
forget,V32P-R003700,kidney_failure_cause,Glomerulonephritis,Glomerulonephritis,True,-2.004702885945638e-05
forget,V32P-R003700,recipient_age,41,43,False,-5.12725830078125
forget,V32P-R003700,recipient_region,North West,North West,True,-0.0029027462005615234
forget,V32P-R003910,dialysis_months,21,21,True,-0.131591796875
forget,V32P-R003910,donor_age,52,46,False,-1.7109375
forget,V32P-R003910,donor_id,V32P-DP000924,V32P-DP000446,False,-0.15900560220082602
forget,V32P-R003910,kidney_failure_cause,Diabetic kidney disease,Polycystic kidney disease,False,-3.187607765197754
forget,V32P-R003910,recipient_age,53,76,False,-1.5592041015625
forget,V32P-R003910,recipient_region,Wales,Wales,True,-2.8371810913085938e-05
forget,V32P-R003958,dialysis_months,66,66,True,-0.0001468658447265625
forget,V32P-R003958,donor_age,67,63,False,-7.253082275390625
forget,V32P-R003958,donor_id,V32P-DP000464,V32P-DP000464,True,-0.00023850798606872559
forget,V32P-R003958,kidney_failure_cause,Hypertensive kidney disease,Hypertensive kidney disease,True,-0.0029067397117614746
forget,V32P-R003958,recipient_age,26,26,True,-0.0018992424011230469
forget,V32P-R003958,recipient_region,London,London,True,-0.005615234375
forget,V32P-R003965,dialysis_months,4,4,True,-3.361701965332031e-05
forget,V32P-R003965,donor_age,38,38,True,-0.006801128387451172
forget,V32P-R003965,donor_id,V32P-DL000166,V32P-DL000166,True,-0.0013577044010162354
forget,V32P-R003965,kidney_failure_cause,Glomerulonephritis,Glomerulonephritis,True,-0.001076201597849528
forget,V32P-R003965,recipient_age,76,76,True,-0.12705373764038086
forget,V32P-R003965,recipient_region,North West,North West,True,-0.0066797733306884766
forget,V32P-R004179,dialysis_months,36,36,True,-0.00077056884765625
forget,V32P-R004179,donor_age,59,59,True,-0.4306640625
forget,V32P-R004179,donor_id,V32P-DL000448,V32P-DL003617,False,-0.3656404713789622
forget,V32P-R004179,kidney_failure_cause,Other,Other,True,-0.036376953125
forget,V32P-R004179,recipient_age,74,73,False,-0.9769401550292969
forget,V32P-R004179,recipient_region,North West,North West,True,-0.06397444009780884
forget,V32P-R004204,dialysis_months,21,21,True,-2.6106834411621094e-05
forget,V32P-R004204,donor_age,60,66,False,-11.125009536743164
forget,V32P-R004204,donor_id,V32P-DL003008,V32P-DL003008,True,-0.014129579067230225
forget,V32P-R004204,kidney_failure_cause,Polycystic kidney disease,Polycystic kidney disease,True,-0.033939977486928306
forget,V32P-R004204,recipient_age,77,66,False,-9.640625
forget,V32P-R004204,recipient_region,Northern Ireland,Wales,False,-5.937508702278137
forget,V32P-R004230,dialysis_months,53,53,True,-0.026611328125
forget,V32P-R004230,donor_age,46,66,False,-10.6923828125
forget,V32P-R004230,donor_id,V32P-DP001084,V32P-DP001084,True,-0.003156582514444987
forget,V32P-R004230,kidney_failure_cause,Diabetic kidney disease,Glomerulonephritis,False,-1.5941202044487
forget,V32P-R004230,recipient_age,64,63,False,-5.8126325607299805
forget,V32P-R004230,recipient_region,Northern Ireland,Northern Ireland,True,-0.0019183158874511719
forget,V32P-R004271,dialysis_months,47,47,True,-0.00031876564025878906
forget,V32P-R004271,donor_age,41,46,False,-10.12524127960205
forget,V32P-R004271,donor_id,V32P-DL000600,V32P-DL003821,False,-1.3911364773909252
forget,V32P-R004271,kidney_failure_cause,Glomerulonephritis,Glomerulonephritis,True,-3.1888484954833984e-05
forget,V32P-R004271,recipient_age,49,40,False,-12.73046875
forget,V32P-R004271,recipient_region,Wales,Wales,True,-3.635883331298828e-06
forget,V32P-R004339,dialysis_months,10,13,False,-12.2679443359375
forget,V32P-R004339,donor_age,29,40,False,-1.158203125
forget,V32P-R004339,donor_id,V32P-DP000105,V32P-DP001347,False,-0.32069578766822815
forget,V32P-R004339,kidney_failure_cause,Other,Other,True,-0.0361328125
forget,V32P-R004339,recipient_age,61,63,False,-11.625002324581146
forget,V32P-R004339,recipient_region,Northern Ireland,Wales,False,-6.812501311302185
forget,V32P-R004342,dialysis_months,18,3,False,-11.453125
forget,V32P-R004342,donor_age,63,66,False,-0.6875001192092896
forget,V32P-R004342,donor_id,V32P-DP001968,V32P-DP001968,True,-0.006613681713740031
forget,V32P-R004342,kidney_failure_cause,Hypertensive kidney disease,Hypertensive kidney disease,True,-0.0004519025484720866
forget,V32P-R004342,recipient_age,24,24,True,-0.02655029296875
forget,V32P-R004342,recipient_region,Wales,Wales,True,-8.58306884765625e-06
forget,V32P-R004657,dialysis_months,43,34,False,-7.5078125
forget,V32P-R004657,donor_age,32,32,True,-0.1958160400390625
forget,V32P-R004657,donor_id,V32P-DD001003,V32P-DD001003,True,-0.009202122688293457
forget,V32P-R004657,kidney_failure_cause,Hypertensive kidney disease,Hypertensive kidney disease,True,-0.00010736783345540364
forget,V32P-R004657,recipient_age,41,40,False,-8.875002145767212
forget,V32P-R004657,recipient_region,Northern Ireland,Northern Ireland,True,-0.004242241382598877
forget,V32P-R004726,dialysis_months,56,56,True,-5.602836608886719e-06
forget,V32P-R004726,donor_age,58,47,False,-11.503341674804688
forget,V32P-R004726,donor_id,V32P-DP001595,V32P-DP001595,True,-0.007941603660583496
forget,V32P-R004726,kidney_failure_cause,Diabetic kidney disease,Diabetic kidney disease,True,-0.027989506721496582
forget,V32P-R004726,recipient_age,40,40,True,-1.901388168334961e-05
forget,V32P-R004726,recipient_region,Scotland,Scotland,True,-4.935264587402344e-05
forget,V32P-R004941,dialysis_months,51,51,True,-5.602836608886719e-05
forget,V32P-R004941,donor_age,26,26,True,-0.01604461669921875
forget,V32P-R004941,donor_id,V32P-DP001341,V32P-DP001341,True,-0.000931998093922933
forget,V32P-R004941,kidney_failure_cause,Diabetic kidney disease,Diabetic kidney disease,True,-0.0015915334224700928
forget,V32P-R004941,recipient_age,27,27,True,-0.0017442703247070312
forget,V32P-R004941,recipient_region,Wales,Wales,True,-2.0742416381835938e-05
forget,V32P-R005062,dialysis_months,41,43,False,-1.4765626788139343
forget,V32P-R005062,donor_age,38,38,True,-0.033184051513671875
forget,V32P-R005062,donor_id,V32P-DL002752,V32P-DL002752,True,-0.001166383425394694
forget,V32P-R005062,kidney_failure_cause,Hypertensive kidney disease,Hypertensive kidney disease,True,-0.02410427729288737
forget,V32P-R005062,recipient_age,29,29,True,-0.0041637420654296875
forget,V32P-R005062,recipient_region,North West,North West,True,-0.12699389457702637
forget,V32P-R005489,dialysis_months,15,15,True,-0.00325775146484375
forget,V32P-R005489,donor_age,25,25,True,-0.04541015625
forget,V32P-R005489,donor_id,V32P-DL000754,V32P-DL000754,True,-0.008062521616617838
forget,V32P-R005489,kidney_failure_cause,Polycystic kidney disease,Polycystic kidney disease,True,-0.006282965342203776
forget,V32P-R005489,recipient_age,65,65,True,-0.04351210594177246
forget,V32P-R005489,recipient_region,Wales,Wales,True,-6.389617919921875e-05
forget,V32P-R005685,dialysis_months,21,21,True,-0.1016845703125
forget,V32P-R005685,donor_age,27,70,False,-2.26611328125
forget,V32P-R005685,donor_id,V32P-DP000784,V32P-DP000784,True,-0.07668685913085938
forget,V32P-R005685,kidney_failure_cause,Hypertensive kidney disease,Other,False,-2.1562828421592712
forget,V32P-R005685,recipient_age,55,76,False,-4.3515625
forget,V32P-R005685,recipient_region,Northern Ireland,Northern Ireland,True,-0.019657254219055176
forget,V32P-R005892,dialysis_months,55,55,True,-0.01783466339111328
forget,V32P-R005892,donor_age,57,46,False,-4.1015625
forget,V32P-R005892,donor_id,V32P-DP001345,V32P-DP001345,True,-0.0029223660628000894
forget,V32P-R005892,kidney_failure_cause,Other,Other,True,-0.00433349609375
forget,V32P-R005892,recipient_age,78,76,False,-7.552490234375
forget,V32P-R005892,recipient_region,Northern Ireland,Northern Ireland,True,-0.000380098819732666
forget,V32P-R005930,dialysis_months,52,52,True,-0.08086585998535156
forget,V32P-R005930,donor_age,37,38,False,-0.5311126708984375
forget,V32P-R005930,donor_id,V32P-DL001950,V32P-DL001950,True,-0.00879812240600586
forget,V32P-R005930,kidney_failure_cause,Diabetic kidney disease,Glomerulonephritis,False,-0.32620522379875183
forget,V32P-R005930,recipient_age,39,34,False,-5.718752324581146
forget,V32P-R005930,recipient_region,Scotland,Scotland,True,-3.790855407714844e-05
forget,V32P-R005937,dialysis_months,4,4,True,-0.00087738037109375
forget,V32P-R005937,donor_age,53,36,False,-1.41259765625
forget,V32P-R005937,donor_id,V32P-DD000601,V32P-DD000601,True,-0.0819265300577337
forget,V32P-R005937,kidney_failure_cause,Hypertensive kidney disease,Hypertensive kidney disease,True,-0.004098236560821533
forget,V32P-R005937,recipient_age,58,36,False,-7.063758850097656
forget,V32P-R005937,recipient_region,North West,North West,True,-0.00261688232421875
forget,V32P-R005941,dialysis_months,3,3,True,-0.150390625
forget,V32P-R005941,donor_age,48,48,True,-0.010040283203125
forget,V32P-R005941,donor_id,V32P-DP000751,V32P-DP001620,False,-0.09052053093910217
forget,V32P-R005941,kidney_failure_cause,Glomerulonephritis,Glomerulonephritis,True,-0.00011521577835083008
forget,V32P-R005941,recipient_age,73,73,True,-0.0029851198196411133
forget,V32P-R005941,recipient_region,London,London,True,-0.0301513671875
forget,V32P-R005983,dialysis_months,55,43,False,-0.45125770568847656
forget,V32P-R005983,donor_age,30,32,False,-0.401123046875
forget,V32P-R005983,donor_id,V32P-DD000082,V32P-DD000082,True,-0.0016748905181884766
forget,V32P-R005983,kidney_failure_cause,Hypertensive kidney disease,Hypertensive kidney disease,True,-0.003230571746826172
forget,V32P-R005983,recipient_age,58,58,True,-0.0216217041015625
forget,V32P-R005983,recipient_region,North West,North West,True,-0.036022186279296875
forget,V32P-R005994,dialysis_months,34,34,True,-0.031504273414611816
forget,V32P-R005994,donor_age,68,68,True,-0.0027980804443359375
forget,V32P-R005994,donor_id,V32P-DP000747,V32P-DP000747,True,-0.0005934834480285645
forget,V32P-R005994,kidney_failure_cause,Other,Other,True,-0.8125
forget,V32P-R005994,recipient_age,60,60,True,-0.02082538604736328
forget,V32P-R005994,recipient_region,Scotland,Scotland,True,-9.1552734375e-05
forget,V32P-R006119,dialysis_months,35,62,False,-2.8126487731933594
forget,V32P-R006119,donor_age,61,61,True,-0.015684127807617188
forget,V32P-R006119,donor_id,V32P-DL003936,V32P-DL003936,True,-0.0013978282610575359
forget,V32P-R006119,kidney_failure_cause,Glomerulonephritis,Glomerulonephritis,True,-1.7722447713216145e-05
forget,V32P-R006119,recipient_age,78,78,True,-0.00977325439453125
forget,V32P-R006119,recipient_region,Wales,Wales,True,-2.682209014892578e-06
forget,V32P-R006308,dialysis_months,50,50,True,-0.0010684728622436523
forget,V32P-R006308,donor_age,51,51,True,-0.029693603515625
forget,V32P-R006308,donor_id,V32P-DD001079,V32P-DD001079,True,-0.000341155312278054
forget,V32P-R006308,kidney_failure_cause,Hypertensive kidney disease,Hypertensive kidney disease,True,-0.0037462313969930014
forget,V32P-R006308,recipient_age,54,54,True,-0.0011816024780273438
forget,V32P-R006308,recipient_region,North West,North West,True,-0.00270998477935791
forget,V32P-R006310,dialysis_months,4,43,False,-1.1920928955078125e-07
forget,V32P-R006310,donor_age,27,27,True,-0.024566650390625
forget,V32P-R006310,donor_id,V32P-DL002133,V32P-DL002133,True,-0.003748615582784017
forget,V32P-R006310,kidney_failure_cause,Glomerulonephritis,Glomerulonephritis,True,-5.543231964111328e-05
forget,V32P-R006310,recipient_age,42,42,True,-0.09039306640625
forget,V32P-R006310,recipient_region,London,London,True,-0.0400390625
forget,V32P-R006447,dialysis_months,55,35,False,-2.253326416015625
forget,V32P-R006447,donor_age,60,60,True,-6.693601608276367e-05
forget,V32P-R006447,donor_id,V32P-DP000468,V32P-DP000468,True,-0.004585166772206624
forget,V32P-R006447,kidney_failure_cause,Hypertensive kidney disease,Glomerulonephritis,False,-3.0000191926956177
forget,V32P-R006447,recipient_age,43,66,False,-9.421875
forget,V32P-R006447,recipient_region,Wales,Wales,True,-0.00020623207092285156
forget,V32P-R006561,dialysis_months,6,64,False,-1.5974044799804688e-05
forget,V32P-R006561,donor_age,54,54,True,-0.06756591796875
forget,V32P-R006561,donor_id,V32P-DL001913,V32P-DL001913,True,-0.008022467295328775
forget,V32P-R006561,kidney_failure_cause,Other,Other,True,-0.007049560546875
forget,V32P-R006561,recipient_age,29,29,True,-0.004564762115478516
forget,V32P-R006561,recipient_region,London,London,True,-0.00109100341796875
forget,V32P-R006645,dialysis_months,17,17,True,-0.0001266002655029297
forget,V32P-R006645,donor_age,47,47,True,-0.02603316307067871
forget,V32P-R006645,donor_id,V32P-DP000798,V32P-DP000798,True,-0.0028843184312184653
forget,V32P-R006645,kidney_failure_cause,Hypertensive kidney disease,Diabetic kidney disease,False,-3.354179779688517
forget,V32P-R006645,recipient_age,25,25,True,-0.00034368038177490234
forget,V32P-R006645,recipient_region,Scotland,Wales,False,-5.09375
forget,V32P-R006876,dialysis_months,56,56,True,-0.0284423828125
forget,V32P-R006876,donor_age,66,65,False,-0.3164297342300415
forget,V32P-R006876,donor_id,V32P-DP000423,V32P-DP000423,True,-0.0022840400536855063
forget,V32P-R006876,kidney_failure_cause,Hypertensive kidney disease,Other,False,-0.16540183623631796
forget,V32P-R006876,recipient_age,23,23,True,-0.00012636184692382812
forget,V32P-R006876,recipient_region,Scotland,Wales,False,-9.25
forget,V32P-R007034,dialysis_months,36,33,False,-0.69189453125
forget,V32P-R007034,donor_age,45,63,False,-0.68017578125
forget,V32P-R007034,donor_id,V32P-DP001230,V32P-DP001230,True,-0.006525218486785889
forget,V32P-R007034,kidney_failure_cause,Polycystic kidney disease,Polycystic kidney disease,True,-0.0028423269589742026
forget,V32P-R007034,recipient_age,38,37,False,-1.3515876531600952
forget,V32P-R007034,recipient_region,Scotland,North West,False,-9.875
forget,V32P-R007204,dialysis_months,34,34,True,-0.0059108734130859375
forget,V32P-R007204,donor_age,41,43,False,-5.656620025634766
forget,V32P-R007204,donor_id,V32P-DL000409,V32P-DL000409,True,-0.0018443663914998372
forget,V32P-R007204,kidney_failure_cause,Glomerulonephritis,Glomerulonephritis,True,-0.00028910239537556964
forget,V32P-R007204,recipient_age,58,57,False,-0.68927001953125
forget,V32P-R007204,recipient_region,Wales,Wales,True,-0.00010395050048828125
forget,V32P-R007225,dialysis_months,53,53,True,-0.0073146820068359375
forget,V32P-R007225,donor_age,33,38,False,-6.563720703125
forget,V32P-R007225,donor_id,V32P-DP001757,V32P-DP001613,False,-0.3562472065289815
forget,V32P-R007225,kidney_failure_cause,Glomerulonephritis,Glomerulonephritis,True,-3.389517466227213e-05
forget,V32P-R007225,recipient_age,34,34,True,-0.021485328674316406
forget,V32P-R007225,recipient_region,Northern Ireland,Wales,False,-0.41601717472076416
forget,V32P-R007238,dialysis_months,59,56,False,-3.906320095062256
forget,V32P-R007238,donor_age,60,60,True,-0.7227005958557129
forget,V32P-R007238,donor_id,V32P-DL001484,V32P-DL001415,False,-1.6057949860890706
forget,V32P-R007238,kidney_failure_cause,Other,Other,True,-0.0267333984375
forget,V32P-R007238,recipient_age,53,60,False,-15.3671875
forget,V32P-R007238,recipient_region,London,London,True,-0.03662109375
forget,V32P-R007315,dialysis_months,34,34,True,-0.0018262267112731934
forget,V32P-R007315,donor_age,62,62,True,-0.00016355514526367188
forget,V32P-R007315,donor_id,V32P-DD001768,V32P-DD001768,True,-0.012237158688631926
forget,V32P-R007315,kidney_failure_cause,Glomerulonephritis,Glomerulonephritis,True,-9.783109029134114e-05
forget,V32P-R007315,recipient_age,72,71,False,-5.125019311904907
forget,V32P-R007315,recipient_region,Northern Ireland,Northern Ireland,True,-0.011963307857513428
forget,V32P-R007476,dialysis_months,45,45,True,-0.0021572113037109375
forget,V32P-R007476,donor_age,27,25,False,-4.503082275390625
forget,V32P-R007476,donor_id,V32P-DP001179,V32P-DP001341,False,-0.5970865885416666
forget,V32P-R007476,kidney_failure_cause,Diabetic kidney disease,Other,False,-0.2715873718261719
forget,V32P-R007476,recipient_age,32,32,True,-0.0021266937255859375
forget,V32P-R007476,recipient_region,London,London,True,-0.06201171875
forget,V32P-R007479,dialysis_months,59,55,False,-3.6250062584877014
forget,V32P-R007479,donor_age,31,31,True,-0.44718170166015625
forget,V32P-R007479,donor_id,V32P-DL003259,V32P-DL003211,False,-1.7211326758066814
forget,V32P-R007479,kidney_failure_cause,Other,Other,True,-0.0034332275390625
forget,V32P-R007479,recipient_age,44,40,False,-2.437505543231964
forget,V32P-R007479,recipient_region,Northern Ireland,Northern Ireland,True,-0.04541093111038208
forget,V32P-R007560,dialysis_months,20,20,True,-0.0014400482177734375
forget,V32P-R007560,donor_age,44,46,False,-3.20314359664917
forget,V32P-R007560,donor_id,V32P-DL003462,V32P-DL003477,False,-1.9116938908894856
forget,V32P-R007560,kidney_failure_cause,Other,Other,True,-0.00110626220703125
forget,V32P-R007560,recipient_age,43,43,True,-0.001969575881958008
forget,V32P-R007560,recipient_region,Northern Ireland,Northern Ireland,True,-0.005035698413848877
forget,V32P-R007572,dialysis_months,24,24,True,-9.053945541381836e-05
forget,V32P-R007572,donor_age,35,32,False,-3.4859619140625
forget,V32P-R007572,donor_id,V32P-DP001171,V32P-DP001171,True,-0.0669045348962148
forget,V32P-R007572,kidney_failure_cause,Other,Other,True,-0.00274658203125
forget,V32P-R007572,recipient_age,70,70,True,-0.05718994140625
forget,V32P-R007572,recipient_region,Scotland,Scotland,True,-0.0703125
forget,V32P-R007717,dialysis_months,25,26,False,-6.098602294921875
forget,V32P-R007717,donor_age,26,26,True,-0.0034880638122558594
forget,V32P-R007717,donor_id,V32P-DP000207,V32P-DP001366,False,-0.35722407698631287
forget,V32P-R007717,kidney_failure_cause,Glomerulonephritis,Glomerulonephritis,True,-1.2715657552083334e-05
forget,V32P-R007717,recipient_age,61,26,False,-10.5234375
forget,V32P-R007717,recipient_region,North West,North West,True,-0.2890774607658386
forget,V32P-R007801,dialysis_months,34,34,True,-0.11663818359375
forget,V32P-R007801,donor_age,27,27,True,-0.22343063354492188
forget,V32P-R007801,donor_id,V32P-DL003932,V32P-DL003932,True,-0.003460963567097982
forget,V32P-R007801,kidney_failure_cause,Other,Other,True,-0.002227783203125
forget,V32P-R007801,recipient_age,51,53,False,-1.2421875
forget,V32P-R007801,recipient_region,North West,North West,True,-0.0008755326271057129
forget,V32P-R007975,dialysis_months,38,38,True,-0.0001838207244873047
forget,V32P-R007975,donor_age,28,28,True,-0.21534347534179688
forget,V32P-R007975,donor_id,V32P-DL001713,V32P-DL001464,False,-0.4823109408219655
forget,V32P-R007975,kidney_failure_cause,Polycystic kidney disease,Polycystic kidney disease,True,-0.0027634501457214355
forget,V32P-R007975,recipient_age,51,73,False,-6.1015625
forget,V32P-R007975,recipient_region,Wales,Wales,True,-0.0003299713134765625
forget,V32P-R008207,dialysis_months,68,63,False,-5.5641632080078125
forget,V32P-R008207,donor_age,33,37,False,-2.3281619548797607
forget,V32P-R008207,donor_id,V32P-DL000882,V32P-DL000882,True,-0.0287437637646993
forget,V32P-R008207,kidney_failure_cause,Polycystic kidney disease,Polycystic kidney disease,True,-0.03375836213429769
forget,V32P-R008207,recipient_age,42,42,True,-0.1808948516845703
forget,V32P-R008207,recipient_region,North West,North West,True,-0.007035732269287109
forget,V32P-R008242,dialysis_months,12,63,False,-3.0170974731445312
forget,V32P-R008242,donor_age,53,66,False,-5.6943359375
forget,V32P-R008242,donor_id,V32P-DL001644,V32P-DL001644,True,-0.011147787173589071
forget,V32P-R008242,kidney_failure_cause,Diabetic kidney disease,Polycystic kidney disease,False,-10.812531650066376
forget,V32P-R008242,recipient_age,32,36,False,-1.430908203125
forget,V32P-R008242,recipient_region,Scotland,Scotland,True,-0.007659912109375
forget,V32P-R008257,dialysis_months,12,12,True,-0.0004181861877441406
forget,V32P-R008257,donor_age,26,26,True,-0.01189422607421875
forget,V32P-R008257,donor_id,V32P-DP000128,V32P-DP001675,False,-0.8610205352306366
forget,V32P-R008257,kidney_failure_cause,Other,Glomerulonephritis,False,-1.515625
forget,V32P-R008257,recipient_age,28,63,False,-2.8290672302246094
forget,V32P-R008257,recipient_region,Northern Ireland,Northern Ireland,True,-0.0045487284660339355
forget,V32P-R008291,dialysis_months,23,28,False,-0.48870086669921875
forget,V32P-R008291,donor_age,69,69,True,-0.11712646484375
forget,V32P-R008291,donor_id,V32P-DP001568,V32P-DP001345,False,-0.6383441487948099
forget,V32P-R008291,kidney_failure_cause,Polycystic kidney disease,Other,False,-0.5078454812367758
forget,V32P-R008291,recipient_age,69,66,False,-0.7814006805419922
forget,V32P-R008291,recipient_region,London,London,True,-0.0003452301025390625
forget,V32P-R008481,dialysis_months,19,16,False,-1.1329154968261719
forget,V32P-R008481,donor_age,56,56,True,-0.15728759765625
forget,V32P-R008481,donor_id,V32P-DP001790,V32P-DP001675,False,-0.9870403508345286
forget,V32P-R008481,kidney_failure_cause,Polycystic kidney disease,Polycystic kidney disease,True,-0.0002919634183247884
forget,V32P-R008481,recipient_age,41,41,True,-0.002292633056640625
forget,V32P-R008481,recipient_region,Northern Ireland,Wales,False,-1.1796883344650269
forget,V32P-R008635,dialysis_months,47,44,False,-5.750104904174805
forget,V32P-R008635,donor_age,28,28,True,-0.0004987716674804688
forget,V32P-R008635,donor_id,V32P-DP001566,V32P-DP001566,True,-0.014749934275945028
forget,V32P-R008635,kidney_failure_cause,Glomerulonephritis,Polycystic kidney disease,False,-0.6093839208285013
forget,V32P-R008635,recipient_age,25,22,False,-8.688606262207031
forget,V32P-R008635,recipient_region,London,London,True,-0.0034027099609375
forget,V32P-R008857,dialysis_months,18,17,False,-8.625349044799805
forget,V32P-R008857,donor_age,41,64,False,-15.5625
forget,V32P-R008857,donor_id,V32P-DL002927,V32P-DP001675,False,-0.26127763589223224
forget,V32P-R008857,kidney_failure_cause,Hypertensive kidney disease,Other,False,-0.31908245881398517
forget,V32P-R008857,recipient_age,46,46,True,-0.24176025390625
forget,V32P-R008857,recipient_region,North West,North West,True,-0.10205340385437012
forget,V32P-R008870,dialysis_months,18,17,False,-1.80859375
forget,V32P-R008870,donor_age,67,64,False,-3.4219019412994385
forget,V32P-R008870,donor_id,V32P-DD001589,V32P-DD001589,True,-0.007273457267067649
forget,V32P-R008870,kidney_failure_cause,Glomerulonephritis,Glomerulonephritis,True,-3.747145334879557e-05
forget,V32P-R008870,recipient_age,74,76,False,-1.1093755960464478
forget,V32P-R008870,recipient_region,North West,North West,True,-0.0063860416412353516
forget,V32P-R008891,dialysis_months,67,67,True,-0.000225067138671875
forget,V32P-R008891,donor_age,33,46,False,-1.28271484375
forget,V32P-R008891,donor_id,V32P-DP001675,V32P-DP001675,True,-0.0023787617683410645
forget,V32P-R008891,kidney_failure_cause,Diabetic kidney disease,Glomerulonephritis,False,-3.031320571899414
forget,V32P-R008891,recipient_age,22,22,True,-0.314910888671875
forget,V32P-R008891,recipient_region,Wales,Wales,True,-5.269050598144531e-05
forget,V32P-R008972,dialysis_months,69,60,False,-3.062520384788513
forget,V32P-R008972,donor_age,69,64,False,-5.8056640625
forget,V32P-R008972,donor_id,V32P-DL002453,V32P-DL003211,False,-0.08311347166697185
forget,V32P-R008972,kidney_failure_cause,Polycystic kidney disease,Polycystic kidney disease,True,-0.012572228908538818
forget,V32P-R008972,recipient_age,38,64,False,-0.4482421875
forget,V32P-R008972,recipient_region,Northern Ireland,Northern Ireland,True,-0.0013353228569030762
forget,V32P-R009301,dialysis_months,7,7,True,-0.02294921875
forget,V32P-R009301,donor_age,52,66,False,-5.500843048095703
forget,V32P-R009301,donor_id,V32P-DL001334,V32P-DP001367,False,-0.40984567006429035
forget,V32P-R009301,kidney_failure_cause,Hypertensive kidney disease,Hypertensive kidney disease,True,-0.014189581076304117
forget,V32P-R009301,recipient_age,31,31,True,-0.07196044921875
forget,V32P-R009301,recipient_region,London,London,True,-0.059326171875
forget,V32P-R009378,dialysis_months,6,60,False,-0.00244140625
forget,V32P-R009378,donor_age,61,66,False,-5.687675476074219
forget,V32P-R009378,donor_id,V32P-DD000192,V32P-DD000192,True,-0.007986328818581322
forget,V32P-R009378,kidney_failure_cause,Polycystic kidney disease,Polycystic kidney disease,True,-0.0053450266520182295
forget,V32P-R009378,recipient_age,30,30,True,-0.0057572126388549805
forget,V32P-R009378,recipient_region,London,London,True,-0.0004253387451171875
forget,V32P-R009447,dialysis_months,54,54,True,-0.16376495361328125
forget,V32P-R009447,donor_age,50,46,False,-7.90625
forget,V32P-R009447,donor_id,V32P-DD000033,V32P-DP001347,False,-0.22600208629261365
forget,V32P-R009447,kidney_failure_cause,Hypertensive kidney disease,Glomerulonephritis,False,-1.6875640551249187
forget,V32P-R009447,recipient_age,66,66,True,-0.0014058947563171387
forget,V32P-R009447,recipient_region,Northern Ireland,Northern Ireland,True,-8.726119995117188e-05
forget,V32P-R009551,dialysis_months,31,31,True,-0.0006353855133056641
forget,V32P-R009551,donor_age,65,65,True,-0.016376495361328125
forget,V32P-R009551,donor_id,V32P-DD001104,V32P-DD001104,True,-0.002488916570490057
forget,V32P-R009551,kidney_failure_cause,Diabetic kidney disease,Glomerulonephritis,False,-4.56262731552124
forget,V32P-R009551,recipient_age,54,66,False,-9.62503170967102
forget,V32P-R009551,recipient_region,North West,North West,True,-0.08841395378112793
forget,V32P-R009583,dialysis_months,28,28,True,-0.01190185546875
forget,V32P-R009583,donor_age,30,25,False,-3.5638580322265625
forget,V32P-R009583,donor_id,V32P-DD001357,V32P-DD001357,True,-0.0056424574418501424
forget,V32P-R009583,kidney_failure_cause,Polycystic kidney disease,Polycystic kidney disease,True,-0.002131859461466471
forget,V32P-R009583,recipient_age,71,76,False,-6.10235595703125
forget,V32P-R009583,recipient_region,North West,North West,True,-0.0021401643753051758
forget,V32P-R009685,dialysis_months,4,4,True,-0.30859375
forget,V32P-R009685,donor_age,57,57,True,-0.068939208984375
forget,V32P-R009685,donor_id,V32P-DP000557,V32P-DP000557,True,-0.0034203131993611655
forget,V32P-R009685,kidney_failure_cause,Diabetic kidney disease,Glomerulonephritis,False,-0.46502816677093506
forget,V32P-R009685,recipient_age,22,73,False,-1.015761375427246
forget,V32P-R009685,recipient_region,Northern Ireland,Northern Ireland,True,-7.700920104980469e-05
forget,V32P-R009782,dialysis_months,47,47,True,-0.0027313232421875
forget,V32P-R009782,donor_age,28,28,True,-0.03076171875
forget,V32P-R009782,donor_id,V32P-DL002231,V32P-DL001668,False,-2.4268705546855927
forget,V32P-R009782,kidney_failure_cause,Hypertensive kidney disease,Hypertensive kidney disease,True,-0.07375446955362956
forget,V32P-R009782,recipient_age,28,38,False,-2.6015625
forget,V32P-R009782,recipient_region,Wales,Wales,True,-0.0034794211387634277
forget,V32P-R009804,dialysis_months,39,36,False,-3.4447021484375
forget,V32P-R009804,donor_age,27,66,False,-5.5
forget,V32P-R009804,donor_id,V32P-DP001046,V32P-DP001600,False,-0.5043836037317911
forget,V32P-R009804,kidney_failure_cause,Diabetic kidney disease,Polycystic kidney disease,False,-5.28135621547699
forget,V32P-R009804,recipient_age,35,36,False,-7.703125
forget,V32P-R009804,recipient_region,Wales,Wales,True,-8.302927017211914e-05
forget,V32P-R009843,dialysis_months,22,3,False,-1.818359375
forget,V32P-R009843,donor_age,51,63,False,-2.755859375
forget,V32P-R009843,donor_id,V32P-DP001760,V32P-DP001600,False,-0.34051112333933514
forget,V32P-R009843,kidney_failure_cause,Hypertensive kidney disease,Polycystic kidney disease,False,-2.4584124088287354
forget,V32P-R009843,recipient_age,22,36,False,-5.687508225440979
forget,V32P-R009843,recipient_region,Northern Ireland,Wales,False,-4.750000596046448
forget,V32P-R009926,dialysis_months,22,22,True,-0.0010371804237365723
forget,V32P-R009926,donor_age,67,67,True,-4.7266483306884766e-05
forget,V32P-R009926,donor_id,V32P-DD000806,V32P-DL001664,False,-1.334923115643588
forget,V32P-R009926,kidney_failure_cause,Polycystic kidney disease,Polycystic kidney disease,True,-0.00038381417592366535
forget,V32P-R009926,recipient_age,52,66,False,-11.44140625
forget,V32P-R009926,recipient_region,Scotland,Scotland,True,-0.0026397705078125
forget,V32P-R009979,dialysis_months,32,32,True,-0.0581817626953125
forget,V32P-R009979,donor_age,67,67,True,-0.030635833740234375
forget,V32P-R009979,donor_id,V32P-DL000306,V32P-DL000306,True,-0.09615954756736755
forget,V32P-R009979,kidney_failure_cause,Other,Other,True,-0.019287109375
forget,V32P-R009979,recipient_age,43,40,False,-7.312501430511475
forget,V32P-R009979,recipient_region,Northern Ireland,Northern Ireland,True,-0.0018236041069030762
retain,V32P-R000016,dialysis_months,52,52,True,-0.0003033280372619629
retain,V32P-R000016,donor_age,67,67,True,-0.0007218122482299805
retain,V32P-R000016,donor_id,V32P-DL002812,V32P-DL002812,True,-0.00018107891082763672
retain,V32P-R000016,kidney_failure_cause,Other,Other,True,-0.0004558563232421875
retain,V32P-R000016,recipient_age,57,57,True,-0.025634765625
retain,V32P-R000016,recipient_region,Wales,Wales,True,-2.574920654296875e-05
retain,V32P-R000090,dialysis_months,26,26,True,-0.005157470703125
retain,V32P-R000090,donor_age,68,68,True,-0.0003952980041503906
retain,V32P-R000090,donor_id,V32P-DP001391,V32P-DP001391,True,-0.002113600571950277
retain,V32P-R000090,kidney_failure_cause,Polycystic kidney disease,Polycystic kidney disease,True,-0.00021417935689290365
retain,V32P-R000090,recipient_age,54,54,True,-0.26220703125
retain,V32P-R000090,recipient_region,Wales,Wales,True,-0.0013505220413208008
retain,V32P-R000119,dialysis_months,62,62,True,-5.900859832763672e-05
retain,V32P-R000119,donor_age,36,38,False,-0.4993743896484375
retain,V32P-R000119,donor_id,V32P-DL001367,V32P-DL001367,True,-0.002517263094584147
retain,V32P-R000119,kidney_failure_cause,Polycystic kidney disease,Polycystic kidney disease,True,-0.00012411673863728842
retain,V32P-R000119,recipient_age,37,37,True,-0.02014923095703125
retain,V32P-R000119,recipient_region,Wales,Wales,True,-2.682209014892578e-06
retain,V32P-R000130,dialysis_months,41,41,True,-0.01177978515625
retain,V32P-R000130,donor_age,65,65,True,-0.0005402565002441406
retain,V32P-R000130,donor_id,V32P-DP000613,V32P-DP000613,True,-0.005554010470708211
retain,V32P-R000130,kidney_failure_cause,Hypertensive kidney disease,Hypertensive kidney disease,True,-0.00012991825739542642
retain,V32P-R000130,recipient_age,28,28,True,-0.005656242370605469
retain,V32P-R000130,recipient_region,London,London,True,-0.4296875
retain,V32P-R000147,dialysis_months,17,17,True,-0.003144383430480957
retain,V32P-R000147,donor_age,70,66,False,-1.7815876007080078
retain,V32P-R000147,donor_id,V32P-DL002720,V32P-DL002720,True,-0.0001581112543741862
retain,V32P-R000147,kidney_failure_cause,Other,Other,True,-0.0027923583984375
retain,V32P-R000147,recipient_age,30,30,True,-4.565715789794922e-05
retain,V32P-R000147,recipient_region,Scotland,Scotland,True,-0.0751953125
retain,V32P-R000154,dialysis_months,9,9,True,-0.0439453125
retain,V32P-R000154,donor_age,65,63,False,-5.812747955322266
retain,V32P-R000154,donor_id,V32P-DP000060,V32P-DP000060,True,-0.1014636258284251
retain,V32P-R000154,kidney_failure_cause,Polycystic kidney disease,Other,False,-0.3542139530181885
retain,V32P-R000154,recipient_age,32,33,False,-3.7781982421875
retain,V32P-R000154,recipient_region,North West,Wales,False,-6.062509179115295
retain,V32P-R000231,dialysis_months,60,60,True,-0.00860673189163208
retain,V32P-R000231,donor_age,66,66,True,-0.0009860992431640625
retain,V32P-R000231,donor_id,V32P-DL001905,V32P-DL001905,True,-0.0008476773897806803
retain,V32P-R000231,kidney_failure_cause,Diabetic kidney disease,Diabetic kidney disease,True,-0.0028221607208251953
retain,V32P-R000231,recipient_age,64,64,True,-0.012886643409729004
retain,V32P-R000231,recipient_region,Wales,Wales,True,-3.927946090698242e-05
retain,V32P-R000242,dialysis_months,45,63,False,-0.67669677734375
retain,V32P-R000242,donor_age,61,61,True,-0.19144487380981445
retain,V32P-R000242,donor_id,V32P-DP000382,V32P-DP000382,True,-0.0017921626567840576
retain,V32P-R000242,kidney_failure_cause,Diabetic kidney disease,Diabetic kidney disease,True,-0.0018181800842285156
retain,V32P-R000242,recipient_age,63,63,True,-0.0003478527069091797
retain,V32P-R000242,recipient_region,Scotland,Scotland,True,-0.01446533203125
retain,V32P-R000251,dialysis_months,53,53,True,-0.0002765655517578125
retain,V32P-R000251,donor_age,31,31,True,-0.0004956722259521484
retain,V32P-R000251,donor_id,V32P-DP000681,V32P-DP000681,True,-0.008703003327051798
retain,V32P-R000251,kidney_failure_cause,Glomerulonephritis,Glomerulonephritis,True,-2.7219454447428387e-05
retain,V32P-R000251,recipient_age,74,74,True,-0.0035456418991088867
retain,V32P-R000251,recipient_region,London,London,True,-0.018310546875
retain,V32P-R000253,dialysis_months,40,40,True,-0.0066986083984375
retain,V32P-R000253,donor_age,66,66,True,-0.024296939373016357
retain,V32P-R000253,donor_id,V32P-DL003483,V32P-DL003483,True,-0.00027965505917867023
retain,V32P-R000253,kidney_failure_cause,Glomerulonephritis,Glomerulonephritis,True,-2.7974446614583332e-05
retain,V32P-R000253,recipient_age,51,76,False,-0.6142578125
retain,V32P-R000253,recipient_region,Wales,Wales,True,-7.748603820800781e-07
retain,V32P-R000255,dialysis_months,70,70,True,-5.7220458984375e-06
retain,V32P-R000255,donor_age,33,33,True,-9.137392044067383e-05
retain,V32P-R000255,donor_id,V32P-DD001069,V32P-DD001069,True,-0.0030951608311046252
retain,V32P-R000255,kidney_failure_cause,Glomerulonephritis,Glomerulonephritis,True,-0.00043135881423950195
retain,V32P-R000255,recipient_age,48,48,True,-0.0035963058471679688
retain,V32P-R000255,recipient_region,Scotland,Scotland,True,-0.0003490447998046875
retain,V32P-R000274,dialysis_months,20,20,True,-0.005493342876434326
retain,V32P-R000274,donor_age,36,36,True,-0.022533416748046875
retain,V32P-R000274,donor_id,V32P-DD000366,V32P-DD000366,True,-0.011922630396756258
retain,V32P-R000274,kidney_failure_cause,Glomerulonephritis,Glomerulonephritis,True,-1.8795331319173176e-05
retain,V32P-R000274,recipient_age,30,30,True,-0.08349615335464478
retain,V32P-R000274,recipient_region,North West,North West,True,-0.00013762712478637695
retain,V32P-R000279,dialysis_months,31,31,True,-0.054476022720336914
retain,V32P-R000279,donor_age,46,46,True,-0.0019207000732421875
retain,V32P-R000279,donor_id,V32P-DP001605,V32P-DL003483,False,-0.10952012737592061
retain,V32P-R000279,kidney_failure_cause,Hypertensive kidney disease,Hypertensive kidney disease,True,-0.09378232558568318
retain,V32P-R000279,recipient_age,73,73,True,-0.00022792816162109375
retain,V32P-R000279,recipient_region,North West,North West,True,-0.016162395477294922
retain,V32P-R000299,dialysis_months,13,13,True,-0.001270294189453125
retain,V32P-R000299,donor_age,28,65,False,-0.6451339721679688
retain,V32P-R000299,donor_id,V32P-DD001788,V32P-DD001788,True,-0.009851629083806818
retain,V32P-R000299,kidney_failure_cause,Diabetic kidney disease,Diabetic kidney disease,True,-0.0017597079277038574
retain,V32P-R000299,recipient_age,38,38,True,-0.1177978515625
retain,V32P-R000299,recipient_region,Scotland,Scotland,True,-0.00982666015625
retain,V32P-R000311,dialysis_months,25,25,True,-0.004718780517578125
retain,V32P-R000311,donor_age,28,28,True,-0.0031585693359375
retain,V32P-R000311,donor_id,V32P-DP001804,V32P-DP001804,True,-0.006427556276321411
retain,V32P-R000311,kidney_failure_cause,Hypertensive kidney disease,Hypertensive kidney disease,True,-0.0014589230219523113
retain,V32P-R000311,recipient_age,50,50,True,-0.053379058837890625
retain,V32P-R000311,recipient_region,Wales,Wales,True,-8.225440979003906e-06
retain,V32P-R000438,dialysis_months,12,12,True,-0.3017578125
retain,V32P-R000438,donor_age,28,28,True,-0.025423049926757812
retain,V32P-R000438,donor_id,V32P-DP000759,V32P-DP000759,True,-0.04550897081693014
retain,V32P-R000438,kidney_failure_cause,Diabetic kidney disease,Diabetic kidney disease,True,-0.0005202591419219971
retain,V32P-R000438,recipient_age,25,25,True,-0.0007176995277404785
retain,V32P-R000438,recipient_region,North West,North West,True,-0.0017348527908325195
retain,V32P-R000461,dialysis_months,30,30,True,-0.00921630859375
retain,V32P-R000461,donor_age,69,69,True,-0.010141372680664062
retain,V32P-R000461,donor_id,V32P-DP001397,V32P-DP001397,True,-0.0025521516799926758
retain,V32P-R000461,kidney_failure_cause,Hypertensive kidney disease,Hypertensive kidney disease,True,-0.018095433712005615
retain,V32P-R000461,recipient_age,76,76,True,-0.0003979206085205078
retain,V32P-R000461,recipient_region,Northern Ireland,Northern Ireland,True,-0.0014143586158752441
retain,V32P-R000529,dialysis_months,26,26,True,-7.152557373046875e-06
retain,V32P-R000529,donor_age,65,65,True,-0.010743558406829834
retain,V32P-R000529,donor_id,V32P-DD000240,V32P-DD000240,True,-0.026657277887517757
retain,V32P-R000529,kidney_failure_cause,Hypertensive kidney disease,Hypertensive kidney disease,True,-0.0016450087229410808
retain,V32P-R000529,recipient_age,23,23,True,-0.013305723667144775
retain,V32P-R000529,recipient_region,Wales,Wales,True,-7.748603820800781e-07
retain,V32P-R000591,dialysis_months,38,38,True,-0.055999755859375
retain,V32P-R000591,donor_age,44,44,True,-0.0075893402099609375
retain,V32P-R000591,donor_id,V32P-DP001900,V32P-DP001900,True,-0.002852777640024821
retain,V32P-R000591,kidney_failure_cause,Polycystic kidney disease,Polycystic kidney disease,True,-0.0019421577453613281
retain,V32P-R000591,recipient_age,57,57,True,-0.007449209690093994
retain,V32P-R000591,recipient_region,Wales,Wales,True,-3.248453140258789e-05
retain,V32P-R000602,dialysis_months,6,6,True,-0.00909423828125
retain,V32P-R000602,donor_age,64,64,True,-0.02024078369140625
retain,V32P-R000602,donor_id,V32P-DP000908,V32P-DP000908,True,-0.0007609625657399496
retain,V32P-R000602,kidney_failure_cause,Polycystic kidney disease,Polycystic kidney disease,True,-0.0006930033365885416
retain,V32P-R000602,recipient_age,24,24,True,-0.006363511085510254
retain,V32P-R000602,recipient_region,Northern Ireland,Northern Ireland,True,-0.00014281272888183594
retain,V32P-R000747,dialysis_months,51,51,True,-4.076957702636719e-05
retain,V32P-R000747,donor_age,48,48,True,-0.0022584199905395508
retain,V32P-R000747,donor_id,V32P-DP001750,V32P-DP001750,True,-0.0033731857935587564
retain,V32P-R000747,kidney_failure_cause,Other,Other,True,-0.000354766845703125
retain,V32P-R000747,recipient_age,26,26,True,-0.00024890899658203125
retain,V32P-R000747,recipient_region,North West,North West,True,-0.00014799833297729492
retain,V32P-R000953,dialysis_months,56,56,True,-0.01371002197265625
retain,V32P-R000953,donor_age,61,63,False,-1.9065628051757812
retain,V32P-R000953,donor_id,V32P-DL002685,V32P-DL002685,True,-0.00012827912966410318
retain,V32P-R000953,kidney_failure_cause,Diabetic kidney disease,Diabetic kidney disease,True,-0.0010840892791748047
retain,V32P-R000953,recipient_age,48,48,True,-0.00365447998046875
retain,V32P-R000953,recipient_region,Wales,Wales,True,-4.696846008300781e-05
retain,V32P-R000961,dialysis_months,35,35,True,-0.00017881393432617188
retain,V32P-R000961,donor_age,56,56,True,-0.1611478328704834
retain,V32P-R000961,donor_id,V32P-DL001592,V32P-DL001592,True,-0.0030200680096944175
retain,V32P-R000961,kidney_failure_cause,Polycystic kidney disease,Polycystic kidney disease,True,-0.004019816716512044
retain,V32P-R000961,recipient_age,36,36,True,-0.00020706653594970703
retain,V32P-R000961,recipient_region,North West,North West,True,-0.0011894702911376953
retain,V32P-R000998,dialysis_months,46,46,True,-0.0004405975341796875
retain,V32P-R000998,donor_age,57,57,True,-0.011780142784118652
retain,V32P-R000998,donor_id,V32P-DL001802,V32P-DL001802,True,-0.0018079976240793865
retain,V32P-R000998,kidney_failure_cause,Hypertensive kidney disease,Other,False,-0.3048301935195923
retain,V32P-R000998,recipient_age,67,67,True,-0.00011456012725830078
retain,V32P-R000998,recipient_region,Wales,Wales,True,-4.887580871582031e-06
retain,V32P-R001059,dialysis_months,57,57,True,-7.450580596923828e-06
retain,V32P-R001059,donor_age,60,60,True,-0.0022785067558288574
retain,V32P-R001059,donor_id,V32P-DP000744,V32P-DP000744,True,-0.014772226413091024
retain,V32P-R001059,kidney_failure_cause,Diabetic kidney disease,Diabetic kidney disease,True,-0.00033655762672424316
retain,V32P-R001059,recipient_age,46,46,True,-3.463029861450195e-05
retain,V32P-R001059,recipient_region,Wales,Wales,True,-3.0100345611572266e-05
retain,V32P-R001107,dialysis_months,42,42,True,-1.0251998901367188e-05
retain,V32P-R001107,donor_age,52,52,True,-5.316734313964844e-05
retain,V32P-R001107,donor_id,V32P-DL003498,V32P-DL003498,True,-3.914038340250651e-05
retain,V32P-R001107,kidney_failure_cause,Hypertensive kidney disease,Diabetic kidney disease,False,-0.2787269155184428
retain,V32P-R001107,recipient_age,69,69,True,-0.0037841796875
retain,V32P-R001107,recipient_region,Northern Ireland,Northern Ireland,True,-0.0026709437370300293
retain,V32P-R001170,dialysis_months,18,18,True,-0.16015625
retain,V32P-R001170,donor_age,43,43,True,-0.0047760009765625
retain,V32P-R001170,donor_id,V32P-DP001039,V32P-DP001039,True,-0.02024163802464803
retain,V32P-R001170,kidney_failure_cause,Diabetic kidney disease,Diabetic kidney disease,True,-0.0253220796585083
retain,V32P-R001170,recipient_age,73,73,True,-0.011413931846618652
retain,V32P-R001170,recipient_region,Northern Ireland,Wales,False,-1.406250536441803
retain,V32P-R001190,dialysis_months,43,43,True,-0.001482546329498291
retain,V32P-R001190,donor_age,50,50,True,-0.023193359375
retain,V32P-R001190,donor_id,V32P-DP000327,V32P-DP000327,True,-0.01421782374382019
retain,V32P-R001190,kidney_failure_cause,Other,Other,True,-0.00823974609375
retain,V32P-R001190,recipient_age,23,23,True,-0.0057218074798583984
retain,V32P-R001190,recipient_region,Wales,Wales,True,-1.2516975402832031e-06
retain,V32P-R001195,dialysis_months,55,55,True,-0.0173187255859375
retain,V32P-R001195,donor_age,34,34,True,-0.2557373046875
retain,V32P-R001195,donor_id,V32P-DL003533,V32P-DL003533,True,-0.018859962622324627
retain,V32P-R001195,kidney_failure_cause,Diabetic kidney disease,Diabetic kidney disease,True,-0.0003587007522583008
retain,V32P-R001195,recipient_age,47,47,True,-0.0010385513305664062
retain,V32P-R001195,recipient_region,London,London,True,-0.10009765625
retain,V32P-R001275,dialysis_months,55,55,True,-0.17822265625
retain,V32P-R001275,donor_age,57,57,True,-0.4130859375
retain,V32P-R001275,donor_id,V32P-DP000312,V32P-DP000312,True,-0.012080729007720947
retain,V32P-R001275,kidney_failure_cause,Other,Other,True,-0.01458740234375
retain,V32P-R001275,recipient_age,42,42,True,-0.00022327899932861328
retain,V32P-R001275,recipient_region,Scotland,Scotland,True,-0.00286865234375
retain,V32P-R001280,dialysis_months,18,18,True,-0.01117706298828125
retain,V32P-R001280,donor_age,54,66,False,-1.730224609375
retain,V32P-R001280,donor_id,V32P-DP001957,V32P-DP001615,False,-0.12449170152346294
retain,V32P-R001280,kidney_failure_cause,Diabetic kidney disease,Diabetic kidney disease,True,-0.0002818107604980469
retain,V32P-R001280,recipient_age,46,46,True,-0.004948556423187256
retain,V32P-R001280,recipient_region,Wales,Wales,True,-1.1086463928222656e-05
retain,V32P-R001302,dialysis_months,45,45,True,-0.006899118423461914
retain,V32P-R001302,donor_age,43,43,True,-0.004372060298919678
retain,V32P-R001302,donor_id,V32P-DL001615,V32P-DL001615,True,-0.0019909441471099854
retain,V32P-R001302,kidney_failure_cause,Glomerulonephritis,Glomerulonephritis,True,-8.60293706258138e-06
retain,V32P-R001302,recipient_age,64,64,True,-0.0008687973022460938
retain,V32P-R001302,recipient_region,Scotland,Scotland,True,-0.0033416748046875
retain,V32P-R001338,dialysis_months,60,60,True,-0.0157470703125
retain,V32P-R001338,donor_age,60,60,True,-0.0001131296157836914
retain,V32P-R001338,donor_id,V32P-DL003727,V32P-DL003727,True,-0.006395459175109863
retain,V32P-R001338,kidney_failure_cause,Diabetic kidney disease,Diabetic kidney disease,True,-0.0052242279052734375
retain,V32P-R001338,recipient_age,50,50,True,-0.0190582275390625
retain,V32P-R001338,recipient_region,London,London,True,-0.011474609375
retain,V32P-R001401,dialysis_months,15,15,True,-0.005427360534667969
retain,V32P-R001401,donor_age,36,36,True,-0.0054931640625
retain,V32P-R001401,donor_id,V32P-DP001225,V32P-DP001225,True,-0.0005845129489898682
retain,V32P-R001401,kidney_failure_cause,Glomerulonephritis,Glomerulonephritis,True,-0.0002510348955790202
retain,V32P-R001401,recipient_age,74,74,True,-0.0038181543350219727
retain,V32P-R001401,recipient_region,Wales,Wales,True,-8.940696716308594e-07
retain,V32P-R001497,dialysis_months,61,61,True,-0.01007223129272461
retain,V32P-R001497,donor_age,27,27,True,-0.01446533203125
retain,V32P-R001497,donor_id,V32P-DL001221,V32P-DL001221,True,-0.010225077470143637
retain,V32P-R001497,kidney_failure_cause,Hypertensive kidney disease,Hypertensive kidney disease,True,-0.00016506512959798178
retain,V32P-R001497,recipient_age,40,40,True,-6.54458999633789e-05
retain,V32P-R001497,recipient_region,London,London,True,-0.0103759765625
retain,V32P-R001516,dialysis_months,14,14,True,-1.4901161193847656e-05
retain,V32P-R001516,donor_age,40,40,True,-0.02355194091796875
retain,V32P-R001516,donor_id,V32P-DD000094,V32P-DD000094,True,-0.0028995275497436523
retain,V32P-R001516,kidney_failure_cause,Polycystic kidney disease,Polycystic kidney disease,True,-0.015451133251190186
retain,V32P-R001516,recipient_age,76,76,True,-0.0001226663589477539
retain,V32P-R001516,recipient_region,Scotland,Scotland,True,-0.000530242919921875
retain,V32P-R001581,dialysis_months,24,24,True,-0.00494384765625
retain,V32P-R001581,donor_age,69,69,True,-0.0005124807357788086
retain,V32P-R001581,donor_id,V32P-DP000949,V32P-DP000949,True,-0.02569366494814555
retain,V32P-R001581,kidney_failure_cause,Polycystic kidney disease,Polycystic kidney disease,True,-0.07490028937657674
retain,V32P-R001581,recipient_age,42,42,True,-0.00020325183868408203
retain,V32P-R001581,recipient_region,Wales,Wales,True,-3.147125244140625e-05
retain,V32P-R001623,dialysis_months,62,62,True,-0.00010323524475097656
retain,V32P-R001623,donor_age,43,43,True,-0.0022954940795898438
retain,V32P-R001623,donor_id,V32P-DL002900,V32P-DL002900,True,-0.011228432257970175
retain,V32P-R001623,kidney_failure_cause,Polycystic kidney disease,Polycystic kidney disease,True,-0.0005955894788106283
retain,V32P-R001623,recipient_age,59,59,True,-0.0411376953125
retain,V32P-R001623,recipient_region,Wales,Wales,True,-0.0001259446144104004
retain,V32P-R001740,dialysis_months,10,10,True,-0.0015611648559570312
retain,V32P-R001740,donor_age,43,43,True,-0.000644683837890625
retain,V32P-R001740,donor_id,V32P-DD000867,V32P-DD000867,True,-0.000495379621332342
retain,V32P-R001740,kidney_failure_cause,Polycystic kidney disease,Polycystic kidney disease,True,-0.003100872039794922
retain,V32P-R001740,recipient_age,43,43,True,-7.420778274536133e-05
retain,V32P-R001740,recipient_region,Scotland,Scotland,True,-0.000621795654296875
retain,V32P-R001750,dialysis_months,33,33,True,-0.006361484527587891
retain,V32P-R001750,donor_age,49,49,True,-0.070831298828125
retain,V32P-R001750,donor_id,V32P-DL000707,V32P-DL000707,True,-0.02568623423576355
retain,V32P-R001750,kidney_failure_cause,Diabetic kidney disease,Diabetic kidney disease,True,-0.00046634674072265625
retain,V32P-R001750,recipient_age,66,66,True,-0.01495373249053955
retain,V32P-R001750,recipient_region,North West,North West,True,-9.715557098388672e-05
retain,V32P-R001828,dialysis_months,63,63,True,-0.07364845275878906
retain,V32P-R001828,donor_age,66,66,True,-9.72747802734375e-05
retain,V32P-R001828,donor_id,V32P-DP001316,V32P-DP001316,True,-0.0006263752778371175
retain,V32P-R001828,kidney_failure_cause,Diabetic kidney disease,Other,False,-0.886808305978775
retain,V32P-R001828,recipient_age,53,53,True,-0.045684814453125
retain,V32P-R001828,recipient_region,London,London,True,-0.00445556640625
retain,V32P-R001841,dialysis_months,70,70,True,-0.1261749267578125
retain,V32P-R001841,donor_age,37,37,True,-0.00750732421875
retain,V32P-R001841,donor_id,V32P-DD000770,V32P-DD000770,True,-0.009843446991660378
retain,V32P-R001841,kidney_failure_cause,Other,Other,True,-0.01092529296875
retain,V32P-R001841,recipient_age,33,33,True,-4.404783248901367e-05
retain,V32P-R001841,recipient_region,Scotland,Scotland,True,-0.02392578125
retain,V32P-R001876,dialysis_months,26,26,True,-0.0020999908447265625
retain,V32P-R001876,donor_age,64,64,True,-0.03344857692718506
retain,V32P-R001876,donor_id,V32P-DL003130,V32P-DL003130,True,-0.0006382266680399576
retain,V32P-R001876,kidney_failure_cause,Polycystic kidney disease,Polycystic kidney disease,True,-0.05371818939844767
retain,V32P-R001876,recipient_age,32,32,True,-0.01184171438217163
retain,V32P-R001876,recipient_region,Northern Ireland,Northern Ireland,True,-0.008730471134185791
retain,V32P-R001900,dialysis_months,65,65,True,-6.973743438720703e-05
retain,V32P-R001900,donor_age,53,53,True,-0.1329345703125
retain,V32P-R001900,donor_id,V32P-DP001392,V32P-DP001392,True,-0.0027829408645629883
retain,V32P-R001900,kidney_failure_cause,Diabetic kidney disease,Diabetic kidney disease,True,-0.0007116198539733887
retain,V32P-R001900,recipient_age,49,49,True,-0.012948989868164062
retain,V32P-R001900,recipient_region,Wales,Wales,True,-1.0132789611816406e-06
retain,V32P-R001985,dialysis_months,14,14,True,-0.009799957275390625
retain,V32P-R001985,donor_age,28,28,True,-0.0007114410400390625
retain,V32P-R001985,donor_id,V32P-DP001804,V32P-DP001804,True,-0.007577329874038696
retain,V32P-R001985,kidney_failure_cause,Other,Other,True,-0.004241943359375
retain,V32P-R001985,recipient_age,45,45,True,-0.07379150390625
retain,V32P-R001985,recipient_region,Scotland,Scotland,True,-0.00010633468627929688
retain,V32P-R002025,dialysis_months,7,7,True,-8.392333984375e-05
retain,V32P-R002025,donor_age,53,38,False,-1.0185546875
retain,V32P-R002025,donor_id,V32P-DD001957,V32P-DD001957,True,-0.014742244373668324
retain,V32P-R002025,kidney_failure_cause,Polycystic kidney disease,Polycystic kidney disease,True,-0.002027730147043864
retain,V32P-R002025,recipient_age,27,27,True,-0.061279296875
retain,V32P-R002025,recipient_region,Wales,Wales,True,-2.5033950805664062e-06
retain,V32P-R002064,dialysis_months,56,56,True,-0.039667606353759766
retain,V32P-R002064,donor_age,69,69,True,-0.08789092302322388
retain,V32P-R002064,donor_id,V32P-DL001498,V32P-DL001498,True,-0.04173137744267782
retain,V32P-R002064,kidney_failure_cause,Glomerulonephritis,Glomerulonephritis,True,-0.0005513827006022135
retain,V32P-R002064,recipient_age,57,57,True,-0.15465927124023438
retain,V32P-R002064,recipient_region,Scotland,Scotland,True,-0.012939453125
retain,V32P-R002070,dialysis_months,53,53,True,-0.008575439453125
retain,V32P-R002070,donor_age,36,36,True,-0.0027773380279541016
retain,V32P-R002070,donor_id,V32P-DD000719,V32P-DD000719,True,-0.0016465187072753906
retain,V32P-R002070,kidney_failure_cause,Glomerulonephritis,Glomerulonephritis,True,-1.4384587605794271e-05
retain,V32P-R002070,recipient_age,38,38,True,-0.0016332268714904785
retain,V32P-R002070,recipient_region,Northern Ireland,Northern Ireland,True,-0.0021213293075561523
retain,V32P-R002132,dialysis_months,22,22,True,-4.589557647705078e-05
retain,V32P-R002132,donor_age,68,68,True,-0.08145713806152344
retain,V32P-R002132,donor_id,V32P-DP000854,V32P-DP000854,True,-0.0014432668685913086
retain,V32P-R002132,kidney_failure_cause,Glomerulonephritis,Glomerulonephritis,True,-0.00012234846750895181
retain,V32P-R002132,recipient_age,53,53,True,-0.04168701171875
retain,V32P-R002132,recipient_region,Northern Ireland,Northern Ireland,True,-0.20410317182540894
retain,V32P-R002209,dialysis_months,68,68,True,-0.002129077911376953
retain,V32P-R002209,donor_age,66,66,True,-0.0011301040649414062
retain,V32P-R002209,donor_id,V32P-DL003748,V32P-DL003748,True,-0.00011975566546122234
retain,V32P-R002209,kidney_failure_cause,Hypertensive kidney disease,Hypertensive kidney disease,True,-0.00023837884267171225
retain,V32P-R002209,recipient_age,40,40,True,-0.0017625689506530762
retain,V32P-R002209,recipient_region,North West,North West,True,-0.0009145736694335938
retain,V32P-R002244,dialysis_months,45,45,True,-0.0036640167236328125
retain,V32P-R002244,donor_age,37,37,True,-0.0007276535034179688
retain,V32P-R002244,donor_id,V32P-DP001737,V32P-DP001737,True,-0.004619350035985311
retain,V32P-R002244,kidney_failure_cause,Polycystic kidney disease,Polycystic kidney disease,True,-0.002903143564860026
retain,V32P-R002244,recipient_age,57,57,True,-0.560546875
retain,V32P-R002244,recipient_region,Wales,Wales,True,-1.7285346984863281e-06
retain,V32P-R002338,dialysis_months,55,55,True,-0.03320342302322388
retain,V32P-R002338,donor_age,62,62,True,-4.202127456665039e-05
retain,V32P-R002338,donor_id,V32P-DP001904,V32P-DP001904,True,-0.04381312926610311
retain,V32P-R002338,kidney_failure_cause,Polycystic kidney disease,Polycystic kidney disease,True,-0.010855376720428467
retain,V32P-R002338,recipient_age,22,22,True,-9.322166442871094e-05
retain,V32P-R002338,recipient_region,Northern Ireland,Northern Ireland,True,-0.0044255852699279785
retain,V32P-R002354,dialysis_months,55,55,True,-0.06984710693359375
retain,V32P-R002354,donor_age,50,66,False,-1.5321617126464844
retain,V32P-R002354,donor_id,V32P-DL000626,V32P-DL003613,False,-0.1728141705195109
retain,V32P-R002354,kidney_failure_cause,Other,Other,True,-0.1962890625
retain,V32P-R002354,recipient_age,34,34,True,-0.00356292724609375
retain,V32P-R002354,recipient_region,Northern Ireland,Wales,False,-1.656250238418579
retain,V32P-R002386,dialysis_months,69,69,True,-3.8743019104003906e-05
retain,V32P-R002386,donor_age,46,46,True,-0.005402743816375732
retain,V32P-R002386,donor_id,V32P-DL002925,V32P-DL002925,True,-0.0023746987183888755
retain,V32P-R002386,kidney_failure_cause,Glomerulonephritis,Glomerulonephritis,True,-0.00019909938176472983
retain,V32P-R002386,recipient_age,53,53,True,-0.008544921875
retain,V32P-R002386,recipient_region,Scotland,Scotland,True,-0.00421142578125
retain,V32P-R002398,dialysis_months,33,33,True,-0.06347662210464478
retain,V32P-R002398,donor_age,35,35,True,-0.01966381072998047
retain,V32P-R002398,donor_id,V32P-DL002011,V32P-DL002011,True,-0.006145616372426351
retain,V32P-R002398,kidney_failure_cause,Polycystic kidney disease,Polycystic kidney disease,True,-0.0035991271336873374
retain,V32P-R002398,recipient_age,77,77,True,-0.023730039596557617
retain,V32P-R002398,recipient_region,London,London,True,-0.001983642578125
retain,V32P-R002411,dialysis_months,53,53,True,-0.005374908447265625
retain,V32P-R002411,donor_age,68,68,True,-0.0063323974609375
retain,V32P-R002411,donor_id,V32P-DP000498,V32P-DP000498,True,-0.010581394036610922
retain,V32P-R002411,kidney_failure_cause,Polycystic kidney disease,Polycystic kidney disease,True,-0.0012700359026590984
retain,V32P-R002411,recipient_age,33,33,True,-0.0008308291435241699
retain,V32P-R002411,recipient_region,Northern Ireland,Northern Ireland,True,-0.00015848875045776367
retain,V32P-R002425,dialysis_months,64,64,True,-0.012031614780426025
retain,V32P-R002425,donor_age,32,32,True,-0.06805419921875
retain,V32P-R002425,donor_id,V32P-DP000565,V32P-DP000565,True,-0.006787300109863281
retain,V32P-R002425,kidney_failure_cause,Polycystic kidney disease,Polycystic kidney disease,True,-0.006982326507568359
retain,V32P-R002425,recipient_age,50,50,True,-0.013529062271118164
retain,V32P-R002425,recipient_region,North West,North West,True,-0.009598374366760254
retain,V32P-R002468,dialysis_months,50,50,True,-1.7881393432617188e-07
retain,V32P-R002468,donor_age,61,63,False,-1.6250008940696716
retain,V32P-R002468,donor_id,V32P-DP001611,V32P-DP001611,True,-7.219115893046062e-05
retain,V32P-R002468,kidney_failure_cause,Polycystic kidney disease,Polycystic kidney disease,True,-0.0001212755839029948
retain,V32P-R002468,recipient_age,22,22,True,-8.404254913330078e-06
retain,V32P-R002468,recipient_region,North West,North West,True,-0.1289132833480835
retain,V32P-R002639,dialysis_months,24,24,True,-0.0684814453125
retain,V32P-R002639,donor_age,65,65,True,-0.0038909912109375
retain,V32P-R002639,donor_id,V32P-DL002382,V32P-DL002382,True,-0.006984492142995198
retain,V32P-R002639,kidney_failure_cause,Other,Other,True,-0.640625
retain,V32P-R002639,recipient_age,40,40,True,-0.0003415346145629883
retain,V32P-R002639,recipient_region,Scotland,Scotland,True,-0.0234375
retain,V32P-R002667,dialysis_months,54,54,True,-0.021728813648223877
retain,V32P-R002667,donor_age,66,66,True,-5.0008296966552734e-05
retain,V32P-R002667,donor_id,V32P-DP000216,V32P-DP001765,False,-0.10196317235628764
retain,V32P-R002667,kidney_failure_cause,Glomerulonephritis,Glomerulonephritis,True,-3.145138422648112e-05
retain,V32P-R002667,recipient_age,25,25,True,-4.827976226806641e-06
retain,V32P-R002667,recipient_region,Northern Ireland,Northern Ireland,True,-0.1279313564300537
retain,V32P-R002714,dialysis_months,53,53,True,-7.462501525878906e-05
retain,V32P-R002714,donor_age,34,34,True,-0.00025653839111328125
retain,V32P-R002714,donor_id,V32P-DL003646,V32P-DL003646,True,-0.0001657108465830485
retain,V32P-R002714,kidney_failure_cause,Glomerulonephritis,Glomerulonephritis,True,-0.00014839569727579752
retain,V32P-R002714,recipient_age,57,57,True,-0.1761302947998047
retain,V32P-R002714,recipient_region,Northern Ireland,Northern Ireland,True,-0.11474686861038208
retain,V32P-R002793,dialysis_months,57,57,True,-0.003023386001586914
retain,V32P-R002793,donor_age,29,29,True,-0.0024623870849609375
retain,V32P-R002793,donor_id,V32P-DL003777,V32P-DL003777,True,-0.010719666878382364
retain,V32P-R002793,kidney_failure_cause,Diabetic kidney disease,Diabetic kidney disease,True,-0.0011823177337646484
retain,V32P-R002793,recipient_age,31,31,True,-0.011779963970184326
retain,V32P-R002793,recipient_region,London,London,True,-0.00738525390625
retain,V32P-R002817,dialysis_months,24,24,True,-0.046478271484375
retain,V32P-R002817,donor_age,70,70,True,-0.11232757568359375
retain,V32P-R002817,donor_id,V32P-DL002477,V32P-DL002477,True,-0.0446992019812266
retain,V32P-R002817,kidney_failure_cause,Polycystic kidney disease,Polycystic kidney disease,True,-0.0035805106163024902
retain,V32P-R002817,recipient_age,23,23,True,-0.000459134578704834
retain,V32P-R002817,recipient_region,Northern Ireland,Northern Ireland,True,-0.03857487440109253
retain,V32P-R002927,dialysis_months,55,55,True,-0.00013840198516845703
retain,V32P-R002927,donor_age,43,43,True,-0.1974325180053711
retain,V32P-R002927,donor_id,V32P-DP001930,V32P-DP001930,True,-0.00965056816736857
retain,V32P-R002927,kidney_failure_cause,Hypertensive kidney disease,Hypertensive kidney disease,True,-0.05347249905268351
retain,V32P-R002927,recipient_age,71,71,True,-0.0800783634185791
retain,V32P-R002927,recipient_region,Northern Ireland,Northern Ireland,True,-0.00010657310485839844
retain,V32P-R003038,dialysis_months,38,38,True,-0.07300186157226562
retain,V32P-R003038,donor_age,28,28,True,-0.021970748901367188
retain,V32P-R003038,donor_id,V32P-DL001142,V32P-DL001142,True,-0.0011828144391377766
retain,V32P-R003038,kidney_failure_cause,Polycystic kidney disease,Polycystic kidney disease,True,-0.0015683770179748535
retain,V32P-R003038,recipient_age,46,46,True,-0.0021696090698242188
retain,V32P-R003038,recipient_region,London,London,True,-0.01275634765625
retain,V32P-R003146,dialysis_months,56,56,True,-8.404254913330078e-06
retain,V32P-R003146,donor_age,37,37,True,-0.0021514892578125
retain,V32P-R003146,donor_id,V32P-DD001246,V32P-DD001246,True,-0.0035858696157282047
retain,V32P-R003146,kidney_failure_cause,Diabetic kidney disease,Diabetic kidney disease,True,-0.00134316086769104
retain,V32P-R003146,recipient_age,44,44,True,-0.0007505416870117188
retain,V32P-R003146,recipient_region,Scotland,Scotland,True,-0.0003223419189453125
retain,V32P-R003178,dialysis_months,17,17,True,-3.0934810638427734e-05
retain,V32P-R003178,donor_age,33,33,True,-0.0005559921264648438
retain,V32P-R003178,donor_id,V32P-DL003135,V32P-DL003135,True,-0.00036514798800150555
retain,V32P-R003178,kidney_failure_cause,Glomerulonephritis,Glomerulonephritis,True,-6.121397018432617e-05
retain,V32P-R003178,recipient_age,73,73,True,-0.018646240234375
retain,V32P-R003178,recipient_region,North West,North West,True,-0.0005829334259033203
retain,V32P-R003192,dialysis_months,26,26,True,-0.09205818176269531
retain,V32P-R003192,donor_age,45,45,True,-0.004791259765625
retain,V32P-R003192,donor_id,V32P-DP000446,V32P-DP000446,True,-0.00025210777918497723
retain,V32P-R003192,kidney_failure_cause,Polycystic kidney disease,Polycystic kidney disease,True,-0.00019693374633789062
retain,V32P-R003192,recipient_age,76,76,True,-0.00030612945556640625
retain,V32P-R003192,recipient_region,Wales,Wales,True,-1.6689300537109375e-05
retain,V32P-R003270,dialysis_months,53,53,True,-0.0012359619140625
retain,V32P-R003270,donor_age,30,30,True,-0.07763671875
retain,V32P-R003270,donor_id,V32P-DP000538,V32P-DP000538,True,-0.01941448450088501
retain,V32P-R003270,kidney_failure_cause,Glomerulonephritis,Glomerulonephritis,True,-4.402796427408854e-05
retain,V32P-R003270,recipient_age,64,64,True,-0.00121307373046875
retain,V32P-R003270,recipient_region,Northern Ireland,Northern Ireland,True,-0.01709038019180298
retain,V32P-R003317,dialysis_months,12,12,True,-7.796287536621094e-05
retain,V32P-R003317,donor_age,26,26,True,-0.0008563995361328125
retain,V32P-R003317,donor_id,V32P-DP000385,V32P-DP000385,True,-0.0002625783284505208
retain,V32P-R003317,kidney_failure_cause,Hypertensive kidney disease,Hypertensive kidney disease,True,-0.001663227876027425
retain,V32P-R003317,recipient_age,73,73,True,-0.011566162109375
retain,V32P-R003317,recipient_region,North West,North West,True,-0.03519463539123535
retain,V32P-R003376,dialysis_months,14,14,True,-2.3305416107177734e-05
retain,V32P-R003376,donor_age,25,25,True,-0.003570556640625
retain,V32P-R003376,donor_id,V32P-DL001609,V32P-DL001609,True,-0.010356555382410685
retain,V32P-R003376,kidney_failure_cause,Other,Other,True,-0.0087890625
retain,V32P-R003376,recipient_age,44,44,True,-0.015045166015625
retain,V32P-R003376,recipient_region,Wales,Wales,True,-0.00011026859283447266
retain,V32P-R003397,dialysis_months,27,27,True,-0.0017383098602294922
retain,V32P-R003397,donor_age,57,57,True,-0.09697723388671875
retain,V32P-R003397,donor_id,V32P-DP001798,V32P-DP001798,True,-0.007238537073135376
retain,V32P-R003397,kidney_failure_cause,Other,Other,True,-0.00179290771484375
retain,V32P-R003397,recipient_age,45,45,True,-0.022861480712890625
retain,V32P-R003397,recipient_region,North West,North West,True,-0.0011169910430908203
retain,V32P-R003451,dialysis_months,72,72,True,-0.00021398067474365234
retain,V32P-R003451,donor_age,48,48,True,-0.20684814453125
retain,V32P-R003451,donor_id,V32P-DL001293,V32P-DL001293,True,-0.0072321295738220215
retain,V32P-R003451,kidney_failure_cause,Polycystic kidney disease,Glomerulonephritis,False,-0.1624774932861328
retain,V32P-R003451,recipient_age,39,39,True,-0.0016849637031555176
retain,V32P-R003451,recipient_region,Wales,Wales,True,-3.4868717193603516e-05
retain,V32P-R003457,dialysis_months,36,36,True,-0.0005321502685546875
retain,V32P-R003457,donor_age,61,61,True,-0.0039520263671875
retain,V32P-R003457,donor_id,V32P-DL001135,V32P-DL001135,True,-0.0002215902010599772
retain,V32P-R003457,kidney_failure_cause,Hypertensive kidney disease,Hypertensive kidney disease,True,-0.002445260683695475
retain,V32P-R003457,recipient_age,59,59,True,-0.308349609375
retain,V32P-R003457,recipient_region,Northern Ireland,Northern Ireland,True,-0.26758474111557007
retain,V32P-R003463,dialysis_months,29,29,True,-0.008852541446685791
retain,V32P-R003463,donor_age,57,57,True,-0.05935537815093994
retain,V32P-R003463,donor_id,V32P-DP000044,V32P-DP000044,True,-0.0031755765279134116
retain,V32P-R003463,kidney_failure_cause,Hypertensive kidney disease,Hypertensive kidney disease,True,-0.0007728735605875651
retain,V32P-R003463,recipient_age,59,59,True,-0.15976333618164062
retain,V32P-R003463,recipient_region,Northern Ireland,Northern Ireland,True,-0.0015946626663208008
retain,V32P-R003501,dialysis_months,17,17,True,-0.01331472396850586
retain,V32P-R003501,donor_age,47,47,True,-0.1022796630859375
retain,V32P-R003501,donor_id,V32P-DP000203,V32P-DP000203,True,-0.004263371229171753
retain,V32P-R003501,kidney_failure_cause,Diabetic kidney disease,Diabetic kidney disease,True,-0.0013328194618225098
retain,V32P-R003501,recipient_age,31,31,True,-0.11084085702896118
retain,V32P-R003501,recipient_region,Wales,Wales,True,-0.0002422928810119629
retain,V32P-R003503,dialysis_months,54,54,True,-0.0002110004425048828
retain,V32P-R003503,donor_age,62,62,True,-0.109466552734375
retain,V32P-R003503,donor_id,V32P-DL000415,V32P-DL000415,True,-0.0009699265162150065
retain,V32P-R003503,kidney_failure_cause,Glomerulonephritis,Glomerulonephritis,True,-1.8755594889322918e-05
retain,V32P-R003503,recipient_age,41,41,True,-0.06836694478988647
retain,V32P-R003503,recipient_region,London,London,True,-0.001495361328125
retain,V32P-R003504,dialysis_months,61,61,True,-0.026246488094329834
retain,V32P-R003504,donor_age,65,65,True,-0.009613037109375
retain,V32P-R003504,donor_id,V32P-DP001028,V32P-DP001028,True,-0.02817043662071228
retain,V32P-R003504,kidney_failure_cause,Glomerulonephritis,Glomerulonephritis,True,-1.2616316477457682e-05
retain,V32P-R003504,recipient_age,48,48,True,-0.0012903213500976562
retain,V32P-R003504,recipient_region,North West,North West,True,-0.00015425682067871094
retain,V32P-R003528,dialysis_months,34,34,True,-0.00024890899658203125
retain,V32P-R003528,donor_age,32,32,True,-0.0066680908203125
retain,V32P-R003528,donor_id,V32P-DP000146,V32P-DP000146,True,-0.0034100214640299478
retain,V32P-R003528,kidney_failure_cause,Hypertensive kidney disease,Hypertensive kidney disease,True,-0.00046938657760620117
retain,V32P-R003528,recipient_age,74,74,True,-0.0014367103576660156
retain,V32P-R003528,recipient_region,Wales,Wales,True,-0.00017660856246948242
retain,V32P-R003542,dialysis_months,17,17,True,-0.00017917156219482422
retain,V32P-R003542,donor_age,40,40,True,-0.03875732421875
retain,V32P-R003542,donor_id,V32P-DD001915,V32P-DD001915,True,-0.022654164921153675
retain,V32P-R003542,kidney_failure_cause,Glomerulonephritis,Glomerulonephritis,True,-0.00015419721603393555
retain,V32P-R003542,recipient_age,59,59,True,-0.0859375
retain,V32P-R003542,recipient_region,North West,North West,True,-0.0018095970153808594
retain,V32P-R003570,dialysis_months,32,32,True,-0.00211334228515625
retain,V32P-R003570,donor_age,49,49,True,-0.030447959899902344
retain,V32P-R003570,donor_id,V32P-DP001583,V32P-DP001583,True,-0.03075513243675232
retain,V32P-R003570,kidney_failure_cause,Diabetic kidney disease,Diabetic kidney disease,True,-0.0008590519428253174
retain,V32P-R003570,recipient_age,31,31,True,-0.06427001953125
retain,V32P-R003570,recipient_region,Wales,Wales,True,-2.1755695343017578e-05
retain,V32P-R003614,dialysis_months,4,4,True,-0.00083160400390625
retain,V32P-R003614,donor_age,49,49,True,-0.123291015625
retain,V32P-R003614,donor_id,V32P-DL004000,V32P-DL004000,True,-0.007800628741582234
retain,V32P-R003614,kidney_failure_cause,Hypertensive kidney disease,Hypertensive kidney disease,True,-0.0381203293800354
retain,V32P-R003614,recipient_age,47,47,True,-0.05078125
retain,V32P-R003614,recipient_region,Scotland,Scotland,True,-0.00022220611572265625
retain,V32P-R003617,dialysis_months,39,39,True,-0.0005838274955749512
retain,V32P-R003617,donor_age,26,26,True,-0.019339323043823242
retain,V32P-R003617,donor_id,V32P-DD000729,V32P-DD000729,True,-0.0067040161652998495
retain,V32P-R003617,kidney_failure_cause,Other,Other,True,-0.0174560546875
retain,V32P-R003617,recipient_age,56,56,True,-0.018562138080596924
retain,V32P-R003617,recipient_region,North West,North West,True,-0.009117603302001953
retain,V32P-R003651,dialysis_months,14,14,True,-0.000756680965423584
retain,V32P-R003651,donor_age,68,68,True,-0.0013599395751953125
retain,V32P-R003651,donor_id,V32P-DD001970,V32P-DD001970,True,-0.003186485984108665
retain,V32P-R003651,kidney_failure_cause,Glomerulonephritis,Glomerulonephritis,True,-3.727277119954427e-05
retain,V32P-R003651,recipient_age,34,34,True,-0.0006698966026306152
retain,V32P-R003651,recipient_region,Wales,Wales,True,-2.1219253540039062e-05
retain,V32P-R003665,dialysis_months,47,47,True,-0.2675788402557373
retain,V32P-R003665,donor_age,26,26,True,-0.0002741813659667969
retain,V32P-R003665,donor_id,V32P-DL003707,V32P-DL003707,True,-0.0011868377526601155
retain,V32P-R003665,kidney_failure_cause,Glomerulonephritis,Glomerulonephritis,True,-0.0013749996821085613
retain,V32P-R003665,recipient_age,26,26,True,-0.12640762329101562
retain,V32P-R003665,recipient_region,North West,North West,True,-0.0015954971313476562
retain,V32P-R003709,dialysis_months,6,6,True,-3.457069396972656e-05
retain,V32P-R003709,donor_age,44,44,True,-0.00196075439453125
retain,V32P-R003709,donor_id,V32P-DD000624,V32P-DD000624,True,-0.007828777486627752
retain,V32P-R003709,kidney_failure_cause,Glomerulonephritis,Glomerulonephritis,True,-1.9788742065429688e-05
retain,V32P-R003709,recipient_age,45,45,True,-0.004964351654052734
retain,V32P-R003709,recipient_region,Scotland,Scotland,True,-0.00482177734375
retain,V32P-R003724,dialysis_months,36,36,True,-0.0014247894287109375
retain,V32P-R003724,donor_age,31,31,True,-0.013763427734375
retain,V32P-R003724,donor_id,V32P-DP001415,V32P-DP001415,True,-0.0054487983385721845
retain,V32P-R003724,kidney_failure_cause,Other,Other,True,-0.00177764892578125
retain,V32P-R003724,recipient_age,44,44,True,-0.006783962249755859
retain,V32P-R003724,recipient_region,North West,North West,True,-7.212162017822266e-05
retain,V32P-R003746,dialysis_months,9,9,True,-0.000194549560546875
retain,V32P-R003746,donor_age,28,28,True,-0.02278900146484375
retain,V32P-R003746,donor_id,V32P-DL001936,V32P-DL001936,True,-0.0023008485635121665
retain,V32P-R003746,kidney_failure_cause,Other,Other,True,-0.00113677978515625
retain,V32P-R003746,recipient_age,50,50,True,-0.00023412704467773438
retain,V32P-R003746,recipient_region,North West,North West,True,-0.0004819631576538086
retain,V32P-R003765,dialysis_months,4,4,True,-0.000286102294921875
retain,V32P-R003765,donor_age,36,36,True,-0.007049560546875
retain,V32P-R003765,donor_id,V32P-DP000212,V32P-DL003483,False,-0.19785849253336588
retain,V32P-R003765,kidney_failure_cause,Polycystic kidney disease,Polycystic kidney disease,True,-0.010251561800638834
retain,V32P-R003765,recipient_age,37,37,True,-0.01416778564453125
retain,V32P-R003765,recipient_region,Wales,Wales,True,-2.777576446533203e-05
retain,V32P-R003778,dialysis_months,17,17,True,-0.00400543212890625
retain,V32P-R003778,donor_age,34,34,True,-0.021200180053710938
retain,V32P-R003778,donor_id,V32P-DD001684,V32P-DD001684,True,-0.018786517056551846
retain,V32P-R003778,kidney_failure_cause,Glomerulonephritis,Glomerulonephritis,True,-0.0003812710444132487
retain,V32P-R003778,recipient_age,51,51,True,-0.281494140625
retain,V32P-R003778,recipient_region,Northern Ireland,Northern Ireland,True,-0.0005536079406738281
retain,V32P-R003948,dialysis_months,27,27,True,-0.0038008689880371094
retain,V32P-R003948,donor_age,53,53,True,-0.00885009765625
retain,V32P-R003948,donor_id,V32P-DP001123,V32P-DP001123,True,-0.0047696928183237714
retain,V32P-R003948,kidney_failure_cause,Diabetic kidney disease,Diabetic kidney disease,True,-0.03645274043083191
retain,V32P-R003948,recipient_age,69,69,True,-0.04517006874084473
retain,V32P-R003948,recipient_region,Northern Ireland,Northern Ireland,True,-0.0007411837577819824
retain,V32P-R003960,dialysis_months,12,12,True,-0.0311279296875
retain,V32P-R003960,donor_age,56,56,True,-0.0103912353515625
retain,V32P-R003960,donor_id,V32P-DL000407,V32P-DL000407,True,-0.00046138962109883624
retain,V32P-R003960,kidney_failure_cause,Glomerulonephritis,Glomerulonephritis,True,-0.00010842084884643555
retain,V32P-R003960,recipient_age,37,37,True,-0.0010071992874145508
retain,V32P-R003960,recipient_region,Northern Ireland,Northern Ireland,True,-0.00036263465881347656
retain,V32P-R003995,dialysis_months,41,41,True,-0.0010106563568115234
retain,V32P-R003995,donor_age,64,64,True,-0.0048065185546875
retain,V32P-R003995,donor_id,V32P-DL003929,V32P-DL003929,True,-0.002533396085103353
retain,V32P-R003995,kidney_failure_cause,Polycystic kidney disease,Polycystic kidney disease,True,-0.0002707640329996745
retain,V32P-R003995,recipient_age,65,65,True,-0.00024449825286865234
retain,V32P-R003995,recipient_region,Wales,Wales,True,-4.291534423828125e-06
retain,V32P-R004039,dialysis_months,38,38,True,-0.00356292724609375
retain,V32P-R004039,donor_age,49,49,True,-0.030792236328125
retain,V32P-R004039,donor_id,V32P-DD001968,V32P-DP000105,False,-0.16569888591766357
retain,V32P-R004039,kidney_failure_cause,Polycystic kidney disease,Polycystic kidney disease,True,-0.012634833653767904
retain,V32P-R004039,recipient_age,35,35,True,-0.597754955291748
retain,V32P-R004039,recipient_region,Northern Ireland,Northern Ireland,True,-0.5078133940696716
retain,V32P-R004071,dialysis_months,54,54,True,-0.00174713134765625
retain,V32P-R004071,donor_age,59,59,True,-0.004405021667480469
retain,V32P-R004071,donor_id,V32P-DP000603,V32P-DP000603,True,-0.019944379727045696
retain,V32P-R004071,kidney_failure_cause,Diabetic kidney disease,Diabetic kidney disease,True,-0.13194572925567627
retain,V32P-R004071,recipient_age,30,30,True,-0.0004388093948364258
retain,V32P-R004071,recipient_region,North West,North West,True,-0.0014766454696655273
retain,V32P-R004247,dialysis_months,56,56,True,-0.00035560131072998047
retain,V32P-R004247,donor_age,42,42,True,-0.0025072097778320312
retain,V32P-R004247,donor_id,V32P-DL003821,V32P-DL003821,True,-0.0033067365487416587
retain,V32P-R004247,kidney_failure_cause,Diabetic kidney disease,Glomerulonephritis,False,-0.5703820884227753
retain,V32P-R004247,recipient_age,59,59,True,-0.0014181137084960938
retain,V32P-R004247,recipient_region,Northern Ireland,Northern Ireland,True,-0.002932310104370117
retain,V32P-R004392,dialysis_months,41,41,True,-0.005229949951171875
retain,V32P-R004392,donor_age,25,25,True,-0.01647186279296875
retain,V32P-R004392,donor_id,V32P-DD000712,V32P-DD000712,True,-0.0018684213811700995
retain,V32P-R004392,kidney_failure_cause,Diabetic kidney disease,Diabetic kidney disease,True,-0.0002981722354888916
retain,V32P-R004392,recipient_age,43,43,True,-0.0033898353576660156
retain,V32P-R004392,recipient_region,London,London,True,-0.000774383544921875
retain,V32P-R004407,dialysis_months,19,19,True,-0.023336410522460938
retain,V32P-R004407,donor_age,61,63,False,-0.6210950613021851
retain,V32P-R004407,donor_id,V32P-DL002355,V32P-DL002355,True,-0.005382825930913289
retain,V32P-R004407,kidney_failure_cause,Glomerulonephritis,Glomerulonephritis,True,-0.00010975201924641927
retain,V32P-R004407,recipient_age,64,64,True,-0.021063804626464844
retain,V32P-R004407,recipient_region,Scotland,Scotland,True,-0.00010347366333007812
retain,V32P-R004462,dialysis_months,39,39,True,-0.0011371374130249023
retain,V32P-R004462,donor_age,45,45,True,-0.0024013519287109375
retain,V32P-R004462,donor_id,V32P-DP001200,V32P-DP001200,True,-0.000570992628733317
retain,V32P-R004462,kidney_failure_cause,Polycystic kidney disease,Polycystic kidney disease,True,-0.00012189149856567383
retain,V32P-R004462,recipient_age,39,39,True,-0.01307368278503418
retain,V32P-R004462,recipient_region,Northern Ireland,Northern Ireland,True,-0.0005623698234558105
retain,V32P-R004500,dialysis_months,72,72,True,-0.024492263793945312
retain,V32P-R004500,donor_age,52,52,True,-0.1632862091064453
retain,V32P-R004500,donor_id,V32P-DD000780,V32P-DD000780,True,-0.002870137041265314
retain,V32P-R004500,kidney_failure_cause,Polycystic kidney disease,Polycystic kidney disease,True,-0.0009685754776000977
retain,V32P-R004500,recipient_age,61,61,True,-0.00029408931732177734
retain,V32P-R004500,recipient_region,Wales,Wales,True,-8.940696716308594e-07
retain,V32P-R004553,dialysis_months,22,22,True,-0.0003647804260253906
retain,V32P-R004553,donor_age,26,26,True,-0.0157012939453125
retain,V32P-R004553,donor_id,V32P-DP000591,V32P-DP000591,True,-0.003235419591267904
retain,V32P-R004553,kidney_failure_cause,Diabetic kidney disease,Diabetic kidney disease,True,-0.006948351860046387
retain,V32P-R004553,recipient_age,44,44,True,-0.003632783889770508
retain,V32P-R004553,recipient_region,Scotland,Scotland,True,-0.000347137451171875
retain,V32P-R004562,dialysis_months,35,35,True,-0.00019156932830810547
retain,V32P-R004562,donor_age,54,48,False,-1.94671630859375
retain,V32P-R004562,donor_id,V32P-DL002987,V32P-DL002987,True,-0.004254539807637532
retain,V32P-R004562,kidney_failure_cause,Polycystic kidney disease,Polycystic kidney disease,True,-9.951988855997722e-05
retain,V32P-R004562,recipient_age,47,43,False,-0.7812504172325134
retain,V32P-R004562,recipient_region,Northern Ireland,Northern Ireland,True,-0.00019675493240356445
retain,V32P-R004683,dialysis_months,36,36,True,-0.0014705657958984375
retain,V32P-R004683,donor_age,58,58,True,-0.0011186599731445312
retain,V32P-R004683,donor_id,V32P-DP000561,V32P-DP000561,True,-0.004747529824574788
retain,V32P-R004683,kidney_failure_cause,Polycystic kidney disease,Polycystic kidney disease,True,-0.0002285440762837728
retain,V32P-R004683,recipient_age,59,59,True,-0.0935211181640625
retain,V32P-R004683,recipient_region,Wales,Wales,True,-0.004211485385894775
retain,V32P-R004802,dialysis_months,22,22,True,-5.817413330078125e-05
retain,V32P-R004802,donor_age,43,43,True,-0.09832763671875
retain,V32P-R004802,donor_id,V32P-DP000631,V32P-DP000631,True,-0.021841496229171753
retain,V32P-R004802,kidney_failure_cause,Other,Other,True,-0.1630859375
retain,V32P-R004802,recipient_age,55,46,False,-1.0146484375
retain,V32P-R004802,recipient_region,Northern Ireland,Northern Ireland,True,-0.035400569438934326
retain,V32P-R004805,dialysis_months,53,53,True,-0.00262528657913208
retain,V32P-R004805,donor_age,28,28,True,-0.0008544921875
retain,V32P-R004805,donor_id,V32P-DL003089,V32P-DL003089,True,-0.0020928680896759033
retain,V32P-R004805,kidney_failure_cause,Glomerulonephritis,Glomerulonephritis,True,-3.3736228942871094e-05
retain,V32P-R004805,recipient_age,64,64,True,-0.0018557310104370117
retain,V32P-R004805,recipient_region,London,London,True,-0.000759124755859375
retain,V32P-R004858,dialysis_months,57,57,True,-0.056470394134521484
retain,V32P-R004858,donor_age,43,43,True,-0.036376953125
retain,V32P-R004858,donor_id,V32P-DP001805,V32P-DP001805,True,-0.001979351043701172
retain,V32P-R004858,kidney_failure_cause,Hypertensive kidney disease,Polycystic kidney disease,False,-0.2890920042991638
retain,V32P-R004858,recipient_age,53,46,False,-0.67816162109375
retain,V32P-R004858,recipient_region,Wales,Wales,True,-0.0012978911399841309
retain,V32P-R004878,dialysis_months,33,33,True,-4.351139068603516e-06
retain,V32P-R004878,donor_age,63,63,True,-0.0016927719116210938
retain,V32P-R004878,donor_id,V32P-DP000305,V32P-DP000305,True,-0.0008749663829803467
retain,V32P-R004878,kidney_failure_cause,Glomerulonephritis,Glomerulonephritis,True,-3.568331400553385e-05
retain,V32P-R004878,recipient_age,29,29,True,-0.03692626953125
retain,V32P-R004878,recipient_region,Wales,Wales,True,-0.0006649494171142578
retain,V32P-R004920,dialysis_months,68,68,True,-0.0008702278137207031
retain,V32P-R004920,donor_age,32,32,True,-0.007465362548828125
retain,V32P-R004920,donor_id,V32P-DP000311,V32P-DP000311,True,-0.0006168286005655924
retain,V32P-R004920,kidney_failure_cause,Diabetic kidney disease,Diabetic kidney disease,True,-0.003462880849838257
retain,V32P-R004920,recipient_age,74,74,True,-0.12128734588623047
retain,V32P-R004920,recipient_region,London,London,True,-0.0263671875
retain,V32P-R004930,dialysis_months,69,69,True,-0.00177764892578125
retain,V32P-R004930,donor_age,38,38,True,-0.013794302940368652
retain,V32P-R004930,donor_id,V32P-DL003196,V32P-DL003196,True,-0.0019325514634450276
retain,V32P-R004930,kidney_failure_cause,Hypertensive kidney disease,Hypertensive kidney disease,True,-0.008978108565012613
retain,V32P-R004930,recipient_age,77,77,True,-1.2934207916259766e-05
retain,V32P-R004930,recipient_region,Northern Ireland,Northern Ireland,True,-0.00019657611846923828
retain,V32P-R005052,dialysis_months,58,58,True,-8.356571197509766e-05
retain,V32P-R005052,donor_age,51,51,True,-0.00010752677917480469
retain,V32P-R005052,donor_id,V32P-DP001903,V32P-DP001903,True,-0.010864893595377604
retain,V32P-R005052,kidney_failure_cause,Diabetic kidney disease,Diabetic kidney disease,True,-0.00015491247177124023
retain,V32P-R005052,recipient_age,52,52,True,-0.000527501106262207
retain,V32P-R005052,recipient_region,Wales,Wales,True,-4.6372413635253906e-05
retain,V32P-R005197,dialysis_months,69,69,True,-0.0003572702407836914
retain,V32P-R005197,donor_age,42,42,True,-0.003445863723754883
retain,V32P-R005197,donor_id,V32P-DL002132,V32P-DL002132,True,-0.004923323790232341
retain,V32P-R005197,kidney_failure_cause,Hypertensive kidney disease,Hypertensive kidney disease,True,-0.0021755496660868325
retain,V32P-R005197,recipient_age,26,26,True,-0.007999062538146973
retain,V32P-R005197,recipient_region,Northern Ireland,Northern Ireland,True,-4.3272972106933594e-05
retain,V32P-R005323,dialysis_months,6,6,True,-0.00038909912109375
retain,V32P-R005323,donor_age,32,32,True,-0.01023101806640625
retain,V32P-R005323,donor_id,V32P-DL003312,V32P-DL003312,True,-0.005305776993433635
retain,V32P-R005323,kidney_failure_cause,Hypertensive kidney disease,Hypertensive kidney disease,True,-0.0023322502772013345
retain,V32P-R005323,recipient_age,24,24,True,-0.003520965576171875
retain,V32P-R005323,recipient_region,Scotland,Scotland,True,-0.000377655029296875
retain,V32P-R005324,dialysis_months,37,37,True,-0.0081939697265625
retain,V32P-R005324,donor_age,31,31,True,-0.06805801391601562
retain,V32P-R005324,donor_id,V32P-DL001127,V32P-DL001127,True,-0.008652051289876303
retain,V32P-R005324,kidney_failure_cause,Polycystic kidney disease,Polycystic kidney disease,True,-0.0030610362688700357
retain,V32P-R005324,recipient_age,63,63,True,-0.0008139610290527344
retain,V32P-R005324,recipient_region,Scotland,Scotland,True,-0.00171661376953125
retain,V32P-R005386,dialysis_months,47,47,True,-0.00011873245239257812
retain,V32P-R005386,donor_age,28,28,True,-0.0020255446434020996
retain,V32P-R005386,donor_id,V32P-DP001113,V32P-DP001113,True,-0.0022167563438415527
retain,V32P-R005386,kidney_failure_cause,Polycystic kidney disease,Other,False,-0.1731834610303243
retain,V32P-R005386,recipient_age,32,32,True,-0.011579513549804688
retain,V32P-R005386,recipient_region,North West,North West,True,-0.01401519775390625
retain,V32P-R005388,dialysis_months,57,57,True,-0.0022268295288085938
retain,V32P-R005388,donor_age,44,44,True,-0.0008182525634765625
retain,V32P-R005388,donor_id,V32P-DL002422,V32P-DL002422,True,-0.06032085418701172
retain,V32P-R005388,kidney_failure_cause,Hypertensive kidney disease,Glomerulonephritis,False,-0.25783191124598187
retain,V32P-R005388,recipient_age,39,39,True,-0.0006327629089355469
retain,V32P-R005388,recipient_region,Scotland,Scotland,True,-0.4296875
retain,V32P-R005469,dialysis_months,66,66,True,-0.0001264810562133789
retain,V32P-R005469,donor_age,60,60,True,-0.0065767765045166016
retain,V32P-R005469,donor_id,V32P-DL003866,V32P-DL003866,True,-0.0008516808350880941
retain,V32P-R005469,kidney_failure_cause,Hypertensive kidney disease,Hypertensive kidney disease,True,-0.0005805095036824545
retain,V32P-R005469,recipient_age,31,31,True,-0.004302978515625
retain,V32P-R005469,recipient_region,Northern Ireland,Northern Ireland,True,-0.06640636920928955
retain,V32P-R005501,dialysis_months,65,65,True,-0.03118896484375
retain,V32P-R005501,donor_age,38,38,True,-0.00522613525390625
retain,V32P-R005501,donor_id,V32P-DL000381,V32P-DL000381,True,-0.0019049147764841716
retain,V32P-R005501,kidney_failure_cause,Diabetic kidney disease,Diabetic kidney disease,True,-0.0005733966827392578
retain,V32P-R005501,recipient_age,49,49,True,-0.08013916015625
retain,V32P-R005501,recipient_region,Wales,Wales,True,-3.5881996154785156e-05
retain,V32P-R005607,dialysis_months,41,41,True,-0.29638671875
retain,V32P-R005607,donor_age,52,52,True,-0.03864431381225586
retain,V32P-R005607,donor_id,V32P-DP000133,V32P-DP000133,True,-0.0044629573822021484
retain,V32P-R005607,kidney_failure_cause,Hypertensive kidney disease,Glomerulonephritis,False,-0.8752090533574423
retain,V32P-R005607,recipient_age,27,27,True,-0.0003758072853088379
retain,V32P-R005607,recipient_region,Wales,Wales,True,-0.0003210902214050293
retain,V32P-R005615,dialysis_months,22,22,True,-0.0159912109375
retain,V32P-R005615,donor_age,52,52,True,-0.04910635948181152
retain,V32P-R005615,donor_id,V32P-DP000397,V32P-DP000397,True,-0.05070387323697408
retain,V32P-R005615,kidney_failure_cause,Glomerulonephritis,Glomerulonephritis,True,-1.7881393432617188e-05
retain,V32P-R005615,recipient_age,43,43,True,-0.00021696090698242188
retain,V32P-R005615,recipient_region,London,London,True,-0.0003871917724609375
retain,V32P-R005657,dialysis_months,4,4,True,0.0
retain,V32P-R005657,donor_age,48,48,True,-0.0099639892578125
retain,V32P-R005657,donor_id,V32P-DD000996,V32P-DD000996,True,-0.0025124983354048295
retain,V32P-R005657,kidney_failure_cause,Other,Other,True,-0.004241943359375
retain,V32P-R005657,recipient_age,68,68,True,-0.004298210144042969
retain,V32P-R005657,recipient_region,Wales,Wales,True,-0.00010907649993896484
retain,V32P-R005691,dialysis_months,28,28,True,-0.002063751220703125
retain,V32P-R005691,donor_age,39,39,True,-0.0111541748046875
retain,V32P-R005691,donor_id,V32P-DL003351,V32P-DL003351,True,-0.0015202661355336506
retain,V32P-R005691,kidney_failure_cause,Hypertensive kidney disease,Hypertensive kidney disease,True,-0.003119965394337972
retain,V32P-R005691,recipient_age,65,65,True,-0.0001061558723449707
retain,V32P-R005691,recipient_region,North West,North West,True,-0.027736186981201172
retain,V32P-R005779,dialysis_months,27,27,True,-6.949901580810547e-05
retain,V32P-R005779,donor_age,43,43,True,-0.01929473876953125
retain,V32P-R005779,donor_id,V32P-DP000521,V32P-DP000521,True,-0.0016426642735799153
retain,V32P-R005779,kidney_failure_cause,Glomerulonephritis,Glomerulonephritis,True,-2.8232733408610027e-05
retain,V32P-R005779,recipient_age,31,31,True,-0.014780163764953613
retain,V32P-R005779,recipient_region,Northern Ireland,Northern Ireland,True,-0.00036072731018066406
retain,V32P-R005827,dialysis_months,63,63,True,-3.1054019927978516e-05
retain,V32P-R005827,donor_age,59,59,True,-0.009701013565063477
retain,V32P-R005827,donor_id,V32P-DP000975,V32P-DP000975,True,-0.0028230448563893638
retain,V32P-R005827,kidney_failure_cause,Other,Other,True,-0.00372314453125
retain,V32P-R005827,recipient_age,26,26,True,-0.04471731185913086
retain,V32P-R005827,recipient_region,London,London,True,-0.0101318359375
retain,V32P-R005871,dialysis_months,8,8,True,-0.014404296875
retain,V32P-R005871,donor_age,51,51,True,-0.027740478515625
retain,V32P-R005871,donor_id,V32P-DL003116,V32P-DL003116,True,-0.004108846187591553
retain,V32P-R005871,kidney_failure_cause,Diabetic kidney disease,Glomerulonephritis,False,-0.6914592683315277
retain,V32P-R005871,recipient_age,42,42,True,-0.0151214599609375
retain,V32P-R005871,recipient_region,Wales,Wales,True,-8.857250213623047e-05
retain,V32P-R005872,dialysis_months,53,53,True,-0.10595732927322388
retain,V32P-R005872,donor_age,37,37,True,-0.1239013671875
retain,V32P-R005872,donor_id,V32P-DL000543,V32P-DL000543,True,-0.043026586373647056
retain,V32P-R005872,kidney_failure_cause,Hypertensive kidney disease,Hypertensive kidney disease,True,-0.0029393633206685386
retain,V32P-R005872,recipient_age,47,47,True,-0.22216796875
retain,V32P-R005872,recipient_region,London,London,True,-0.033935546875
retain,V32P-R005938,dialysis_months,62,62,True,-9.775161743164062e-06
retain,V32P-R005938,donor_age,29,29,True,-0.008575439453125
retain,V32P-R005938,donor_id,V32P-DP000366,V32P-DP000366,True,-0.03349405527114868
retain,V32P-R005938,kidney_failure_cause,Glomerulonephritis,Glomerulonephritis,True,-2.761681874593099e-05
retain,V32P-R005938,recipient_age,71,71,True,-0.04419052600860596
retain,V32P-R005938,recipient_region,Wales,Wales,True,-0.0002353191375732422
retain,V32P-R006031,dialysis_months,59,59,True,-0.0067615509033203125
retain,V32P-R006031,donor_age,34,34,True,-9.173154830932617e-05
retain,V32P-R006031,donor_id,V32P-DD000088,V32P-DD000088,True,-0.0016156976873224432
retain,V32P-R006031,kidney_failure_cause,Other,Other,True,-0.004180908203125
retain,V32P-R006031,recipient_age,30,30,True,-0.0017104148864746094
retain,V32P-R006031,recipient_region,Northern Ireland,Northern Ireland,True,-0.0013660192489624023
retain,V32P-R006065,dialysis_months,43,43,True,-4.3332576751708984e-05
retain,V32P-R006065,donor_age,51,51,True,-0.084991455078125
retain,V32P-R006065,donor_id,V32P-DL002169,V32P-DL002169,True,-0.012668311595916748
retain,V32P-R006065,kidney_failure_cause,Diabetic kidney disease,Diabetic kidney disease,True,-0.0008907318115234375
retain,V32P-R006065,recipient_age,74,74,True,-0.010602951049804688
retain,V32P-R006065,recipient_region,London,London,True,-0.004852294921875
retain,V32P-R006082,dialysis_months,21,21,True,-0.012042999267578125
retain,V32P-R006082,donor_age,42,42,True,-0.0489501953125
retain,V32P-R006082,donor_id,V32P-DL003033,V32P-DL003033,True,-2.4805466334025066e-05
retain,V32P-R006082,kidney_failure_cause,Polycystic kidney disease,Polycystic kidney disease,True,-0.0006224711736043295
retain,V32P-R006082,recipient_age,73,73,True,-0.019476890563964844
retain,V32P-R006082,recipient_region,Northern Ireland,Northern Ireland,True,-0.026247799396514893
retain,V32P-R006084,dialysis_months,46,46,True,-0.03540611267089844
retain,V32P-R006084,donor_age,35,35,True,-0.0014867782592773438
retain,V32P-R006084,donor_id,V32P-DD001966,V32P-DD001966,True,-0.0007987564260309392
retain,V32P-R006084,kidney_failure_cause,Hypertensive kidney disease,Hypertensive kidney disease,True,-0.017045716444651287
retain,V32P-R006084,recipient_age,58,58,True,-0.01873779296875
retain,V32P-R006084,recipient_region,Scotland,Scotland,True,-9.632110595703125e-05
retain,V32P-R006172,dialysis_months,3,3,True,-4.76837158203125e-07
retain,V32P-R006172,donor_age,48,48,True,-0.00368499755859375
retain,V32P-R006172,donor_id,V32P-DL002639,V32P-DL002639,True,-0.0018416245778401692
retain,V32P-R006172,kidney_failure_cause,Diabetic kidney disease,Diabetic kidney disease,True,-0.006318151950836182
retain,V32P-R006172,recipient_age,22,22,True,-0.0006604194641113281
retain,V32P-R006172,recipient_region,London,London,True,-6.628036499023438e-05
retain,V32P-R006208,dialysis_months,15,15,True,-0.0048198699951171875
retain,V32P-R006208,donor_age,53,53,True,-0.007080078125
retain,V32P-R006208,donor_id,V32P-DL000271,V32P-DL000271,True,-0.000680933396021525
retain,V32P-R006208,kidney_failure_cause,Diabetic kidney disease,Diabetic kidney disease,True,-0.0001341104507446289
retain,V32P-R006208,recipient_age,67,67,True,-0.0007593631744384766
retain,V32P-R006208,recipient_region,Wales,Wales,True,-1.1205673217773438e-05
retain,V32P-R006277,dialysis_months,42,42,True,-0.0030670166015625
retain,V32P-R006277,donor_age,38,38,True,-0.002350151538848877
retain,V32P-R006277,donor_id,V32P-DL001451,V32P-DL001451,True,-0.014386147260665894
retain,V32P-R006277,kidney_failure_cause,Glomerulonephritis,Glomerulonephritis,True,-0.0004981160163879395
retain,V32P-R006277,recipient_age,26,26,True,-0.00021076202392578125
retain,V32P-R006277,recipient_region,Wales,Wales,True,-0.00046747922897338867
retain,V32P-R006289,dialysis_months,63,63,True,-0.000996232032775879
retain,V32P-R006289,donor_age,50,50,True,-0.078216552734375
retain,V32P-R006289,donor_id,V32P-DL003290,V32P-DL003290,True,-0.0030303398768107095
retain,V32P-R006289,kidney_failure_cause,Hypertensive kidney disease,Hypertensive kidney disease,True,-0.015165825684865316
retain,V32P-R006289,recipient_age,41,41,True,-0.019287109375
retain,V32P-R006289,recipient_region,Northern Ireland,Northern Ireland,True,-0.014773130416870117
retain,V32P-R006306,dialysis_months,43,43,True,-3.6954879760742188e-06
retain,V32P-R006306,donor_age,45,45,True,-0.0017547607421875
retain,V32P-R006306,donor_id,V32P-DL003172,V32P-DL003172,True,-0.0011917452017466228
retain,V32P-R006306,kidney_failure_cause,Glomerulonephritis,Glomerulonephritis,True,-5.4101149241129555e-05
retain,V32P-R006306,recipient_age,51,51,True,-0.15678024291992188
retain,V32P-R006306,recipient_region,North West,North West,True,-0.0007023811340332031
retain,V32P-R006370,dialysis_months,17,17,True,-0.0629950761795044
retain,V32P-R006370,donor_age,40,40,True,-0.001306295394897461
retain,V32P-R006370,donor_id,V32P-DL001470,V32P-DL001470,True,-0.00112647811571757
retain,V32P-R006370,kidney_failure_cause,Hypertensive kidney disease,Hypertensive kidney disease,True,-0.016721983750661213
retain,V32P-R006370,recipient_age,64,64,True,-0.04230928421020508
retain,V32P-R006370,recipient_region,Northern Ireland,Northern Ireland,True,-0.0007861852645874023
retain,V32P-R006380,dialysis_months,68,68,True,-0.0003643035888671875
retain,V32P-R006380,donor_age,38,38,True,-4.827976226806641e-06
retain,V32P-R006380,donor_id,V32P-DP001873,V32P-DP001873,True,-0.004530280828475952
retain,V32P-R006380,kidney_failure_cause,Other,Other,True,-0.0004444122314453125
retain,V32P-R006380,recipient_age,26,36,False,-0.44928407669067383
retain,V32P-R006380,recipient_region,London,London,True,-0.054931640625
retain,V32P-R006528,dialysis_months,5,5,True,-1.1920928955078125e-07
retain,V32P-R006528,donor_age,61,61,True,-3.4928321838378906e-05
retain,V32P-R006528,donor_id,V32P-DL000347,V32P-DL000347,True,-0.0038081308205922446
retain,V32P-R006528,kidney_failure_cause,Other,Other,True,-0.00080108642578125
retain,V32P-R006528,recipient_age,50,50,True,-0.014283418655395508
retain,V32P-R006528,recipient_region,Scotland,Scotland,True,-0.0001430511474609375
retain,V32P-R006613,dialysis_months,39,39,True,-0.013885498046875
retain,V32P-R006613,donor_age,68,47,False,-1.318359375
retain,V32P-R006613,donor_id,V32P-DL002198,V32P-DL002198,True,-0.010014573733011881
retain,V32P-R006613,kidney_failure_cause,Polycystic kidney disease,Polycystic kidney disease,True,-0.0017305811246236165
retain,V32P-R006613,recipient_age,24,24,True,-0.025889813899993896
retain,V32P-R006613,recipient_region,North West,North West,True,-0.005124568939208984
retain,V32P-R006617,dialysis_months,31,34,False,-1.8373870849609375
retain,V32P-R006617,donor_age,47,47,True,-0.0151214599609375
retain,V32P-R006617,donor_id,V32P-DL000175,V32P-DL000175,True,-0.03898851076761881
retain,V32P-R006617,kidney_failure_cause,Diabetic kidney disease,Diabetic kidney disease,True,-0.005144238471984863
retain,V32P-R006617,recipient_age,63,63,True,-0.0040416717529296875
retain,V32P-R006617,recipient_region,Northern Ireland,Northern Ireland,True,-0.000368654727935791
retain,V32P-R006736,dialysis_months,59,59,True,-0.1263885498046875
retain,V32P-R006736,donor_age,55,55,True,-0.0858154296875
retain,V32P-R006736,donor_id,V32P-DP001765,V32P-DP001765,True,-0.010365188121795654
retain,V32P-R006736,kidney_failure_cause,Hypertensive kidney disease,Hypertensive kidney disease,True,-0.0590054988861084
retain,V32P-R006736,recipient_age,75,76,False,-0.44142746925354004
retain,V32P-R006736,recipient_region,North West,North West,True,-0.016761302947998047
retain,V32P-R006794,dialysis_months,27,27,True,-0.0025944113731384277
retain,V32P-R006794,donor_age,46,46,True,-0.0024204254150390625
retain,V32P-R006794,donor_id,V32P-DD001389,V32P-DD001389,True,-0.003171541474082253
retain,V32P-R006794,kidney_failure_cause,Diabetic kidney disease,Diabetic kidney disease,True,-0.0038443803787231445
retain,V32P-R006794,recipient_age,58,58,True,-0.108642578125
retain,V32P-R006794,recipient_region,London,London,True,-0.0048828125
retain,V32P-R006801,dialysis_months,41,43,False,-1.0939607620239258
retain,V32P-R006801,donor_age,55,55,True,-0.00035691261291503906
retain,V32P-R006801,donor_id,V32P-DP001301,V32P-DP001301,True,-0.009794225295384726
retain,V32P-R006801,kidney_failure_cause,Glomerulonephritis,Glomerulonephritis,True,-0.00031809012095133465
retain,V32P-R006801,recipient_age,60,60,True,-5.1915645599365234e-05
retain,V32P-R006801,recipient_region,London,London,True,-0.0010833740234375
retain,V32P-R006894,dialysis_months,31,31,True,-0.306304931640625
retain,V32P-R006894,donor_age,25,25,True,-0.01544189453125
retain,V32P-R006894,donor_id,V32P-DP000925,V32P-DP000925,True,-0.005572766065597534
retain,V32P-R006894,kidney_failure_cause,Other,Other,True,-0.0159912109375
retain,V32P-R006894,recipient_age,32,32,True,-0.015260696411132812
retain,V32P-R006894,recipient_region,London,London,True,-0.00040435791015625
retain,V32P-R006918,dialysis_months,48,48,True,-0.0046430230140686035
retain,V32P-R006918,donor_age,50,50,True,-0.13085979223251343
retain,V32P-R006918,donor_id,V32P-DD000688,V32P-DD000688,True,-0.0007451555945656517
retain,V32P-R006918,kidney_failure_cause,Hypertensive kidney disease,Hypertensive kidney disease,True,-0.00045669078826904297
retain,V32P-R006918,recipient_age,77,77,True,-0.015485763549804688
retain,V32P-R006918,recipient_region,London,London,True,-0.00299072265625
retain,V32P-R006947,dialysis_months,67,67,True,-1.0251998901367188e-05
retain,V32P-R006947,donor_age,62,62,True,-0.00156402587890625
retain,V32P-R006947,donor_id,V32P-DD001394,V32P-DD001394,True,-0.002999869259920987
retain,V32P-R006947,kidney_failure_cause,Glomerulonephritis,Glomerulonephritis,True,-0.002902050813039144
retain,V32P-R006947,recipient_age,41,41,True,-0.004832267761230469
retain,V32P-R006947,recipient_region,Wales,Wales,True,-9.554624557495117e-05
retain,V32P-R006972,dialysis_months,53,53,True,-0.002193450927734375
retain,V32P-R006972,donor_age,32,32,True,-0.01953178644180298
retain,V32P-R006972,donor_id,V32P-DP000025,V32P-DP000025,True,-0.0012621978918711345
retain,V32P-R006972,kidney_failure_cause,Diabetic kidney disease,Diabetic kidney disease,True,-0.015147209167480469
retain,V32P-R006972,recipient_age,44,44,True,-0.002685546875
retain,V32P-R006972,recipient_region,North West,North West,True,-0.0020236968994140625
retain,V32P-R007003,dialysis_months,11,11,True,-0.1700439453125
retain,V32P-R007003,donor_age,27,27,True,-0.00628662109375
retain,V32P-R007003,donor_id,V32P-DD000449,V32P-DD000449,True,-0.0007127306678078392
retain,V32P-R007003,kidney_failure_cause,Glomerulonephritis,Glomerulonephritis,True,-0.0003013809521993001
retain,V32P-R007003,recipient_age,26,26,True,-0.0005931854248046875
retain,V32P-R007003,recipient_region,North West,North West,True,-0.012119293212890625
retain,V32P-R007087,dialysis_months,27,27,True,-2.110004425048828e-05
retain,V32P-R007087,donor_age,51,51,True,-4.839897155761719e-05
retain,V32P-R007087,donor_id,V32P-DD001987,V32P-DD001987,True,-0.010670824484391645
retain,V32P-R007087,kidney_failure_cause,Other,Other,True,-0.0020751953125
retain,V32P-R007087,recipient_age,42,42,True,-0.00196075439453125
retain,V32P-R007087,recipient_region,North West,North West,True,-0.003867208957672119
retain,V32P-R007136,dialysis_months,30,30,True,-7.021427154541016e-05
retain,V32P-R007136,donor_age,58,54,False,-0.356170654296875
retain,V32P-R007136,donor_id,V32P-DD000603,V32P-DD000603,True,-0.003205862912264737
retain,V32P-R007136,kidney_failure_cause,Other,Other,True,-0.0016937255859375
retain,V32P-R007136,recipient_age,47,40,False,-2.13421630859375
retain,V32P-R007136,recipient_region,Scotland,Scotland,True,-0.0224609375
retain,V32P-R007152,dialysis_months,32,32,True,-0.0001755356788635254
retain,V32P-R007152,donor_age,55,55,True,-0.46923828125
retain,V32P-R007152,donor_id,V32P-DL000769,V32P-DL000769,True,-0.0028655529022216797
retain,V32P-R007152,kidney_failure_cause,Diabetic kidney disease,Diabetic kidney disease,True,-0.008794516324996948
retain,V32P-R007152,recipient_age,46,46,True,-0.03240203857421875
retain,V32P-R007152,recipient_region,Northern Ireland,Northern Ireland,True,-2.390146255493164e-05
retain,V32P-R007259,dialysis_months,7,7,True,0.0
retain,V32P-R007259,donor_age,48,48,True,-0.004700005054473877
retain,V32P-R007259,donor_id,V32P-DD001752,V32P-DD001752,True,-0.009127291766079989
retain,V32P-R007259,kidney_failure_cause,Glomerulonephritis,Glomerulonephritis,True,-0.00015844901402791342
retain,V32P-R007259,recipient_age,50,50,True,-0.22851675748825073
retain,V32P-R007259,recipient_region,Scotland,Scotland,True,-0.034912109375
retain,V32P-R007461,dialysis_months,17,17,True,-0.00128936767578125
retain,V32P-R007461,donor_age,48,48,True,-0.01448822021484375
retain,V32P-R007461,donor_id,V32P-DL002022,V32P-DL002021,False,-0.3842497169971466
retain,V32P-R007461,kidney_failure_cause,Diabetic kidney disease,Diabetic kidney disease,True,-0.024016380310058594
retain,V32P-R007461,recipient_age,61,61,True,-0.29128456115722656
retain,V32P-R007461,recipient_region,London,London,True,-0.126953125
retain,V32P-R007489,dialysis_months,39,39,True,-0.001918792724609375
retain,V32P-R007489,donor_age,32,32,True,-0.0190277099609375
retain,V32P-R007489,donor_id,V32P-DL002122,V32P-DL002122,True,-0.0019245644410451253
retain,V32P-R007489,kidney_failure_cause,Polycystic kidney disease,Polycystic kidney disease,True,-0.0028731624285380044
retain,V32P-R007489,recipient_age,57,64,False,-1.76953125
retain,V32P-R007489,recipient_region,London,London,True,-0.05517578125
retain,V32P-R007520,dialysis_months,33,33,True,-2.968311309814453e-05
retain,V32P-R007520,donor_age,48,48,True,-0.0989990234375
retain,V32P-R007520,donor_id,V32P-DL000608,V32P-DL000608,True,-0.0028738280137379966
retain,V32P-R007520,kidney_failure_cause,Diabetic kidney disease,Glomerulonephritis,False,-0.20714205503463745
retain,V32P-R007520,recipient_age,63,63,True,-4.827976226806641e-06
retain,V32P-R007520,recipient_region,Wales,Wales,True,-6.020069122314453e-06
retain,V32P-R007614,dialysis_months,69,69,True,-0.000720977783203125
retain,V32P-R007614,donor_age,63,63,True,-5.3763389587402344e-05
retain,V32P-R007614,donor_id,V32P-DL002270,V32P-DL002270,True,-0.001929322878519694
retain,V32P-R007614,kidney_failure_cause,Other,Other,True,-0.000335693359375
retain,V32P-R007614,recipient_age,60,60,True,-0.19440507888793945
retain,V32P-R007614,recipient_region,Scotland,Wales,False,-0.6953125
retain,V32P-R007622,dialysis_months,54,54,True,-0.01671600341796875
retain,V32P-R007622,donor_age,37,37,True,-0.051025390625
retain,V32P-R007622,donor_id,V32P-DD001628,V32P-DD001628,True,-0.003556359897960316
retain,V32P-R007622,kidney_failure_cause,Hypertensive kidney disease,Hypertensive kidney disease,True,-0.007633348306020101
retain,V32P-R007622,recipient_age,66,66,True,-0.0002097487449645996
retain,V32P-R007622,recipient_region,North West,North West,True,-0.0250091552734375
retain,V32P-R007684,dialysis_months,50,50,True,-0.024627685546875
retain,V32P-R007684,donor_age,61,63,False,-1.0861177444458008
retain,V32P-R007684,donor_id,V32P-DP001509,V32P-DP001509,True,-0.009291201829910278
retain,V32P-R007684,kidney_failure_cause,Other,Other,True,-0.001708984375
retain,V32P-R007684,recipient_age,35,35,True,-0.023456215858459473
retain,V32P-R007684,recipient_region,Wales,Wales,True,-9.5367431640625e-05
retain,V32P-R007692,dialysis_months,27,27,True,-0.0019238591194152832
retain,V32P-R007692,donor_age,32,32,True,-0.0017795562744140625
retain,V32P-R007692,donor_id,V32P-DP001661,V32P-DP001661,True,-0.0005380908648173014
retain,V32P-R007692,kidney_failure_cause,Hypertensive kidney disease,Hypertensive kidney disease,True,-6.226698557535808e-05
retain,V32P-R007692,recipient_age,46,46,True,-0.002140522003173828
retain,V32P-R007692,recipient_region,Wales,Wales,True,-1.4543533325195312e-05
retain,V32P-R007756,dialysis_months,31,31,True,-0.00757598876953125
retain,V32P-R007756,donor_age,68,68,True,-0.023071765899658203
retain,V32P-R007756,donor_id,V32P-DL003617,V32P-DL003617,True,-0.007547159989674886
retain,V32P-R007756,kidney_failure_cause,Diabetic kidney disease,Other,False,-0.4277850091457367
retain,V32P-R007756,recipient_age,65,65,True,-1.138448715209961e-05
retain,V32P-R007756,recipient_region,London,London,True,-0.0390625
retain,V32P-R007939,dialysis_months,39,39,True,-0.014619827270507812
retain,V32P-R007939,donor_age,59,59,True,-0.1529541015625
retain,V32P-R007939,donor_id,V32P-DD001212,V32P-DD001212,True,-0.007468386129899459
retain,V32P-R007939,kidney_failure_cause,Diabetic kidney disease,Diabetic kidney disease,True,-0.0009906589984893799
retain,V32P-R007939,recipient_age,56,56,True,-0.0092315673828125
retain,V32P-R007939,recipient_region,London,London,True,-0.0234375
retain,V32P-R007978,dialysis_months,41,41,True,-0.020143747329711914
retain,V32P-R007978,donor_age,63,63,True,-0.0008263587951660156
retain,V32P-R007978,donor_id,V32P-DP001459,V32P-DP001468,False,-0.1134505569934845
retain,V32P-R007978,kidney_failure_cause,Polycystic kidney disease,Polycystic kidney disease,True,-0.0012497504552205403
retain,V32P-R007978,recipient_age,75,75,True,-0.0014683008193969727
retain,V32P-R007978,recipient_region,North West,Wales,False,-0.4493875503540039
retain,V32P-R008218,dialysis_months,23,23,True,-0.0055882930755615234
retain,V32P-R008218,donor_age,47,66,False,-0.650390625
retain,V32P-R008218,donor_id,V32P-DL002261,V32P-DL002261,True,-0.024259944756825764
retain,V32P-R008218,kidney_failure_cause,Polycystic kidney disease,Polycystic kidney disease,True,-0.0005779067675272623
retain,V32P-R008218,recipient_age,58,58,True,-0.52197265625
retain,V32P-R008218,recipient_region,Wales,Wales,True,-1.9669532775878906e-06
retain,V32P-R008280,dialysis_months,50,50,True,-0.0233306884765625
retain,V32P-R008280,donor_age,26,26,True,-0.0031898021697998047
retain,V32P-R008280,donor_id,V32P-DP000790,V32P-DP000744,False,-0.0822762946287791
retain,V32P-R008280,kidney_failure_cause,Other,Other,True,-0.012451171875
retain,V32P-R008280,recipient_age,57,30,False,-0.53515625
retain,V32P-R008280,recipient_region,Scotland,Scotland,True,-2.574920654296875e-05
retain,V32P-R008295,dialysis_months,60,60,True,-0.008026123046875
retain,V32P-R008295,donor_age,58,58,True,-0.0410308837890625
retain,V32P-R008295,donor_id,V32P-DP000417,V32P-DP000417,True,-0.011085043350855509
retain,V32P-R008295,kidney_failure_cause,Diabetic kidney disease,Diabetic kidney disease,True,-0.0021462440490722656
retain,V32P-R008295,recipient_age,23,23,True,-0.14154052734375
retain,V32P-R008295,recipient_region,Scotland,Scotland,True,-0.0003795623779296875
retain,V32P-R008378,dialysis_months,30,30,True,-0.0002727508544921875
retain,V32P-R008378,donor_age,68,66,False,-0.44873046875
retain,V32P-R008378,donor_id,V32P-DD001340,V32P-DD001340,True,-0.018954775550148704
retain,V32P-R008378,kidney_failure_cause,Other,Other,True,-0.00970458984375
retain,V32P-R008378,recipient_age,62,62,True,-0.0020676851272583008
retain,V32P-R008378,recipient_region,Wales,Wales,True,-0.0001329183578491211
retain,V32P-R008384,dialysis_months,11,11,True,-0.0005788803100585938
retain,V32P-R008384,donor_age,28,28,True,-0.0233917236328125
retain,V32P-R008384,donor_id,V32P-DP000179,V32P-DP000179,True,-0.026677290598551433
retain,V32P-R008384,kidney_failure_cause,Polycystic kidney disease,Polycystic kidney disease,True,-0.0018440485000610352
retain,V32P-R008384,recipient_age,26,26,True,-0.013195037841796875
retain,V32P-R008384,recipient_region,Scotland,Scotland,True,-0.0037384033203125
retain,V32P-R008412,dialysis_months,57,57,True,-0.01009368896484375
retain,V32P-R008412,donor_age,32,32,True,-0.0033416748046875
retain,V32P-R008412,donor_id,V32P-DL002466,V32P-DL002466,True,-0.023580422004063923
retain,V32P-R008412,kidney_failure_cause,Polycystic kidney disease,Polycystic kidney disease,True,-0.001403788725535075
retain,V32P-R008412,recipient_age,29,29,True,-0.009124398231506348
retain,V32P-R008412,recipient_region,Northern Ireland,Northern Ireland,True,-0.00034493207931518555
retain,V32P-R008434,dialysis_months,10,13,False,-0.6868896484375
retain,V32P-R008434,donor_age,50,32,False,-0.47149658203125
retain,V32P-R008434,donor_id,V32P-DP000743,V32P-DP000743,True,-0.002005686362584432
retain,V32P-R008434,kidney_failure_cause,Other,Other,True,-0.000736236572265625
retain,V32P-R008434,recipient_age,37,37,True,-0.025604248046875
retain,V32P-R008434,recipient_region,Wales,Wales,True,-0.00027102231979370117
retain,V32P-R008452,dialysis_months,53,53,True,-0.10687828063964844
retain,V32P-R008452,donor_age,42,42,True,-0.020275115966796875
retain,V32P-R008452,donor_id,V32P-DD001043,V32P-DD001043,True,-0.0012360486117276278
retain,V32P-R008452,kidney_failure_cause,Other,Other,True,-0.2431640625
retain,V32P-R008452,recipient_age,27,27,True,-0.021728515625
retain,V32P-R008452,recipient_region,Northern Ireland,Northern Ireland,True,-0.0003160834312438965
retain,V32P-R008554,dialysis_months,23,23,True,-0.004779815673828125
retain,V32P-R008554,donor_age,41,41,True,-0.46970367431640625
retain,V32P-R008554,donor_id,V32P-DP000851,V32P-DP000851,True,-0.0008147656917572021
retain,V32P-R008554,kidney_failure_cause,Diabetic kidney disease,Other,False,-0.7267042994499207
retain,V32P-R008554,recipient_age,25,25,True,-0.0062103271484375
retain,V32P-R008554,recipient_region,Scotland,Scotland,True,-0.0004596710205078125
retain,V32P-R008660,dialysis_months,34,34,True,-2.5331974029541016e-05
retain,V32P-R008660,donor_age,68,68,True,-0.001491546630859375
retain,V32P-R008660,donor_id,V32P-DL001747,V32P-DL001747,True,-0.0005893707275390625
retain,V32P-R008660,kidney_failure_cause,Polycystic kidney disease,Polycystic kidney disease,True,-0.0035086870193481445
retain,V32P-R008660,recipient_age,44,46,False,-1.5030670166015625
retain,V32P-R008660,recipient_region,North West,North West,True,-0.0034482479095458984
retain,V32P-R008858,dialysis_months,19,19,True,-0.4715576171875
retain,V32P-R008858,donor_age,61,64,False,-1.7344322204589844
retain,V32P-R008858,donor_id,V32P-DD000048,V32P-DP000697,False,-0.20133280754089355
retain,V32P-R008858,kidney_failure_cause,Polycystic kidney disease,Other,False,-0.33595168590545654
retain,V32P-R008858,recipient_age,59,33,False,-0.9218751192092896
retain,V32P-R008858,recipient_region,London,London,True,-0.043212890625
retain,V32P-R008867,dialysis_months,46,46,True,0.0
retain,V32P-R008867,donor_age,41,41,True,-0.0014141201972961426
retain,V32P-R008867,donor_id,V32P-DL001535,V32P-DL001535,True,-2.962350845336914e-05
retain,V32P-R008867,kidney_failure_cause,Diabetic kidney disease,Diabetic kidney disease,True,-0.0061359405517578125
retain,V32P-R008867,recipient_age,73,73,True,-0.0026738643646240234
retain,V32P-R008867,recipient_region,North West,North West,True,-0.0036496520042419434
retain,V32P-R008892,dialysis_months,53,53,True,-0.001293182373046875
retain,V32P-R008892,donor_age,46,46,True,-0.0004277229309082031
retain,V32P-R008892,donor_id,V32P-DP001905,V32P-DP001661,False,-0.3912036915620168
retain,V32P-R008892,kidney_failure_cause,Polycystic kidney disease,Polycystic kidney disease,True,-0.0016023914019266765
retain,V32P-R008892,recipient_age,42,42,True,-0.004292488098144531
retain,V32P-R008892,recipient_region,North West,North West,True,-0.0034792423248291016
retain,V32P-R008904,dialysis_months,31,31,True,-0.3574717044830322
retain,V32P-R008904,donor_age,46,46,True,-0.1766204833984375
retain,V32P-R008904,donor_id,V32P-DP000621,V32P-DP000621,True,-0.004208515087763469
retain,V32P-R008904,kidney_failure_cause,Polycystic kidney disease,Polycystic kidney disease,True,-0.0221673846244812
retain,V32P-R008904,recipient_age,39,33,False,-1.2502822875976562
retain,V32P-R008904,recipient_region,Scotland,Scotland,True,-0.0233154296875
retain,V32P-R008931,dialysis_months,5,5,True,-0.0269775390625
retain,V32P-R008931,donor_age,43,43,True,-0.053375244140625
retain,V32P-R008931,donor_id,V32P-DL000693,V32P-DL003335,False,-0.2503934105237325
retain,V32P-R008931,kidney_failure_cause,Hypertensive kidney disease,Hypertensive kidney disease,True,-0.005091806252797444
retain,V32P-R008931,recipient_age,78,78,True,-0.0026912689208984375
retain,V32P-R008931,recipient_region,Scotland,Scotland,True,-0.1435546875
retain,V32P-R008960,dialysis_months,24,24,True,-0.0005776286125183105
retain,V32P-R008960,donor_age,54,54,True,-0.0017663240432739258
retain,V32P-R008960,donor_id,V32P-DD000327,V32P-DD000327,True,-0.002216003157875755
retain,V32P-R008960,kidney_failure_cause,Other,Other,True,-0.002655029296875
retain,V32P-R008960,recipient_age,64,64,True,-0.01697254180908203
retain,V32P-R008960,recipient_region,Scotland,Scotland,True,-0.000141143798828125
retain,V32P-R008984,dialysis_months,53,33,False,-2.5108642578125
retain,V32P-R008984,donor_age,63,63,True,-0.0002493858337402344
retain,V32P-R008984,donor_id,V32P-DD001457,V32P-DD001457,True,-0.0010861916975541549
retain,V32P-R008984,kidney_failure_cause,Hypertensive kidney disease,Hypertensive kidney disease,True,-0.012278735637664795
retain,V32P-R008984,recipient_age,31,36,False,-1.0391249656677246
retain,V32P-R008984,recipient_region,North West,North West,True,-0.012089669704437256
retain,V32P-R009014,dialysis_months,44,44,True,-0.0007177591323852539
retain,V32P-R009014,donor_age,53,63,False,-0.43524169921875
retain,V32P-R009014,donor_id,V32P-DD000938,V32P-DD000938,True,-0.006003553217107599
retain,V32P-R009014,kidney_failure_cause,Diabetic kidney disease,Diabetic kidney disease,True,-0.015525639057159424
retain,V32P-R009014,recipient_age,75,75,True,-0.25634765625
retain,V32P-R009014,recipient_region,London,London,True,-0.00083160400390625
retain,V32P-R009034,dialysis_months,55,55,True,-0.00249481201171875
retain,V32P-R009034,donor_age,50,50,True,-0.0017566680908203125
retain,V32P-R009034,donor_id,V32P-DD000167,V32P-DD000167,True,-0.0007807016372680664
retain,V32P-R009034,kidney_failure_cause,Other,Other,True,-0.10888671875
retain,V32P-R009034,recipient_age,29,29,True,-0.08988189697265625
retain,V32P-R009034,recipient_region,Scotland,Scotland,True,-0.01806640625
retain,V32P-R009104,dialysis_months,47,47,True,-1.4662742614746094e-05
retain,V32P-R009104,donor_age,63,63,True,-0.0010356903076171875
retain,V32P-R009104,donor_id,V32P-DL000274,V32P-DP001661,False,-0.0849627157052358
retain,V32P-R009104,kidney_failure_cause,Diabetic kidney disease,Glomerulonephritis,False,-1.2344544231891632
retain,V32P-R009104,recipient_age,52,63,False,-3.96875
retain,V32P-R009104,recipient_region,Wales,Wales,True,-1.1861324310302734e-05
retain,V32P-R009156,dialysis_months,28,28,True,-0.001817464828491211
retain,V32P-R009156,donor_age,61,65,False,-0.467010498046875
retain,V32P-R009156,donor_id,V32P-DP000873,V32P-DP000873,True,-0.0011308093865712483
retain,V32P-R009156,kidney_failure_cause,Glomerulonephritis,Glomerulonephritis,True,-1.4166037241617838e-05
retain,V32P-R009156,recipient_age,65,65,True,-0.0002913475036621094
retain,V32P-R009156,recipient_region,Northern Ireland,Northern Ireland,True,-0.0008791685104370117
retain,V32P-R009210,dialysis_months,36,36,True,-0.0062103271484375
retain,V32P-R009210,donor_age,40,40,True,-0.0012760162353515625
retain,V32P-R009210,donor_id,V32P-DP000767,V32P-DP000767,True,-0.0013217230637868245
retain,V32P-R009210,kidney_failure_cause,Glomerulonephritis,Glomerulonephritis,True,-0.00012570619583129883
retain,V32P-R009210,recipient_age,40,40,True,-0.00022733211517333984
retain,V32P-R009210,recipient_region,North West,North West,True,-0.004194319248199463
retain,V32P-R009323,dialysis_months,3,3,True,-0.0023193359375
retain,V32P-R009323,donor_age,56,43,False,-1.3367576599121094
retain,V32P-R009323,donor_id,V32P-DP001837,V32P-DP001641,False,-0.2634350657463074
retain,V32P-R009323,kidney_failure_cause,Glomerulonephritis,Glomerulonephritis,True,-0.002164045969645182
retain,V32P-R009323,recipient_age,42,43,False,-0.42384660243988037
retain,V32P-R009323,recipient_region,North West,North West,True,-0.013260722160339355
retain,V32P-R009337,dialysis_months,67,67,True,-0.00011706352233886719
retain,V32P-R009337,donor_age,64,64,True,-0.11951065063476562
retain,V32P-R009337,donor_id,V32P-DP001320,V32P-DP001320,True,-0.00547294815381368
retain,V32P-R009337,kidney_failure_cause,Hypertensive kidney disease,Hypertensive kidney disease,True,-0.0004114707310994466
retain,V32P-R009337,recipient_age,47,47,True,-0.1678924560546875
retain,V32P-R009337,recipient_region,Wales,Wales,True,-8.463859558105469e-05
retain,V32P-R009349,dialysis_months,68,68,True,-0.0026760101318359375
retain,V32P-R009349,donor_age,58,58,True,-0.005936026573181152
retain,V32P-R009349,donor_id,V32P-DD000893,V32P-DD000893,True,-0.0005770596590909091
retain,V32P-R009349,kidney_failure_cause,Polycystic kidney disease,Polycystic kidney disease,True,-0.0002708633740743001
retain,V32P-R009349,recipient_age,72,72,True,-0.0096893310546875
retain,V32P-R009349,recipient_region,North West,North West,True,-0.009428977966308594
retain,V32P-R009365,dialysis_months,9,9,True,-0.0247802734375
retain,V32P-R009365,donor_age,40,40,True,-0.0033473968505859375
retain,V32P-R009365,donor_id,V32P-DD000672,V32P-DD000672,True,-0.007519321008162065
retain,V32P-R009365,kidney_failure_cause,Glomerulonephritis,Glomerulonephritis,True,-0.00011622905731201172
retain,V32P-R009365,recipient_age,51,51,True,-0.0364837646484375
retain,V32P-R009365,recipient_region,Northern Ireland,Northern Ireland,True,-0.020387351512908936
retain,V32P-R009403,dialysis_months,16,16,True,-0.00930023193359375
retain,V32P-R009403,donor_age,49,49,True,-0.0075836181640625
retain,V32P-R009403,donor_id,V32P-DP000990,V32P-DP000990,True,-0.001304646333058675
retain,V32P-R009403,kidney_failure_cause,Diabetic kidney disease,Diabetic kidney disease,True,-0.002741098403930664
retain,V32P-R009403,recipient_age,57,57,True,-0.057281494140625
retain,V32P-R009403,recipient_region,Northern Ireland,Northern Ireland,True,-0.014282703399658203
retain,V32P-R009419,dialysis_months,35,68,False,-1.1719660758972168
retain,V32P-R009419,donor_age,25,25,True,-0.0006313323974609375
retain,V32P-R009419,donor_id,V32P-DL003278,V32P-DL003278,True,-0.025368650754292805
retain,V32P-R009419,kidney_failure_cause,Glomerulonephritis,Glomerulonephritis,True,-4.549821217854818e-05
retain,V32P-R009419,recipient_age,50,50,True,-0.012390375137329102
retain,V32P-R009419,recipient_region,North West,Wales,False,-1.2891788482666016
retain,V32P-R009433,dialysis_months,44,44,True,-0.00199127197265625
retain,V32P-R009433,donor_age,25,25,True,-0.1945972442626953
retain,V32P-R009433,donor_id,V32P-DP001641,V32P-DP001641,True,-0.0009573002656300863
retain,V32P-R009433,kidney_failure_cause,Hypertensive kidney disease,Hypertensive kidney disease,True,-0.0001965165138244629
retain,V32P-R009433,recipient_age,62,62,True,-0.006304740905761719
retain,V32P-R009433,recipient_region,London,London,True,-0.005828857421875
retain,V32P-R009485,dialysis_months,44,44,True,-0.0115509033203125
retain,V32P-R009485,donor_age,48,48,True,-0.0026397705078125
retain,V32P-R009485,donor_id,V32P-DL000887,V32P-DL000887,True,-0.03510423501332601
retain,V32P-R009485,kidney_failure_cause,Diabetic kidney disease,Diabetic kidney disease,True,-0.017595410346984863
retain,V32P-R009485,recipient_age,59,59,True,-0.0003178119659423828
retain,V32P-R009485,recipient_region,Northern Ireland,Northern Ireland,True,-0.0011603236198425293
retain,V32P-R009501,dialysis_months,70,70,True,-0.0007977485656738281
retain,V32P-R009501,donor_age,45,45,True,-0.0013256072998046875
retain,V32P-R009501,donor_id,V32P-DP001706,V32P-DP001706,True,-0.0029358863830566406
retain,V32P-R009501,kidney_failure_cause,Glomerulonephritis,Glomerulonephritis,True,-6.959835688273112e-05
retain,V32P-R009501,recipient_age,59,59,True,-0.3623046875
retain,V32P-R009501,recipient_region,London,London,True,-0.0013275146484375
retain,V32P-R009553,dialysis_months,38,38,True,-0.004717826843261719
retain,V32P-R009553,donor_age,49,49,True,-0.0187225341796875
retain,V32P-R009553,donor_id,V32P-DP000990,V32P-DP000990,True,-0.0015101830164591472
retain,V32P-R009553,kidney_failure_cause,Polycystic kidney disease,Polycystic kidney disease,True,-0.013538777828216553
retain,V32P-R009553,recipient_age,52,46,False,-0.818359375
retain,V32P-R009553,recipient_region,Northern Ireland,Northern Ireland,True,-0.006286740303039551
retain,V32P-R009714,dialysis_months,30,30,True,-0.00031566619873046875
retain,V32P-R009714,donor_age,46,46,True,-0.0011920928955078125
retain,V32P-R009714,donor_id,V32P-DD001775,V32P-DD001775,True,-0.023767536336725407
retain,V32P-R009714,kidney_failure_cause,Glomerulonephritis,Glomerulonephritis,True,-3.0279159545898438e-05
retain,V32P-R009714,recipient_age,54,63,False,-1.008544921875
retain,V32P-R009714,recipient_region,North West,North West,True,-0.0007674694061279297
retain,V32P-R009784,dialysis_months,30,30,True,-0.09494781494140625
retain,V32P-R009784,donor_age,36,36,True,-0.0011491775512695312
retain,V32P-R009784,donor_id,V32P-DD000968,V32P-DD000968,True,-0.01135331934148615
retain,V32P-R009784,kidney_failure_cause,Polycystic kidney disease,Polycystic kidney disease,True,-0.0008136630058288574
retain,V32P-R009784,recipient_age,39,39,True,-0.03862953186035156
retain,V32P-R009784,recipient_region,Scotland,Scotland,True,-0.041015625
retain,V32P-R009831,dialysis_months,9,9,True,-4.696846008300781e-05
retain,V32P-R009831,donor_age,54,54,True,-0.046142578125
retain,V32P-R009831,donor_id,V32P-DL003213,V32P-DL003213,True,-0.0015275577704111736
retain,V32P-R009831,kidney_failure_cause,Other,Glomerulonephritis,False,-1.2421875
retain,V32P-R009831,recipient_age,33,33,True,-0.01070404052734375
retain,V32P-R009831,recipient_region,Wales,Wales,True,-1.1563301086425781e-05
retain,V32P-R009864,dialysis_months,66,66,True,-0.0003172159194946289
retain,V32P-R009864,donor_age,46,46,True,-0.001583099365234375
retain,V32P-R009864,donor_id,V32P-DL001043,V32P-DL001043,True,-0.01406120260556539
retain,V32P-R009864,kidney_failure_cause,Polycystic kidney disease,Polycystic kidney disease,True,-0.0003815491994222005
retain,V32P-R009864,recipient_age,23,23,True,-0.002147674560546875
retain,V32P-R009864,recipient_region,London,London,True,-0.01080322265625
retain,V32P-R009891,dialysis_months,55,55,True,-0.0072784423828125
retain,V32P-R009891,donor_age,40,40,True,-0.016937255859375
retain,V32P-R009891,donor_id,V32P-DL001209,V32P-DL001209,True,-0.0006635387738545736
retain,V32P-R009891,kidney_failure_cause,Glomerulonephritis,Glomerulonephritis,True,-0.006804029146830241
retain,V32P-R009891,recipient_age,56,56,True,-0.06177198886871338
retain,V32P-R009891,recipient_region,Wales,Wales,True,-0.00020647048950195312
retain,V32P-R009960,dialysis_months,3,3,True,-0.006561279296875
retain,V32P-R009960,donor_age,55,52,False,-0.55908203125
retain,V32P-R009960,donor_id,V32P-DP001600,V32P-DP001600,True,-0.0005724827448527018
retain,V32P-R009960,kidney_failure_cause,Glomerulonephritis,Glomerulonephritis,True,-0.00029095013936360675
retain,V32P-R009960,recipient_age,68,68,True,-0.027643442153930664
retain,V32P-R009960,recipient_region,London,London,True,-0.00457763671875
